Lead,Lag,Freq,AvgWeight,Score
JNJ,AMZN,59.09090909090909,0.7597278008061477,44.89300641127237
VLO,PYPL,68.18181818181817,0.6564728835703787,44.75951478888945
JNJ,MRK,54.54545454545454,0.7577468228404914,41.33164488220862
C,GS,54.54545454545454,0.7555954524009044,41.21429740368569
UNH,PYPL,50.0,0.7581056063926692,37.90528031963346
JPM,EQNR,50.0,-0.7577644431307036,37.88822215653518
PFE,GOOGL,50.0,-0.7577483649643391,37.88741824821695
XOM,PFE,50.0,0.7575050606099626,37.87525303049813
ADBE,GS,50.0,-0.7574496541614189,37.87248270807094
AAPL,PYPL,59.09090909090909,-0.6405548654531432,37.850969322231194
VLO,COP,50.0,-0.7509381290467744,37.54690645233872
WFC,ABBV,45.45454545454545,0.7595006128449718,34.5227551293169
GS,SLB,45.45454545454545,0.7579146533626806,34.45066606194003
AMD,TTE,45.45454545454545,0.7578910286410921,34.449592210958734
MS,MA,45.45454545454545,-0.7573664838142898,34.4257492642859
C,ADBE,45.45454545454545,-0.7571700319466436,34.416819633938346
SHEL,VLO,45.45454545454545,-0.7570778660985715,34.412630277207796
NVO,TTE,45.45454545454545,0.7568065375145373,34.400297159751695
UNH,XOM,54.54545454545454,-0.6306287085553474,34.397929557564396
AXP,AMD,45.45454545454545,0.7567050434422231,34.39568379282832
VLO,GS,45.45454545454545,-0.7566278116904337,34.39217325865608
C,MSFT,45.45454545454545,-0.7562128230853571,34.373310140243504
DHR,JPM,45.45454545454545,-0.755703964640355,34.35018021092523
GS,MSFT,45.45454545454545,-0.7554989128015266,34.34085967279666
MRK,DHR,45.45454545454545,-0.7544001051189708,34.290913869044125
META,COP,45.45454545454545,0.7534037697523889,34.24562589783586
GS,MA,45.45454545454545,-0.7520612180596185,34.184600820891745
ABBV,WFC,45.45454545454545,0.7511981702537678,34.14537137517126
PYPL,SLB,40.909090909090914,-0.7605670583693723,31.114106933292508
C,MS,40.909090909090914,0.7599482087796474,31.088790359167398
GOOGL,V,50.0,0.6216517606265588,31.08258803132794
GOOGL,PBR,40.909090909090914,-0.7590031525372775,31.05012896743408
GS,MS,40.909090909090914,0.758733210189115,31.03908587137289
BAC,ADBE,40.909090909090914,0.7584069872796831,31.025740388714315
GS,TSLA,40.909090909090914,0.7583453121222843,31.02321731409345
PYPL,AZN,40.909090909090914,-0.7580925012080997,31.012875049422263
AAPL,MA,40.909090909090914,0.7574313028873987,30.98582602721177
LLY,JPM,50.0,0.6196706367266426,30.98353183633213
GS,PBR,40.909090909090914,-0.7571105239613636,30.972703252964877
NVDA,DHR,40.909090909090914,0.7570573365776785,30.970527405450486
MS,GS,40.909090909090914,0.7569389268428234,30.96568337084278
TSLA,MRK,59.09090909090909,-0.523990587726551,30.963080183841655
ADBE,EQNR,40.909090909090914,0.7567100926877838,30.95632197359116
AAPL,DHR,40.909090909090914,-0.7562444137972635,30.93727147352442
COP,NVDA,40.909090909090914,0.7559491545061016,30.925192684340523
ABBV,XOM,40.909090909090914,0.7558954900869556,30.922997321739093
AMZN,ADBE,50.0,-0.6182244579637385,30.911222898186924
BAC,COP,50.0,0.6180961570638612,30.904807853193063
SHEL,PYPL,40.909090909090914,-0.7542722974474957,30.856593986488463
INTC,MSFT,40.909090909090914,-0.7539878340074415,30.844956845758976
TSLA,GS,40.909090909090914,0.7529002400368205,30.800464365142663
VLO,XOM,59.09090909090909,-0.5207385237948378,30.77091276969496
ABBV,JPM,54.54545454545454,0.5065249033079217,27.628631089522997
ABBV,ADBE,54.54545454545454,0.5065207769989928,27.628406018126878
GS,C,63.63636363636363,0.43400167025488245,27.618288107128883
MRK,WFC,63.63636363636363,0.4339619433329336,27.615760030277592
GS,V,36.36363636363637,-0.7592296239249284,27.60834996090649
XOM,JPM,45.45454545454545,0.6072828017621701,27.603763716462275
GS,VLO,54.54545454545454,-0.5058439761055115,27.591489605755168
LLY,TTE,45.45454545454545,0.6064372131947853,27.56532787249024
GS,ABBV,45.45454545454545,-0.6063873718478378,27.563062356719897
GS,UNH,45.45454545454545,-0.6061169864452202,27.55077211114637
PBR,BP,45.45454545454545,-0.6057587285941827,27.534487663371937
AMD,MSFT,36.36363636363637,-0.7571837575113124,27.53395481859318
MSFT,MS,36.36363636363637,-0.7570423472330107,27.528812626654936
MA,AAPL,36.36363636363637,0.7570258958393397,27.528214394157807
UNH,JPM,36.36363636363637,-0.7569875273177212,27.526819175189864
AAPL,JPM,45.45454545454545,0.605284384394422,27.512926563382816
AMZN,JPM,36.36363636363637,0.7565563617964555,27.51114042896202
AMZN,NVDA,36.36363636363637,-0.7563964047837621,27.505323810318625
DHR,MRK,45.45454545454545,-0.6051155050495803,27.50525022952638
INTC,WFC,45.45454545454545,-0.6050809769551796,27.503680770689982
XOM,VLO,36.36363636363637,-0.7558850707637145,27.486729845953256
MS,ADBE,36.36363636363637,-0.7554428545444889,27.470649256163234
MSFT,AMD,36.36363636363637,-0.7554014254413495,27.4691427433218
PFE,AZN,36.36363636363637,-0.7547267026647204,27.4446073696262
TTE,PFE,36.36363636363637,-0.7543963569618135,27.432594798611404
TSLA,BP,45.45454545454545,0.6034903227975997,27.431378308981806
WFC,GS,54.54545454545454,-0.5024490648437873,27.40631262784294
MSFT,INTC,36.36363636363637,-0.7534928237568731,27.39973904570448
SHEL,TTE,45.45454545454545,0.6027757398594408,27.398897266338217
TMO,BAC,45.45454545454545,-0.6019872172968507,27.36305533167503
XOM,PYPL,40.909090909090914,-0.594119336342684,24.30488194129162
META,SLB,40.909090909090914,0.5936516603668242,24.285749742279172
MA,META,50.0,-0.4847513873317937,24.237569366589685
MRK,AXP,40.909090909090914,-0.592067002511482,24.220922830015176
TMO,PFE,31.818181818181817,0.7611481614023742,24.21835059007554
MS,ABBV,31.818181818181817,-0.7611267492964969,24.217669295797627
COP,GS,40.909090909090914,0.5918493356192448,24.212018275332746
SLB,DHR,40.909090909090914,-0.591340304196737,24.19119426259379
XOM,BAC,31.818181818181817,0.7602199196208177,24.188815624298744
AMZN,VLO,68.18181818181817,-0.3547493476531314,24.18745552180441
C,DHR,40.909090909090914,-0.5908312101086115,24.170367686261383
NVO,VLO,40.909090909090914,-0.5907237579477089,24.16597191604264
DHR,WFC,31.818181818181817,-0.759489537170966,24.165576182712552
DHR,AXP,31.818181818181817,0.7593445851283585,24.160964072265948
DHR,NVDA,31.818181818181817,0.7592419244967198,24.157697597622903
VLO,PFE,50.0,-0.4830874004387801,24.154370021939005
MA,DHR,31.818181818181817,-0.7588464133045258,24.145113150598547
V,TSLA,31.818181818181817,-0.7587962216512425,24.143516143448625
NVDA,AAPL,40.909090909090914,-0.5901403742473764,24.142106219210856
UNH,BAC,31.818181818181817,-0.7586681897776867,24.139442402017302
SHEL,AAPL,31.818181818181817,0.7586501038518442,24.138866940740495
GOOGL,TSLA,31.818181818181817,-0.7586277166096028,24.138154619396452
PYPL,COP,31.818181818181817,-0.7584422389207625,24.132253056569713
AAPL,V,31.818181818181817,0.7582745573440988,24.126917733675867
VLO,NVDA,40.909090909090914,0.589517141300147,24.116610325915108
UNH,VLO,31.818181818181817,0.7577502985978194,24.110236773566978
MRK,LLY,31.818181818181817,0.7577288036808467,24.109552844390578
C,UNH,50.0,-0.4821841321230495,24.109206606152476
BP,PBR,31.818181818181817,-0.7576698158329768,24.107675958321988
ABBV,GS,31.818181818181817,-0.7574592850603487,24.100977251920185
ABBV,CVX,31.818181818181817,0.7574486425669615,24.100638627130593
C,SLB,31.818181818181817,0.7573453778695095,24.097352932211663
AAPL,NVDA,31.818181818181817,-0.757217470925194,24.093283165801626
NVDA,JPM,31.818181818181817,-0.7571359314576834,24.090688728199016
TSLA,AMZN,31.818181818181817,-0.7571295019068909,24.090484151582892
BP,AXP,31.818181818181817,0.7569886345002935,24.08600200682752
AMZN,PYPL,40.909090909090914,-0.5887232137213849,24.084131470420296
JNJ,JPM,40.909090909090914,0.5884945867562862,24.0747785491208
MSFT,AZN,31.818181818181817,-0.7565177508209034,24.071019344301472
DHR,MA,31.818181818181817,-0.7559570440863848,24.053178675475877
UNH,AXP,31.818181818181817,0.7558096038804047,24.048487396194695
VLO,UNH,40.909090909090914,0.5876495300141544,24.040208046033595
COP,INTC,31.818181818181817,-0.7555022661979806,24.038708469935745
META,MRK,31.818181818181817,-0.7553930003384267,24.03523182894994
WFC,INTC,31.818181818181817,-0.7550231781954733,24.02346476076506
GOOGL,PFE,40.909090909090914,-0.5872223695132797,24.022733298270534
AZN,VLO,40.909090909090914,-0.587197456359712,24.0217141238064
BP,JNJ,31.818181818181817,0.7548275785492019,24.017241135656423
AMZN,ABBV,50.0,0.48032197044730635,24.01609852236532
XOM,C,40.909090909090914,-0.5870082539620425,24.01397402571992
MA,ABBV,31.818181818181817,0.7546553633985399,24.011761562680814
BAC,JNJ,31.818181818181817,-0.7543667580407741,24.002578664933722
MS,MSFT,31.818181818181817,-0.7541616259948707,23.996051736200428
GOOGL,DHR,31.818181818181817,-0.7541483420941729,23.995629066632773
INTC,TSLA,31.818181818181817,-0.7541246038755588,23.99487375967687
MA,NVDA,31.818181818181817,-0.7539414101502413,23.989044868416766
AMD,AAPL,31.818181818181817,0.7539058683814319,23.98791399395465
MRK,TMO,31.818181818181817,-0.7535592757405273,23.976886046289504
NVDA,INTC,40.909090909090914,-0.5860477485101713,23.974680620870647
AAPL,COP,31.818181818181817,-0.7532319970365827,23.966472632982175
WFC,MS,40.909090909090914,-0.5858374764971747,23.966078583975328
LLY,UNH,31.818181818181817,-0.7531595501712902,23.964167505450142
PYPL,MSFT,31.818181818181817,0.7527862119262121,23.952288561288565
V,C,31.818181818181817,-0.7525613308131416,23.945133253145414
WFC,ADBE,40.909090909090914,0.5851101792350722,23.93632551416205
META,MSFT,31.818181818181817,0.7518333874909235,23.921971420165747
BAC,MS,31.818181818181817,0.7518240651220377,23.921674799337563
MS,AAPL,40.909090909090914,-0.5839471069347064,23.888745283692536
AZN,UNH,40.909090909090914,-0.5824595570331522,23.827890969538046
VLO,MSFT,36.36363636363637,0.572335494258871,20.812199791231674
XOM,ABBV,54.54545454545454,0.381339888848411,20.80035757354969
DHR,GS,36.36363636363637,0.5716773256147278,20.788266385990106
PFE,ADBE,36.36363636363637,0.5716429771795678,20.787017351984286
COP,CVX,54.54545454545454,-0.3804989142211501,20.75448623024455
GS,DHR,54.54545454545454,0.3804701985046263,20.75291991843416
COP,V,27.27272727272727,-0.7608432527438382,20.750270529377403
INTC,PFE,45.45454545454545,-0.45646600365312884,20.748454711505854
NVDA,ADBE,54.54545454545454,0.38027016165849825,20.742008817736266
GS,PYPL,45.45454545454545,-0.45622423881353724,20.737465400615328
SHEL,UNH,27.27272727272727,-0.7603663781895871,20.73726485971601
JNJ,NVDA,36.36363636363637,-0.5701309380371155,20.732034110440562
SLB,AMD,36.36363636363637,0.5700858654576237,20.730395107549956
V,SLB,27.27272727272727,-0.7597979388732822,20.72176196927133
UNH,AAPL,27.27272727272727,-0.7596318778710884,20.717233032847865
AAPL,MSFT,27.27272727272727,-0.7590245233645385,20.700668819032867
DHR,BP,36.36363636363637,-0.569235072628259,20.699457186482146
JNJ,PFE,27.27272727272727,-0.7588628687262596,20.696260056170715
JPM,VLO,36.36363636363637,-0.5689605873839148,20.689475904869628
MRK,JNJ,27.27272727272727,0.7585887162626818,20.68878317080041
MA,GS,45.45454545454545,-0.4550854274222148,20.68570124646431
BAC,XOM,27.27272727272727,0.7581294825561722,20.67625861516833
AZN,BP,36.36363636363637,0.5684989081595955,20.672687569439837
C,XOM,36.36363636363637,-0.5684266253061798,20.670059102042906
GOOGL,UNH,27.27272727272727,-0.7578958740777931,20.669887474848903
C,NVO,36.36363636363637,0.568373535292988,20.668128556108655
AZN,COP,27.27272727272727,0.757812776752993,20.667621184172532
C,META,36.36363636363637,0.5683420016085925,20.666981876676093
MRK,AMZN,54.54545454545454,0.3788879291437644,20.666614316932602
MA,MS,27.27272727272727,-0.7574664706280806,20.658176471674924
SHEL,MSFT,27.27272727272727,-0.7572148638596433,20.65131446889936
AAPL,GS,27.27272727272727,-0.7571430470329954,20.6493558281726
EQNR,ABBV,27.27272727272727,-0.757043250974184,20.646634117477742
DHR,ABBV,45.45454545454545,-0.4542194337904661,20.64633789956664
LLY,AXP,27.27272727272727,-0.7569932598246117,20.64527072248941
SHEL,PBR,27.27272727272727,-0.7568552144482904,20.641505848589738
BAC,UNH,27.27272727272727,-0.7567762346987869,20.639351855421456
MSFT,SLB,36.36363636363637,-0.5674510580070597,20.634583927529448
WFC,JPM,27.27272727272727,0.7565936052613128,20.634371052581255
MA,TSLA,27.27272727272727,-0.7564681992835823,20.630950889552242
MSFT,DHR,27.27272727272727,0.7563296261669761,20.62717162273571
MRK,AAPL,45.45454545454545,0.45374484368592405,20.624765622087455
CVX,TSLA,27.27272727272727,-0.7561972910178382,20.623562482304674
MA,SLB,36.36363636363637,-0.567095716726367,20.621662426413348
TTE,GS,27.27272727272727,0.7561036568624425,20.62100882352116
SLB,AZN,27.27272727272727,0.7559816155758982,20.61768042479722
MSFT,TTE,27.27272727272727,-0.755938201329676,20.616496399900253
MSFT,WFC,36.36363636363637,0.5668668644698607,20.613340526176753
V,MS,27.27272727272727,-0.7556212092055169,20.60785116015046
COP,JNJ,27.27272727272727,-0.7554976659415488,20.604481798405875
COP,TSLA,27.27272727272727,0.755457229525908,20.603378987070215
AZN,ADBE,45.45454545454545,0.4532657505973721,20.602988663516914
V,BAC,36.36363636363637,-0.5665634843798141,20.60230852290233
JNJ,META,27.27272727272727,-0.7553849946785314,20.601408945778125
AMZN,TSLA,45.45454545454545,-0.45318119955085967,20.599145434129984
NVDA,VLO,81.81818181818183,0.25170017136979733,20.593650384801602
ABBV,MA,27.27272727272727,0.7550513295243159,20.592308987026794
BP,VLO,36.36363636363637,-0.5662530243875237,20.591019068637227
COP,MRK,36.36363636363637,-0.5661279208282968,20.586469848301704
MA,V,45.45454545454545,0.4528371542444961,20.583507011113458
PYPL,BP,27.27272727272727,0.7546354873562281,20.580967836988037
ADBE,TSLA,45.45454545454545,0.4527474321502837,20.579428734103804
MA,AMD,45.45454545454545,-0.45239268112870423,20.563303687668373
NVDA,LLY,36.36363636363637,0.5654069949961948,20.560254363497997
MSFT,PBR,27.27272727272727,0.7533737716347888,20.54655740822151
JPM,ABBV,45.45454545454545,0.45187176004746954,20.53962545670316
XOM,META,27.27272727272727,0.7530091555254351,20.536613332511866
META,GOOGL,36.36363636363637,-0.5646656702615582,20.533297100420302
VLO,INTC,27.27272727272727,0.7527386711482271,20.52923648586074
MS,CVX,45.45454545454545,-0.45159680368410393,20.527127440186543
V,GOOGL,36.36363636363637,0.5644836043895759,20.526676523257308
DHR,META,27.27272727272727,0.7524926690922386,20.522527338879232
CVX,XOM,36.36363636363637,0.564200468684882,20.516380679450258
BP,INTC,27.27272727272727,-0.752228591005895,20.51532520925168
AZN,C,45.45454545454545,-0.45126553268310177,20.512069667413716
INTC,PYPL,36.36363636363637,0.5640478465730152,20.51083078447328
SHEL,BP,27.27272727272727,0.751957423057128,20.507929719739852
JNJ,ABBV,63.63636363636363,0.32225561771247285,20.507175672611908
PFE,TSLA,27.27272727272727,0.7515628175714069,20.497167751947458
WFC,UNH,36.36363636363637,0.5635917670706305,20.494246075295656
INTC,META,27.27272727272727,-0.7506899958532838,20.473363523271374
LLY,PFE,36.36363636363637,-0.5629606186076309,20.471295222095673
AXP,BAC,45.45454545454545,-0.45033502765959826,20.469773984527194
GS,TMO,45.45454545454545,0.45024088195384226,20.465494634265557
TTE,CVX,27.27272727272727,-0.7503742059560111,20.464751071527573
PBR,PYPL,45.45454545454545,0.44994049301718786,20.451840591690356
JPM,UNH,36.36363636363637,-0.5612994717624045,20.410889882269256
MRK,MSFT,27.27272727272727,-0.7480695512854466,20.40189685323945
V,MA,31.818181818181817,0.5454718803463303,17.355923465565056
AMZN,TMO,40.909090909090914,-0.4237359549752575,17.334652703533262
CVX,NVDA,31.818181818181817,-0.5441586563978109,17.314139067203072
BAC,DHR,22.727272727272727,0.7615391519560226,17.307707999000513
DHR,VLO,22.727272727272727,0.7614333582928879,17.305303597565633
CVX,MRK,22.727272727272727,0.7614271781306419,17.30516313933277
AAPL,VLO,22.727272727272727,-0.761305889324416,17.302406575554908
PFE,NVDA,22.727272727272727,-0.7611778422432727,17.29949641461983
MRK,ADBE,22.727272727272727,-0.7611384598960982,17.298601361274958
PBR,SHEL,40.909090909090914,-0.4227562781687013,17.29457501599233
INTC,DHR,40.909090909090914,-0.42263525534004937,17.28962408209293
CVX,DHR,22.727272727272727,-0.760741766355975,17.28958559899943
MS,PFE,31.818181818181817,-0.543256365073932,17.285429797806927
AMZN,DHR,31.818181818181817,-0.5431276291119219,17.281333653561152
BP,CVX,22.727272727272727,0.7603058867973147,17.279679245393517
CVX,TTE,31.818181818181817,-0.5427772712899478,17.270185904680154
AAPL,AXP,22.727272727272727,-0.7598839873403299,17.270090621371136
ADBE,MA,22.727272727272727,0.7598378251560696,17.269041480819762
MA,VLO,50.0,-0.34532865190683987,17.266432595341993
XOM,UNH,22.727272727272727,-0.7594408456395929,17.260019219081656
COP,DHR,31.818181818181817,0.5424072233895042,17.258411653302407
WFC,DHR,31.818181818181817,0.5423801738762678,17.257550986972156
WFC,NVO,40.909090909090914,-0.42181109928668215,17.25590860718245
ADBE,JPM,31.818181818181817,-0.5422517639412787,17.253465216313412
AMD,COP,22.727272727272727,0.7590541475796548,17.251230626810337
INTC,BAC,22.727272727272727,-0.7589806446982558,17.24956010677854
PFE,JNJ,40.909090909090914,-0.4216263901344239,17.24835232368098
META,DHR,31.818181818181817,0.5418851584108195,17.241800494889713
UNH,TTE,22.727272727272727,-0.7586127780471685,17.24119950107201
NVDA,AMD,31.818181818181817,0.5418520006155743,17.240745474131906
MSFT,AAPL,40.909090909090914,-0.4213724613899512,17.237964329588916
GOOGL,NVDA,22.727272727272727,-0.7584315019657427,17.237079590130516
GOOGL,JPM,31.818181818181817,0.5417334010440616,17.23697185140196
ADBE,SLB,22.727272727272727,-0.7581809848310093,17.231386018886575
CVX,LLY,31.818181818181817,0.5415476236750751,17.231060753297843
MA,AXP,22.727272727272727,-0.7581403145587876,17.2304616945179
ABBV,MSFT,31.818181818181817,0.5414670082005052,17.22849571547062
SLB,UNH,40.909090909090914,-0.42113955514076706,17.228436346667745
JNJ,GS,31.818181818181817,-0.5414626983946192,17.22835858528334
NVO,BP,31.818181818181817,0.5413168625025263,17.22371835235311
JNJ,CVX,31.818181818181817,0.5412630826266701,17.222007174484958
V,TMO,31.818181818181817,-0.5411620506719049,17.21879252137879
JNJ,DHR,31.818181818181817,-0.5411365479151222,17.217981070026614
COP,C,31.818181818181817,-0.541027755311592,17.214519487187015
DHR,BAC,31.818181818181817,-0.541024880899396,17.214428028617146
NVO,AXP,22.727272727272727,-0.7573726121538321,17.213013912587094
MRK,AMD,22.727272727272727,-0.7573074036300367,17.21153190068265
V,AXP,22.727272727272727,-0.7572079615727507,17.209271853926154
PYPL,GS,22.727272727272727,-0.7571821589176174,17.20868542994585
MS,MRK,31.818181818181817,0.5407697516399655,17.206310279453447
NVO,ABBV,31.818181818181817,0.5407501241969263,17.2056857699022
PFE,NVO,31.818181818181817,0.5406254518371566,17.201718922091345
SLB,MSFT,22.727272727272727,-0.7568676063978788,17.201536509042697
PBR,LLY,22.727272727272727,-0.7567994069937777,17.199986522585856
LLY,COP,22.727272727272727,-0.7567139911509767,17.19804525343129
WFC,C,40.909090909090914,-0.42038619311491143,17.19761699106456
MA,JNJ,40.909090909090914,0.4203278325880595,17.195229514966073
DHR,TMO,22.727272727272727,0.7564863618105127,17.192871859329834
META,NVO,31.818181818181817,-0.5402345430845079,17.189280916325252
VLO,AZN,31.818181818181817,-0.540210717892467,17.18852284203304
META,TSLA,22.727272727272727,0.7562942521467091,17.188505730607023
V,XOM,31.818181818181817,-0.5402065974274011,17.1883917363264
META,AXP,31.818181818181817,0.5401570209651755,17.1868143034374
PFE,INTC,22.727272727272727,0.7562074973245589,17.186534030103612
DHR,NVO,31.818181818181817,-0.5401272369540439,17.18586663035594
PYPL,XOM,31.818181818181817,-0.5401154754576918,17.185492400926556
JNJ,AXP,31.818181818181817,-0.5399614233372085,17.180590742547544
NVDA,CVX,22.727272727272727,-0.7558277821774959,17.177904140397633
SLB,GS,22.727272727272727,0.7557897696776135,17.17704021994576
PBR,AAPL,31.818181818181817,-0.5398226084826709,17.1761739062668
PYPL,JPM,59.09090909090909,-0.29065831980263745,17.175264351974032
AAPL,ABBV,50.0,0.3434851606141995,17.174258030709975
TTE,UNH,22.727272727272727,-0.755623868055175,17.173269728526705
MA,ADBE,22.727272727272727,0.7556150967230783,17.17307038006996
ABBV,PFE,40.909090909090914,0.41976216293578883,17.172088483736818
GS,WFC,31.818181818181817,-0.5394469109812493,17.164219894857933
AXP,PYPL,50.0,-0.34295778062565563,17.14788903128278
NVDA,BP,22.727272727272727,0.754506672534617,17.147878921241293
VLO,AXP,22.727272727272727,-0.7544290935678309,17.146115762905247
DHR,AMZN,31.818181818181817,-0.538761115193369,17.14239911978901
JPM,PYPL,31.818181818181817,-0.5386868576990889,17.140036381334646
SLB,VLO,50.0,-0.34278993675182784,17.13949683759139
TSLA,COP,31.818181818181817,0.5386688679231558,17.13946397937314
V,META,22.727272727272727,-0.7539030795333762,17.134160898485824
BP,ADBE,31.818181818181817,0.5384574998234298,17.132738630745493
MS,META,31.818181818181817,-0.5384494925258101,17.132483853093955
TMO,AZN,22.727272727272727,-0.7538156600152484,17.132174091255646
TMO,INTC,22.727272727272727,0.7537994795098284,17.1318063524961
GOOGL,EQNR,22.727272727272727,-0.7536383483029319,17.128144279612087
DHR,COP,31.818181818181817,0.5381440095837159,17.12276394130005
GOOGL,GS,31.818181818181817,-0.5381373333510873,17.122551515716413
NVO,PFE,40.909090909090914,-0.41848454216882036,17.119822179633562
TSLA,EQNR,22.727272727272727,0.7531753651529839,17.117621935295087
UNH,LLY,31.818181818181817,-0.5378933055499789,17.114786994772057
EQNR,TMO,31.818181818181817,0.5377776952926954,17.11110848658576
MS,JPM,22.727272727272727,-0.7528368276207882,17.109927900472456
BAC,TMO,22.727272727272727,0.7526818435520866,17.106405535274693
TMO,JNJ,31.818181818181817,-0.537597374045659,17.105370992361877
LLY,PYPL,22.727272727272727,-0.752581368045748,17.104122001039727
PYPL,PBR,31.818181818181817,0.5375551449556204,17.104027339497012
EQNR,C,40.909090909090914,-0.4178417319567428,17.09352539823039
TMO,ABBV,22.727272727272727,-0.7520247870301291,17.091472432502933
MSFT,JPM,50.0,0.34176811769713455,17.088405884856726
BP,COP,22.727272727272727,0.7515945997634841,17.08169544917009
ADBE,MSFT,22.727272727272727,0.7514910950146538,17.07934306851486
AXP,NVDA,50.0,-0.34156456806149055,17.078228403074526
BP,GS,22.727272727272727,0.7511285911859336,17.071104345134852
PYPL,MS,31.818181818181817,-0.536459030316676,17.069150964621507
META,AMZN,31.818181818181817,-0.5361563718012744,17.059520920949637
TSLA,NVDA,31.818181818181817,0.5361101986564629,17.05805177543291
AZN,BAC,31.818181818181817,0.5360327230633545,17.055586642924915
NVDA,MRK,31.818181818181817,-0.5360318955695116,17.055560313575366
MA,WFC,31.818181818181817,0.5359739490957995,17.053716562139076
AXP,DHR,50.0,0.3408472105135134,17.04236052567567
INTC,C,31.818181818181817,0.535532697861404,17.03967675013558
META,ADBE,31.818181818181817,0.5352765553360006,17.031526760690927
VLO,AAPL,50.0,-0.3403304968668054,17.01652484334027
MS,AMZN,50.0,-0.3400332476019005,17.001662380095027
LLY,GOOGL,22.727272727272727,0.7462828466825695,16.960973788240217
MRK,BP,36.36363636363637,0.38422774673192106,13.971918062978949
AMZN,SHEL,36.36363636363637,0.3833023634628775,13.938267762286456
ABBV,C,27.27272727272727,-0.5106888564781761,13.927877903950256
DHR,C,27.27272727272727,0.5104155542003609,13.920424205464386
NVDA,COP,27.27272727272727,0.5099525354909054,13.907796422479235
SHEL,LLY,45.45454545454545,0.3058752110775497,13.90341868534317
AXP,META,36.36363636363637,0.38230161955177727,13.901877074610084
MSFT,GOOGL,27.27272727272727,-0.509562738297186,13.897165589923253
V,JPM,27.27272727272727,0.5085610494328624,13.869846802714427
AMD,NVDA,45.45454545454545,0.305131466127985,13.86961209672659
VLO,DHR,27.27272727272727,0.5085298775374173,13.86899666011138
COP,MA,27.27272727272727,-0.508249770733222,13.861357383633326
ADBE,LLY,27.27272727272727,-0.5082311896345238,13.860850626396104
SHEL,NVDA,36.36363636363637,-0.38114251586460146,13.859727849621873
C,TMO,36.36363636363637,-0.3811160714776015,13.858766235549147
XOM,NVDA,27.27272727272727,-0.5079708041541505,13.853749204204103
PFE,BP,45.45454545454545,0.3047248090738776,13.851127685176255
COP,PYPL,36.36363636363637,-0.38085660238357244,13.849330995766271
NVDA,PBR,36.36363636363637,0.3808524633852643,13.849180486736884
JNJ,LLY,18.181818181818183,0.7615752826370008,13.846823320672744
COP,WFC,45.45454545454545,0.30460214110176,13.845551868261817
DHR,MSFT,18.181818181818183,0.7614909739948514,13.845290436270027
SLB,EQNR,18.181818181818183,-0.7614712449684625,13.84493172669932
MSFT,PFE,18.181818181818183,0.7614457490143389,13.844468163897073
BP,ABBV,27.27272727272727,0.5075964461593457,13.843539440709428
JNJ,MA,36.36363636363637,0.38069097971077215,13.843308353118989
UNH,DHR,18.181818181818183,0.7613688479632978,13.843069962969054
ADBE,C,18.181818181818183,-0.761306512844746,13.841936597177202
TSLA,VLO,27.27272727272727,-0.5075064218312945,13.841084231762574
PYPL,V,45.45454545454545,0.30449423856199126,13.840647207363238
C,JPM,45.45454545454545,-0.30447323975068175,13.839692715940078
TSLA,ABBV,45.45454545454545,-0.30440965269639003,13.836802395290455
MS,GOOGL,45.45454545454545,-0.3043946564952126,13.83612074978239
JPM,TSLA,27.27272727272727,0.5072823808012588,13.83497402185251
MS,TSLA,36.36363636363637,0.38046044185335254,13.83492515830373
SHEL,MRK,27.27272727272727,0.5072689236454727,13.83460700851289
VLO,EQNR,27.27272727272727,-0.5072162179674219,13.833169580929686
AAPL,C,18.181818181818183,-0.7607728259200144,13.832233198545717
PFE,AMZN,36.36363636363637,-0.3803167146759706,13.829698715489842
MSFT,META,36.36363636363637,0.38031099441102845,13.829490705855582
GOOGL,CVX,18.181818181818183,0.760555766600084,13.828286665456073
SLB,BP,27.27272727272727,-0.5068808618477876,13.82402350493966
MRK,EQNR,27.27272727272727,0.5067056324080851,13.8192445202205
MS,XOM,18.181818181818183,-0.7599435507260128,13.817155467745689
TTE,INTC,18.181818181818183,-0.7598275793655931,13.81504689755624
EQNR,JNJ,18.181818181818183,0.7597117367097541,13.812940667450077
DHR,SLB,27.27272727272727,0.5063657883222902,13.809976045153366
EQNR,VLO,18.181818181818183,0.7595176310274625,13.809411473226593
UNH,MS,45.45454545454545,-0.3037989127171448,13.809041487142945
MA,AMZN,27.27272727272727,0.5062887348847186,13.80787458776505
XOM,GS,36.36363636363637,0.37970115556301154,13.807314747745876
WFC,TSLA,18.181818181818183,0.7593770061418778,13.80685465712505
TTE,PYPL,18.181818181818183,-0.7593138830162696,13.805706963932176
BP,BAC,27.27272727272727,0.5061934084132704,13.805274774907375
BAC,GS,27.27272727272727,0.5061468259605776,13.804004344379388
XOM,DHR,54.54545454545454,-0.2530501178008562,13.802733698228517
LLY,CVX,36.36363636363637,0.37956594240719316,13.802397905716116
AMD,MRK,18.181818181818183,0.7588573073976745,13.79740558904863
GOOGL,MA,27.27272727272727,0.5058455514654691,13.795787767240064
EQNR,AZN,27.27272727272727,-0.5056937356228018,13.79164733516732
MRK,NVDA,27.27272727272727,-0.5056047502556821,13.789220461518601
GS,GOOGL,54.54545454545454,-0.25279056636648883,13.788576347263026
MSFT,MRK,18.181818181818183,-0.7582626328959116,13.786593325380212
MS,AMD,45.45454545454545,-0.303295262206899,13.786148282131773
BP,TTE,18.181818181818183,0.7579123992975347,13.78022544177336
MRK,PYPL,36.36363636363637,0.37894796161386174,13.7799258768677
MSFT,CVX,27.27272727272727,0.5052140099822703,13.77856390860737
MA,NVO,27.27272727272727,-0.5051827810874662,13.777712211476349
AZN,AAPL,36.36363636363637,-0.3788560422636755,13.776583355042746
UNH,GOOGL,36.36363636363637,0.3788377112794258,13.775916773797302
NVO,SHEL,18.181818181818183,0.7576443122314621,13.77535113148113
TTE,GOOGL,18.181818181818183,0.757626906503215,13.775034663694818
BAC,AZN,27.27272727272727,0.505016776331375,13.773184809037499
TSLA,MS,27.27272727272727,0.5049772862834682,13.772107807730949
PBR,ADBE,18.181818181818183,0.757457116250674,13.771947568194074
EQNR,DHR,18.181818181818183,0.757326712432385,13.76957658967973
NVDA,WFC,36.36363636363637,0.3786473434901443,13.768994308732522
AMZN,MRK,18.181818181818183,0.7572938412628334,13.768978932051517
COP,GOOGL,27.27272727272727,-0.5048236830350138,13.767918628227648
GS,AMD,45.45454545454545,0.3028828324467451,13.767401474852049
AXP,JPM,36.36363636363637,-0.37851054165698805,13.76401969661775
BP,SLB,36.36363636363637,-0.37840821511975664,13.760298731627515
NVDA,MS,18.181818181818183,0.756808321580569,13.760151301464893
META,BP,36.36363636363637,-0.37840339259540146,13.760123367105509
DHR,EQNR,18.181818181818183,0.756651289904892,13.757296180088948
GS,AXP,18.181818181818183,0.7566202181436035,13.75673123897461
TMO,NVO,27.27272727272727,-0.5044029538328186,13.756444195440507
COP,NVO,27.27272727272727,-0.5043721396319536,13.755603808144187
GOOGL,COP,18.181818181818183,-0.7565271785712775,13.755039610386865
COP,BAC,18.181818181818183,0.7564979745397491,13.75450862799544
GOOGL,XOM,45.45454545454545,0.3025732153973805,13.753327972608206
EQNR,NVO,18.181818181818183,-0.7562601337248982,13.750184249543604
V,JNJ,36.36363636363637,0.378115525701217,13.749655480044256
AZN,EQNR,36.36363636363637,0.3780863588530503,13.748594867383648
TMO,WFC,18.181818181818183,-0.7561708897979615,13.748561632690212
DHR,JNJ,18.181818181818183,-0.7561574048263111,13.748316451387476
INTC,ADBE,36.36363636363637,-0.3780596842433399,13.747624881575998
NVDA,TMO,18.181818181818183,-0.7560723104385353,13.746769280700644
AXP,ABBV,18.181818181818183,-0.755911920094218,13.743853092622148
XOM,NVO,36.36363636363637,-0.377943099537409,13.743385437723965
BP,C,27.27272727272727,-0.5038554825376949,13.741513160118949
AMZN,SLB,27.27272727272727,0.5037854834088817,13.7396040929695
GOOGL,AAPL,27.27272727272727,0.503757966038115,13.738853619221315
MS,NVDA,36.36363636363637,0.3778162123066956,13.738771356607113
AAPL,SHEL,27.27272727272727,0.5036105310487139,13.734832664964923
BAC,VLO,27.27272727272727,-0.5035936077288663,13.73437111987817
NVDA,MA,36.36363636363637,-0.37765619586595767,13.732952576943916
V,GS,18.181818181818183,-0.7552901398876052,13.732547997956459
LLY,MS,18.181818181818183,0.7552789619975211,13.732344763591295
META,XOM,27.27272727272727,0.5035119831640673,13.732144995383653
NVDA,PYPL,36.36363636363637,0.37761229471427554,13.731356171428203
C,MRK,18.181818181818183,0.7551987448549293,13.730886270089625
INTC,GS,36.36363636363637,-0.3775555196907332,13.729291625117572
PBR,MA,18.181818181818183,0.7550953740904626,13.729006801644775
TSLA,MA,18.181818181818183,-0.7550530816622789,13.728237848405072
XOM,INTC,18.181818181818183,-0.7550448432379862,13.728088058872476
VLO,BP,27.27272727272727,-0.5032848485197984,13.725950414176317
NVDA,XOM,18.181818181818183,-0.7548572906256195,13.7246780113749
CVX,NVO,18.181818181818183,-0.7546240139551812,13.720436617366932
JNJ,COP,27.27272727272727,-0.5030457548081786,13.719429676586687
AAPL,WFC,27.27272727272727,0.503043062658267,13.719356254316372
LLY,DHR,18.181818181818183,-0.754463050281527,13.717510005118674
LLY,AAPL,36.36363636363637,0.3772241045537489,13.71724016559087
MA,PFE,36.36363636363637,0.377170897902146,13.715305378259854
JNJ,AAPL,36.36363636363637,0.37716468647788576,13.715079508286756
AMZN,AMD,18.181818181818183,-0.7540771835455451,13.71049424628264
JPM,NVDA,36.36363636363637,-0.37697944893766844,13.7083435977334
NVO,GS,18.181818181818183,0.7539009154814387,13.707289372389795
AAPL,UNH,36.36363636363637,-0.37693664470302274,13.706787080109919
GOOGL,BAC,36.36363636363637,-0.37693556353865143,13.706747765041872
TMO,SLB,27.27272727272727,0.5024133662518022,13.70218271595824
SHEL,ABBV,27.27272727272727,0.5024078255094747,13.702031604803855
WFC,JNJ,45.45454545454545,-0.30140287712792857,13.700130778542208
AMD,PFE,27.27272727272727,-0.5022540390317921,13.697837428139783
INTC,SLB,27.27272727272727,0.5022205624789505,13.696924431244105
META,TMO,18.181818181818183,0.75329458827387,13.696265241343092
GS,PFE,27.27272727272727,0.5021663593279663,13.695446163489988
GOOGL,AMZN,27.27272727272727,0.5020770538459947,13.693010559436216
COP,ABBV,36.36363636363637,0.37653995382504296,13.69236195727429
NVO,PBR,18.181818181818183,0.7529787910052084,13.690523472821972
PBR,AXP,27.27272727272727,-0.5019771118776469,13.69028486939037
COP,TMO,18.181818181818183,0.7529485058432829,13.689972833514235
SHEL,PFE,27.27272727272727,0.5018719651560125,13.687417231527613
BP,NVO,27.27272727272727,0.5018420732799285,13.686601998543502
NVDA,PFE,18.181818181818183,-0.7525814148440216,13.683298451709485
PYPL,SHEL,18.181818181818183,-0.7523270695956333,13.67867399264788
CVX,VLO,36.36363636363637,-0.37614500095905806,13.67800003487484
AMD,SLB,27.27272727272727,-0.5014665344673922,13.676360030928876
MA,XOM,27.27272727272727,0.501430338542623,13.675372869344262
NVDA,V,18.181818181818183,-0.752130139693307,13.67509344896922
JPM,XOM,36.36363636363637,0.375997021918728,13.672618978862838
MS,TTE,18.181818181818183,0.7519715258048543,13.67220956008826
MSFT,JNJ,18.181818181818183,-0.7519041011227107,13.670983656776558
AAPL,AMD,36.36363636363637,-0.3757476412009076,13.663550589123913
NVDA,BAC,27.27272727272727,-0.5008842563611514,13.660479718940492
PBR,PFE,27.27272727272727,-0.5007700010415613,13.657363664769854
META,UNH,18.181818181818183,0.7510964881618797,13.65629978476145
ABBV,BAC,27.27272727272727,0.5007137894106274,13.655830620289837
BAC,BP,27.27272727272727,-0.5006953512429083,13.655327761170225
AMZN,GOOGL,27.27272727272727,0.5006348371239177,13.653677376106844
TTE,ABBV,27.27272727272727,0.5005627331551287,13.65171090423078
TTE,JNJ,18.181818181818183,-0.7507566119375527,13.650120217046414
INTC,XOM,18.181818181818183,-0.7505436654883493,13.646248463424534
INTC,ABBV,36.36363636363637,0.3752484140362181,13.645396874044296
JPM,INTC,27.27272727272727,-0.5002323251145541,13.642699775851472
MS,INTC,27.27272727272727,0.49997006987102294,13.635547360118807
META,WFC,36.36363636363637,0.374942065947234,13.634256943535783
V,MRK,27.27272727272727,0.49991873382263136,13.634147286071762
PBR,NVO,27.27272727272727,0.49989068255422775,13.633382251478936
ABBV,SLB,27.27272727272727,-0.4997592955854584,13.6297989705125
PBR,MSFT,27.27272727272727,0.4997157458567451,13.628611250638501
PFE,TTE,18.181818181818183,-0.7495561201048979,13.628293092816326
NVO,INTC,27.27272727272727,-0.49949316609778593,13.622540893575978
BP,AMD,18.181818181818183,-0.7487962375923412,13.614477047133477
PBR,INTC,18.181818181818183,0.7487545978803599,13.61371996146109
AMD,XOM,18.181818181818183,-0.7486358804546065,13.611561462811029
PFE,GS,45.45454545454545,0.2994277296670525,13.610351348502386
JPM,AMZN,27.27272727272727,0.4989459492055281,13.607616796514401
NVDA,GOOGL,18.181818181818183,-0.7483142544503503,13.605713717279096
INTC,AMZN,27.27272727272727,0.49867145854074235,13.60013068747479
INTC,MRK,54.54545454545454,0.24925526310456378,13.595741623885296
XOM,GOOGL,63.63636363636363,-0.21354205158138667,13.589039646088242
BP,LLY,18.181818181818183,0.7470791055793584,13.583256465079245
JPM,BAC,27.27272727272727,0.49752580669286933,13.568885637078253
META,PBR,18.181818181818183,-0.7462736510773519,13.568611837770035
AMD,WFC,27.27272727272727,-0.4973385889880695,13.56377969967462
AAPL,PBR,27.27272727272727,-0.49696690610154853,13.553642893678594
SLB,TTE,18.181818181818183,-0.745255388639088,13.550097975256147
UNH,TSLA,27.27272727272727,-0.496711949948273,13.546689544043808
TMO,ADBE,27.27272727272727,0.4966813485700761,13.545854961002075
MS,V,36.36363636363637,-0.3722348935977048,13.535814312643812
V,WFC,27.27272727272727,0.4951810451981425,13.504937596312976
SLB,PFE,27.27272727272727,0.49512151651141884,13.503314086675058
DHR,MS,50.0,0.21109311762174512,10.554655881087257
AXP,C,40.909090909090914,0.25775514059013005,10.54452847868714
TMO,MRK,59.09090909090909,-0.1781982632035704,10.52989737112007
AMD,AXP,31.818181818181817,0.3304565642906307,10.514527045610976
PFE,MA,50.0,-0.21024554797129608,10.512277398564803
TTE,AMD,40.909090909090914,0.25631297066081715,10.485530617942521
MRK,VLO,40.909090909090914,-0.2562345363848759,10.482321943017652
XOM,BP,31.818181818181817,-0.32924886477700327,10.476100242904648
AMZN,TTE,31.818181818181817,-0.3291019622502228,10.471426071597998
C,VLO,40.909090909090914,-0.2559622054024365,10.471181130099676
GOOGL,LLY,40.909090909090914,0.2557477519273117,10.462408033390025
AXP,AMZN,31.818181818181817,-0.3286238170464343,10.456212360568363
CVX,C,31.818181818181817,0.3284130645669091,10.449506599856198
INTC,JNJ,50.0,0.20896413870210565,10.448206935105283
DHR,V,40.909090909090914,-0.25530760317686374,10.444401948144426
META,PFE,22.727272727272727,0.45949743181337394,10.443123450303952
GOOGL,ABBV,31.818181818181817,0.3282049852942369,10.44288589572572
PFE,V,40.909090909090914,-0.2552681789419413,10.442789138533964
ADBE,V,22.727272727272727,0.4593467964319379,10.439699918907678
PFE,C,31.818181818181817,0.32782300378203716,10.430731938519363
JPM,AAPL,31.818181818181817,0.3277282354786896,10.42771658341285
NVDA,TSLA,40.909090909090914,0.2546772045940531,10.418612915211263
SHEL,AMD,31.818181818181817,0.3274384548420074,10.418496290427507
VLO,TSLA,31.818181818181817,-0.32740376361490325,10.417392478656012
AAPL,SLB,22.727272727272727,0.45828985275397616,10.415678471681275
TTE,XOM,22.727272727272727,0.4580892821288387,10.411120048382697
AXP,INTC,22.727272727272727,0.45802849985780336,10.409738633131894
BP,MA,22.727272727272727,0.4579903013475543,10.408870485171688
MS,LLY,31.818181818181817,-0.32708476752552873,10.407242603085004
BAC,MA,40.909090909090914,-0.2543853217537488,10.406672253562451
PBR,JPM,40.909090909090914,-0.2542365930557502,10.400587897735237
MA,JPM,40.909090909090914,0.2541647441580138,10.39764862464602
BP,XOM,31.818181818181817,-0.3267008389254609,10.395026693082848
JNJ,GOOGL,22.727272727272727,-0.457368478386074,10.394738145138044
AMZN,UNH,31.818181818181817,-0.3266717098986586,10.394099860411865
NVO,SLB,22.727272727272727,-0.457096011061539,10.388545705944068
CVX,GS,31.818181818181817,0.3264815998764811,10.388050905160762
SLB,SHEL,31.818181818181817,0.32644935496764405,10.387024930788673
XOM,AXP,22.727272727272727,0.4569991384408188,10.386344055473154
WFC,V,22.727272727272727,0.4569322588334857,10.384824064397401
NVDA,MSFT,40.909090909090914,0.2538320101215479,10.384036777699688
CVX,ADBE,31.818181818181817,-0.32628713957964894,10.38186353207974
PYPL,EQNR,50.0,0.20762739238585495,10.381369619292748
TTE,LLY,22.727272727272727,0.4567650597918188,10.3810240861777
AMD,ABBV,13.636363636363635,-0.7612375507185353,10.380512055252753
COP,PFE,50.0,0.20760596032539846,10.380298016269924
AZN,DHR,13.636363636363635,0.7609304290064746,10.37632403190647
WFC,MA,22.727272727272727,0.45655611195824564,10.37627527177831
AAPL,BAC,22.727272727272727,-0.4565166169917697,10.375377658903856
MRK,COP,40.909090909090914,-0.25361292531115937,10.375074217274703
NVO,MS,13.636363636363635,-0.7608350864909408,10.375023906694645
ADBE,TMO,13.636363636363635,0.760757369529503,10.373964129947767
UNH,GS,22.727272727272727,0.4564337643897578,10.373494645221768
XOM,LLY,22.727272727272727,-0.4564021771784835,10.372776754056444
GS,TTE,13.636363636363635,0.7606188107506976,10.372074692054966
WFC,SLB,22.727272727272727,-0.4563532875052216,10.371665625118672
PYPL,MA,22.727272727272727,0.4563327557064899,10.371198993329315
TMO,AMZN,22.727272727272727,-0.45626542873602965,10.369668834909765
AZN,MA,13.636363636363635,-0.7604215444252586,10.369384696708071
LLY,NVDA,13.636363636363635,-0.7603927922987124,10.368992622255167
ADBE,GOOGL,22.727272727272727,0.45615326483725455,10.367119655392148
TTE,EQNR,22.727272727272727,-0.45611287603177786,10.366201727994952
PYPL,NVDA,22.727272727272727,0.4561069988879816,10.366068156545037
PBR,V,22.727272727272727,0.45610206702096434,10.36595606865828
AZN,PYPL,22.727272727272727,-0.4560494819290836,10.364760952933718
VLO,SLB,50.0,-0.20728913479615543,10.364456739807771
C,JNJ,31.818181818181817,0.3257064377739941,10.363386656445266
MS,SHEL,22.727272727272727,0.45596335508484004,10.362803524655455
AMZN,MSFT,13.636363636363635,-0.7598706156609273,10.361872031739916
XOM,ADBE,31.818181818181817,0.3256275244502751,10.360875777963297
C,PBR,31.818181818181817,0.3255841452300187,10.359495530046049
PFE,VLO,31.818181818181817,-0.32558414485652154,10.35949551816205
LLY,BP,13.636363636363635,0.7594544450839762,10.356196978417856
WFC,GOOGL,13.636363636363635,-0.7594424241478133,10.356033056561088
LLY,ADBE,40.909090909090914,-0.2531204333358006,10.354926818282753
WFC,AAPL,31.818181818181817,0.32543255280633415,10.354672134746995
PYPL,META,22.727272727272727,-0.455604139644781,10.354639537381386
V,EQNR,22.727272727272727,0.4555414015541245,10.353213671684648
NVO,MA,40.909090909090914,0.25305203585550934,10.352128739543565
XOM,TTE,22.727272727272727,-0.45548853908760556,10.352012251991034
AMD,BAC,40.909090909090914,0.2530432918168912,10.351771028872824
CVX,ABBV,31.818181818181817,0.32532160071234584,10.351141840847367
AXP,ADBE,31.818181818181817,-0.3252803245699,10.349828509042274
GS,ADBE,31.818181818181817,-0.3252684389053301,10.349450328805956
TMO,BP,50.0,-0.20698202466421337,10.349101233210668
CVX,MS,31.818181818181817,-0.3252387651032721,10.34850616237684
PFE,PBR,31.818181818181817,0.32517179409813274,10.346375266758768
BP,DHR,13.636363636363635,-0.7586391247650583,10.345078974068976
AMD,UNH,13.636363636363635,0.7585806572120872,10.344281689255734
MRK,V,31.818181818181817,0.32507400753171484,10.343263876009107
PFE,MRK,31.818181818181817,-0.32506790125335694,10.343069585334083
WFC,PBR,31.818181818181817,0.3250638606708543,10.342941021345364
SHEL,DHR,31.818181818181817,-0.325057406713274,10.342735668149626
TSLA,INTC,31.818181818181817,-0.3250096468678914,10.341216036705635
NVO,AAPL,13.636363636363635,0.7582455960199529,10.339712672999356
LLY,WFC,22.727272727272727,0.4548665889765685,10.33787702219474
V,INTC,13.636363636363635,-0.7580797021511191,10.337450483878895
PYPL,WFC,31.818181818181817,-0.32488202946976674,10.33715548312894
DHR,UNH,40.909090909090914,0.25268305512774475,10.337034073407741
NVO,NVDA,13.636363636363635,-0.7580114807244968,10.336520191697682
MS,WFC,31.818181818181817,-0.3248520423026197,10.336201345992444
XOM,JNJ,13.636363636363635,-0.7579802095991388,10.336093767260982
INTC,AXP,31.818181818181817,-0.3248034646561701,10.334655693605411
WFC,CVX,31.818181818181817,0.324777273544515,10.33382234005275
NVO,BAC,22.727272727272727,-0.4546784042611375,10.333600096844034
AMD,INTC,13.636363636363635,-0.7576835127144917,10.332047900652158
JPM,COP,13.636363636363635,0.7576638462386948,10.331779721436746
CVX,TMO,22.727272727272727,0.4544645191072661,10.328739070619683
PYPL,TSLA,13.636363636363635,-0.757420946628982,10.328467454031571
XOM,TMO,13.636363636363635,0.7572995647037756,10.326812245960575
JNJ,INTC,40.909090909090914,-0.25241186355240036,10.325939872598198
V,BP,13.636363636363635,-0.7572272319479619,10.32582589019948
NVDA,ABBV,50.0,-0.20650618503229046,10.325309251614524
PFE,ABBV,50.0,-0.20649220882991368,10.324610441495684
SLB,LLY,31.818181818181817,0.32446887325322926,10.32400960351184
JNJ,VLO,31.818181818181817,-0.3244615715833864,10.323777277653203
COP,PBR,13.636363636363635,-0.7568400789223261,10.32054653075899
TTE,MS,31.818181818181817,0.32435024017138625,10.320234914544107
DHR,GOOGL,31.818181818181817,-0.3243296154212075,10.319578672492964
TSLA,JNJ,31.818181818181817,-0.32430124123338605,10.31867585742592
GOOGL,AXP,13.636363636363635,-0.7565544523559252,10.316651623035343
JNJ,TMO,13.636363636363635,-0.7565276525763648,10.316286171495882
SLB,PBR,40.909090909090914,-0.25217257521808256,10.316150804376106
AMZN,AAPL,22.727272727272727,-0.4537774531112862,10.313123934347413
MSFT,V,22.727272727272727,-0.45369562539066327,10.311264213424165
ADBE,PBR,22.727272727272727,0.4536900680645986,10.31113791055906
GS,JNJ,31.818181818181817,-0.3239930393245712,10.308869433054538
MA,COP,22.727272727272727,0.4535664060126587,10.308327409378606
NVO,META,13.636363636363635,-0.7559399624111208,10.308272214697102
AZN,CVX,13.636363636363635,-0.7558821614151675,10.307484019297737
INTC,UNH,22.727272727272727,0.4535136297637467,10.307127949176062
UNH,MA,31.818181818181817,-0.32391862175265684,10.3065016012209
JPM,GOOGL,13.636363636363635,-0.75565022711515,10.304321278842952
JNJ,SHEL,13.636363636363635,0.7556141875536634,10.303829830277227
ADBE,AZN,22.727272727272727,-0.4533499446375323,10.303407832671189
INTC,AMD,22.727272727272727,-0.4533345212273085,10.303057300620647
MA,TMO,22.727272727272727,-0.45328152882827144,10.30185292791526
META,AAPL,13.636363636363635,0.7553983927397727,10.300887173724172
GOOGL,C,13.636363636363635,0.7553959708628691,10.300854148130032
AZN,TTE,22.727272727272727,-0.4532372571179252,10.300846752680117
TSLA,GOOGL,13.636363636363635,-0.7553817275814511,10.300659921565241
GS,AAPL,22.727272727272727,-0.4532160258107324,10.30036422297119
PFE,EQNR,22.727272727272727,-0.4531817287555044,10.299584744443282
AAPL,ADBE,22.727272727272727,0.45314480446037475,10.298745555917607
V,SHEL,22.727272727272727,0.45310789585200856,10.297906723909286
XOM,V,13.636363636363635,-0.7550245626279186,10.295789490380708
META,C,40.909090909090914,-0.2516649648178012,10.295384924364596
TSLA,LLY,13.636363636363635,0.7549231524308193,10.294406624056625
TMO,MS,22.727272727272727,-0.4528450797672427,10.291933631073697
TSLA,UNH,31.818181818181817,0.3234463309650087,10.291474167068458
JPM,META,40.909090909090914,-0.25146157760179727,10.287064538255343
DHR,TSLA,22.727272727272727,0.4526282260472512,10.287005137437527
COP,UNH,22.727272727272727,-0.4526098362378145,10.286587187223056
PYPL,JNJ,22.727272727272727,0.45253684006118,10.284928183208637
BAC,JPM,40.909090909090914,0.2513975033849135,10.284443320291917
AAPL,AMZN,31.818181818181817,0.3232124834624437,10.284033564714116
UNH,NVO,22.727272727272727,-0.45244650362965044,10.282875082492055
SHEL,INTC,13.636363636363635,-0.7539985948149178,10.281799020203424
GOOGL,BP,31.818181818181817,-0.3231411106462673,10.281762611472141
INTC,SHEL,13.636363636363635,-0.7539570003294694,10.281231822674583
TTE,JPM,13.636363636363635,0.7539256366182312,10.280804135703152
WFC,TTE,22.727272727272727,-0.4523351067698365,10.280343335678102
SLB,MRK,13.636363636363635,0.7538071168152166,10.279187956571134
WFC,COP,13.636363636363635,-0.7537685465796887,10.278661998813936
LLY,MA,22.727272727272727,0.45224618934809635,10.278322485184008
MRK,C,31.818181818181817,0.3230232035557669,10.278011022228947
TSLA,TMO,40.909090909090914,-0.25116644531259197,10.274990944606037
V,PYPL,31.818181818181817,0.32286744731993977,10.273055141998084
MA,INTC,31.818181818181817,-0.3228212108527991,10.27158398167997
MRK,GOOGL,31.818181818181817,-0.3228162784501559,10.271427041595869
AXP,PBR,13.636363636363635,-0.7532296854322381,10.271313892257792
DHR,SHEL,22.727272727272727,0.45190720155338615,10.270618217122411
WFC,PFE,22.727272727272727,-0.45190083635353184,10.27047355348936
NVDA,AXP,22.727272727272727,-0.4518713491160732,10.269803389001662
INTC,GOOGL,40.909090909090914,-0.2510228840500354,10.269117983865087
MA,C,40.909090909090914,-0.25101500390239595,10.268795614188926
JNJ,XOM,31.818181818181817,0.3226161784884468,10.265060224632398
MSFT,MA,13.636363636363635,0.7525431471430547,10.2619520064962
META,JPM,13.636363636363635,-0.7523012725619318,10.258653716753614
JNJ,C,50.0,-0.2051216557902559,10.256082789512796
TMO,C,22.727272727272727,0.4512069206622854,10.254702742324667
ADBE,MS,13.636363636363635,-0.7519008919327507,10.253193980901145
UNH,EQNR,31.818181818181817,-0.3222172989988793,10.252368604509796
AZN,MS,22.727272727272727,-0.45109868369637757,10.252242811281308
MA,AZN,22.727272727272727,-0.4510861218545311,10.251957314875707
PFE,AMD,31.818181818181817,-0.3221144941103923,10.249097539876118
GOOGL,JNJ,22.727272727272727,-0.45092427789256534,10.248279043012849
SHEL,NVO,31.818181818181817,0.32203692225125485,10.246629344358109
INTC,AAPL,40.909090909090914,-0.2504101723366148,10.244052504679697
EQNR,GOOGL,13.636363636363635,-0.7508161440424468,10.238401964215182
PYPL,UNH,22.727272727272727,0.4504818490119738,10.238223841181222
TSLA,BAC,22.727272727272727,0.45044294250310896,10.237339602343384
MRK,META,13.636363636363635,-0.7507361160945124,10.237310674016078
JPM,MSFT,31.818181818181817,-0.3216543548309785,10.234456744622042
WFC,BP,40.909090909090914,-0.2501197510668079,10.232171634551234
XOM,AZN,13.636363636363635,0.7503542869044019,10.232103912332752
MSFT,C,13.636363636363635,-0.7503269363490045,10.231730950213697
AZN,PBR,13.636363636363635,-0.7502856507256546,10.231167964440743
GOOGL,SLB,22.727272727272727,0.45006767443042417,10.22881078250964
SLB,ABBV,13.636363636363635,-0.7497898555666823,10.224407121363848
WFC,META,59.09090909090909,0.1729878771335126,10.222010921525746
BAC,MSFT,22.727272727272727,0.4497105184569251,10.220693601293751
JPM,GS,22.727272727272727,-0.4496974429314786,10.220396430260877
MA,MSFT,13.636363636363635,0.7494073467137775,10.21919109155151
VLO,SHEL,31.818181818181817,-0.3211305834126707,10.217791290403158
JPM,WFC,31.818181818181817,0.3210993233581649,10.216796652305245
ABBV,UNH,22.727272727272727,-0.44944751687948026,10.21471629271546
AXP,SHEL,13.636363636363635,0.7490680921497224,10.214564892950758
PBR,UNH,22.727272727272727,0.44940313676290905,10.213707653702478
TTE,TSLA,13.636363636363635,0.7488794365302885,10.211992316322116
TSLA,SLB,13.636363636363635,0.748350472286643,10.20477916754513
EQNR,ADBE,13.636363636363635,0.7483012364800263,10.204107770182176
AAPL,META,22.727272727272727,-0.44877519231642715,10.199436189009708
AAPL,INTC,13.636363636363635,0.7476975257847567,10.195875351610317
AXP,MS,50.0,0.20387305201506373,10.193652600753186
AAPL,BP,13.636363636363635,-0.7469388173647271,10.185529327700824
MS,PYPL,22.727272727272727,-0.44805002294308,10.182955066888182
EQNR,BAC,22.727272727272727,0.4477482028288984,10.176095518838599
C,BP,40.909090909090914,-0.2486799010043891,10.173268677452283
AXP,TMO,13.636363636363635,0.7460297662577254,10.17313317624171
JNJ,TTE,22.727272727272727,-0.4474790744699123,10.16997896522528
NVDA,META,31.818181818181817,0.3191895052258312,10.156029711730993
GS,NVDA,50.0,0.20231520527155533,10.115760263577766
TMO,V,31.818181818181817,-0.3176786835359348,10.107958112507017
PFE,JPM,22.727272727272727,-0.4426598372323861,10.060450846190593
AMZN,COP,36.36363636363637,-0.19476482923731225,7.082357426811355
PYPL,MRK,45.45454545454545,0.1553507178451567,7.06139626568894
SLB,NVO,36.36363636363637,0.19382783002630588,7.048284728229305
JNJ,ADBE,27.27272727272727,-0.25803856244064133,7.0374153392902175
DHR,PFE,36.36363636363637,0.1934837167549049,7.035771518360178
VLO,MRK,45.45454545454545,-0.15477128843806925,7.035058565366784
GS,JPM,27.27272727272727,-0.25773132705681234,7.029036192458518
JNJ,BAC,36.36363636363637,-0.19316331374458068,7.024120499802934
AXP,WFC,36.36363636363637,-0.1930964036866962,7.021687406788954
DHR,XOM,45.45454545454545,-0.15420132923363816,7.009151328801734
VLO,ADBE,45.45454545454545,-0.15406720649068525,7.003054840485693
C,GOOGL,27.27272727272727,-0.25677362957712296,7.002917170285171
SHEL,XOM,54.54545454545454,0.12836902052710308,7.001946574205622
INTC,MS,36.36363636363637,-0.19243795580113168,6.99774384731388
SLB,BAC,27.27272727272727,-0.2565830497567874,6.997719538821475
NVO,ADBE,45.45454545454545,-0.15393271456804575,6.996941571274807
BAC,MRK,36.36363636363637,-0.19230931948137187,6.993066162958978
WFC,PYPL,18.181818181818183,0.3846092856295669,6.992896102355763
BAC,AMD,45.45454545454545,0.1537516317380017,6.988710533545531
CVX,PYPL,18.181818181818183,-0.38415450012459995,6.984627274992727
V,AZN,27.27272727272727,0.2560774674576115,6.983930930662131
AZN,AXP,18.181818181818183,0.38396586102316504,6.981197473148456
UNH,WFC,27.27272727272727,0.25587763016090465,6.978480822570126
BAC,AMZN,18.181818181818183,-0.3835743366314168,6.974078847843943
COP,BP,36.36363636363637,0.1916046545065972,6.96744198205808
WFC,NVDA,45.45454545454545,0.15323677813875788,6.965308097216267
BP,PFE,36.36363636363637,-0.19153117385506785,6.964769958366104
BP,JPM,27.27272727272727,0.25518131046500153,6.959490285409132
JNJ,UNH,27.27272727272727,-0.25507798453839664,6.956672305592635
AXP,LLY,27.27272727272727,0.25501536033897704,6.954964372881191
C,CVX,36.36363636363637,-0.19124668471335254,6.954424898667366
MSFT,ADBE,36.36363636363637,-0.19120176869678118,6.952791588973862
JPM,ADBE,36.36363636363637,0.1911634597341399,6.951398535786906
VLO,GOOGL,18.181818181818183,0.38220237849480587,6.949134154451016
TMO,JPM,36.36363636363637,-0.19109761611396955,6.949004222326166
VLO,TMO,18.181818181818183,-0.3821130356209699,6.947509738563089
CVX,INTC,36.36363636363637,0.19105389680583756,6.947414429303185
MSFT,GS,18.181818181818183,-0.38209009329106614,6.947092605292112
COP,SHEL,18.181818181818183,0.3820474425749789,6.94631713772689
TMO,VLO,36.36363636363637,0.1910012320675591,6.94549934791124
TTE,MA,18.181818181818183,-0.3819928023746694,6.945323679539444
AXP,GOOGL,27.27272727272727,0.25464942798710233,6.944984399648245
META,GS,18.181818181818183,-0.3819556895597867,6.944648901087032
MA,GOOGL,27.27272727272727,-0.2545321692758073,6.941786434794744
JPM,BP,18.181818181818183,0.3816957785412551,6.939923246204638
SLB,TSLA,36.36363636363637,-0.1908067552159932,6.938427462399753
JNJ,SLB,18.181818181818183,0.381450371243726,6.935461295340473
MRK,XOM,36.36363636363637,-0.1907186338406807,6.935223048752026
C,INTC,27.27272727272727,0.2542536366554697,6.9341900906037175
TMO,CVX,27.27272727272727,0.2541911661775866,6.932486350297815
DHR,AAPL,27.27272727272727,-0.2541324656200529,6.930885426001443
GOOGL,PYPL,36.36363636363637,-0.19058565019814788,6.930387279932651
DHR,AMD,36.36363636363637,-0.19053361029234106,6.928494919721493
LLY,BAC,18.181818181818183,0.3808577983727144,6.924687243140262
WFC,BAC,18.181818181818183,-0.3808163269541831,6.923933217348784
SLB,ADBE,9.090909090909092,-0.7615842033453708,6.92349275768519
MSFT,LLY,54.54545454545454,-0.12692878721546438,6.923388393570784
PBR,C,27.27272727272727,-0.2538562718392157,6.9233528683422465
AZN,PFE,9.090909090909092,-0.7615259088640844,6.922962807855313
SLB,GOOGL,36.36363636363637,-0.19037333928607364,6.922666883129951
TTE,AZN,9.090909090909092,0.7614167591777088,6.921970537979171
MSFT,BP,27.27272727272727,-0.2537772745102285,6.921198395733504
XOM,AMD,18.181818181818183,-0.3806597556054907,6.921086465554377
CVX,EQNR,9.090909090909092,-0.7612649904774462,6.9205908225222394
JNJ,MSFT,9.090909090909092,-0.761262082564767,6.920564386952428
MSFT,COP,27.27272727272727,0.25374708212085256,6.920374966932342
ABBV,MRK,54.54545454545454,-0.12687236111549638,6.920310606299802
MSFT,XOM,36.36363636363637,0.19030812265510666,6.920295369276606
ADBE,PYPL,18.181818181818183,0.3805358677372097,6.918833958858359
SHEL,MA,27.27272727272727,0.25368477261281325,6.918675616713088
AAPL,AZN,27.27272727272727,0.25367099514889707,6.9182998676971925
COP,META,9.090909090909092,-0.7610075221771478,6.9182502016104355
BAC,LLY,9.090909090909092,-0.7610010333179051,6.9181912119809565
BAC,PBR,18.181818181818183,-0.3804414870300663,6.917117946001206
AMD,PYPL,18.181818181818183,0.38043572238671064,6.91701313430383
TTE,SLB,18.181818181818183,0.38040939703537624,6.916534491552296
AMZN,PFE,36.36363636363637,0.19020247060955991,6.91645347671127
NVDA,AZN,9.090909090909092,-0.7607889702249673,6.916263365681521
AMZN,XOM,27.27272727272727,0.2535833581946165,6.915909768944086
NVO,GOOGL,36.36363636363637,0.19017407704671455,6.915420983516893
XOM,PBR,18.181818181818183,-0.38027488585807057,6.914088833783102
PBR,AMZN,9.090909090909092,-0.7604407805639901,6.913098005127184
DHR,PYPL,36.36363636363637,0.19010090625672338,6.912760227517214
PFE,SLB,9.090909090909092,0.7603361851566087,6.912147137787352
SHEL,BAC,9.090909090909092,-0.7603312052827398,6.912101866206726
SLB,JPM,27.27272727272727,-0.2534358621845603,6.911887150488008
TTE,MSFT,27.27272727272727,-0.253383371174389,6.9104555774833365
COP,ADBE,36.36363636363637,0.19003292415999737,6.910288151272632
AMZN,MA,27.27272727272727,-0.25334499195785787,6.909408871577941
AMD,VLO,45.45454545454545,-0.15199449254695976,6.908840570316353
PBR,GS,9.090909090909092,-0.7599699089081925,6.908817353710841
NVO,XOM,18.181818181818183,-0.37987079928830025,6.906741805241824
CVX,MSFT,27.27272727272727,-0.25324326552391363,6.906634514288553
TSLA,XOM,9.090909090909092,-0.759671927281212,6.906108429829201
EQNR,JPM,9.090909090909092,-0.759653248682562,6.905938624386928
DHR,PBR,27.27272727272727,0.2532176258249692,6.905935249771887
AXP,COP,18.181818181818183,0.3798044232968125,6.9055349690329555
AMD,GS,27.27272727272727,-0.2531983677840022,6.905410030472786
AXP,TTE,9.090909090909092,0.7595759355463415,6.905235777694014
MSFT,NVDA,54.54545454545454,0.1265607004004976,6.903310930936232
TTE,C,9.090909090909092,-0.759233307063368,6.902120973303346
CVX,GOOGL,9.090909090909092,0.7592309047486183,6.902099134078349
SHEL,MS,9.090909090909092,0.7591994070819887,6.901812791654444
TMO,EQNR,18.181818181818183,0.37959849996528233,6.901790908459679
JPM,MA,27.27272727272727,-0.2530639363687563,6.901743719147898
MS,BP,9.090909090909092,-0.7590768225433635,6.900698386757851
LLY,AMZN,18.181818181818183,0.3794740358607782,6.899527924741423
AXP,MA,18.181818181818183,0.3794439599006597,6.898981089102905
AMZN,JNJ,18.181818181818183,-0.37942617251460553,6.898657682083738
UNH,ADBE,27.27272727272727,-0.25291414062285034,6.897658380623191
CVX,AAPL,9.090909090909092,0.7586642391442215,6.896947628583833
EQNR,INTC,9.090909090909092,-0.7586445163881999,6.896768330801818
BP,MS,9.090909090909092,-0.7586333659491172,6.896666963173794
C,TSLA,9.090909090909092,0.7584700687188017,6.895182442898198
LLY,V,27.27272727272727,-0.2528128463697935,6.894895810085277
SLB,PYPL,9.090909090909092,0.7584068128351844,6.894607389410768
INTC,AZN,9.090909090909092,-0.7583176560938065,6.89379687358006
C,ABBV,27.27272727272727,-0.2527724067361549,6.8937929109860425
AXP,SLB,18.181818181818183,-0.37912559327249934,6.8931926049545345
GOOGL,VLO,18.181818181818183,0.37911320443334706,6.892967353333583
MS,DHR,27.27272727272727,-0.25273540693843405,6.892783825593655
AXP,MSFT,45.45454545454545,-0.15163991105268088,6.892723229667312
SLB,XOM,27.27272727272727,0.2527127005431144,6.892164560266756
V,PFE,36.36363636363637,0.1895274705941264,6.891908021604596
INTC,MA,18.181818181818183,-0.3790301274808141,6.89145686328753
GS,LLY,27.27272727272727,-0.25266484468565586,6.890859400517886
JPM,LLY,18.181818181818183,0.37899389605939426,6.890798110170805
LLY,META,18.181818181818183,-0.3789824479720537,6.89058996312825
CVX,BP,18.181818181818183,-0.3789487763166165,6.88997775121121
COP,MS,27.27272727272727,0.25262314912766176,6.889722248936229
LLY,INTC,18.181818181818183,-0.37882824323249337,6.887786240590789
TTE,SHEL,9.090909090909092,0.7576452077152218,6.887683706502017
BP,META,18.181818181818183,-0.37879540881945306,6.887189251262783
MSFT,VLO,18.181818181818183,0.3787111143931256,6.885656625329557
AMZN,AZN,18.181818181818183,0.37868413502470666,6.885166091358304
V,CVX,18.181818181818183,-0.3786654191838617,6.884825803342941
NVO,WFC,9.090909090909092,-0.7572363135479306,6.88396648679937
EQNR,GS,9.090909090909092,-0.7570002022380289,6.881820020345717
AMD,V,9.090909090909092,-0.7567023926268954,6.8791126602445045
GS,EQNR,9.090909090909092,-0.7566361757404951,6.878510688549956
AXP,EQNR,9.090909090909092,-0.7566305694067629,6.878459721879663
BP,EQNR,9.090909090909092,0.7564722298334969,6.877020271213609
ABBV,MS,18.181818181818183,-0.37811139441651853,6.874752625754883
AAPL,TMO,9.090909090909092,0.7560945476925397,6.873586797204907
AZN,LLY,18.181818181818183,0.3779091507060568,6.871075467382852
UNH,PFE,18.181818181818183,-0.3778998298032208,6.870905996422197
PBR,AMD,9.090909090909092,-0.7556903861144586,6.869912601040533
NVO,AMD,36.36363636363637,-0.18891708431733384,6.869712156993958
SLB,AMZN,9.090909090909092,0.7554737725814475,6.867943387104069
PYPL,AMZN,9.090909090909092,-0.7551540668421691,6.865036971292447
AMD,NVO,45.45454545454545,-0.15101901708706322,6.864500776684692
GS,XOM,45.45454545454545,0.15099990007026926,6.863631821375875
EQNR,V,9.090909090909092,0.7549728526056934,6.863389569142668
SLB,MS,27.27272727272727,0.25163193376937226,6.862689102801061
COP,AMZN,9.090909090909092,-0.7548839152696177,6.862581047905616
GS,COP,27.27272727272727,0.2516048260087265,6.861949800237995
AMD,PBR,18.181818181818183,-0.3773705048346705,6.861281906084919
VLO,CVX,9.090909090909092,0.7547057572970485,6.860961429973169
WFC,TMO,9.090909090909092,-0.7544575626193182,6.858705114721075
PYPL,TMO,18.181818181818183,-0.37719169027129706,6.8580307322054015
ADBE,META,9.090909090909092,0.7543732876227752,6.857938978388867
MSFT,ABBV,27.27272727272727,-0.25143835679977133,6.857409730902853
PFE,CVX,54.54545454545454,0.12571899443227766,6.857399696306054
UNH,V,18.181818181818183,0.3771568396670652,6.857397084855732
NVO,UNH,9.090909090909092,-0.7541837714906401,6.856216104460365
EQNR,WFC,36.36363636363637,-0.1885376621657915,6.855914987846964
SHEL,ADBE,18.181818181818183,-0.37705061975947873,6.855465813808705
PFE,AXP,9.090909090909092,0.7540902222402133,6.855365656729212
INTC,TMO,27.27272727272727,-0.25131985882972163,6.854177968083317
BAC,INTC,9.090909090909092,-0.7538580159127732,6.853254690116121
ADBE,UNH,18.181818181818183,-0.3769086018967329,6.85288367084969
TMO,META,9.090909090909092,0.7538171179212383,6.852882890193076
AMD,MA,27.27272727272727,0.251202197856472,6.850969032449236
C,WFC,36.36363636363637,-0.18837835541473308,6.850122015081204
ABBV,BP,27.27272727272727,0.2511636833036864,6.849918635555082
BAC,PYPL,18.181818181818183,-0.3767189849877379,6.849436090686145
EQNR,META,9.090909090909092,0.7531138686917902,6.846489715379912
TSLA,AXP,18.181818181818183,0.3765129743809146,6.845690443289357
BAC,AAPL,18.181818181818183,-0.3764533548794955,6.844606452354464
MRK,PFE,18.181818181818183,-0.3762855796811879,6.841555994203417
SLB,C,9.090909090909092,0.7525066358422369,6.840969416747608
CVX,JNJ,9.090909090909092,0.7523874457701878,6.839885870638072
C,V,9.090909090909092,-0.7522888878565287,6.838989889604807
PFE,UNH,27.27272727272727,-0.25076080443350385,6.83893103000465
INTC,EQNR,9.090909090909092,-0.7522421416619631,6.838564924199665
BP,UNH,27.27272727272727,-0.2507249537749578,6.837953284771576
MS,BAC,18.181818181818183,0.37605740917893493,6.8374074396169995
CVX,PBR,9.090909090909092,-0.7517968985015241,6.834517259104765
META,AMD,45.45454545454545,-0.15035668804458208,6.834394911117367
AZN,AMZN,27.27272727272727,-0.25058502397072585,6.834137017383432
UNH,AMD,45.45454545454545,0.15033626615485232,6.833466643402378
VLO,JPM,45.45454545454545,-0.15032644780432675,6.833020354742125
SHEL,EQNR,18.181818181818183,0.37581573253965295,6.833013318902782
XOM,CVX,27.27272727272727,0.2505304570736702,6.832648829281914
TTE,WFC,9.090909090909092,0.7515651309368375,6.832410281243978
C,AZN,9.090909090909092,-0.751560227274561,6.832365702496009
TTE,BP,9.090909090909092,0.7515580260674788,6.832345691522535
ABBV,TTE,18.181818181818183,-0.3757575449484852,6.831955362699731
MS,C,18.181818181818183,0.3757437942030226,6.831705349145866
ADBE,BP,18.181818181818183,0.37570321626244757,6.830967568408139
PBR,TMO,9.090909090909092,-0.7513233729985407,6.830212481804916
MSFT,AXP,27.27272727272727,0.2504407152116111,6.8302013239530295
CVX,JPM,9.090909090909092,0.7512868480040849,6.829880436400772
AMD,LLY,18.181818181818183,-0.3756159858708894,6.829381561288899
MA,LLY,27.27272727272727,0.25037239647054915,6.82833808556043
ADBE,WFC,18.181818181818183,0.37553708856234475,6.827947064769905
EQNR,TSLA,9.090909090909092,0.7508685862731919,6.826078057029018
DHR,TTE,18.181818181818183,-0.37543088699075333,6.826016127104607
VLO,PBR,18.181818181818183,0.3754157143373464,6.825740260679026
ADBE,AMZN,9.090909090909092,-0.7507498119420116,6.824998290381925
SLB,AXP,18.181818181818183,0.37535800335889613,6.824690970161749
AAPL,GOOGL,54.54545454545454,-0.12510697424815284,6.824016777171972
TSLA,PYPL,27.27272727272727,-0.2501361414734175,6.821894767456841
TMO,AXP,18.181818181818183,0.37517774101637225,6.8214134730249505
MRK,UNH,9.090909090909092,-0.7500912528388812,6.819011389444375
JPM,PFE,27.27272727272727,0.2500283423246851,6.81895479067323
AAPL,TTE,9.090909090909092,0.7498642279638621,6.816947526944201
LLY,JNJ,9.090909090909092,-0.7498479370559785,6.816799427781623
TMO,PYPL,36.36363636363637,-0.1874186755933065,6.815224567029327
ADBE,AXP,27.27272727272727,-0.24987514727938157,6.814776743983133
MS,JNJ,18.181818181818183,-0.37473487311976283,6.813361329450234
XOM,MSFT,9.090909090909092,0.7494483589998142,6.813166899998311
C,PFE,36.36363636363637,-0.18733848202131978,6.812308437138902
JNJ,WFC,45.45454545454545,0.14986568783965526,6.81207671998433
ABBV,TMO,18.181818181818183,0.3745440126907552,6.8098911398319135
SHEL,AXP,18.181818181818183,0.37452669276538963,6.809576232097994
LLY,VLO,36.36363636363637,0.18726132046506566,6.809502562366025
TSLA,NVO,27.27272727272727,-0.24963059968271648,6.808107264074085
WFC,MSFT,9.090909090909092,0.748704942449173,6.806408567719755
AMZN,EQNR,18.181818181818183,-0.3740727563882763,6.801322843423206
NVDA,C,36.36363636363637,-0.18696605922417261,6.798765789969914
BP,AAPL,9.090909090909092,0.7478618177573368,6.798743797793972
AAPL,TSLA,18.181818181818183,0.3739011550390745,6.798202818892264
AXP,PFE,9.090909090909092,0.747673249575,6.79702954159091
COP,XOM,45.45454545454545,0.1495304145755832,6.796837026162872
SHEL,META,27.27272727272727,-0.249214879270925,6.796769434661591
XOM,MA,27.27272727272727,0.24916396248757353,6.795380795115641
AAPL,XOM,36.36363636363637,0.18686410996214298,6.795058544077927
AAPL,LLY,36.36363636363637,0.18685094663210255,6.794579877531002
AAPL,MRK,27.27272727272727,0.24911712775555053,6.794103484242287
BAC,AXP,36.36363636363637,-0.18681468718243965,6.793261352088715
META,MA,18.181818181818183,0.37342248359123587,6.789499701658834
MRK,GS,36.36363636363637,-0.18668792966995318,6.788651987998298
BP,MSFT,45.45454545454545,0.14934368200546738,6.788349182066699
C,NVDA,36.36363636363637,0.18665178010983563,6.787337458539478
AZN,JNJ,18.181818181818183,-0.3731879656840321,6.785235739709676
TTE,TMO,27.27272727272727,0.24874618839281773,6.783986956167755
WFC,AMZN,36.36363636363637,0.18654264580564256,6.783368938387003
PYPL,BAC,27.27272727272727,-0.24868759743388666,6.782389020924181
META,CVX,9.090909090909092,-0.7459929704567941,6.781754276879948
PFE,MSFT,36.36363636363637,-0.18648714014445003,6.781350550707274
INTC,BP,27.27272727272727,-0.24863251912866738,6.780886885327291
VLO,JNJ,18.181818181818183,-0.3729133611383917,6.78024292978894
WFC,VLO,27.27272727272727,0.2485875670231444,6.779660918813029
PYPL,DHR,27.27272727272727,-0.24856574703700818,6.77906582828204
MRK,MA,18.181818181818183,0.37279280180766117,6.778050941957476
TTE,NVDA,9.090909090909092,-0.7453463958724983,6.775876326113622
AZN,V,27.27272727272727,0.24833501753894896,6.772773205607698
MRK,SLB,18.181818181818183,-0.3724351346810448,6.771547903291724
CVX,BAC,27.27272727272727,0.24823662023414483,6.7700896427494035
MA,SHEL,18.181818181818183,0.3722584467635187,6.7683353957003405
JPM,CVX,9.090909090909092,0.7443892727717698,6.7671752070160895
SHEL,CVX,9.090909090909092,0.7439269426332382,6.762972205756712
ABBV,AZN,45.45454545454545,-0.14875927291475136,6.761785132488698
PFE,LLY,27.27272727272727,0.24792409045213762,6.761566103240116
WFC,AMD,45.45454545454545,-0.14874368212723849,6.761076460329022
JPM,V,54.54545454545454,-0.12395269023432143,6.761055830962986
AAPL,EQNR,27.27272727272727,-0.2477101866180416,6.755732362310225
ABBV,JNJ,45.45454545454545,-0.1485635928142178,6.752890582464445
SHEL,AZN,9.090909090909092,0.7426097596123659,6.750997814657872
C,AMD,36.36363636363637,0.1855811324532316,6.74840481648115
V,UNH,18.181818181818183,0.3711497544885588,6.748177354337433
EQNR,COP,27.27272727272727,-0.24739493124553172,6.747134488514501
EQNR,MA,9.090909090909092,0.7420071258925396,6.745519326295815
PFE,WFC,18.181818181818183,0.3709711095010705,6.744929263655828
UNH,SLB,18.181818181818183,-0.3706947196048011,6.7399039928145665
AMD,JPM,36.36363636363637,-0.1853189571683305,6.7388711697574735
PYPL,AXP,36.36363636363637,0.18530869096219027,6.738497853170556
BP,TMO,45.45454545454545,0.14803632425062863,6.728923829574028
AXP,BP,18.181818181818183,-0.3694185633319648,6.71670115149027
JPM,C,36.36363636363637,-0.18440077199939198,6.705482618159709
PBR,DHR,18.181818181818183,0.36879134137382474,6.705297115887723
CVX,PFE,27.27272727272727,0.24571582017464963,6.701340550217717
UNH,JNJ,18.181818181818183,0.3684821541080867,6.699675529237941
PYPL,LLY,27.27272727272727,-0.24534682265081323,6.691276981385815
WFC,EQNR,18.181818181818183,-0.36788613180762714,6.688838760138676
ADBE,INTC,36.36363636363637,-0.1831407364300679,6.65966314291156
TMO,AMD,27.27272727272727,0.24297146705931424,6.626494556163115
ABBV,DHR,36.36363636363637,-0.18210163048727476,6.621877472264537
JNJ,MS,36.36363636363637,-0.18175871906857366,6.609407966129952
AXP,AAPL,50.0,0.07395893848470346,3.697946924235173
TMO,XOM,40.909090909090914,0.089977235588849,3.680886910452914
AXP,CVX,22.727272727272727,-0.1596544772102597,3.62851084568772
SHEL,JNJ,22.727272727272727,-0.15819617500201527,3.595367613682165
SLB,META,22.727272727272727,0.1576640935938452,3.583274854405573
MS,AXP,31.818181818181817,0.11243525037049965,3.5774852390613523
AMD,MS,22.727272727272727,0.15634878488843834,3.5533814747372348
XOM,WFC,40.909090909090914,-0.08685955063281459,3.553345253160597
C,AAPL,22.727272727272727,0.15616161325143885,3.5491275738963375
AAPL,PFE,13.636363636363635,0.25998999308277654,3.545318087492407
PFE,DHR,40.909090909090914,-0.08656301089902524,3.5412140822328513
NVO,V,59.09090909090909,0.05991495403377071,3.540429101995542
XOM,SHEL,22.727272727272727,0.15577614514230345,3.5403669350523512
BAC,TTE,22.727272727272727,-0.15567903298413982,3.5381598405486323
C,MA,13.636363636363635,-0.25936242866223624,3.5367603908486758
PYPL,INTC,13.636363636363635,-0.25931198012374257,3.5360724562328527
MA,PBR,22.727272727272727,0.15548315550702865,3.5337080797051965
MA,PYPL,40.909090909090914,0.08637236312082174,3.533414854942708
PBR,GOOGL,13.636363636363635,0.25866206031753397,3.5272099134209176
EQNR,CVX,13.636363636363635,0.2584206435727429,3.5239178669010394
CVX,AMD,22.727272727272727,0.15501601550345795,3.523091261442226
MSFT,BAC,31.818181818181817,0.1106421580798402,3.5204323025403697
NVO,TSLA,40.909090909090914,0.08602098642817188,3.519040353879759
JNJ,AMD,31.818181818181817,0.11054810386805825,3.517439668529126
BP,V,40.909090909090914,0.08592570666539655,3.5151425454025866
DHR,LLY,13.636363636363635,-0.25772865437032416,3.51448165050442
V,AMZN,31.818181818181817,0.11040903107490958,3.5130146251107592
AMZN,WFC,22.727272727272727,0.154569810507248,3.512950238801091
C,COP,22.727272727272727,0.15453705480783028,3.5122057910870517
AMD,META,13.636363636363635,0.2574244806924116,3.510333827623794
TTE,V,31.818181818181817,-0.11022377643594924,3.5071201593256576
AXP,V,13.636363636363635,-0.2571345250411387,3.5063798869246185
AXP,TSLA,40.909090909090914,0.08570274318765632,3.5060213122223045
XOM,MS,22.727272727272727,0.15413304729533617,3.503023802166731
ADBE,SHEL,13.636363636363635,-0.25674438304347597,3.501059768774672
AMZN,META,22.727272727272727,-0.15404046299384103,3.5009196134963867
MRK,ABBV,50.0,0.07001713847508272,3.5008569237541356
AMD,CVX,13.636363636363635,0.2566418888884668,3.4996621212063648
AMZN,MS,13.636363636363635,0.2562266448227354,3.4939997021282094
CVX,V,31.818181818181817,-0.10979145913383938,3.4933646088039803
JPM,AZN,13.636363636363635,0.25587566389655975,3.489213598589451
PFE,TMO,13.636363636363635,0.25587538393642645,3.489209780951269
ABBV,PYPL,13.636363636363635,-0.25582906442829717,3.488578151294961
ABBV,VLO,31.818181818181817,-0.10963706852110153,3.4884521802168664
GOOGL,META,22.727272727272727,-0.15344812887004564,3.487457474319219
NVO,PYPL,13.636363636363635,-0.255687731331661,3.486650881795377
TMO,GS,13.636363636363635,-0.25554449718516153,3.484697688888566
TMO,TTE,22.727272727272727,0.15326021112874555,3.483186616562399
MRK,SHEL,31.818181818181817,-0.10937733817583425,3.4801880328674533
PFE,MS,31.818181818181817,0.1093692663383289,3.479931201674101
MSFT,TSLA,40.909090909090914,0.08505924526015768,3.479696397006451
TTE,COP,22.727272727272727,-0.15302939198251447,3.4779407268753286
AMD,DHR,13.636363636363635,0.25494348388168986,3.476502052932134
META,MS,31.818181818181817,0.10925341365653955,3.476244979980804
NVO,C,59.09090909090909,-0.05881239800366848,3.4752780638531373
WFC,AZN,22.727272727272727,0.1528830093761466,3.474613849457877
NVO,MSFT,22.727272727272727,0.15283557320316482,3.4735357546173824
UNH,CVX,13.636363636363635,0.2546052065857605,3.471889180714916
ADBE,XOM,22.727272727272727,-0.15260189147554554,3.4682248062623984
AMD,C,13.636363636363635,0.25429678592756455,3.467683444466789
SHEL,AMZN,22.727272727272727,0.15257413372352777,3.4675939482619946
PFE,AAPL,59.09090909090909,-0.05864804778836728,3.4655664602217033
TMO,AAPL,13.636363636363635,0.2540003044966022,3.4636405158627572
ABBV,META,22.727272727272727,-0.15238219564519523,3.4632317192089825
VLO,MA,13.636363636363635,0.25393350426200917,3.462729603572852
JNJ,V,31.818181818181817,0.10881412030765844,3.4622674643345865
PBR,META,40.909090909090914,-0.08462630880498304,3.461985360203852
JPM,PBR,4.545454545454546,-0.7615941551794482,3.4617916144520375
SLB,MA,4.545454545454546,-0.7615941502430769,3.461791592013986
EQNR,LLY,4.545454545454546,-0.7615941471345926,3.461791577884512
EQNR,AMD,4.545454545454546,0.7615941410952692,3.461791550433042
GS,BAC,4.545454545454546,-0.7615941358391075,3.461791526541398
TMO,PBR,4.545454545454546,0.7615940955200341,3.4617913432728824
AMZN,C,4.545454545454546,0.7615939171005152,3.461790532275069
EQNR,UNH,4.545454545454546,0.7615938942459142,3.461790428390519
GOOGL,TTE,4.545454545454546,0.7615934711463779,3.461788505210809
GS,AZN,4.545454545454546,-0.7615915236209232,3.4617796528223783
GS,NVO,22.727272727272727,-0.1523182923091907,3.461779370663425
TSLA,WFC,4.545454545454546,0.7615899128862675,3.4617723313012165
AMD,EQNR,4.545454545454546,0.7615811258242658,3.4617323901102997
VLO,BAC,4.545454545454546,0.7615693286882502,3.461678766764774
META,PYPL,4.545454545454546,-0.7615689437324614,3.461677016965734
BAC,CVX,4.545454545454546,0.7615509165736432,3.461595075334742
ABBV,PBR,4.545454545454546,0.7614862567949434,3.461301167249743
EQNR,AAPL,4.545454545454546,0.7614554787053491,3.4611612668424963
NVDA,SLB,4.545454545454546,0.7612668608069163,3.460303912758711
JNJ,PBR,13.636363636363635,0.25375358156454925,3.460276112243853
AZN,SHEL,4.545454545454546,0.7612430146095774,3.460195520952625
MRK,NVO,4.545454545454546,-0.7612295324986813,3.4601342386303697
TMO,MA,13.636363636363635,-0.2537402441612587,3.460094238562618
CVX,META,4.545454545454546,0.7612188344410675,3.460085611095762
EQNR,PBR,4.545454545454546,-0.7612072346318074,3.460032884690034
JPM,NVO,4.545454545454546,0.7611958118047543,3.459980962748883
CVX,WFC,4.545454545454546,-0.7611848746070917,3.4599312482140534
META,EQNR,4.545454545454546,0.7611635386545655,3.459834266611662
TMO,GOOGL,4.545454545454546,0.7610798312452144,3.4594537783873385
PBR,SLB,4.545454545454546,0.7610487596001815,3.4593125436371888
TSLA,CVX,4.545454545454546,-0.7610368309220533,3.45925832237297
TTE,META,13.636363636363635,-0.25360843754422074,3.45829687560301
BAC,WFC,4.545454545454546,-0.7607682154568293,3.458037342985588
PBR,COP,13.636363636363635,-0.25354638454423367,3.457450698330459
EQNR,SHEL,4.545454545454546,0.7605697775828595,3.457135352649362
NVO,TMO,4.545454545454546,-0.7605519860216335,3.4570544819165163
PFE,XOM,40.909090909090914,0.08450304352117985,3.4569426895028124
TMO,TSLA,13.636363636363635,-0.25350576500950056,3.456896795584098
ADBE,NVDA,50.0,0.06910269878875601,3.4551349394378006
MA,TTE,13.636363636363635,-0.2533710428366078,3.455059675044651
AZN,WFC,4.545454545454546,-0.7600113071944172,3.454596850883715
TSLA,PBR,4.545454545454546,0.7597962269345807,3.4536192133390036
MSFT,SHEL,22.727272727272727,0.15193474788432432,3.4530624519164617
EQNR,AXP,4.545454545454546,0.7596383789070322,3.4529017223046923
MSFT,AMZN,4.545454545454546,0.759585228250679,3.4526601284121776
NVO,AMZN,22.727272727272727,-0.15191076556366398,3.452517399174181
TSLA,DHR,4.545454545454546,-0.7594452442010897,3.452023837277681
BP,PYPL,40.909090909090914,-0.0843718041273773,3.4515738052108897
MS,VLO,22.727272727272727,0.1518642291029868,3.451459752340609
PFE,META,4.545454545454546,0.7593055345355807,3.4513887933435488
TTE,ADBE,22.727272727272727,-0.15185717418737346,3.4512994133493966
INTC,LLY,4.545454545454546,-0.7588585805026197,3.449357184102817
V,PBR,4.545454545454546,-0.7588512794584316,3.4493239975383254
PBR,TSLA,4.545454545454546,-0.758726093523035,3.4487549705592504
AZN,XOM,4.545454545454546,-0.758681037241082,3.448550169277646
LLY,PBR,22.727272727272727,0.15171478170323832,3.4480632205281436
JNJ,BP,4.545454545454546,0.7585603650764585,3.448001659438448
AZN,GS,22.727272727272727,0.15171152297326249,3.4479891584832383
EQNR,XOM,22.727272727272727,-0.15166765325854917,3.446992119512481
PBR,XOM,13.636363636363635,-0.2527101034778821,3.4460468656074825
JPM,SHEL,4.545454545454546,0.758111191257918,3.4459599602632642
GOOGL,AMD,22.727272727272727,0.15160296657246808,3.4455219675560924
SHEL,GOOGL,4.545454545454546,-0.7580025569817466,3.4454661680988483
BP,GOOGL,13.636363636363635,0.2526669956077128,3.4454590310142645
META,NVDA,4.545454545454546,0.7579540258755448,3.445245572161568
DHR,INTC,13.636363636363635,0.2526375756847182,3.4450578502461564
CVX,UNH,22.727272727272727,-0.15156834762742327,3.4447351733505287
WFC,AXP,22.727272727272727,0.15155838709467934,3.4445087976063484
AMZN,BAC,22.727272727272727,0.15150216152975526,3.443230943858074
TSLA,PFE,22.727272727272727,0.1515011676509695,3.443208355703852
ABBV,AMD,31.818181818181817,0.108205438632061,3.4429003201110318
V,DHR,4.545454545454546,-0.7574269750539082,3.442849886608674
AXP,MRK,13.636363636363635,-0.2524386481840862,3.442345202510266
COP,AZN,13.636363636363635,-0.2524324050274807,3.4422600685565548
GS,CVX,4.545454545454546,-0.7572878534926701,3.4422175158757735
ADBE,TTE,13.636363636363635,-0.2523248377460903,3.4407932419921403
AXP,JNJ,13.636363636363635,-0.252309824921152,3.4405885216520726
AZN,AMD,31.818181818181817,0.1081184615706622,3.4401328681574332
NVDA,UNH,4.545454545454546,0.7567324838327705,3.439693108330775
LLY,SLB,50.0,-0.06876991905535743,3.4384959527678713
JPM,JNJ,31.818181818181817,-0.10806491991299894,3.438429269959057
ABBV,AMZN,40.909090909090914,0.08403950760521413,3.437979856576942
MA,MRK,13.636363636363635,0.252098876268667,3.437711949118186
AZN,NVDA,4.545454545454546,0.7562864221683996,3.4376655553109075
TMO,LLY,4.545454545454546,0.7562495595101767,3.437497997773531
TTE,BAC,31.818181818181817,-0.10803014613173582,3.4373228314643214
VLO,WFC,13.636363636363635,-0.2520393222432991,3.4368998487722604
ADBE,DHR,40.909090909090914,0.08401179979103575,3.4368463550878263
SHEL,V,13.636363636363635,-0.2519951677752375,3.436297742389602
XOM,AAPL,13.636363636363635,-0.25198105035035123,3.436105232050244
TSLA,TTE,13.636363636363635,0.2519715438898285,3.435975598497661
AMZN,CVX,4.545454545454546,0.7556770684433665,3.434895765651666
AMD,BP,22.727272727272727,-0.15113379977330646,3.434859085756965
BP,AZN,4.545454545454546,-0.7555315523409488,3.434234328822495
ADBE,COP,13.636363636363635,-0.2517910942763106,3.433514921949689
TSLA,AAPL,31.818181818181817,-0.10789187763503756,3.4329233792966494
BAC,NVO,13.636363636363635,0.2516696544620873,3.431858924483008
AMD,AZN,13.636363636363635,-0.25161668057375064,3.4311365532784173
MSFT,UNH,4.545454545454546,-0.7547724967315766,3.4307840760526216
LLY,ABBV,13.636363636363635,0.25140978302420874,3.4283152230573917
TTE,DHR,4.545454545454546,0.7541954501396059,3.428161136998209
EQNR,PYPL,22.727272727272727,0.15079351743115577,3.427125396162631
AZN,SLB,4.545454545454546,0.7535681040339907,3.425309563790867
MRK,CVX,22.727272727272727,0.1507108120054781,3.4252457273972294
PYPL,PFE,13.636363636363635,0.2511785889619719,3.4251625767541625
BAC,TSLA,4.545454545454546,0.7534538305492746,3.4247901388603395
SHEL,SLB,22.727272727272727,0.15067431546520374,3.424416260572812
V,AMD,13.636363636363635,-0.25111241439463833,3.4242601962905224
ABBV,NVO,13.636363636363635,0.2510779332983879,3.423789999523471
AMD,ADBE,31.818181818181817,0.10755014750022597,3.4220501477344625
PFE,BAC,13.636363636363635,0.25090188905564503,3.421389396213341
LLY,MSFT,22.727272727272727,0.15052927370438457,3.421119856917831
LLY,AZN,13.636363636363635,-0.25082250803955747,3.4203069278121467
SLB,WFC,13.636363636363635,-0.2507718152373935,3.4196156623280927
VLO,AMZN,13.636363636363635,-0.25073508868409145,3.419114845692156
UNH,MSFT,13.636363636363635,0.25071354370421306,3.418821050511996
AZN,TMO,13.636363636363635,-0.2505670821536103,3.4168238475492307
PBR,TTE,4.545454545454546,0.7511535609027956,3.4143343677399804
META,JNJ,13.636363636363635,-0.250371761470854,3.414160383693463
GOOGL,SHEL,4.545454545454546,-0.7510489922707909,3.4138590557763226
UNH,SHEL,4.545454545454546,-0.7509037504123559,3.413198865510709
BAC,PFE,13.636363636363635,0.2502548891414211,3.4125666701102872
AZN,ABBV,22.727272727272727,0.15006776797389013,3.4106310903156847
BP,TSLA,13.636363636363635,-0.2501002499671651,3.410457954097706
ABBV,NVDA,22.727272727272727,0.1500311458295137,3.409798768852584
UNH,META,13.636363636363635,-0.24997657292900607,3.4087714490319008
ADBE,MRK,13.636363636363635,-0.24995189049427483,3.4084348703764746
JPM,AXP,4.545454545454546,-0.749635079497201,3.4074321795327323
GOOGL,MSFT,40.909090909090914,-0.08328950185306291,3.407297803079847
GS,SHEL,13.636363636363635,-0.24982610854651557,3.4067196619979394
EQNR,AMZN,13.636363636363635,-0.24980799656828434,3.4064726804766043
PYPL,CVX,13.636363636363635,0.24980794360031086,3.406471958186057
MSFT,EQNR,31.818181818181817,0.10705547861582054,3.4063106832306533
MRK,TTE,13.636363636363635,-0.249786416337614,3.406178404603827
C,PYPL,22.727272727272727,-0.14986409752726976,3.406002216528858
LLY,AMD,40.909090909090914,-0.0832564831783221,3.405947039113177
UNH,AZN,13.636363636363635,-0.2497316960516045,3.4054322188855157
EQNR,MRK,22.727272727272727,-0.14980590387864384,3.4046796336055416
INTC,PBR,13.636363636363635,0.24964908054905713,3.404305643850779
WFC,SHEL,22.727272727272727,0.1497523544375109,3.4034626008525204
BAC,NVDA,13.636363636363635,0.2495304314898187,3.4026877021338913
PBR,MS,22.727272727272727,-0.14971237689031455,3.4025540202344216
INTC,NVDA,40.909090909090914,0.08313575359886421,3.401008101771718
V,VLO,31.818181818181817,-0.10687111990929332,3.4004447243866056
C,LLY,31.818181818181817,0.10685398797833498,3.3998996174924763
SHEL,TSLA,13.636363636363635,-0.24927982968542137,3.3992704048012
EQNR,MSFT,13.636363636363635,0.24926671562430136,3.3990915766950183
ABBV,LLY,13.636363636363635,-0.24919702611309116,3.3981412651785154
ADBE,CVX,4.545454545454546,0.74734494975243,3.397022498874682
INTC,NVO,13.636363636363635,-0.24908126024987734,3.396562639771054
BAC,EQNR,22.727272727272727,0.14940659832220438,3.3956045073228265
BAC,META,4.545454545454546,-0.7468181075070935,3.39462776139588
TTE,NVO,13.636363636363635,0.24889236596078115,3.3939868085561065
PYPL,ABBV,13.636363636363635,0.24885534734165346,3.393482009204365
VLO,V,22.727272727272727,-0.1493102836162066,3.3934155367319683
MS,PBR,4.545454545454546,-0.7463311354470619,3.3924142520320997
TSLA,JPM,13.636363636363635,0.24867785673485557,3.39106168274803
GS,INTC,31.818181818181817,-0.10653874821953813,3.3898692615307584
AMZN,PBR,22.727272727272727,-0.149111658597632,3.3889013317643637
TTE,MRK,4.545454545454546,0.7454820900148671,3.3885549546130327
PBR,MRK,4.545454545454546,-0.7454247542237753,3.388294337380797
BP,AMZN,22.727272727272727,-0.1490369923699826,3.3872043720450593
META,VLO,13.636363636363635,-0.24834001734761976,3.386454782012996
UNH,ABBV,13.636363636363635,-0.24824188959167415,3.3851166762501017
EQNR,TTE,13.636363636363635,-0.24819113640351806,3.3844245873207006
SHEL,C,22.727272727272727,0.1488906433055948,3.383878256945336
BP,SHEL,4.545454545454546,-0.7444513814896022,3.3838699158618284
V,ABBV,40.909090909090914,-0.08271650875210762,3.383857176222585
PBR,WFC,4.545454545454546,0.7443688505748844,3.383494775340384
ADBE,BAC,22.727272727272727,0.14882910300150337,3.382479613670531
NVO,JPM,13.636363636363635,-0.24799737335532543,3.3817823639362556
AMD,AMZN,13.636363636363635,-0.24795578364551463,3.3812152315297443
XOM,EQNR,13.636363636363635,0.24793275904906012,3.38090125975991
SHEL,WFC,22.727272727272727,-0.14874659471292526,3.3806044252937557
MRK,JPM,50.0,-0.06760664528258514,3.3803322641292572
CVX,COP,13.636363636363635,0.24781980202444284,3.3793609366969477
JPM,DHR,22.727272727272727,-0.14865741358878032,3.378577581563189
GOOGL,MS,13.636363636363635,0.24776159001582557,3.378567136579439
MRK,AZN,13.636363636363635,0.24770051136376858,3.377734245869571
TTE,AAPL,4.545454545454546,0.7425628961087993,3.3752858914036334
TMO,DHR,31.818181818181817,0.10607963714492992,3.3752611818841336
EQNR,BP,4.545454545454546,0.7425122892950535,3.3750558604320617
JNJ,NVO,22.727272727272727,-0.14845488133452683,3.373974575784701
PYPL,GOOGL,13.636363636363635,0.24739012522888862,3.3735017076666627
CVX,AMZN,13.636363636363635,0.2473745180716531,3.373288882795269
V,LLY,40.909090909090914,-0.08243883691724721,3.372497873887386
TTE,VLO,4.545454545454546,0.7419219671875517,3.372372578125235
PYPL,C,31.818181818181817,-0.1059884952862683,3.372361213653991
MRK,TSLA,31.818181818181817,-0.10595623496484737,3.371334748881507
NVO,COP,31.818181818181817,-0.10582978782445866,3.36731143077823
CVX,SLB,22.727272727272727,-0.14816132480169963,3.3673028364022644
AMZN,BP,40.909090909090914,-0.08228798862322217,3.366326807313635
TSLA,C,13.636363636363635,-0.24685207836180245,3.3661647049336696
LLY,EQNR,13.636363636363635,-0.24680867126255138,3.365572789943882
INTC,JPM,31.818181818181817,0.10577116925144738,3.3654462943642347
BP,WFC,13.636363636363635,0.24679575160258005,3.365396612762455
GS,MRK,13.636363636363635,-0.24676839860480568,3.365023617338259
V,NVDA,50.0,0.06729885645861909,3.3649428229309546
PYPL,AAPL,22.727272727272727,-0.1480558023902975,3.3649045997794884
AMZN,INTC,22.727272727272727,0.14799797381349838,3.363590313943145
AAPL,NVO,4.545454545454546,-0.7399059091759161,3.3632086780723465
MSFT,TMO,13.636363636363635,-0.24637331609187588,3.3596361285255796
V,TTE,22.727272727272727,-0.14778661526150522,3.3587867104887548
C,BAC,13.636363636363635,0.24625718843067146,3.358052569509156
ADBE,AMD,31.818181818181817,-0.10547463476171577,3.3560111060545927
GOOGL,MRK,13.636363636363635,0.24562479797490877,3.34942906329421
AMZN,LLY,22.727272727272727,0.1473648735598906,3.349201671815696
PBR,BAC,13.636363636363635,-0.24560405585417844,3.349146216193342
VLO,ABBV,22.727272727272727,0.14729532313572508,3.347620980357388
AZN,INTC,31.818181818181817,-0.10520726393807202,3.3475038525750187
NVDA,NVO,22.727272727272727,0.14708651692555036,3.342875384671599
V,ADBE,22.727272727272727,0.14704733506579484,3.3419848878589735
INTC,V,31.818181818181817,0.10497824719419901,3.3402169561790593
SLB,TMO,40.909090909090914,-0.08163945153020383,3.3397957444174295
EQNR,MS,13.636363636363635,-0.24482343266002415,3.3385013544548743
META,INTC,22.727272727272727,-0.14684994739794782,3.337498804498814
SHEL,JPM,13.636363636363635,0.24446542455591525,3.33361942576248
NVO,EQNR,13.636363636363635,-0.24429852111105088,3.331343469696148
META,TTE,13.636363636363635,-0.24417702927405507,3.3296867628280236
JPM,SLB,50.0,0.06659343763370071,3.3296718816850355
ADBE,ABBV,22.727272727272727,-0.14622014509106124,3.3231851157059373
NVDA,GS,31.818181818181817,-0.10439383920379178,3.321622156484284
AMZN,AXP,13.636363636363635,-0.2435752886021962,3.321481208211766
UNH,AMZN,13.636363636363635,-0.24342142405933112,3.319383055354515
NVO,CVX,22.727272727272727,-0.14601737082027025,3.3185766095515965
NVDA,JNJ,31.818181818181817,-0.10420045232268367,3.3154689375399347
AXP,UNH,59.09090909090909,-0.056091416477660756,3.314492791861772
UNH,MRK,22.727272727272727,0.1456539540314073,3.3103171370774382
AMD,GOOGL,40.909090909090914,0.08082413456649579,3.3064418686293733
TTE,PBR,22.727272727272727,-0.14542550914097568,3.3051252077494473
COP,MSFT,31.818181818181817,-0.10372992199892613,3.3004975181476492
AMD,TSLA,22.727272727272727,-0.14519114830888294,3.299798825201885
VLO,LLY,50.0,-0.06599092057836019,3.299546028918009
PYPL,AMD,31.818181818181817,0.10361000779175565,3.296682066101316
JPM,AMD,31.818181818181817,-0.10351845145419901,3.293768909906332
ADBE,JNJ,22.727272727272727,-0.1448311871312391,3.2916178893463433
MS,COP,22.727272727272727,-0.14423144483608732,3.277987382638348
TMO,SHEL,31.818181818181817,-0.10278535993180757,3.2704432705575135
SLB,COP,22.727272727272727,-0.14304544797973762,3.2510329086304
ABBV,INTC,59.09090909090909,0.05489534996805935,3.2438161344762344
COP,VLO,31.818181818181817,-0.1016962615772455,3.2357901410941747
SLB,V,40.909090909090914,-0.07909354048669749,3.2356448380921705
BAC,V,40.909090909090914,-0.07811648406494658,3.195674348111451
UNH,NVDA,36.36363636363637,0.007048420317376514,0.25630619335914595
META,ABBV,36.36363636363637,0.005566125673158423,0.20240456993303357
AXP,VLO,45.45454545454545,-0.004203386386468155,0.19106301756673433
TMO,UNH,45.45454545454545,0.003930967905245042,0.17868035932932008
TSLA,AMD,27.27272727272727,0.0063262663634028144,0.17253453718371312
CVX,AZN,45.45454545454545,0.0036940064561445498,0.1679093843702068
NVDA,AMZN,27.27272727272727,0.006008400778262739,0.16386547577080193
ABBV,GOOGL,27.27272727272727,-0.005918172841361739,0.16140471385532015
COP,AAPL,36.36363636363637,0.004060681121504345,0.1476611316910671
XOM,AMZN,36.36363636363637,-0.003919284212547169,0.14251942591080619
JPM,TMO,27.27272727272727,-0.005156535503519318,0.14063278645961774
GOOGL,NVO,27.27272727272727,-0.0050759366859507256,0.13843463688956523
GOOGL,ADBE,45.45454545454545,-0.002951744000236134,0.13417018182891519
PFE,COP,18.181818181818183,-0.007126483783532006,0.12957243242785466
JNJ,PYPL,36.36363636363637,0.003560885161739691,0.12948673315417059
TSLA,MSFT,27.27272727272727,-0.004591698066456836,0.1252281290851864
ABBV,V,27.27272727272727,0.00458601563966345,0.1250731538090032
AAPL,MS,27.27272727272727,-0.004573020436281494,0.12471873917131346
ABBV,SHEL,36.36363636363637,-0.003347766698388488,0.12173697085049048
TSLA,ADBE,54.54545454545454,-0.002195234039216093,0.11974003850269596
GOOGL,AZN,18.181818181818183,-0.006554206628558268,0.11916739324651397
SLB,CVX,27.27272727272727,-0.0041555678746526175,0.11333366930870774
GS,META,36.36363636363637,0.0028240382431548305,0.10269229975108475
V,MSFT,45.45454545454545,-0.0022284186547324447,0.10129175703329293
MS,UNH,36.36363636363637,-0.0027702389628064816,0.10073596228387206
AXP,NVO,18.181818181818183,0.005397007542344151,0.09812740986080276
GS,BP,45.45454545454545,-0.002150684561811522,0.097758389173251
C,AXP,36.36363636363637,-0.002642085198161337,0.09607582538768498
SHEL,COP,9.090909090909092,0.010505489567994297,0.09550445061812998
MS,AZN,18.181818181818183,-0.00519244816525416,0.09440814845916655
AZN,META,9.090909090909092,-0.01037518184110936,0.094319834919176
WFC,XOM,9.090909090909092,-0.009850160117781392,0.08954691016164903
ABBV,AAPL,36.36363636363637,-0.0023917588221524233,0.08697304807826994
VLO,AMD,45.45454545454545,-0.0019079129816629737,0.08672331734831698
LLY,MRK,54.54545454545454,0.001537098775069301,0.08384175136741641
WFC,LLY,9.090909090909092,0.00919836283815012,0.08362148034681928
XOM,MRK,18.181818181818183,-0.004591973783056563,0.08349043241921025
ADBE,NVO,9.090909090909092,0.009161648611868467,0.0832877146533497
SHEL,TMO,45.45454545454545,-0.001818191782203249,0.08264508100923859
UNH,COP,9.090909090909092,0.008892843668711348,0.08084403335192135
ADBE,AAPL,54.54545454545454,-0.0014652407664930884,0.07992222362689573
LLY,XOM,36.36363636363637,-0.0021512221742733817,0.07822626088266843
NVO,LLY,18.181818181818183,-0.004295166002661499,0.07809392732111817
BAC,SLB,18.181818181818183,0.004285611334143902,0.07792020607534367
GS,AMZN,36.36363636363637,0.0021401833648634627,0.07782484963139866
COP,EQNR,9.090909090909092,0.008238847149560302,0.07489861045054821
INTC,COP,9.090909090909092,0.008153199214901985,0.07411999286274533
ABBV,EQNR,18.181818181818183,-0.004045671359315023,0.07355766107845496
PFE,PYPL,18.181818181818183,0.004024104020379948,0.07316552764327179
PBR,VLO,18.181818181818183,-0.003981352807491845,0.0723882328634881
LLY,SHEL,9.090909090909092,-0.007961964113995357,0.07238149194541234
ADBE,PFE,9.090909090909092,0.007806368184457235,0.07096698349506578
VLO,NVO,18.181818181818183,0.0037955143243103284,0.06900935135109688
PBR,JNJ,18.181818181818183,-0.0036762217887346127,0.06684039615881114
AAPL,JNJ,9.090909090909092,0.007209002760886929,0.06553638873533572
AMZN,V,18.181818181818183,-0.0035941998604209213,0.06534908837128948
PBR,ABBV,9.090909090909092,0.0071782394946686146,0.0652567226788056
DHR,ADBE,18.181818181818183,0.0035735807891838223,0.0649741961669786
NVDA,TTE,36.36363636363637,0.001781950156567555,0.06479818751154746
MS,SLB,36.36363636363637,0.0017495546571121845,0.06362016934953399
AZN,GOOGL,9.090909090909092,0.006996074819017983,0.06360068017289076
SLB,AAPL,9.090909090909092,-0.006888675147570855,0.06262431952337141
PYPL,NVO,18.181818181818183,-0.0034369312120080264,0.06248965840014594
WFC,MRK,27.27272727272727,0.0021442139351064426,0.05847856186653934
SLB,NVDA,27.27272727272727,-0.002125917574594701,0.05797957021621911
C,EQNR,9.090909090909092,-0.0063719346906940255,0.05792667900630933
DHR,AZN,9.090909090909092,0.006356316393558936,0.05778469448689943
V,NVO,9.090909090909092,-0.006326154675528328,0.057510497050257535
V,AAPL,27.27272727272727,0.002043332616402993,0.055727253174627074
PYPL,TTE,9.090909090909092,0.006076812068039228,0.055243746073083896
TSLA,SHEL,9.090909090909092,0.0059791101985475215,0.05435554725952293
COP,SLB,18.181818181818183,0.002827968990510188,0.05141761800927615
JPM,TTE,18.181818181818183,-0.0028231270280195953,0.051329582327629006
JNJ,EQNR,18.181818181818183,0.0028146859966925175,0.05117610903077305
LLY,TMO,36.36363636363637,-0.0013726743178248402,0.0499154297390851
AZN,JPM,27.27272727272727,0.0018243371795969947,0.049754650352645306
MSFT,NVO,27.27272727272727,0.0017842603969595767,0.04866164718980663
PYPL,ADBE,18.181818181818183,0.002644343328430665,0.04807896960783028
MRK,BAC,18.181818181818183,0.002522655960950748,0.04586647201728634
TSLA,META,9.090909090909092,0.0050183869713048,0.045621699739134554
ABBV,TSLA,63.63636363636363,-0.0007147844673216339,0.04548628428410397
JNJ,TSLA,27.27272727272727,0.001640339675764102,0.04473653661174823
CVX,SHEL,9.090909090909092,-0.004892415887124857,0.04447650806477143
XOM,COP,27.27272727272727,-0.0016082671731198854,0.04386183199417869
AZN,MRK,18.181818181818183,-0.002373030644515106,0.04314601171845648
TSLA,AZN,18.181818181818183,-0.0023627438015522972,0.04295897821004177
MRK,PBR,9.090909090909092,-0.004246882206005054,0.0386080200545914
V,COP,18.181818181818183,-0.002117210285155602,0.03849473245737458
MSFT,PYPL,27.27272727272727,-0.0013665377765429605,0.03726921208753528
AMD,TMO,9.090909090909092,-0.004091921957371403,0.03719929052155821
C,AMZN,36.36363636363637,0.001020603994564273,0.03711287252960993
TSLA,V,18.181818181818183,0.0020304123979705824,0.036916589054010594
MS,TMO,27.27272727272727,-0.0013390007405739701,0.03651820201565373
SHEL,GS,18.181818181818183,-0.001999968668216806,0.03636306669485102
AZN,NVO,18.181818181818183,-0.001987735290598369,0.03614064164724308
NVDA,EQNR,18.181818181818183,0.0019226226622379716,0.03495677567705403
EQNR,SLB,9.090909090909092,-0.003816896295508687,0.03469905723189716
META,V,27.27272727272727,-0.001271347220124175,0.034673106003386585
TMO,MSFT,27.27272727272727,0.0012069212496345072,0.032916034080941105
NVO,DHR,9.090909090909092,0.0035942596953821293,0.03267508813983754
EQNR,PFE,9.090909090909092,-0.0035456589890301426,0.03223326353663766
PYPL,VLO,9.090909090909092,-0.0035185633626084734,0.031986939660077034
BP,NVDA,18.181818181818183,0.001737330925476649,0.03158783500866635
COP,JPM,36.36363636363637,-0.0008383783776678144,0.0304864864606478
GOOGL,WFC,9.090909090909092,-0.003338529352190034,0.03035026683809122
UNH,PBR,9.090909090909092,0.00330758863326136,0.030068987575103276
CVX,AXP,27.27272727272727,-0.001099564098780037,0.029988111784910097
UNH,C,36.36363636363637,-0.0008110745159681104,0.029493618762476744
MS,EQNR,18.181818181818183,0.001589083717171036,0.028892431221291565
TMO,COP,36.36363636363637,-0.000775671548679413,0.02820623813379684
MRK,INTC,27.27272727272727,0.0009766302257422736,0.026635369792971098
TMO,NVDA,27.27272727272727,0.0009429567593314628,0.02571700252722171
AMD,JNJ,9.090909090909092,0.0027882810806996727,0.02534800982454248
PFE,SHEL,9.090909090909092,-0.0027781070696584753,0.025255518815077052
VLO,META,9.090909090909092,-0.002689434095046961,0.024449400864063282
VLO,TTE,27.27272727272727,-0.0008694137812849112,0.02371128494413394
MRK,MS,36.36363636363637,0.0006500642735627338,0.023638700856826685
ABBV,AXP,36.36363636363637,0.0006354560274806631,0.02310749190838775
NVO,MRK,27.27272727272727,0.0008412801831021444,0.022944004993694842
MA,BAC,9.090909090909092,0.002487775967448369,0.02261614515862154
ABBV,COP,27.27272727272727,-0.000814569793180453,0.02221553981401235
BAC,SHEL,9.090909090909092,-0.0024109212342185993,0.02191746576562363
XOM,SLB,18.181818181818183,-0.0011822942238538803,0.021496258615525097
JNJ,AZN,9.090909090909092,-0.0023408650355106198,0.02128059123191473
VLO,MS,9.090909090909092,-0.0023126105587928936,0.02102373235266267
META,SHEL,9.090909090909092,0.00222368641289028,0.020215331026275273
JPM,MRK,9.090909090909092,0.0020400560519604483,0.01854596410873135
ADBE,VLO,45.45454545454545,0.00039490600684496393,0.01795027303840745
AXP,GS,27.27272727272727,-0.0006205532800468058,0.01692418036491288
COP,TTE,18.181818181818183,-0.000913649701487107,0.016611812754311037
PBR,NVDA,18.181818181818183,-0.0008134339295449988,0.014789707809909071
GOOGL,INTC,45.45454545454545,-0.00030876105280448486,0.014034593309294767
VLO,C,9.090909090909092,-0.0015225281284831915,0.013841164804392651
INTC,CVX,9.090909090909092,0.0015092377100870413,0.013720342818973105
META,AZN,9.090909090909092,0.0014756482016350936,0.013414983651228125
XOM,TSLA,18.181818181818183,0.0007354853815034479,0.013372461481880872
UNH,INTC,9.090909090909092,0.0014464648275879233,0.013149680250799304
BAC,GOOGL,9.090909090909092,-0.0014377474139660174,0.013070431036054705
LLY,GS,27.27272727272727,-0.0004543412223484607,0.012391124245867108
MA,EQNR,9.090909090909092,-0.0012641867644027638,0.011492606949116035
COP,LLY,18.181818181818183,-0.0006024971744759688,0.010954494081381253
COP,AXP,27.27272727272727,0.0003673506063093431,0.010018652899345719
CVX,MA,9.090909090909092,-0.0010477863607739057,0.009525330552490052
AXP,AZN,9.090909090909092,-0.0010055817469576955,0.009141652245069961
NVDA,SHEL,27.27272727272727,0.0003086887245908332,0.008418783397931813
TTE,AXP,18.181818181818183,-0.00042936047348279827,0.007806554063323605
NVO,JNJ,27.27272727272727,0.0002551855894039612,0.006959606983744395
AMZN,NVO,27.27272727272727,-0.00024518626381107395,0.00668689810393838
GOOGL,TMO,9.090909090909092,-0.0007085779528376301,0.006441617753069366
SLB,JNJ,18.181818181818183,0.0003025487144699135,0.0055008857176347915
JPM,MS,9.090909090909092,0.0004734618551912595,0.004304198683556905
MA,BP,27.27272727272727,0.000155525337439714,0.004241600111992199
AMD,SHEL,9.090909090909092,0.0004339318108316781,0.0039448346439243465
SLB,INTC,18.181818181818183,-0.00018799454353671252,0.00341808260975841
C,SHEL,18.181818181818183,0.00018576143433260417,0.003377480624229167
TTE,AMZN,9.090909090909092,0.00032505536834298576,0.0029550488031180526
AMZN,GS,9.090909090909092,0.00030952400157102655,0.0028138545597366053
LLY,C,45.45454545454545,-6.0576732418737846e-05,0.0027534878372153567
PBR,EQNR,18.181818181818183,-0.0001459880505098321,0.0026543281910878565
AXP,XOM,27.27272727272727,6.525688150462357e-05,0.001779733131944279
UNH,BP,18.181818181818183,7.854387735234392e-05,0.001428070497315344
BAC,ABBV,9.090909090909092,0.0001336449012137031,0.0012149536473973009
COP,AMD,18.181818181818183,-5.5247300789151854e-05,0.0010044963779845793
INTC,VLO,18.181818181818183,-4.071805650163185e-05,0.0007403283000296701
MA,UNH,9.090909090909092,-8.028223950790059e-05,0.0007298385409809145
