Price,Close,Close,Close,Close,Close,Close,Close,Close,Close,Close,Close,Close,Close,Close,Close,Close,Close,Close,Close,Close,Close,Close,Close,Close,Close,Close,Close,Close,Close,Close,Close,Close,Close,Close,Close,Close,Close,Close,Close,Close,Volume,Volume,Volume,Volume,Volume,Volume,Volume,Volume,Volume,Volume,Volume,Volume,Volume,Volume,Volume,Volume,Volume,Volume,Volume,Volume,Volume,Volume,Volume,Volume,Volume,Volume,Volume,Volume,Volume,Volume,Volume,Volume,Volume,Volume,Volume,Volume,Volume,Volume,Volume,Volume
Ticker,AAPL,ABBV,ADBE,AMD,AMZN,AXP,AZN,BAC,BP,C,COP,CVX,DHR,EQNR,GOOGL,GS,INTC,JNJ,JPM,LLY,MA,META,MRK,MS,MSFT,NVDA,NVO,PBR,PFE,PYPL,SHEL,SLB,TMO,TSLA,TTE,UNH,V,VLO,WFC,XOM,AAPL,ABBV,ADBE,AMD,AMZN,AXP,AZN,BAC,BP,C,COP,CVX,DHR,EQNR,GOOGL,GS,INTC,JNJ,JPM,LLY,MA,META,MRK,MS,MSFT,NVDA,NVO,PBR,PFE,PYPL,SHEL,SLB,TMO,TSLA,TTE,UNH,V,VLO,WFC,XOM
Datetime,,,,,,,,,,,,,,,,,,,,,,,,,,,,,,,,,,,,,,,,,,,,,,,,,,,,,,,,,,,,,,,,,,,,,,,,,,,,,,,,
2026-04-02 13:30:00+00:00,252.125,211.14999389648438,240.56500244140625,209.10499572753906,208.94000244140625,297.30999755859375,201.55999755859375,48.70500183105469,46.97999954223633,113.62999725341797,130.91000366210938,200.9600067138672,190.4550018310547,41.970001220703125,294.07110595703125,850.7944946289062,49.279998779296875,246.47999572753906,291.3699951171875,944.8099975585938,495.4200134277344,569.1500244140625,120.79499816894531,164.08999633789062,366.7049865722656,174.0449981689453,36.099998474121094,20.639999389648438,28.545000076293945,44.470001220703125,93.48999786376953,49.61000061035156,497.07501220703125,366.1199951171875,91.7300033569336,275.0400085449219,299.3299865722656,244.60000610351562,79.58999633789062,161.83999633789062,6325362,875045,951158,9494843,8284908,349328,479550,4717883,17293172,1528790,1971020,3857088,341650,2089628,5560263,376640,47282370,977157,1183439,677026,539083,4173599,710688,882020,5143490,45441550,3022312,7762578,5703511,2786782,2980809,3291797,262252,20650883,631398,792112,898376,820991,1744954,7512984
2026-04-02 14:30:00+00:00,255.1199951171875,210.74000549316406,241.60499572753906,214.47000122070312,210.42999267578125,299.55499267578125,202.36000061035156,49.20000076293945,47.025001525878906,114.55000305175781,130.13499450683594,199.93499755859375,191.80499267578125,41.53499984741211,295.9599914550781,861.2575073242188,49.665000915527344,245.41000366210938,293.92999267578125,938.8699951171875,494.69000244140625,572.4199829101562,119.88999938964844,165.55999755859375,370.80999755859375,176.67999267578125,36.435001373291016,20.69029998779297,28.559999465942383,45.095001220703125,93.72000122070312,49.650001525878906,500.9949951171875,366.0199890136719,91.93000030517578,277.06500244140625,300.4987487792969,243.15040588378906,80.31999969482422,160.67999267578125,3633781,520916,412988,7956892,4895813,290164,351983,3642998,4444802,1068878,946373,1981512,264006,1402188,3045205,326540,18234724,447623,792927,310587,458631,2442553,475714,722325,3020771,24382227,1986610,5461703,3332379,3645874,1869217,2136118,490900,11620662,520098,736781,519213,375923,1293212,3592891
2026-04-02 15:30:00+00:00,254.11000061035156,209.39999389648438,241.00999450683594,212.86000061035156,209.27000427246094,299.572998046875,201.75,49.07500076293945,47.05500030517578,114.0199966430664,129.72999572753906,199.17999267578125,190.21499633789062,41.505001068115234,295.1300048828125,858.219970703125,49.525001525878906,244.1999969482422,293.29998779296875,932.239990234375,494.1300964355469,570.3900146484375,119.5999984741211,164.74000549316406,369.7471008300781,176.125,36.3849983215332,20.4950008392334,28.375,44.970001220703125,93.7300033569336,48.935001373291016,496.18499755859375,364.385009765625,91.7249984741211,276.8500061035156,300.69500732421875,241.64999389648438,80.125,160.47999572753906,1582954,400664,352088,3925764,3352493,232107,175025,1514509,1782172,759533,535090,950499,227418,943607,1557462,139288,9289506,764757,517837,254179,286463,1234161,586133,414317,1777081,14120301,1109849,3966831,2960008,947106,821054,1755447,282080,6810873,313749,974715,416244,274907,713911,2084828
2026-04-02 16:30:00+00:00,255.3350067138672,207.91000366210938,242.10499572753906,215.17999267578125,209.61000061035156,300.79998779296875,202.30999755859375,49.46500015258789,46.939998626708984,114.72000122070312,129.80999755859375,198.86000061035156,190.84500122070312,41.57500076293945,296.04998779296875,862.3900146484375,49.70989990234375,243.6300048828125,294.864990234375,933.5700073242188,494.70001220703125,572.385009765625,119.33499908447266,165.71499633789062,371.5799865722656,176.77499389648438,36.439998626708984,20.545000076293945,28.315000534057617,45.1150016784668,93.58000183105469,48.900001525878906,494.114990234375,365.010009765625,91.86000061035156,276.7799987792969,301.7099914550781,242.82000732421875,80.66999816894531,160.38999938964844,1421651,526191,317722,2888785,2558120,218657,288476,2424433,772401,626808,389520,705101,186390,876695,2235120,101588,7915088,498132,472732,205571,228783,910163,534415,313802,1804536,9243660,1048602,2183590,1813899,716155,650831,1390705,473264,6694316,153424,1269660,433445,181626,587822,1530031
2026-04-02 17:30:00+00:00,255.14500427246094,209.1649932861328,241.4600067138672,215.29010009765625,209.02000427246094,299.32379150390625,202.5850067138672,49.39500045776367,46.970001220703125,114.73999786376953,130.33999633789062,198.6300048828125,190.5800018310547,41.779998779296875,295.0199890136719,860.5800170898438,49.79209899902344,243.3800048828125,294.260009765625,935.7000122070312,493.6199951171875,572.4421997070312,119.8550033569336,165.30999755859375,371.0494079589844,176.5399932861328,36.595001220703125,20.540000915527344,28.38279914855957,45.084999084472656,93.47000122070312,49.064998626708984,492.7300109863281,359.4493103027344,91.91000366210938,276.05499267578125,301.32501220703125,243.22000122070312,80.44000244140625,160.63999938964844,1758702,485704,331162,3076723,2050570,195212,169382,4230964,1129923,548692,624918,707899,242782,494683,1190618,108134,7383753,551383,537354,211785,279571,988467,573737,358315,1477475,9736315,1472853,2309423,1988703,858031,597587,1278038,226564,12067539,230386,363356,443348,134164,866800,1235168
2026-04-02 18:30:00+00:00,255.1199951171875,208.30999755859375,242.13499450683594,217.0399932861328,209.11000061035156,300.0899963378906,202.8000030517578,49.27000045776367,46.96500015258789,114.9000015258789,130.17999267578125,198.61000061035156,190.80999755859375,41.650001525878906,294.93499755859375,863.2650146484375,50.14500045776367,242.77000427246094,294.239990234375,934.6199951171875,493.06500244140625,573.8900146484375,120.16999816894531,165.5800018310547,372.57989501953125,176.90499877929688,36.81990051269531,20.545000076293945,28.325000762939453,45.29999923706055,93.29000091552734,49.334999084472656,492.875,359.5600891113281,91.9800033569336,275.7699890136719,300.8450012207031,243.22000122070312,80.51000213623047,160.85499572753906,3309762,559346,306452,4328910,2729574,230540,166004,2947996,1052557,791150,573938,931921,324952,428314,1724510,124661,7176048,577838,582281,241052,287168,1001883,596682,391977,2784197,12773281,2733172,3574249,1993255,1035162,758129,1268262,344352,8141050,420098,495533,360881,190335,804071,2491232
2026-04-02 19:30:00+00:00,255.88999938964844,208.82000732421875,242.9199981689453,217.55999755859375,209.77000427246094,300.1400146484375,203.47000122070312,49.3650016784668,47.1349983215332,115.23999786376953,130.4949951171875,198.9199981689453,191.0800018310547,41.744998931884766,295.7900085449219,863.3900146484375,50.36000061035156,243.0,294.7300109863281,935.5800170898438,493.4200134277344,574.5499877929688,121.00499725341797,165.8000030517578,373.5,177.39999389648438,36.970001220703125,20.559999465942383,28.334999084472656,45.349998474121094,93.11000061035156,49.43000030517578,491.239990234375,360.54998779296875,92.30000305175781,277.25,300.8699951171875,244.02999877929688,80.61000061035156,160.6699981689453,3297591,805984,323045,3828674,3338918,276589,289818,3171397,2693180,952667,1046397,1128948,642283,765518,2026686,196093,11706876,1482296,778096,291484,396741,1076161,1218669,841413,2887706,10781288,2371138,4098221,3620834,1398322,1212888,1989024,419964,6607449,384805,645159,518299,367094,1216193,3323647
2026-04-06 13:30:00+00:00,261.760009765625,208.1300048828125,246.14999389648438,220.38999938964844,212.30999755859375,303.510009765625,203.9550018310547,49.994998931884766,46.94499969482422,116.91999816894531,129.61399841308594,196.58009338378906,191.8300018310547,41.71500015258789,298.3800048828125,870.5399780273438,50.76499938964844,243.0399932861328,296.42999267578125,931.9949951171875,500.2099914550781,577.2698974609375,121.04000091552734,167.2100067138672,372.6499938964844,176.77999877929688,37.06999969482422,20.604999542236328,28.19499969482422,46.28499984741211,92.44999694824219,49.44499969482422,488.4150085449219,358.989990234375,90.88500213623047,282.82598876953125,303.57000732421875,241.1999969482422,81.66999816894531,160.4949951171875,6693044,444902,755147,12642991,5281769,274199,138149,5353655,1701020,1437553,725748,1681381,379023,831473,3314248,220984,31888548,511857,1077247,321078,337320,1771883,727257,503026,4021452,31902106,2077333,3458465,4252980,2293204,1049122,1650392,301223,16467610,157983,1010928,518333,270162,1332898,3198980
2026-04-06 14:30:00+00:00,259.25,206.97999572753906,243.63999938964844,220.21499633789062,212.3800048828125,302.9849853515625,203.75999450683594,49.845001220703125,46.974998474121094,116.52999877929688,130.35000610351562,197.41000366210938,191.35000610351562,41.6150016784668,297.4849853515625,864.760009765625,50.384498596191406,242.11500549316406,295.7200012207031,925.7000122070312,499.79998779296875,576.8300170898438,120.5199966430664,166.47500610351562,371.3699951171875,176.48609924316406,36.834999084472656,20.594999313354492,28.099300384521484,45.915000915527344,92.51000213623047,49.51499938964844,485.95001220703125,353.3800048828125,90.92500305175781,281.75,303.2749938964844,242.1699981689453,81.31999969482422,161.0500030517578,3953211,440554,356062,4215185,3066384,202872,147921,2898219,1059993,730843,553847,888360,284510,494747,1826863,141791,10935014,302143,680722,280692,376423,1245016,686240,327570,1908170,14423208,1230757,2272958,2605175,941390,524952,921019,177338,11100953,191184,574147,451799,144562,934345,1577195
2026-04-06 15:30:00+00:00,259.0400085449219,206.6199951171875,243.85499572753906,220.47000122070312,212.77000427246094,303.92498779296875,203.39999389648438,49.904998779296875,47.190101623535156,116.72000122070312,130.60000610351562,197.8699951171875,191.48500061035156,41.73500061035156,298.8349914550781,865.5100708007812,50.250099182128906,242.07000732421875,296.3900146484375,926.35498046875,500.57000732421875,579.1199951171875,120.69000244140625,166.8551025390625,372.0050048828125,177.15499877929688,36.845001220703125,20.704999923706055,28.15839958190918,45.850101470947266,92.94000244140625,49.625,484.9150085449219,352.0802917480469,91.40499877929688,281.75,304.1499938964844,243.5500030517578,81.61499786376953,161.94000244140625,2022687,389114,199078,2188934,1962693,153568,157830,1968664,774639,420792,362326,636271,315848,336703,1191471,103580,7429291,423760,482336,139051,294256,675882,555818,181206,1648559,10776969,1190444,1467319,2337638,836060,297661,643330,126453,9814881,124901,412780,284672,122328,620651,1379204
2026-04-06 16:30:00+00:00,258.7799987792969,206.4051971435547,244.27999877929688,219.74000549316406,211.89999389648438,303.6499938964844,203.4600067138672,49.875,47.36000061035156,116.55999755859375,131.47000122070312,198.66200256347656,192.02000427246094,41.88999938964844,299.2900085449219,862.385009765625,50.599998474121094,241.02000427246094,295.7200012207031,924.3300170898438,500.1650085449219,577.0,120.31999969482422,166.5050048828125,372.2650146484375,176.93499755859375,36.720001220703125,20.80500030517578,28.024999618530273,45.69499969482422,93.16999816894531,49.679901123046875,486.260009765625,348.875,91.72000122070312,282.4700012207031,303.3100891113281,244.20010375976562,81.54010009765625,162.30999755859375,2006161,346378,243053,3082150,2933587,178464,100061,1847284,717259,630251,493488,617356,274339,280207,1634630,124008,7078958,253481,697635,143296,190403,835624,381856,214057,1615858,10043504,821079,1422016,2354879,684153,334487,620700,80543,11693970,108117,433743,410314,124261,600438,1437701
2026-04-06 17:30:00+00:00,259.2799987792969,205.47999572753906,244.61500549316406,220.0800018310547,212.02499389648438,304.32501220703125,203.49000549316406,50.05500030517578,47.3849983215332,116.875,131.52499389648438,198.74000549316406,192.0399932861328,41.92499923706055,300.3399963378906,865.260009765625,50.53519821166992,240.89500427246094,296.5339050292969,921.25,501.5199890136719,578.0700073242188,120.625,166.8800048828125,372.92999267578125,176.98500061035156,36.65999984741211,20.864999771118164,27.885000228881836,45.775001525878906,93.13999938964844,49.665000915527344,485.67999267578125,348.3399963378906,91.97000122070312,281.5400085449219,304.25,244.66000366210938,81.83100128173828,162.47999572753906,2071173,445467,226155,2023479,2284147,172300,167120,1814125,603226,402527,296761,526034,246312,279601,1614556,142765,5531604,325156,561847,142056,174018,639016,443550,281914,1588204,10372408,1021190,1670131,3092247,642720,474767,631662,120423,8145446,124413,324117,363304,119927,444498,1138202
2026-04-06 18:30:00+00:00,258.2499084472656,206.32000732421875,244.5800018310547,220.3699951171875,212.22000122070312,304.45989990234375,203.41000366210938,49.96500015258789,47.404998779296875,116.66999816894531,131.35000610351562,198.67999267578125,191.89999389648438,41.80500030517578,300.1000061035156,864.885009765625,50.75,240.7449951171875,295.439697265625,925.0900268554688,500.3500061035156,576.8300170898438,120.66999816894531,166.1199951171875,372.4100036621094,177.2200927734375,36.564998626708984,20.799299240112305,27.875,45.779998779296875,93.23999786376953,49.625,485.2300109863281,351.70001220703125,91.87000274658203,281.0899963378906,303.2250061035156,244.49000549316406,81.58000183105469,162.5050048828125,2221241,601988,230580,1687310,1966790,200156,261060,2526646,697746,699516,368562,742004,236128,257292,1154149,112050,4613178,393736,462029,192742,260416,537339,518916,422828,1235761,8384391,1882595,1052789,2575972,789701,484553,792054,133580,9158480,118179,423767,580999,132182,544841,1500541
2026-04-06 19:30:00+00:00,258.8869934082031,206.69000244140625,244.3300018310547,220.19000244140625,212.7899932861328,305.75,202.83999633789062,50.064998626708984,47.5,117.3499984741211,131.6300048828125,198.92999267578125,192.1199951171875,41.95000076293945,300.02899169921875,866.25,50.76499938964844,240.8800048828125,295.6000061035156,926.8099975585938,501.4800109863281,573.02001953125,120.8949966430664,166.52000427246094,372.8609924316406,177.63999938964844,36.65999984741211,20.860000610351562,27.84000015258789,45.47999954223633,93.62999725341797,49.779998779296875,487.5899963378906,352.7900085449219,92.25,281.4200134277344,303.4800109863281,245.5399932861328,81.84500122070312,163.36000061035156,2757592,868297,320560,1991751,2947191,386833,310428,3509751,1187563,1268329,687750,1033693,409792,434702,1971318,227218,6704792,732988,983109,248297,265881,1677283,738969,668373,1451220,8330957,2465470,2562452,4127412,2408841,723851,1032886,249215,6708572,168548,789206,956659,273884,976235,2622923
2026-04-07 13:30:00+00:00,247.6699981689453,201.85000610351562,240.85499572753906,218.33999633789062,210.59010314941406,305.50750732421875,198.0800018310547,50.1349983215332,47.65999984741211,116.8550033569336,133.07000732421875,203.3800048828125,190.44000244140625,42.58000183105469,300.3500061035156,860.3599853515625,51.880001068115234,238.6999969482422,295.8900146484375,909.8400268554688,499.2550048828125,569.9349975585938,118.08000183105469,167.72999572753906,369.7349853515625,175.0800018310547,36.331199645996094,20.9950008392334,27.024999618530273,45.025001525878906,94.4000015258789,50.029998779296875,481.82501220703125,341.8599853515625,92.38500213623047,304.2300109863281,303.69000244140625,252.9199981689453,81.5,164.8350067138672,13859963,1220350,514043,7531772,6277121,439570,590473,4952817,3340728,1236455,1099485,2471262,329070,1516602,5078862,307228,42427709,1163323,852924,455672,368276,2136398,1654833,994898,3888459,31133504,3035230,4184032,10709580,1996703,2013333,1580886,254282,20066619,255172,7949306,717077,784267,1145851,5696496
2026-04-07 14:30:00+00:00,247.82000732421875,202.18499755859375,240.2899932861328,218.0399932861328,210.16000366210938,304.17999267578125,197.42999267578125,50.04499816894531,47.665000915527344,116.33999633789062,132.86000061035156,203.11000061035156,188.92999267578125,42.369998931884766,300.57000732421875,859.719970703125,52.25600051879883,237.75999450683594,295.5,919.3300170898438,497.45001220703125,566.6799926757812,117.44000244140625,167.35000610351562,368.114990234375,175.01010131835938,36.47999954223633,20.940000534057617,26.885000228881836,45.01499938964844,94.2300033569336,49.810001373291016,481.1700134277344,339.0299987792969,91.9749984741211,305.94000244140625,302.25,252.9949951171875,81.32499694824219,164.36000061035156,8526234,939086,403669,3237189,2850372,162330,380271,3288878,1935894,806461,725569,1354837,267243,794677,2197297,154384,15226423,619684,660356,469100,417334,1027713,818566,740271,2226986,18582815,2325730,2338067,6145811,989395,1053951,774207,540168,12619351,308952,2939132,400379,366233,667711,1890645
2026-04-07 15:30:00+00:00,250.1699981689453,204.22999572753906,240.52000427246094,219.02999877929688,211.69000244140625,305.6499938964844,199.86000061035156,50.01499938964844,47.26499938964844,116.52999877929688,131.90499877929688,201.60000610351562,189.9499969482422,41.88999938964844,302.8399963378906,859.385009765625,52.45989990234375,238.13999938964844,295.9599914550781,930.4000244140625,499.1449890136719,569.0050048828125,117.12000274658203,167.64999389648438,370.7099914550781,175.41000366210938,36.92499923706055,20.7450008392334,26.860000610351562,45.224998474121094,93.75499725341797,49.6150016784668,484.19000244140625,341.7550048828125,91.23500061035156,310.260009765625,302.875,252.14999389648438,81.33999633789062,163.36000061035156,6863002,493403,307013,2599854,2371937,171518,249128,2159624,1539421,653628,614424,1176734,324049,558256,2302411,98183,15047149,382910,478403,445259,340589,808164,825394,392238,3191856,13773231,2145299,1917335,5527575,914341,942919,602411,393422,8000293,242729,2622377,316909,388679,565620,1601748
2026-04-07 16:30:00+00:00,251.5850067138672,204.58999633789062,240.16000366210938,218.38999938964844,212.02000427246094,305.2300109863281,200.27499389648438,49.994998931884766,47.43000030517578,116.69000244140625,131.8699951171875,201.4499969482422,190.41990661621094,41.91999816894531,302.7300109863281,860.8300170898438,52.56999969482422,237.67999267578125,295.95989990234375,926.5599975585938,497.590087890625,568.2999877929688,118.33999633789062,167.89999389648438,370.3172912597656,175.38999938964844,36.845001220703125,20.674999237060547,27.114999771118164,45.11000061035156,93.90499877929688,50.01499938964844,485.9750061035156,341.8595886230469,91.23999786376953,309.875,302.1600036621094,252.00999450683594,81.55500030517578,163.0850067138672,8239350,360666,316789,1896204,1932658,152552,173425,1826836,703555,511491,464997,1242824,216700,409024,1117011,75190,12931635,352975,328562,177929,213594,731881,1071025,359199,1487260,9482355,1311101,1029274,3766007,796863,474880,702900,144670,5659839,206619,1807565,267606,257631,612737,1616986
2026-04-07 17:30:00+00:00,251.32000732421875,205.24000549316406,239.66000366210938,218.5198974609375,212.41000366210938,305.4649963378906,201.27000427246094,50.154998779296875,47.26314926147461,117.06500244140625,131.47999572753906,200.57000732421875,190.47999572753906,42.005001068115234,302.93499755859375,862.52001953125,52.23500061035156,239.61000061035156,296.6600036621094,930.135009765625,496.30999755859375,568.7899780273438,118.45999908447266,168.07000732421875,370.24951171875,175.69960021972656,36.814998626708984,20.65999984741211,27.31999969482422,44.94499969482422,93.69999694824219,50.06999969482422,487.1199951171875,342.510009765625,91.16000366210938,311.12811279296875,301.9200134277344,250.66000366210938,81.62999725341797,162.3000030517578,3425924,485812,323865,1940105,2170226,139288,223325,2792704,894966,617099,471549,886645,364534,294182,1590285,75072,8047909,666497,341000,171213,185114,722998,1210110,425307,1249095,10391810,1237317,1038262,4363076,967775,510950,741460,180714,6086120,211237,1615748,327258,283546,536901,1608408
2026-04-07 18:30:00+00:00,251.9550018310547,205.17010498046875,240.36000061035156,218.74009704589844,212.5800018310547,305.7850036621094,201.34500122070312,50.27000045776367,47.3650016784668,117.15499877929688,131.6999969482422,201.27000427246094,190.875,42.084999084472656,302.9599914550781,863.27001953125,52.2504997253418,238.6699981689453,297.1300048828125,926.4749755859375,497.8599853515625,569.27001953125,118.70999908447266,168.0198974609375,370.8500061035156,176.2899932861328,36.81999969482422,20.709999084472656,27.19499969482422,44.970001220703125,94.0199966430664,50.29999923706055,488.57000732421875,342.2829895019531,91.16500091552734,308.4150085449219,302.20001220703125,251.4600067138672,81.7699966430664,163.02999877929688,4257297,859631,431123,3170696,3219591,313415,362927,2490035,1035564,1234791,914704,1048894,262677,555255,1957982,123279,9138627,598910,809892,234274,374850,917678,1366063,581557,2168085,13809826,1405175,1128662,4700891,1088193,545495,970190,221548,7507041,313461,1943329,453899,291671,889785,2407356
2026-04-07 19:30:00+00:00,253.49000549316406,206.3800048828125,240.1300048828125,221.42999267578125,213.77999877929688,307.1000061035156,200.82000732421875,50.29999923706055,47.22999954223633,117.12999725341797,131.77000427246094,201.50999450683594,191.05999755859375,42.06999969482422,305.45001220703125,864.47998046875,52.93000030517578,238.44000244140625,297.4200134277344,930.9099731445312,498.2799987792969,574.9099731445312,119.3499984741211,168.41000366210938,372.2699890136719,178.09500122070312,36.91999816894531,20.704999923706055,27.114999771118164,44.869998931884766,94.1500015258789,50.375,489.32000732421875,346.55999755859375,91.3499984741211,307.7200012207031,302.5400085449219,251.47999572753906,81.75,163.8300018310547,5898745,858633,409570,2867833,3603589,333345,382718,4442510,1741595,1750105,1235916,1650189,595839,1189451,3352179,184462,11008012,959216,848855,383033,440756,1261986,2009064,881966,2165317,15240344,1649423,2312900,5338064,1774404,1011740,1847678,184707,5737502,379966,1608447,542866,511694,1428332,4808465
2026-04-08 13:30:00+00:00,258.1300048828125,208.6300048828125,244.00999450683594,229.8291015625,221.2899932861328,319.4049987792969,205.5800018310547,51.654998779296875,44.900001525878906,123.16999816894531,123.66790008544922,190.07000732421875,195.9149932861328,38.18000030517578,316.9700012207031,903.4500122070312,57.2599983215332,236.64999389648438,307.4800109863281,947.739990234375,508.0899963378906,596.47998046875,120.13999938964844,176.47999572753906,378.69500732421875,181.8000030517578,37.77000045776367,19.204999923706055,27.079999923706055,46.060001373291016,90.86000061035156,51.814998626708984,502.9100036621094,347.860107421875,88.63999938964844,306.4949951171875,309.3500061035156,238.02499389648438,84.83000183105469,153.9600067138672,10222566,735457,1047397,9736500,14195117,1016685,622015,10242506,7239806,4772641,3889895,5221683,577083,5040477,10291130,888550,53691508,1741651,2653092,516400,607680,5404751,1665629,2500423,8249328,51602936,4644830,23587023,7813559,3334400,3107722,5835746,283129,23940544,582847,2254381,1299990,1793579,3136102,9019382
2026-04-08 14:30:00+00:00,257.510009765625,210.38499450683594,242.86500549316406,231.09500122070312,220.88999938964844,315.6549987792969,204.9199981689453,51.41999816894531,45.20000076293945,122.02999877929688,123.56999969482422,189.72999572753906,195.80999755859375,38.935001373291016,316.7099914550781,895.27001953125,57.2400016784668,238.47999572753906,305.5249938964844,954.0,508.2300109863281,593.1799926757812,121.66500091552734,174.5225067138672,377.42999267578125,181.3000030517578,37.64500045776367,19.559999465942383,26.989999771118164,46.06769943237305,91.0,51.709999084472656,501.010009765625,345.8900146484375,89.41000366210938,305.614990234375,309.29998779296875,238.7899932861328,84.37999725341797,154.19000244140625,4460093,511042,420824,5595067,4747964,341929,247170,3915841,2710124,1570651,1577086,2225591,268134,1429336,3719393,235989,24299193,1571687,1129593,371612,446763,1917507,1076095,835607,3391502,20915113,1742546,6299952,4228455,1554661,1430188,2489644,136630,11407735,575342,978265,502602,741043,1486390,3799575
2026-04-08 15:30:00+00:00,257.4280090332031,210.9550018310547,243.42999267578125,231.35000610351562,221.9250030517578,315.2799987792969,204.6300048828125,51.79499816894531,45.435001373291016,123.0,124.16999816894531,190.36000061035156,196.44000244140625,38.78499984741211,318.6300048828125,900.7999877929688,58.09000015258789,239.32000732421875,307.090087890625,957.7449951171875,510.260009765625,621.3400268554688,122.2699966430664,175.60000610351562,378.0299987792969,181.4499969482422,37.7495002746582,19.6200008392334,27.125,46.130001068115234,91.2750015258789,51.7599983215332,501.739990234375,346.9400939941406,89.5199966430664,307.2799987792969,309.0249938964844,236.98500061035156,84.6802978515625,153.7100067138672,3452386,305171,338225,3927109,4157301,267932,139593,2981540,2265495,908921,1191297,1428303,236122,574381,3013682,166973,17447226,650926,614672,273832,566622,7138083,863003,646958,2943097,11893338,1260630,3557672,2994336,1227565,2690519,1812992,125976,8758327,465844,1045485,544994,352330,1074422,2609416
2026-04-08 16:30:00+00:00,257.510009765625,210.9499969482422,242.0449981689453,232.12989807128906,221.8000030517578,315.66009521484375,204.875,51.69940185546875,45.625,123.0250015258789,124.4000015258789,190.35000610351562,196.4250030517578,38.86000061035156,318.0950012207031,898.7490844726562,58.57500076293945,239.72999572753906,306.7200012207031,956.7949829101562,511.239990234375,622.4099731445312,123.04499816894531,175.25999450683594,376.760009765625,181.44500732421875,37.69499969482422,19.725000381469727,27.21500015258789,46.119998931884766,91.37999725341797,51.869998931884766,501.6300048828125,347.4649963378906,89.52999877929688,307.010009765625,309.6199951171875,237.42999267578125,84.56999969482422,154.35000610351562,2664363,252995,270022,2878007,4147277,238224,87327,2292442,884885,1027066,1156696,1174369,156723,689657,2160174,125945,17908738,476893,537881,169160,284538,6869441,850134,444323,2179770,9159925,882987,2529872,2449893,627461,397443,1422330,90564,6394424,149973,1463879,290756,416253,927800,2090229
2026-04-08 17:30:00+00:00,257.239990234375,210.75,240.64999389648438,232.36000061035156,221.76559448242188,316.1600036621094,204.60000610351562,51.810001373291016,45.5099983215332,123.4000015258789,124.2699966430664,190.47000122070312,196.8240966796875,38.744998931884766,318.260009765625,901.0,58.6150016784668,239.85000610351562,307.2099914550781,957.010009765625,510.19000244140625,616.6140747070312,123.04830169677734,176.11500549316406,374.3999938964844,181.70030212402344,37.61000061035156,19.799999237060547,27.259899139404297,45.880001068115234,91.33000183105469,51.685001373291016,503.5899963378906,343.614990234375,89.00499725341797,306.1700134277344,309.29998779296875,238.0800018310547,84.7699966430664,153.77999877929688,2940397,350008,333319,2967813,3685286,229565,109237,2883172,1359496,1612020,843487,1563955,205819,726055,2182566,167744,17358498,475847,685474,171062,206533,2940093,762557,446120,3034189,10518995,943165,3556848,2823755,933180,550185,1355724,83558,7542597,502206,654626,372776,384882,1267105,2443538
2026-04-08 18:30:00+00:00,257.20001220703125,211.0,238.5449981689453,230.66000366210938,220.34080505371094,315.2799987792969,203.82000732421875,51.790000915527344,45.8650016784668,122.87000274658203,125.7699966430664,192.91000366210938,195.88999938964844,39.345001220703125,317.0400085449219,898.8399047851562,58.43299865722656,240.5500030517578,306.9549865722656,948.9000244140625,508.69000244140625,610.1900024414062,123.22000122070312,175.69000244140625,371.4700012207031,181.7050018310547,37.39500045776367,19.96500015258789,27.3700008392334,45.69900131225586,91.9000015258789,52.11000061035156,501.92498779296875,341.5480041503906,89.33000183105469,305.70001220703125,308.4750061035156,241.0,84.48999786376953,155.8800048828125,3088380,313313,447947,3704302,4686765,260045,145313,2318572,1322041,1399132,1070932,1703169,239990,1069660,2496959,139763,20977439,499085,566385,222317,209673,2484570,795086,670141,3571178,11151138,1396594,5439452,2692999,1594998,903875,1709720,133673,10089891,628547,721308,391307,359117,1248650,2934790
2026-04-08 19:30:00+00:00,258.92999267578125,211.6699981689453,239.30999755859375,231.87899780273438,221.25,316.489990234375,204.27999877929688,51.89500045776367,45.8849983215332,123.51000213623047,125.2300033569336,192.88999938964844,196.24000549316406,39.32500076293945,317.25,905.52001953125,58.970001220703125,241.27999877929688,308.010009765625,953.3099975585938,507.20001220703125,612.6900024414062,123.22000122070312,176.05999755859375,374.29998779296875,182.10000610351562,37.625,19.985000610351562,27.475000381469727,45.849998474121094,92.01000213623047,51.88999938964844,503.5199890136719,343.239990234375,89.45999908447266,305.8900146484375,308.94000244140625,239.6199951171875,84.66999816894531,156.22999572753906,3893271,771991,593205,2728989,4615578,435253,345594,4847081,2106987,1868399,1459851,1629868,460433,1626188,3733666,354094,16882195,1253003,1109298,302110,710956,2570894,1331023,895002,3697429,11293205,2024942,3667634,4551268,1567925,872522,3081555,300228,6007518,460322,839851,787509,696739,2096417,4587748
2026-04-09 13:30:00+00:00,257.8399963378906,210.6699981689453,231.17999267578125,232.3800048828125,224.5800018310547,313.010009765625,203.33999633789062,52.060001373291016,46.915000915527344,123.01000213623047,127.12999725341797,195.8000030517578,192.0800018310547,39.8849983215332,311.7200012207031,898.4349975585938,60.61000061035156,243.21499633789062,308.2300109863281,947.9349975585938,501.6094970703125,625.4949951171875,122.52999877929688,175.4250030517578,367.55999755859375,181.625,36.90999984741211,20.815000534057617,27.385000228881836,45.369998931884766,92.7300033569336,52.20000076293945,497.70001220703125,339.8399963378906,92.07019805908203,306.8999938964844,305.1300048828125,243.77000427246094,84.88999938964844,158.5399932861328,5914405,467750,1642978,7436599,12487533,280923,252980,4507734,4684032,1215885,1192722,2475886,497560,1170131,6357404,248814,55141148,847530,1048759,316318,563591,6118745,1321552,675219,7338560,26761935,2796230,6449141,3470360,1966521,2407721,2521346,141936,17145405,683001,1284572,746243,469928,1558566,6362644
2026-04-09 14:30:00+00:00,257.54998779296875,211.3800048828125,228.91000366210938,234.385498046875,229.36000061035156,313.79998779296875,203.77999877929688,52.15999984741211,46.775001525878906,123.61499786376953,126.6050033569336,194.13999938964844,192.1999969482422,39.83000183105469,315.2650146484375,899.2650146484375,60.429901123046875,242.35499572753906,308.6400146484375,954.3099975585938,500.510009765625,629.5999755859375,122.20999908447266,176.11880493164062,368.8699951171875,182.8350067138672,37.154998779296875,20.8700008392334,27.315000534057617,45.30500030517578,92.53500366210938,52.665000915527344,496.3800048828125,340.2300109863281,91.7699966430664,306.07501220703125,304.8299865722656,243.9499969482422,85.25,157.8800048828125,2479856,339746,788049,4116953,9049994,230821,136549,3798302,1593909,669846,673545,1075930,296625,690910,2921755,161242,21882840,480593,591080,179832,319826,2649520,1145947,558232,3678552,18257065,1299053,5156114,3279776,2944171,663147,1599275,93807,9937122,483845,634511,438421,330217,970492,2305690
2026-04-09 15:30:00+00:00,259.1199951171875,212.39999389648438,229.49000549316406,235.32989501953125,231.77000427246094,316.5556945800781,205.91000366210938,52.65999984741211,46.01499938964844,124.44000244140625,124.24490356445312,190.95509338378906,194.38499450683594,38.619998931884766,318.739990234375,905.1699829101562,60.474998474121094,242.9499969482422,310.6600036621094,957.4600219726562,504.4800109863281,634.9949951171875,122.8499984741211,178.07009887695312,371.30999755859375,183.53500366210938,37.39500045776367,20.450000762939453,27.450000762939453,45.7400016784668,91.5199966430664,52.39500045776367,502.75,347.9585876464844,90.98999786376953,306.82000732421875,308.80499267578125,236.08999633789062,85.94000244140625,154.67999267578125,2615049,280058,620659,3953720,11722065,218712,181971,3565610,2379814,933935,1074165,1471451,253460,1298391,2717586,163279,14263084,368853,646945,170929,642244,2400835,507322,757249,3017557,13985168,1668614,6453956,3173877,1689311,865628,1788631,110659,9951860,488178,631702,622237,554417,1376532,2334430
2026-04-09 16:30:00+00:00,260.05499267578125,213.08999633789062,228.8800048828125,234.19000244140625,231.4250030517578,317.19000244140625,206.08999633789062,52.73500061035156,45.77000045776367,124.6449966430664,123.86000061035156,189.7899932861328,194.3800048828125,38.599998474121094,319.0199890136719,907.3400268554688,60.58000183105469,243.55499267578125,310.3500061035156,962.2100219726562,505.1200866699219,631.0999755859375,123.11000061035156,178.21890258789062,371.875,183.4600067138672,37.474998474121094,20.559999465942383,27.415000915527344,45.83000183105469,91.20500183105469,52.29499816894531,503.9750061035156,347.7300109863281,90.72000122070312,306.1600036621094,309.18499755859375,234.28500366210938,85.94999694824219,154.6999969482422,2292578,191187,821868,1878211,6161329,129137,89144,1818977,859912,785970,1396152,1300791,374411,624646,1581147,121176,11763890,315245,405149,138099,157222,1561970,767077,350962,2680678,9528547,781002,2797150,1747896,621404,516730,1178857,131403,5723281,126613,324534,398855,393836,713450,1650318
2026-04-09 17:30:00+00:00,259.625,212.75999450683594,227.82000732421875,235.1685028076172,231.64999389648438,317.2300109863281,205.8800048828125,52.755001068115234,45.685001373291016,124.66999816894531,124.2699966430664,190.9600067138672,194.1699981689453,38.53499984741211,318.1000061035156,907.10498046875,60.46500015258789,243.0500030517578,310.5350036621094,957.989990234375,504.07000732421875,628.1300048828125,123.05999755859375,178.10000610351562,369.57000732421875,183.10000610351562,37.334999084472656,20.545000076293945,27.375,45.849998474121094,91.20500183105469,52.505001068115234,501.4200134277344,345.69500732421875,90.30940246582031,306.7749938964844,308.19000244140625,236.48500061035156,85.91999816894531,155.24000549316406,1852839,326948,833541,2616910,4754618,182168,128344,2114135,787673,859832,866030,1027036,188439,741258,1458232,202874,9136032,446626,422637,155153,195687,1289784,1084362,372082,3187174,9518565,1073560,2289772,2144468,640631,430080,1402983,133092,6008316,191030,445885,343961,272164,816506,1503256
2026-04-09 18:30:00+00:00,260.05999755859375,212.7550048828125,229.4300994873047,236.58999633789062,232.35000610351562,317.5450134277344,205.2100067138672,52.68000030517578,45.880001068115234,125.0199966430664,124.16000366210938,191.41000366210938,193.8300018310547,38.60499954223633,318.4599914550781,907.9299926757812,61.43000030517578,241.42999267578125,310.6199951171875,956.5999755859375,504.6098937988281,629.0999755859375,122.5999984741211,178.6300048828125,372.2699890136719,183.64500427246094,37.415000915527344,20.735000610351562,27.21500015258789,45.94499969482422,91.44000244140625,52.744998931884766,503.82281494140625,345.6000061035156,90.41500091552734,306.5299987792969,308.3999938964844,237.46499633789062,85.94499969482422,155.9949951171875,2088354,266493,707364,2218336,4919762,145016,195728,2131412,1008752,1103472,785800,929647,307180,554963,1254069,169076,12725760,608017,507497,127940,194503,1245976,603550,775720,2453984,9176370,1098402,2856814,2681779,802209,478848,2248223,207684,5991248,220076,739317,386150,236272,1078956,1539785
2026-04-09 19:30:00+00:00,260.3900146484375,212.4199981689453,229.94000244140625,236.63999938964844,233.64999389648438,317.760009765625,204.83999633789062,52.70000076293945,45.900001525878906,124.93000030517578,123.45999908447266,190.38999938964844,192.89500427246094,38.54499816894531,318.45001220703125,903.739990234375,61.68000030517578,241.27999877929688,310.3299865722656,955.1799926757812,503.6400146484375,628.25,122.66000366210938,178.16000366210938,373.010009765625,183.85000610351562,37.45000076293945,20.670000076293945,27.204999923706055,45.970001220703125,91.08999633789062,52.540000915527344,500.5299987792969,345.5899963378906,89.94000244140625,307.04998779296875,308.2099914550781,235.0,86.01000213623047,155.02000427246094,2894901,555691,862725,2205505,9022132,239010,192595,2885417,1927484,1785555,1388380,1443086,557485,1266815,1739321,266436,16672592,1254529,735186,200749,376027,1664630,983290,925619,2919902,10974717,1418961,3186984,4230292,1402631,659102,2366516,316036,3934539,201426,670851,815602,869107,1693140,3151947
2026-04-10 13:30:00+00:00,261.56500244140625,211.32000732421875,226.24000549316406,246.16000366210938,239.03379821777344,315.5899963378906,205.97999572753906,52.64500045776367,46.099998474121094,124.8499984741211,122.06500244140625,187.17999267578125,192.35000610351562,38.70000076293945,319.42999267578125,904.2550048828125,62.76499938964844,239.19500732421875,309.42498779296875,943.625,501.4800109863281,635.2899780273438,121.72000122070312,176.80499267578125,372.95001220703125,187.8249969482422,37.85499954223633,21.045000076293945,27.135000228881836,45.76499938964844,91.87989807128906,52.750301361083984,501.8699951171875,346.55010986328125,91.23999786376953,308.8699951171875,306.4200134277344,232.47999572753906,85.68000030517578,152.6999969482422,5479310,444809,1362875,13720159,18102384,329347,350760,4249069,3134029,1173837,1211112,1737345,441599,1548805,4233593,291805,34432288,887673,1092838,390383,453804,3516801,1540550,737776,6648639,41841686,3414268,3859761,4439308,1932327,1053298,2985629,175934,13754020,354760,989534,768247,559094,1234045,2895100
2026-04-10 14:30:00+00:00,261.2900085449219,210.0500030517578,225.50999450683594,248.4600067138672,239.30999755859375,314.3800048828125,205.3000030517578,52.55500030517578,46.255001068115234,124.94999694824219,122.03500366210938,187.2449951171875,191.05999755859375,38.959999084472656,318.4277038574219,903.3161010742188,62.96500015258789,239.72000122070312,309.2099914550781,938.9949951171875,497.4599914550781,630.3800048828125,121.72000122070312,176.72500610351562,372.17999267578125,189.47999572753906,37.55009841918945,21.09000015258789,26.9950008392334,45.30500030517578,91.86000061035156,52.53499984741211,499.7799987792969,345.55999755859375,91.56999969482422,309.0299987792969,305.32000732421875,234.4199981689453,85.4749984741211,152.94000244140625,3021703,530869,994108,5050960,8710338,131810,274861,2361960,861938,707187,849764,1385483,338379,926628,2215204,185521,13389616,765459,537110,283668,381224,1675227,1037609,353551,3319349,32319743,2059817,2309150,3230920,1501107,1026894,1225004,110388,6986501,250864,574166,657062,364435,885217,2867843
2026-04-10 15:30:00+00:00,260.53509521484375,210.17999267578125,226.1999969482422,244.60000610351562,237.9250030517578,313.67498779296875,204.38499450683594,52.52000045776367,46.404998779296875,124.4749984741211,122.44000244140625,187.3699951171875,190.35000610351562,39.07500076293945,317.3399963378906,901.0449829101562,62.43000030517578,239.36000061035156,308.885009765625,940.5,497.31500244140625,627.9400024414062,121.72000122070312,176.44000244140625,372.19000244140625,188.45469665527344,37.564998626708984,21.145000457763672,26.993600845336914,45.10499954223633,92.05999755859375,51.900001525878906,499.30499267578125,344.0199890136719,92.4000015258789,308.0899963378906,304.25,235.75999450683594,85.4800033569336,152.94000244140625,2476645,334031,476929,4026967,5750390,77792,151887,2114601,1071078,647492,719793,1043429,227994,502715,2247839,206594,10721149,548720,413946,159381,246447,1604174,1103221,304884,3153405,17852756,1249021,2516737,2302530,1063343,487475,2159471,91474,6843223,466500,471837,410481,171274,605973,1473484
2026-04-10 16:30:00+00:00,259.239990234375,208.8647003173828,225.0850067138672,245.45750427246094,238.63999938964844,314.260009765625,204.24000549316406,52.55500030517578,46.17499923706055,124.66500091552734,121.94000244140625,187.75999450683594,189.7899932861328,39.0099983215332,316.69500732421875,900.9199829101562,62.46989822387695,239.0,308.8900146484375,939.5900268554688,496.6600036621094,627.010009765625,121.6500015258789,176.9499969482422,370.92010498046875,188.1470947265625,37.529998779296875,21.096799850463867,26.899999618530273,45.154998779296875,91.87999725341797,51.939998626708984,498.67999267578125,343.989990234375,91.87000274658203,306.239990234375,304.2650146484375,236.30499267578125,85.375,152.5,2249096,324526,453107,3446607,3827898,121777,91229,1470447,536690,391949,1046529,765075,261476,303824,1349767,113799,8575970,600751,341269,107802,189299,1006951,372562,344764,1786315,12587920,761172,1616104,2339348,813607,246483,692799,100426,4746637,252510,377100,330284,183408,432229,1135693
2026-04-10 17:30:00+00:00,260.1199951171875,209.1699981689453,224.67999267578125,245.93499755859375,237.8800048828125,314.5805969238281,204.3800048828125,52.7599983215332,46.15999984741211,125.30000305175781,121.91999816894531,187.50999450683594,189.625,38.939998626708984,316.8699951171875,907.6849975585938,62.8849983215332,238.35000610351562,310.07000732421875,938.52001953125,496.3900146484375,625.135009765625,121.29000091552734,178.10000610351562,370.3599853515625,188.5850067138672,37.51499938964844,21.174999237060547,26.899999618530273,45.119998931884766,91.74500274658203,51.755001068115234,497.8450012207031,346.9100036621094,92.0875015258789,305.54998779296875,304.1400146484375,236.98500061035156,85.74500274658203,152.47999572753906,1925290,265567,636424,2252430,3365576,119582,131156,1625547,425366,711968,972491,818699,298267,377918,1783512,160612,7123517,493693,327126,122060,258805,857826,585103,383646,2937458,10697184,913815,1664115,2136844,2054800,316494,799003,99188,5496139,660452,493379,397223,234176,673630,1639201
2026-04-10 18:30:00+00:00,259.7200012207031,208.0749969482422,225.14999389648438,245.8101043701172,238.33999633789062,314.1449890136719,204.3249969482422,52.69029998779297,46.30500030517578,124.97750091552734,122.16999816894531,188.30999755859375,190.1699981689453,38.89500045776367,317.3999938964844,906.7650146484375,63.08000183105469,238.22999572753906,310.1099853515625,937.0,497.2850036621094,627.6400146484375,121.18000030517578,178.03500366210938,371.4800109863281,189.38999938964844,37.505001068115234,21.360000610351562,26.815000534057617,45.314998626708984,91.92500305175781,52.1349983215332,496.7349853515625,346.0679931640625,92.45500183105469,304.5350036621094,304.3699951171875,236.63999938964844,85.80249786376953,152.33999633789062,2386313,479650,561230,2107859,4002799,143723,237854,1694909,1108497,1057526,1245506,1642847,322087,536023,1355607,138316,8478509,527928,619891,152550,412702,1165726,809129,447883,2213347,13701728,935187,3861986,3133471,1315594,480218,1531304,173997,4849547,842157,398916,509581,259280,743173,2164973
2026-04-10 19:30:00+00:00,260.3800048828125,208.0399932861328,225.3300018310547,245.02000427246094,238.36000061035156,313.510009765625,203.97000122070312,52.5614013671875,46.459999084472656,124.37000274658203,122.54000091552734,188.5399932861328,189.6300048828125,38.96500015258789,317.25,908.1799926757812,62.369998931884766,238.38999938964844,309.8900146484375,939.5700073242188,498.75250244140625,629.8900146484375,121.43000030517578,177.5800018310547,370.8699951171875,188.63999938964844,37.52000045776367,21.520000457763672,26.90999984741211,45.244998931884766,92.22000122070312,51.95000076293945,496.1700134277344,348.8949890136719,92.6500015258789,304.4599914550781,304.5,238.88999938964844,85.41000366210938,152.3000030517578,3655071,646979,812807,2793695,5118143,232685,254454,3271333,1712118,2140135,2688626,1933442,669196,1158875,2423178,258546,8794149,1134107,877077,263975,411232,1291195,1143251,879928,2741481,14162426,1434868,6153015,5255859,2630066,1462125,1753960,247904,4720919,881178,677763,896658,570171,1546918,3358140
2026-04-13 13:30:00+00:00,257.32000732421875,206.1750030517578,231.75,243.17999267578125,237.11000061035156,316.2650146484375,201.91000366210938,52.415000915527344,46.78499984741211,123.91500091552734,123.6050033569336,190.44000244140625,191.30999755859375,39.755001068115234,317.81500244140625,876.4000244140625,63.625,237.50990295410156,308.94000244140625,936.6699829101562,500.0,627.0,120.56999969482422,178.0,377.43499755859375,188.41990661621094,37.43009948730469,21.80500030517578,27.075000762939453,46.349998474121094,93.19499969482422,52.119998931884766,501.7449951171875,351.75,93.12000274658203,306.7149963378906,304.5199890136719,240.22000122070312,84.9000015258789,152.89999389648438,6263854,700628,1294060,6527139,10365583,324262,330856,4644319,2475832,2067733,1641019,2743273,1193675,1363774,4942771,1630152,31766274,819013,1242688,327866,485342,2529860,745027,952513,8391360,35943745,2974186,5264792,3880269,1869198,1509162,2159702,209723,16270378,393613,1066630,842996,377655,1485077,4232893
2026-04-13 14:30:00+00:00,257.7099914550781,204.08999633789062,233.92999267578125,244.4499969482422,237.85000610351562,315.75,201.17999267578125,52.494998931884766,46.79999923706055,124.12000274658203,124.19499969482422,191.17999267578125,191.07000732421875,39.94499969482422,318.77508544921875,875.9149780273438,64.19499969482422,235.93499755859375,308.989990234375,932.4500122070312,500.0899963378906,625.9450073242188,119.33499908447266,177.19000244140625,380.3999938964844,188.6107940673828,37.334999084472656,21.834999084472656,26.815000534057617,46.525001525878906,93.16000366210938,52.099998474121094,501.0799865722656,350.3125915527344,93.125,307.6199951171875,305.32000732421875,241.7050018310547,85.08000183105469,153.19000244140625,3495796,679438,722872,2681342,5039926,260499,409308,2270500,936737,1094041,680829,1095658,373966,449522,1685033,603765,14662133,893574,713083,212872,401442,1098144,601128,399790,4317429,18922601,1776791,2173064,3939091,1575438,945610,815569,134554,7771954,164260,1093546,1059258,369565,973485,1694394
2026-04-13 15:30:00+00:00,257.7799987792969,203.5009002685547,237.91639709472656,245.4949951171875,238.88499450683594,317.885009765625,201.52000427246094,52.790000915527344,46.79999923706055,125.08999633789062,123.86499786376953,191.6300048828125,192.72000122070312,39.95000076293945,319.1499938964844,884.4000244140625,64.79499816894531,235.69000244140625,310.32000732421875,930.4149780273438,501.3450012207031,629.2650146484375,119.19499969482422,178.44000244140625,381.4100036621094,188.44509887695312,37.679901123046875,21.94499969482422,26.895000457763672,47.06010055541992,93.04499816894531,52.22999954223633,504.614990234375,353.07501220703125,93.08499908447266,309.489990234375,306.375,242.0500030517578,85.56999969482422,153.3350067138672,3136398,690276,783813,2279699,5062947,259637,188828,2073350,1069022,737469,758116,1018066,455782,305146,1441163,361935,12304364,569108,616895,170011,535823,772415,505916,390805,3457485,13963685,1177530,2343668,3519933,1550064,664225,1348675,124801,5233904,156793,1083275,653474,339970,1815309,1359950
2026-04-13 16:30:00+00:00,257.864990234375,203.36000061035156,238.65499877929688,246.22000122070312,238.75,318.7799987792969,201.85000610351562,52.915000915527344,46.474998474121094,125.30000305175781,123.1449966430664,190.72000122070312,193.7899932861328,39.56999969482422,319.57501220703125,890.4299926757812,65.27010345458984,235.86000061035156,311.1499938964844,929.635009765625,503.375,629.97998046875,119.4800033569336,179.10000610351562,381.69000244140625,188.2050018310547,37.810001373291016,21.934999465942383,26.90999984741211,47.38999938964844,92.67990112304688,52.154998779296875,507.9849853515625,354.4399108886719,92.44999694824219,311.5,307.2049865722656,239.6199951171875,85.7750015258789,152.5500030517578,2360343,707085,738524,2378068,2919523,272890,105320,2459318,522884,942407,536913,729274,388761,366783,1413198,324828,13409996,589454,763725,189573,252353,690263,427118,525143,2679365,11181831,1437661,2577098,2175009,1607857,541954,650012,190249,5940828,245399,666994,532208,170818,1494097,1537670
2026-04-13 17:30:00+00:00,257.8800048828125,204.52499389648438,238.42999267578125,245.52000427246094,238.72500610351562,321.7099914550781,202.42999267578125,52.96500015258789,46.3650016784668,125.3499984741211,122.6500015258789,190.64500427246094,194.5198974609375,39.279998779296875,319.2650146484375,888.5,64.625,236.77999877929688,310.8999938964844,929.2899780273438,505.57000732421875,631.2650146484375,119.78500366210938,179.11000061035156,381.80999755859375,188.0198974609375,37.88999938964844,21.854999542236328,27.014999389648438,47.619998931884766,92.40010070800781,51.88999938964844,510.19000244140625,352.1700134277344,92.41999816894531,312.0899963378906,308.0,239.09500122070312,85.91500091552734,151.66000366210938,2113453,628280,620444,1704567,2379978,236003,150221,2343716,376086,857284,572659,746846,256689,489394,1099494,232438,8682881,547476,541468,144334,215467,836731,643904,386632,2702263,9120812,1004750,5459880,2948590,1572741,306182,915019,125905,4658079,135507,663556,571308,153205,1045421,1616165
2026-04-13 18:30:00+00:00,257.8500061035156,205.76499938964844,238.36500549316406,246.94000244140625,238.56500244140625,322.19000244140625,202.81500244140625,53.17499923706055,46.35499954223633,125.81999969482422,122.61000061035156,190.55999755859375,194.97999572753906,39.165000915527344,320.44000244140625,894.6300048828125,65.125,237.83999633789062,312.1199951171875,929.97998046875,505.5274963378906,632.25,120.18000030517578,180.05999755859375,382.3500061035156,188.7050018310547,37.95500183105469,21.844999313354492,27.3700008392334,47.775001525878906,92.48999786376953,51.779998779296875,511.7950134277344,351.42498779296875,92.83499908447266,311.4700012207031,308.2749938964844,239.69000244140625,86.23500061035156,151.63999938964844,2513031,624109,416751,2088932,3870124,287004,151376,2901026,435860,1415967,540115,1073261,347033,483667,1309359,301051,9433814,733843,774950,196954,343121,914463,592016,675288,3335714,10976974,1609971,3811428,6586119,1793020,424808,1490518,242180,5004231,230880,597423,528051,202536,1610035,1624116
2026-04-13 19:30:00+00:00,259.2099914550781,206.47000122070312,240.11000061035156,246.77999877929688,239.86000061035156,323.95001220703125,202.1999969482422,53.33000183105469,46.439998626708984,126.2300033569336,123.56999969482422,191.72000122070312,195.8699951171875,39.20000076293945,321.3900146484375,890.6500244140625,65.16999816894531,237.80999755859375,313.29998779296875,929.1599731445312,508.510009765625,634.52001953125,120.12000274658203,181.05999755859375,384.3699951171875,189.2100067138672,37.959999084472656,21.969999313354492,27.31999969482422,47.51499938964844,92.58499908447266,51.904998779296875,514.25,352.4049987792969,93.41500091552734,312.9800109863281,309.30999755859375,242.0399932861328,86.61000061035156,152.55999755859375,5022608,897668,878757,2356456,5312101,392509,304733,4820522,890594,2612681,1216390,1563789,656610,958861,2940442,434828,10220660,1188361,1232970,326543,471439,1027066,1204362,1300581,3817582,12534805,1818076,4248558,11747118,2143356,754900,2049973,396334,4428146,361811,900399,1135599,458249,3110774,2732505
2026-04-14 13:30:00+00:00,259.3399963378906,207.44000244140625,240.38499450683594,248.94000244140625,245.8000030517578,326.30499267578125,203.2899932861328,53.025001525878906,46.025001525878906,126.9749984741211,119.44000244140625,186.7100067138672,199.63999938964844,38.22999954223633,327.7950134277344,893.5,63.31999969482422,238.24000549316406,311.0,937.3599853515625,509.239990234375,653.6456298828125,120.0,182.85000610351562,392.5538024902344,192.86000061035156,38.95000076293945,21.34000015258789,27.2450008392334,47.8849983215332,91.37999725341797,51.599998474121094,525.6300048828125,362.989990234375,91.46499633789062,319.3999938964844,310.2475891113281,237.22000122070312,80.90499877929688,148.36000061035156,8135429,980939,1089163,7411473,16655479,356453,404772,6774070,2294234,4236526,1493069,2682919,614054,2106428,6526076,614179,36984636,3009109,3367875,367419,546583,3981892,3184366,1629310,10678286,43520464,6062881,5195993,4468626,2749493,1710015,1987245,465100,16725044,375263,1401155,960592,433651,11289716,4437173
2026-04-14 14:30:00+00:00,258.0553894042969,208.42999267578125,239.4499969482422,251.07000732421875,247.35000610351562,327.7300109863281,202.9600067138672,53.36000061035156,46.0,128.375,119.20999908447266,186.67999267578125,199.92999267578125,38.27000045776367,330.83990478515625,904.010009765625,62.935001373291016,241.11000061035156,312.25,934.0399780273438,512.6649780273438,660.2650146484375,120.23999786376953,183.86000061035156,391.6401062011719,193.44500732421875,38.98500061035156,21.18000030517578,27.2549991607666,47.939998626708984,91.37999725341797,51.869998931884766,527.9400024414062,362.82501220703125,91.24500274658203,318.1300048828125,310.5450134277344,237.85000610351562,82.23500061035156,148.6699981689453,4964907,560181,458221,3141215,7434543,242342,307165,3044365,1519498,1695592,1652570,1490722,400471,716243,3591548,339555,15458227,1002007,975035,194138,489423,2874407,681538,844694,4022377,19306493,2449981,5897157,2475647,958887,1207198,1609477,275450,8509165,284760,565815,781086,366109,5587211,2224226
2026-04-14 15:30:00+00:00,257.70001220703125,208.57000732421875,240.3153076171875,252.86000061035156,249.6721954345703,327.2799987792969,202.46499633789062,53.30500030517578,45.93000030517578,129.78500366210938,118.6500015258789,185.86000061035156,199.3300018310547,38.060001373291016,332.79998779296875,907.7449951171875,62.5099983215332,240.9250030517578,310.4100036621094,938.2728881835938,513.1099853515625,664.9299926757812,119.8499984741211,184.02499389648438,394.3299865722656,194.79989624023438,39.19499969482422,20.959999084472656,27.219999313354492,48.13990020751953,90.94000244140625,51.43000030517578,527.4000244140625,367.2550048828125,90.91999816894531,316.7799987792969,310.8900146484375,237.8800048828125,82.2699966430664,148.3300018310547,4016733,437442,320219,3041413,8240274,240683,155583,2274785,1088723,3108942,904784,737129,343940,488783,3288223,316085,12605946,521715,806666,150777,222033,2291188,571363,682406,3336871,18612294,1478127,3418763,1553253,663143,815113,820514,166340,7478013,189128,483439,544706,160033,2399594,1476296
2026-04-14 16:30:00+00:00,258.6600036621094,207.8300018310547,240.6199951171875,253.3800048828125,250.04849243164062,327.9800109863281,202.60499572753906,53.494998931884766,46.03499984741211,130.42999267578125,118.8550033569336,185.5709991455078,198.6699981689453,38.06999969482422,332.8656005859375,908.3900146484375,62.77000045776367,241.60000610351562,311.6400146484375,935.1599731445312,512.2362670898438,661.85498046875,119.5250015258789,184.17999267578125,394.1549987792969,194.72500610351562,39.099998474121094,21.0049991607666,27.254199981689453,48.20000076293945,91.16000366210938,51.42499923706055,527.77001953125,365.2099914550781,90.81999969482422,315.0400085449219,311.1000061035156,236.8800048828125,82.72000122070312,148.02999877929688,4098111,408514,256379,2154952,8563396,176042,184159,1935657,763239,1033585,650937,1128677,286087,323369,2574767,202446,10914561,545572,571651,124092,200390,1153274,639053,757109,2582063,13990697,979750,2701367,1959516,798575,342350,1050891,202332,6281965,191911,686387,451280,198406,1748926,1770772
2026-04-14 17:30:00+00:00,258.7799987792969,208.9949951171875,235.4499969482422,253.42999267578125,249.55499267578125,326.7950134277344,203.2899932861328,53.310001373291016,45.810001373291016,130.5,118.1500015258789,185.60499572753906,198.2100067138672,37.90999984741211,331.56500244140625,909.9600219726562,62.775001525878906,241.19500732421875,311.75,926.7949829101562,510.79998779296875,660.0549926757812,119.58999633789062,183.66000366210938,391.2550048828125,194.5800018310547,39.1349983215332,20.905000686645508,27.229999542236328,47.970001220703125,90.96990203857422,51.290000915527344,526.9600219726562,363.614990234375,90.45500183105469,314.1499938964844,310.6600036621094,235.7899932861328,82.41999816894531,147.875,2712760,822831,1640338,1792570,8519532,207334,220757,3300556,1039728,1187364,803934,938980,319810,456892,1823655,319983,9187225,1018732,688339,340362,261233,1525257,735511,499830,3274349,8811868,4022888,2860219,2000909,782707,389126,1017805,266396,4963515,236766,378596,457461,294937,1589037,1354895
2026-04-14 18:30:00+00:00,258.32501220703125,209.2550048828125,235.8699951171875,255.1699981689453,249.48500061035156,327.42999267578125,204.14999389648438,53.345001220703125,46.025001525878906,129.69000244140625,118.51000213623047,186.57000732421875,198.4199981689453,38.089298248291016,332.1900939941406,912.739990234375,63.53990173339844,240.72999572753906,312.2699890136719,925.1799926757812,512.0349731445312,661.4349975585938,119.83999633789062,184.02999877929688,392.2850036621094,196.20989990234375,39.26499938964844,21.045000076293945,27.2549991607666,48.06999969482422,91.36000061035156,51.46500015258789,526.4749755859375,365.5870056152344,90.95500183105469,314.95001220703125,311.32000732421875,236.0399932861328,82.30000305175781,148.80999755859375,3074143,483938,699341,2611835,9698791,161699,294569,4278277,760912,1410702,878948,1184645,245024,436093,1811241,233320,9703858,885201,670477,385670,218957,1158510,931374,932077,3265599,19309999,1650005,3611057,1741008,970853,372552,868754,166369,4811291,385662,364633,389708,246510,1973192,1599832
2026-04-14 19:30:00+00:00,258.8550109863281,210.3300018310547,235.69000244140625,255.05999755859375,249.02999877929688,327.0899963378906,204.50999450683594,53.349998474121094,46.17499923706055,129.64999389648438,118.77999877929688,186.9499969482422,198.60000610351562,38.005001068115234,332.92999267578125,910.1099853515625,63.810001373291016,240.14999389648438,311.20001220703125,922.719970703125,513.1400146484375,662.5499877929688,119.95999908447266,183.41000366210938,393.1099853515625,196.49000549316406,39.31999969482422,21.040000915527344,27.1299991607666,47.97999954223633,91.3499984741211,51.48500061035156,527.7100219726562,364.1600036621094,91.0199966430664,314.2799987792969,311.42498779296875,235.5800018310547,81.7300033569336,149.22000122070312,5322365,993316,765201,2769284,5878959,314360,515406,6477251,1668190,1795740,1556933,1642392,463694,919612,2465548,351406,9139312,1100374,1202278,283395,318449,1670204,1619645,1281865,4377569,16494329,2292380,3916269,4506649,1717281,873151,1682077,358239,4196039,399640,641461,561176,604942,3589917,2407944
2026-04-15 13:30:00+00:00,260.67999267578125,207.8800048828125,242.58999633789062,256.1000061035156,247.92999267578125,329.4800109863281,202.69000244140625,54.359500885009766,45.93000030517578,131.89999389648438,118.57499694824219,185.50999450683594,199.25999450683594,37.439998626708984,334.6000061035156,910.4299926757812,64.53919982910156,239.05999755859375,308.8799133300781,924.4550170898438,515.0,674.7550048828125,118.29000091552734,193.35000610351562,406.0899963378906,199.24000549316406,39.904998779296875,20.889999389648438,27.229999542236328,48.869998931884766,91.20999908447266,52.33000183105469,529.5700073242188,376.6700134277344,90.87000274658203,311.5150146484375,312.7499084472656,232.89999389648438,81.06999969482422,148.22000122070312,8314756,832660,1198308,6128215,10022945,361291,393081,16576013,2034657,3913436,944743,1863095,502121,1470028,5440696,669870,28148324,1006140,2461682,373551,550068,3979740,904643,3607718,11181328,47272775,5035336,3135973,4417459,2308780,1146440,2636755,275291,22129354,269454,1142249,985919,319056,5482438,3199443
2026-04-15 14:30:00+00:00,263.17999267578125,206.6999969482422,245.1300048828125,256.7349853515625,247.77000427246094,330.6099853515625,201.34500122070312,54.17499923706055,45.834999084472656,131.77000427246094,119.23999786376953,185.38999938964844,199.02999877929688,37.310001373291016,332.8699951171875,906.1599731445312,65.32499694824219,238.08999633789062,306.4100036621094,910.8400268554688,517.3099975585938,673.719970703125,117.43000030517578,191.51499938964844,407.9100036621094,199.80999755859375,40.0,20.795000076293945,27.065000534057617,49.29499816894531,90.94999694824219,52.45000076293945,527.7000122070312,388.52490234375,90.69999694824219,313.20001220703125,313.510009765625,235.5500030517578,80.71499633789062,148.8000030517578,7448665,672152,614039,3437880,5856837,352440,371625,7601543,1262135,1869472,801464,1011407,263353,951998,2256252,255652,17338672,515218,1262810,401662,494275,1730608,1401582,1023991,5779570,23088432,2573227,2064276,3960449,1483540,873577,1776486,199629,19934298,259174,750605,473581,313617,3492776,1458854
2026-04-15 15:30:00+00:00,264.5790100097656,206.1699981689453,244.3000030517578,255.9199981689453,248.9550018310547,330.3949890136719,199.8300018310547,54.095001220703125,46.1150016784668,131.8000030517578,119.1050033569336,185.3101043701172,198.60000610351562,37.2400016784668,334.989990234375,904.1799926757812,64.8302001953125,237.41000366210938,305.0199890136719,895.6599731445312,518.1500244140625,676.7100830078125,117.5,191.13999938964844,409.17999267578125,199.125,39.935001373291016,20.704999923706055,27.084999084472656,49.369998931884766,90.58000183105469,51.95500183105469,527.5599975585938,392.9599914550781,89.3550033569336,312.6199951171875,314.19000244140625,234.7100067138672,80.66999816894531,148.74989318847656,5556537,390679,435336,2091077,4065948,196975,190831,6115849,2512521,1349153,471256,754845,235611,397591,2110863,198944,10144943,517159,1015480,674878,232879,1603590,692728,646210,3540162,23311405,1692969,2541317,3260277,900861,733222,1016409,243158,21275563,318797,622205,485101,253595,2475402,1296990
2026-04-15 16:30:00+00:00,264.94500732421875,207.3800048828125,244.1199951171875,253.89999389648438,248.44500732421875,330.82501220703125,200.0,54.474998474121094,46.314998626708984,131.3000030517578,119.94499969482422,185.89999389648438,198.32000732421875,37.314998626708984,335.25,904.1699829101562,64.20030212402344,237.77000427246094,305.20001220703125,899.0900268554688,520.5,674.2899780273438,117.80500030517578,191.23500061035156,409.7349853515625,196.97000122070312,40.13999938964844,20.545000076293945,27.170000076293945,49.35499954223633,90.54000091552734,52.14500045776367,528.280029296875,387.3500061035156,89.4800033569336,313.6695861816406,315.4700012207031,235.75,80.50499725341797,149.5500030517578,4374751,385682,335958,3059621,3330132,168671,77236,6850743,1595300,927679,578321,876526,150607,493692,1580735,122569,9655882,502950,706654,355720,211111,1183956,524274,504821,3305556,22601798,1355625,2627044,2601481,1018616,386853,1033304,135384,13738812,276345,334432,347667,177977,2125121,1385196
2026-04-15 17:30:00+00:00,265.17999267578125,207.77499389648438,244.55499267578125,254.7449951171875,248.51060485839844,331.0450134277344,200.66000366210938,54.54029846191406,46.17499923706055,131.69000244140625,119.79000091552734,185.44000244140625,198.3000030517578,36.94499969482422,335.2850036621094,901.5900268554688,64.48999786376953,237.10499572753906,305.80499267578125,903.7100219726562,520.89501953125,672.5999755859375,118.13500213623047,191.69000244140625,412.4200134277344,196.9698944091797,40.47999954223633,20.6200008392334,27.239999771118164,49.595001220703125,90.17500305175781,52.26499938964844,530.0252075195312,390.07501220703125,87.99500274658203,313.04998779296875,315.7250061035156,235.9550018310547,80.44000244140625,149.56500244140625,2750108,450211,285393,1889817,2988185,218537,85361,4368532,1244520,703773,491402,951391,365194,879855,1686666,187237,5266183,490244,575004,348196,236980,874785,567469,524978,4254505,16412953,2809505,2338634,2862106,944694,506546,723154,109029,9664845,636607,340323,319814,174531,3019325,1375121
2026-04-15 18:30:00+00:00,265.3399963378906,208.6999969482422,245.0500030517578,256.7650146484375,248.72999572753906,330.17999267578125,201.125,54.334999084472656,46.07500076293945,132.02000427246094,119.52999877929688,185.28500366210938,198.49000549316406,36.775001525878906,335.80999755859375,900.3400268554688,64.5999984741211,238.10499572753906,305.9800109863281,907.8200073242188,521.22998046875,672.5900268554688,118.53500366210938,192.13999938964844,413.2200012207031,198.23989868164062,40.73500061035156,20.51059913635254,27.354999542236328,49.564998626708984,90.17009735107422,52.45009994506836,532.155029296875,392.5,87.76499938964844,314.4200134277344,316.1000061035156,235.1300048828125,80.79000091552734,149.4600067138672,2971178,513093,449635,1957572,3223572,197209,86825,5860927,884914,1127932,585925,784528,253358,1037550,3193805,251787,5728269,827986,749202,345400,270535,943764,568750,747571,5944879,14111714,2527678,2520972,3095973,1712007,457146,1548737,206778,9381655,501026,450316,506740,217068,3095282,1348183
2026-04-15 19:30:00+00:00,266.3699951171875,208.42999267578125,244.6699981689453,258.1099853515625,248.41000366210938,329.0799865722656,201.32000732421875,54.31999969482422,46.1150016784668,131.66000366210938,118.87000274658203,184.8300018310547,198.0800018310547,36.814998626708984,337.1499938964844,899.469970703125,64.93499755859375,238.64999389648438,305.8599853515625,904.8499755859375,519.9299926757812,671.5599975585938,117.91500091552734,191.50999450683594,411.2727966308594,198.8677978515625,40.80500030517578,20.559999465942383,27.190000534057617,49.56999969482422,89.83999633789062,52.43000030517578,531.6599731445312,392.0299987792969,87.19000244140625,314.1099853515625,315.92999267578125,234.92999267578125,80.30000305175781,149.00999450683594,6497059,621016,603817,3073897,5067961,393313,250009,6812876,1913661,1879092,1037354,933967,752761,2044404,3153592,445967,7929440,1124187,1145194,539309,394359,1596144,1102885,1308537,4546049,16516099,2426155,3503551,3616023,1640893,900988,1839247,348423,9171728,742154,513659,699336,382920,5270547,2395688
2026-04-16 13:30:00+00:00,262.05999755859375,208.72999572753906,246.60000610351562,266.9200134277344,245.55499267578125,325.7300109863281,200.44000244140625,54.189998626708984,46.93000030517578,130.83999633789062,121.13999938964844,187.22000122070312,194.86500549316406,38.08000183105469,336.7770080566406,901.8099975585938,66.24009704589844,235.02000427246094,308.7898864746094,909.25,517.9400024414062,670.02001953125,116.99500274658203,189.14999389648438,414.9100036621094,197.3699951171875,40.36000061035156,21.110000610351562,27.299999237060547,49.15999984741211,91.33000183105469,52.10499954223633,524.280029296875,385.739990234375,90.93000030517578,313.69500732421875,314.9100036621094,241.42999267578125,81.65899658203125,150.8000946044922,11554343,983606,1695933,15424421,11721800,285870,343276,9296033,2487964,2031610,1374682,1459732,544721,1384041,4297609,290276,27962759,1171417,1746981,533766,639732,2256685,997748,1565436,11999707,34867030,4768947,6578332,3891049,3779544,1433159,1616640,195267,22707633,647046,676933,799178,309231,4812379,2960294
2026-04-16 14:30:00+00:00,262.25,208.24000549316406,247.61000061035156,275.114990234375,247.6300048828125,326.2900085449219,200.80999755859375,53.87990188598633,47.2400016784668,129.60000610351562,121.18000030517578,187.06500244140625,194.57000732421875,38.244998931884766,336.55999755859375,902.3599853515625,67.48500061035156,233.80499267578125,307.4200134277344,912.7899780273438,519.8499755859375,673.25,115.95149993896484,187.7100067138672,416.57000732421875,199.00999450683594,40.54999923706055,21.357200622558594,27.235000610351562,49.470001220703125,91.41000366210938,52.209999084472656,523.3499755859375,387.8949890136719,90.81999969482422,313.6700134277344,315.6300048828125,241.72500610351562,81.16000366210938,151.22000122070312,4797954,415709,670425,11875393,5664985,207745,182640,4437056,2154340,1028831,763924,737896,318079,1342795,1915840,254399,16595948,866994,867717,293799,265417,1150304,2505132,1100444,4434522,19694478,2713809,6003996,2605624,1404375,771412,1336702,151924,9847163,442928,404638,411514,234667,2407610,1464867
2026-04-16 15:30:00+00:00,264.0801086425781,209.05499267578125,247.9600067138672,277.7099914550781,248.44500732421875,327.5899963378906,200.67999267578125,53.80509948730469,47.35499954223633,129.97999572753906,121.36000061035156,187.35000610351562,194.5749969482422,38.09000015258789,337.9107971191406,907.6799926757812,67.91500091552734,233.84500122070312,308.7300109863281,902.75,519.8200073242188,675.9400024414062,115.91999816894531,188.76499938964844,419.30999755859375,198.6199951171875,40.80139923095703,21.354999542236328,27.30500030517578,49.5099983215332,91.23999786376953,52.35499954223633,522.5800170898438,389.764404296875,90.25,315.0369873046875,316.1400146484375,240.92999267578125,81.6050033569336,151.83999633789062,4125437,334374,402118,9615290,3599206,148563,132885,2840981,1441075,904672,605312,502592,233791,780748,1432498,167615,12237688,643675,682506,384680,245236,855944,889371,778599,4548994,14184255,2230688,3568353,2927321,1250760,298850,1143399,110933,6820470,305276,486886,362094,174412,2028405,1370700
2026-04-16 16:30:00+00:00,263.5199890136719,208.72250366210938,248.2100067138672,276.375,249.1300048828125,326.0199890136719,200.52000427246094,53.55500030517578,47.665000915527344,129.5399932861328,121.47000122070312,188.1199951171875,194.34840393066406,38.40999984741211,335.9800109863281,903.760009765625,67.71499633789062,233.47999572753906,307.54998779296875,903.5700073242188,519.9000244140625,674.489990234375,115.24500274658203,188.2050018310547,419.0849914550781,198.4149932861328,40.814998626708984,21.424999237060547,27.25,49.525001525878906,91.5999984741211,52.14500045776367,520.60498046875,388.55499267578125,90.9800033569336,316.2449951171875,315.7950134277344,241.61500549316406,81.31999969482422,152.6649932861328,2692302,308892,317205,6523667,2924221,179837,75822,2475507,1029612,881076,657362,604839,288807,601706,1819199,139117,9773631,1258220,550495,148645,400622,609217,1138170,501718,3209654,12103065,1580323,2627779,1800997,901984,307260,753311,89613,5508295,145674,417000,306623,185037,1719129,1235738
2026-04-16 17:30:00+00:00,263.5799865722656,209.0,247.15499877929688,272.69989013671875,248.57000732421875,327.25,200.89999389648438,53.724998474121094,47.72999954223633,129.55499267578125,121.26000213623047,187.81500244140625,194.05999755859375,38.39500045776367,334.9800109863281,904.6375122070312,67.18499755859375,234.47500610351562,308.8299865722656,903.7050170898438,521.10498046875,672.6199951171875,115.73500061035156,188.39999389648438,417.4849853515625,197.4949951171875,40.810001373291016,21.5049991607666,27.25,49.58000183105469,91.68000030517578,51.78499984741211,519.125,385.88720703125,90.78250122070312,317.2349853515625,316.1499938964844,241.50999450683594,81.4000015258789,152.47999572753906,2435729,349229,283257,5580202,3201739,165182,85404,2349260,1011497,612633,432802,747820,239831,386267,1821177,126476,8543204,748492,573165,170220,191841,731392,651645,613902,2663450,11223279,766328,2720947,2518580,731822,311493,1387888,100936,5126233,141584,586222,263693,136201,1663252,1161012
2026-04-16 18:30:00+00:00,263.63409423828125,208.7563018798828,248.13999938964844,275.05999755859375,248.66000366210938,327.510009765625,200.39999389648438,53.67499923706055,47.755001068115234,129.67999267578125,121.41000366210938,187.8000030517578,194.33999633789062,38.32500076293945,335.1199951171875,904.5700073242188,68.13809967041016,234.36749267578125,308.6400146484375,903.6500244140625,520.6300048828125,673.5,115.62999725341797,188.25999450683594,418.3500061035156,198.1199951171875,40.83000183105469,21.53499984741211,27.235000610351562,49.61000061035156,91.74500274658203,51.845001220703125,518.6300048828125,387.3699951171875,90.70999908447266,316.8800048828125,316.1600036621094,241.6699981689453,81.26000213623047,152.0500030517578,3260194,459203,442207,5311637,3513350,206804,208172,2092303,876546,770486,563772,670436,469404,765893,1602368,114400,12250915,807821,643793,190950,240198,702808,978510,967152,3459177,13497268,938106,3632946,2019632,1158406,404783,1471072,244050,4814910,272282,475375,443919,172445,1870938,1293361
2026-04-16 19:30:00+00:00,263.3599853515625,208.97999572753906,248.15899658203125,278.260009765625,249.7100067138672,325.7099914550781,200.4600067138672,53.4900016784668,47.63999938964844,129.31500244140625,121.54000091552734,188.14999389648438,193.52000427246094,38.279998779296875,335.989990234375,899.97998046875,68.4800033569336,234.5399932861328,309.8500061035156,903.4299926757812,518.530029296875,676.8099975585938,115.43499755859375,187.25999450683594,420.0450134277344,198.24000549316406,40.91999816894531,21.5,27.200000762939453,49.810001373291016,91.5,51.72999954223633,515.8499755859375,388.7900085449219,90.69999694824219,316.3900146484375,315.1300048828125,241.64999389648438,81.22899627685547,151.85000610351562,3667931,882726,750316,6017821,4341811,260026,265474,4257260,2165196,1494844,1018803,1044454,624896,693070,2588198,232337,11263149,1213184,1031967,296020,445024,1330256,1805858,1816620,4272466,11174544,1754582,4822484,2768230,1940700,838135,2405789,234557,4402399,242485,1017620,936859,312663,3065539,1964876
2026-04-17 13:30:00+00:00,268.5849914550781,211.82000732421875,250.27999877929688,278.4949951171875,254.42999267578125,336.4849853515625,203.69000244140625,54.400001525878906,43.814998626708984,132.14500427246094,113.33000183105469,179.42999267578125,196.30999755859375,35.040000915527344,337.1600036621094,922.2100219726562,69.61499786376953,234.42999267578125,313.0799865722656,927.760009765625,522.3599853515625,682.405029296875,117.41999816894531,190.1300048828125,425.8450012207031,200.375,41.044429779052734,20.05500030517578,27.364999771118164,51.04999923706055,86.77999877929688,51.68000030517578,526.7100219726562,396.5306091308594,86.05000305175781,323.0199890136719,316.8900146484375,219.9250030517578,82.26000213623047,143.5,16349267,1225595,1016169,11145814,13625830,838131,298536,8795096,6279547,3122035,3201274,5063989,715293,4344507,5494061,634483,34550722,1818397,2226630,944720,714749,3907234,2229102,1710273,12485544,55123160,3491810,13749544,6465597,4873399,3635973,5098413,474721,20397410,977830,2180230,1870882,1985044,4901081,7633467
2026-04-17 14:30:00+00:00,271.94000244140625,210.55999755859375,247.72999572753906,277.5849914550781,254.0800018310547,337.32501220703125,204.67999267578125,54.04499816894531,44.10499954223633,132.36500549316406,113.95999908447266,180.27000427246094,195.77999877929688,34.81010055541992,338.2200012207031,923.6500244140625,70.26000213623047,235.19000244140625,312.7200012207031,924.4724731445312,522.8200073242188,683.7000122070312,117.02999877929688,189.92999267578125,430.32000732421875,200.63999938964844,40.96500015258789,19.989999771118164,27.364999771118164,50.775001525878906,86.76000213623047,52.58000183105469,527.6950073242188,408.1300048828125,86.30000305175781,323.3500061035156,316.57501220703125,220.80999755859375,81.52999877929688,144.16000366210938,7480237,620114,1030878,3971557,7162406,377605,243824,4061947,3132577,1190122,1459934,2768977,695298,2637268,2184986,372788,15233816,713858,922520,345642,534329,1995541,1083143,701847,7383510,17346281,1945351,7256879,2419727,1988299,1359824,2892347,218787,22853031,394441,781492,1099746,1378903,3349782,4332200
2026-04-17 15:30:00+00:00,271.54998779296875,210.25,246.26499938964844,278.6300048828125,253.2100067138672,337.7699890136719,204.9600067138672,54.39500045776367,44.130001068115234,133.02499389648438,114.26000213623047,181.17999267578125,195.4499969482422,34.69499969482422,338.7799987792969,925.60498046875,69.36000061035156,234.9199981689453,313.4100036621094,923.510498046875,525.3400268554688,684.4498901367188,117.74500274658203,190.7734375,428.6099853515625,200.69000244140625,40.95500183105469,20.084999084472656,27.63599967956543,51.01499938964844,86.5999984741211,53.31999969482422,527.5150146484375,407.1199951171875,85.9000015258789,325.1199951171875,317.6400146484375,221.0500030517578,81.79000091552734,144.39999389648438,4036285,483491,903229,3577220,3310173,387675,141472,3294476,1684858,1118427,773250,1249445,434824,1072291,2257324,181045,14693660,589080,828038,265072,540235,1490292,1073653,699437,4986790,18546450,1273144,3426071,4308796,1857276,758698,2603473,175286,12914552,323606,1009520,763101,625666,1959518,1367076
2026-04-17 16:30:00+00:00,270.5799865722656,209.94000244140625,244.6300048828125,278.5150146484375,253.68710327148438,335.625,204.77000427246094,54.33000183105469,44.60499954223633,132.63999938964844,115.19999694824219,182.50250244140625,195.52499389648438,35.025001525878906,339.55999755859375,923.9600219726562,68.63999938964844,234.8800048828125,311.8800048828125,921.030029296875,523.9199829101562,683.27001953125,118.12999725341797,190.25999450683594,423.8500061035156,199.8800048828125,40.6349983215332,20.344999313354492,27.514999389648438,50.72999954223633,87.42500305175781,53.22999954223633,526.8099975585938,401.5400085449219,86.73989868164062,323.69000244140625,316.7900085449219,222.72000122070312,81.55999755859375,145.61000061035156,6141486,453763,487801,4387573,5527998,336570,81606,3360121,957129,1033626,753649,987551,264199,1155984,2081869,217812,11569781,934230,740146,150409,285646,918424,907050,479463,4086346,13021821,1181392,3042425,3367631,1339200,995267,1769517,117549,8641358,148199,707164,669515,475197,1972288,2354756
2026-04-17 17:30:00+00:00,270.19000244140625,209.61000061035156,244.55999755859375,278.41009521484375,251.99949645996094,334.7149963378906,205.13999938964844,54.005001068115234,44.59000015258789,132.55999755859375,115.73999786376953,183.30999755859375,195.2899932861328,35.185001373291016,341.3999938964844,924.5700073242188,67.9749984741211,235.22999572753906,311.3699951171875,921.27001953125,522.510009765625,683.3900146484375,118.23500061035156,189.8000030517578,420.92999267578125,200.64999389648438,40.65999984741211,20.3799991607666,27.530099868774414,50.654998779296875,87.81099700927734,52.8650016784668,525.5399780273438,400.6600036621094,87.05999755859375,323.4599914550781,316.69000244140625,223.4199981689453,81.16999816894531,146.16000366210938,2909144,510035,349850,2613018,3821066,300716,87971,2830006,1249194,822038,852280,980206,314215,733294,2554757,189168,10412256,588202,743223,143372,247790,976984,1114038,538955,4346064,10962127,951072,2302982,1866908,1321897,1206013,1390050,100983,8281959,199442,585914,531350,436959,1874400,1639372
2026-04-17 18:30:00+00:00,269.69500732421875,208.8800048828125,244.38999938964844,278.07501220703125,250.6300048828125,332.7250061035156,204.85000610351562,53.88999938964844,44.625,131.89500427246094,116.00499725341797,183.9149932861328,194.6199951171875,35.25,341.05999755859375,922.6300048828125,68.0199966430664,234.77000427246094,311.19000244140625,920.25,522.0250244140625,684.3709716796875,118.37999725341797,189.14500427246094,422.6449890136719,201.25999450683594,40.54499816894531,20.46500015258789,27.545000076293945,50.57500076293945,88.06999969482422,52.724998474121094,525.1400146484375,401.79998779296875,87.0999984741211,323.260009765625,317.0400085449219,224.55999755859375,81.125,146.64999389648438,4089699,1037591,519231,2344353,4509245,339188,113751,2384811,1134336,3569597,1124270,999041,447550,1090269,2657336,165516,10821042,695231,873025,242834,277340,904248,1015839,469885,3911733,11941766,1195094,3088908,2739720,1804378,1254630,1381670,176607,7624231,247875,613771,491997,576498,1872312,1593808
2026-04-17 19:30:00+00:00,270.18499755859375,208.3699951171875,244.4199981689453,278.2799987792969,250.47000122070312,331.760009765625,204.8800048828125,53.900001525878906,44.58000183105469,132.1750030517578,116.04000091552734,183.97999572753906,194.74000549316406,35.470001220703125,341.6099853515625,925.9099731445312,68.49500274658203,234.1699981689453,310.239990234375,926.72998046875,521.27001953125,688.72998046875,119.06999969482422,188.82000732421875,422.6000061035156,201.64999389648438,40.5,20.44499969482422,27.559999465942383,50.81999969482422,87.80999755859375,52.65999984741211,526.5599975585938,400.6600036621094,87.12000274658203,324.510009765625,317.0199890136719,223.63999938964844,81.38500213623047,146.4199981689453,4777998,1248519,618025,3310526,4782660,806737,176213,4601806,2319875,1374898,1203646,1419773,659059,2088335,2784656,373881,10179935,1219132,1622683,340959,364344,2473917,2394360,894772,3527626,11970481,2077687,5420082,3960925,2507671,1380602,2415283,297994,5311579,309771,988155,919822,844765,3325695,2913353
2026-04-20 13:30:00+00:00,273.3800048828125,205.74000549316406,249.30999755859375,276.67498779296875,247.1699981689453,331.05999755859375,202.7100067138672,53.584999084472656,45.125,132.4499969482422,117.48500061035156,185.61000061035156,194.97000122070312,35.92499923706055,339.70001220703125,931.8099975585938,66.24009704589844,233.69000244140625,314.8500061035156,924.4199829101562,521.219970703125,676.0823974609375,118.51000213623047,190.49000549316406,419.5,199.1300048828125,40.44499969482422,20.725000381469727,27.7549991607666,50.834999084472656,88.28500366210938,52.97999954223633,527.9149780273438,392.989990234375,87.45999908447266,322.4750061035156,315.2049865722656,227.375,81.83999633789062,148.44000244140625,9800654,1301870,2177842,12732799,9547325,322607,264767,6753217,1981802,3243851,954346,1789183,430502,1930771,4511945,329290,31587867,1090623,1457125,411925,313016,3334997,970889,886521,6702225,31888414,2675722,3273707,3487713,3023538,1363532,2990426,237223,21565375,239010,1475897,701254,780757,3202227,3175684
2026-04-20 14:30:00+00:00,272.8800048828125,205.99000549316406,247.8699951171875,275.7950134277344,247.02000427246094,332.20001220703125,203.07000732421875,53.665000915527344,45.08000183105469,132.63999938964844,117.33999633789062,184.27999877929688,193.6699981689453,35.78200149536133,339.07000732421875,932.9500122070312,65.95500183105469,233.38999938964844,315.1499938964844,929.0,518.3300170898438,673.5700073242188,118.6500015258789,190.0,418.1499938964844,199.27000427246094,40.619998931884766,20.739999771118164,27.774999618530273,50.625,88.37999725341797,52.630001068115234,526.7449951171875,393.25,87.51000213623047,321.0899963378906,314.3500061035156,226.4199981689453,81.91999816894531,148.58999633789062,4154551,601988,499582,5146669,5448975,231343,155500,5278775,1303673,1073412,770153,1206072,445935,940068,2472168,244933,12669464,652433,871800,208935,274345,2160361,704317,471531,3544335,18660733,1635352,2529214,2616034,1407092,712821,1357796,143122,12525906,280257,1287606,591520,281329,1929492,2138163
2026-04-20 15:30:00+00:00,272.57000732421875,206.01499938964844,247.8800048828125,274.1050109863281,246.77000427246094,331.79998779296875,202.52000427246094,53.69499969482422,45.224998474121094,132.3865966796875,117.44499969482422,184.13499450683594,193.8249969482422,35.875,338.69989013671875,933.1799926757812,65.76499938964844,233.1199951171875,314.75,926.1699829101562,517.510009765625,672.8250122070312,118.52999877929688,189.85499572753906,418.8500061035156,199.18499755859375,40.60499954223633,20.774999618530273,27.834999084472656,50.55500030517578,88.37000274658203,52.435001373291016,526.760009765625,392.45001220703125,87.58000183105469,324.1650085449219,313.43499755859375,226.47500610351562,81.6990966796875,148.9550018310547,2499488,356127,327392,3059405,3205410,134820,100355,3857558,674276,1029108,685729,1204977,358740,310551,1403306,160593,9786185,401076,675101,141530,192609,1400963,794407,355146,2733264,12893600,889748,1781230,1915340,826471,330779,1879020,105781,7029758,96366,920827,415332,150047,1427219,1941306
2026-04-20 16:30:00+00:00,272.19000244140625,205.55999755859375,249.35000610351562,272.9700927734375,247.61000061035156,331.4649963378906,201.82000732421875,53.845001220703125,45.2599983215332,132.74000549316406,117.66000366210938,184.28500366210938,194.73500061035156,36.130001068115234,338.2699890136719,935.7650146484375,65.18009948730469,232.5449981689453,315.6400146484375,926.5,516.6199951171875,672.6500244140625,118.16000366210938,190.60000610351562,419.16009521484375,199.5299072265625,40.76499938964844,20.7450008392334,27.774999618530273,50.744998931884766,88.57499694824219,52.5,527.7100219726562,391.9599914550781,87.62999725341797,324.05499267578125,313.44000244140625,226.41000366210938,81.9000015258789,149.24000549316406,2403500,326674,285865,3169768,2487380,132200,71112,3038560,333444,508318,494526,582540,413208,363667,1413551,164800,8960688,454220,992166,103766,229731,660669,409384,322594,2218521,6997175,530144,1971903,2388037,824861,336131,848191,84295,5080991,108689,637092,371600,446211,969888,1111548
2026-04-20 17:30:00+00:00,273.45001220703125,204.92999267578125,248.6199951171875,274.3500061035156,247.80499267578125,330.2699890136719,201.63999938964844,53.814998626708984,45.23500061035156,132.71499633789062,117.41999816894531,183.8699951171875,194.85499572753906,36.27000045776367,338.364990234375,934.594970703125,65.5,232.2100067138672,316.0,926.64501953125,516.719970703125,672.64501953125,117.87999725341797,190.6999969482422,418.6199951171875,200.58999633789062,40.65999984741211,20.780000686645508,27.670000076293945,51.0,88.54499816894531,52.5099983215332,526.6799926757812,392.9100036621094,87.58499908447266,323.0498962402344,312.9700012207031,226.27999877929688,81.93000030517578,148.84500122070312,2711593,414081,559284,2858853,2681049,167533,82272,3479407,429955,598625,376891,481263,502342,363479,1095906,135491,10179006,345040,572500,106289,193402,766075,525189,381560,1936655,13358656,1124262,2561895,1796088,949687,359566,1429632,135523,4973314,154928,927816,660416,381772,1075181,1141631
2026-04-20 18:30:00+00:00,272.69000244140625,204.3800048828125,248.2899932861328,275.5299987792969,248.13999938964844,330.0199890136719,201.3699951171875,53.88999938964844,45.095001220703125,132.94000244140625,116.75,183.41000366210938,195.22999572753906,36.099998474121094,338.3598937988281,938.0999755859375,65.4999008178711,230.92999267578125,316.3699951171875,923.2899780273438,516.3699951171875,670.70751953125,117.51000213623047,190.5800018310547,417.3299865722656,201.1300048828125,40.39500045776367,20.760000228881836,27.57990074157715,51.150001525878906,88.17500305175781,52.029998779296875,526.7100219726562,392.2699890136719,87.41999816894531,323.3599853515625,313.5150146484375,225.75,82.04000091552734,148.07000732421875,2176297,442502,316644,3242167,3096367,264909,93201,3620618,597324,1126816,489151,1324958,773032,515813,1325989,218022,8433261,725437,821869,156928,241048,842036,1040835,505863,2393320,10484052,1511537,1407645,2006652,1354985,529745,1914759,169099,5461892,120465,806210,880452,333474,1399865,1312147
2026-04-20 19:30:00+00:00,272.92999267578125,203.71449279785156,248.65499877929688,274.9599914550781,248.2899932861328,329.8800048828125,200.69000244140625,53.939998626708984,45.119998931884766,133.0500030517578,116.44000244140625,183.24000549316406,195.50999450683594,36.01499938964844,337.3900146484375,941.469970703125,65.71499633789062,230.60000610351562,317.0899963378906,920.4000244140625,516.8099975585938,670.9500122070312,117.11000061035156,190.7100067138672,418.1099853515625,202.11000061035156,40.459999084472656,20.770000457763672,27.520000457763672,51.47999954223633,87.98999786376953,52.220001220703125,526.4500122070312,392.4599914550781,87.31999969482422,323.510009765625,313.9700012207031,226.27000427246094,81.9800033569336,147.67999267578125,3689439,947468,597149,2405613,4859780,344987,246797,5287258,920031,1125400,936376,952922,1223255,807841,2245403,377488,7767176,1835050,887667,314559,470521,1258552,1322011,783243,3279805,12574882,1114144,3749491,3210228,2097531,1270818,3051729,300415,4260155,171683,1105448,855694,579663,1919896,2501570
2026-04-21 13:30:00+00:00,269.5801086425781,204.75999450683594,252.56500244140625,281.3599853515625,252.69000244140625,335.8299865722656,197.61000061035156,54.39500045776367,45.52009963989258,134.75999450683594,117.12999725341797,182.77000427246094,198.72999572753906,36.904998779296875,338.4949951171875,940.530029296875,66.75070190429688,226.39999389648438,318.0249938964844,897.1300048828125,516.6199951171875,674.6754760742188,113.5999984741211,191.7677001953125,425.125,201.88999938964844,39.419898986816406,21.045000076293945,27.434999465942383,51.95000076293945,88.45999908447266,52.874000549316406,536.1500244140625,392.2349853515625,87.98999786376953,355.0,313.79998779296875,226.97999572753906,82.7249984741211,146.66000366210938,8494357,2058815,1612646,9546148,12693800,431896,388740,4661629,1519597,1702371,575641,1573699,2250026,1354920,3914210,297952,28342142,1821944,1234094,1324283,493620,1753065,2341176,953104,6269989,26931641,6400519,2510625,5150781,3196538,1313596,1876461,448907,13280966,192737,10454536,962078,596323,3298895,2756289
2026-04-21 14:30:00+00:00,267.92999267578125,204.77999877929688,249.74749755859375,280.4700012207031,252.24989318847656,330.9800109863281,196.31500244140625,53.93000030517578,45.67499923706055,132.74000549316406,117.98999786376953,184.24000549316406,193.07000732421875,37.2599983215332,337.1400146484375,931.780029296875,66.59500122070312,225.4199981689453,315.6700134277344,894.4625244140625,513.10498046875,672.344970703125,112.29499816894531,189.69000244140625,424.69500732421875,201.0500030517578,38.935001373291016,21.145000457763672,27.364999771118164,51.43000030517578,88.58499908447266,53.07500076293945,526.9500122070312,390.5249938964844,88.16999816894531,347.4175109863281,310.8949890136719,229.3300018310547,81.96499633789062,148.05999755859375,5401167,589241,659656,6250937,5442507,463967,381262,3523171,1436491,618465,516772,1144524,943556,436038,1954671,253239,14923451,1044840,595087,818858,454227,985532,2086090,557571,5032056,13287102,6266000,2019451,4541116,1696811,799232,1680864,335967,8598510,114769,4203080,958111,463591,1705339,2039544
2026-04-21 15:30:00+00:00,265.8599853515625,205.75,249.88499450683594,282.7449951171875,251.9949951171875,332.1199951171875,197.75,53.80500030517578,45.744998931884766,132.91000366210938,118.3550033569336,184.4600067138672,192.7899932861328,37.369998931884766,334.8575134277344,929.780029296875,66.30500030517578,224.8800048828125,314.989990234375,900.7150268554688,511.6499938964844,670.57861328125,112.86000061035156,189.92999267578125,424.95001220703125,199.89500427246094,39.029300689697266,21.165000915527344,27.56999969482422,51.30500030517578,88.68000030517578,53.0,526.2349853515625,388.3689880371094,88.26000213623047,351.70001220703125,309.6499938964844,229.8074951171875,81.91000366210938,148.24000549316406,5635814,684159,286846,4992053,4541841,203186,374725,2590302,599548,559892,567512,853684,805482,419697,1964879,174361,7903982,1189270,613588,300597,330321,608977,1490544,341279,2810245,11146811,2343174,872064,4433031,845042,500905,929890,127735,5050425,81414,2075025,646434,198093,1255648,1163052
2026-04-21 16:30:00+00:00,266.1600036621094,205.7050018310547,248.5399932861328,281.3349914550781,251.5800018310547,330.79998779296875,196.19000244140625,53.546199798583984,45.939998626708984,132.13999938964844,119.11000061035156,185.27000427246094,191.5399932861328,37.67499923706055,332.8399963378906,924.4199829101562,65.75,225.88999938964844,314.04998779296875,901.7050170898438,512.1199951171875,669.1900024414062,112.33499908447266,189.07000732421875,424.760009765625,199.32000732421875,38.95500183105469,21.239900588989258,27.5,50.9900016784668,88.80000305175781,52.86000061035156,524.6875,385.8399963378906,88.36000061035156,350.7950134277344,310.010009765625,231.74000549316406,81.80500030517578,148.67999267578125,6382916,485051,469402,3615157,4100944,210139,189027,3087227,528723,715243,597647,956281,460901,418418,2283312,140706,8657045,985361,460213,212048,264989,741559,991726,329542,3134333,10479999,1855390,1162738,2033933,1174097,217506,995227,108749,6346929,108182,1701797,557266,198900,1145282,1332050
2026-04-21 17:30:00+00:00,266.375,204.9949951171875,248.74000549316406,284.2349853515625,251.11000061035156,329.80499267578125,196.78500366210938,53.404998779296875,45.90999984741211,132.28500366210938,119.22000122070312,185.41000366210938,191.0449981689453,37.529998779296875,332.7900085449219,925.6649780273438,66.01499938964844,225.60000610351562,313.5201110839844,902.4949951171875,511.5450134277344,670.8699951171875,112.45500183105469,189.36000061035156,425.7900085449219,199.93099975585938,39.334999084472656,21.235000610351562,27.454999923706055,50.95000076293945,88.54000091552734,52.80500030517578,523.5,389.05499267578125,88.13500213623047,351.8399963378906,310.260009765625,232.10000610351562,81.43840026855469,148.57000732421875,3327326,826036,346246,3555974,2719056,211452,167507,2911308,677050,688971,686867,1310159,666539,856164,2010982,182243,6581808,925083,474226,201559,332955,747767,1147728,269809,2672315,10018449,2099547,1223148,2905144,1101816,434516,1118897,144678,5610215,162256,1755083,421834,146412,1802862,1443187
2026-04-21 18:30:00+00:00,267.9599914550781,205.45579528808594,248.6199951171875,285.5801086425781,251.4199981689453,331.3999938964844,196.9499969482422,53.64500045776367,45.82500076293945,132.8300018310547,119.75,185.50999450683594,194.97999572753906,37.3650016784668,334.32501220703125,931.9749755859375,66.5250015258789,226.07000732421875,315.0,908.5800170898438,513.1699829101562,674.0,112.69999694824219,190.53500366210938,426.464111328125,200.95700073242188,39.595001220703125,21.190000534057617,27.485000610351562,51.31010055541992,88.44999694824219,53.02000045776367,528.8599853515625,390.06500244140625,88.11000061035156,348.375,310.5199890136719,232.44000244140625,81.9800033569336,147.80499267578125,5107191,387815,348637,4107996,3922213,255618,203452,3128134,815947,631597,1084545,1019915,932614,692365,2480211,178283,8227778,1251974,485934,281827,418114,745497,931416,367403,2548742,9959608,2539674,1414292,2098929,2327686,394241,1529391,181299,4577407,165984,1672395,560424,208606,1660660,2104825
2026-04-21 19:30:00+00:00,266.2200012207031,205.1300048828125,247.1199951171875,284.4200134277344,249.9499969482422,329.7300109863281,195.77999877929688,53.470001220703125,45.900001525878906,131.6750030517578,120.25,185.9949951171875,194.4199981689453,37.665000915527344,332.2799987792969,926.3900146484375,66.30000305175781,226.14999389648438,313.010009765625,903.02001953125,511.239990234375,668.9000244140625,112.55999755859375,189.30999755859375,424.25,199.91000366210938,39.41999816894531,21.149999618530273,27.31999969482422,50.89500045776367,88.66000366210938,52.77000045776367,524.8699951171875,386.4800109863281,88.38999938964844,346.0199890136719,309.9049987792969,233.44000244140625,81.5250015258789,148.3699951171875,6237992,889969,742712,4015383,3880657,378143,332423,4799239,1141193,1464112,1498042,1241898,1239875,1257758,3562599,247483,7877227,1612759,909914,352090,473004,1209625,1477313,649398,3947394,11675449,2477742,3375588,3649764,1596786,1064990,2853468,379676,4299665,280111,1673340,1006126,434797,2645670,3038176
2026-04-22 13:30:00+00:00,271.94000244140625,204.375,257.7300109863281,295.1817932128906,253.19500732421875,333.55499267578125,196.25999450683594,53.51499938964844,46.29999923706055,131.24000549316406,121.66000366210938,187.36000061035156,189.74000549316406,37.63999938964844,338.29998779296875,936.135009765625,66.34500122070312,226.2100067138672,313.7698059082031,920.6500244140625,510.739990234375,675.739990234375,112.75,191.30999755859375,431.125,200.36000061035156,39.220001220703125,20.9950008392334,26.885000228881836,51.22999954223633,88.98999786376953,54.47999954223633,523.3200073242188,392.75830078125,89.04000091552734,355.4100036621094,310.54998779296875,232.4550018310547,81.47000122070312,149.41000366210938,11027751,870401,2426760,11956217,7277602,654008,327251,4649773,1837764,1245306,1145970,2038449,842556,939786,5089304,247325,28166777,1397368,866103,566617,390560,2023222,1202099,678602,6994974,25702217,4998445,2772599,8043693,2087606,970003,2950398,216786,13071936,193856,3372212,1154446,548544,1869183,2845708
2026-04-22 14:30:00+00:00,272.40008544921875,203.61000061035156,254.67999267578125,297.8500061035156,253.0,332.56500244140625,196.53500366210938,53.38999938964844,46.43000030517578,130.8699951171875,122.19000244140625,187.375,187.9600067138672,37.72999954223633,337.42999267578125,938.8599853515625,66.08999633789062,224.99000549316406,312.8500061035156,917.9099731445312,508.4200134277344,675.0698852539062,112.37000274658203,191.6649932861328,432.135009765625,201.6009063720703,39.09000015258789,21.045000076293945,26.864999771118164,50.959999084472656,88.94499969482422,54.529998779296875,517.6900024414062,389.614990234375,89.125,356.6400146484375,309.66009521484375,234.07000732421875,81.12000274658203,148.6750030517578,5075100,500218,807075,7187181,4098004,415090,184616,2658834,880120,881768,1119769,987768,869057,725440,1595171,173172,10035077,730058,606110,272100,278623,864507,659724,482595,3823764,16102669,2776754,2597700,3824563,1022679,366094,1259715,179860,6488881,168712,1838610,532952,305950,2617004,2068180
2026-04-22 15:30:00+00:00,272.69000244140625,202.66000366210938,256.7300109863281,296.1400146484375,252.9998016357422,332.8699951171875,195.86000061035156,53.06999969482422,46.32500076293945,130.27000427246094,122.38999938964844,186.93099975585938,187.72000122070312,37.79499816894531,336.82000732421875,933.0499877929688,65.42500305175781,224.2899932861328,312.20001220703125,919.0900268554688,506.6300048828125,674.0050048828125,112.7300033569336,191.5,431.7099914550781,201.09500122070312,39.0161018371582,21.065000534057617,26.80500030517578,50.97999954223633,89.17500305175781,54.435001373291016,517.1199951171875,389.8999938964844,89.25,356.0899963378906,309.2099914550781,233.7100067138672,80.88500213623047,148.2899932861328,4099370,477091,553561,4391857,3028785,429645,146957,3216761,1055093,775109,718021,607793,658444,303177,1492860,163454,7860654,735797,471441,167563,164573,634205,567379,422896,2656942,8980435,1924407,1795670,3702999,573469,473176,1044312,129799,5545700,131165,1366623,604344,156003,1042788,939672
2026-04-22 16:30:00+00:00,273.2099914550781,201.99000549316406,254.8000030517578,300.44000244140625,253.27000427246094,332.3999938964844,195.77999877929688,53.20989990234375,46.35499954223633,130.3350067138672,122.83999633789062,187.19000244140625,186.6999969482422,38.06999969482422,336.80999755859375,934.9299926757812,65.65499877929688,224.3300018310547,312.81500244140625,920.75,506.57000732421875,675.2000122070312,112.70999908447266,191.80999755859375,431.30999755859375,201.7449951171875,38.97990036010742,21.200000762939453,26.8799991607666,51.025001525878906,89.44499969482422,54.33000183105469,515.864990234375,390.4649963378906,89.44999694824219,354.3800048828125,308.92999267578125,234.72000122070312,80.92500305175781,148.80999755859375,2955513,624055,502661,6992320,3367362,366359,231092,1938618,647874,941722,564669,461549,548916,388122,2176673,89570,9739851,557382,356826,168846,218794,594454,470233,390426,2034614,8787583,1404093,3097990,1959913,745658,235198,1568279,123405,4781167,150028,866300,692683,101984,1130773,910579
2026-04-22 17:30:00+00:00,272.68499755859375,201.5800018310547,254.21499633789062,300.0799865722656,253.875,331.79998779296875,195.6649932861328,53.03499984741211,46.3650016784668,129.7550048828125,122.80000305175781,187.25999450683594,185.76589965820312,38.154998779296875,338.0799865722656,933.739990234375,65.43009948730469,224.0399932861328,312.6600036621094,919.0900268554688,505.8550109863281,675.7650146484375,112.70999908447266,191.44000244140625,430.7799987792969,201.6649932861328,38.994998931884766,21.2549991607666,26.834999084472656,51.084999084472656,89.42500305175781,54.42499923706055,515.2650146484375,388.42498779296875,89.41999816894531,352.4800109863281,308.67999267578125,233.72000122070312,80.86750030517578,149.16510009765625,3034300,621221,441946,4460067,3327088,429007,64622,1869824,529078,800324,539559,442475,505354,328326,1292506,120720,6208940,592024,339330,192695,177407,875272,408763,398675,1984653,11135412,1235407,1602583,2842870,723928,222504,992713,174677,3960454,67262,758933,386365,130129,1009692,793609
2026-04-22 18:30:00+00:00,272.7099914550781,200.80999755859375,255.08999633789062,302.46051025390625,254.52000427246094,332.7200012207031,195.3300018310547,53.095001220703125,46.45000076293945,129.85000610351562,122.98999786376953,187.05999755859375,185.1649932861328,38.04499816894531,339.2049865722656,932.280029296875,65.41500091552734,225.0050048828125,312.95001220703125,918.9400024414062,509.4100036621094,675.864990234375,112.9000015258789,191.07000732421875,431.9049987792969,201.6750030517578,39.025001525878906,21.239999771118164,26.905000686645508,51.28030014038086,89.56999969482422,54.439998626708984,517.5750122070312,389.2388000488281,89.37999725341797,353.9150085449219,310.5199890136719,234.39500427246094,80.59500122070312,149.5679931640625,2582682,1321811,621188,5795919,3742194,556782,123131,2233482,478970,924750,433175,678856,650445,325984,1779508,119442,8106920,1125054,487429,249115,220944,727257,1864325,540199,2056109,9664746,1666085,1805323,2552947,917720,338011,1553170,256975,5338993,90201,1072296,579077,196191,1591436,1066053
2026-04-22 19:30:00+00:00,273.19000244140625,200.4499969482422,255.92999267578125,303.44000244140625,255.33999633789062,332.8699951171875,194.8699951171875,53.095001220703125,46.369998931884766,129.69000244140625,122.61000061035156,186.32000732421875,183.97000122070312,37.970001220703125,339.3699951171875,934.52001953125,65.23999786376953,226.0800018310547,312.9700012207031,921.280029296875,510.20001220703125,674.6699829101562,112.875,190.97999572753906,432.67999267578125,202.4199981689453,39.150001525878906,21.18000030517578,26.780000686645508,51.20000076293945,89.48500061035156,54.380001068115234,514.1400146484375,387.20001220703125,89.58000183105469,353.4100036621094,311.25,234.32000732421875,80.56500244140625,149.47999572753906,4278621,1646936,829294,5129373,4950449,776082,391758,3367449,969629,1842296,884024,1425246,1089657,675333,2290845,205644,7659885,1492396,804103,420219,303358,1334271,1293669,761401,3874375,11389298,2568894,1972304,5776153,1317453,517278,2271665,394724,5837654,102926,1375367,708899,327854,2264745,1940684
2026-04-23 13:30:00+00:00,273.9049987792969,201.25,236.4149932861328,305.8500061035156,255.69000244140625,325.1700134277344,195.6699981689453,53.43000030517578,46.279998779296875,129.6999969482422,124.1500015258789,186.57000732421875,177.8300018310547,38.005001068115234,339.57000732421875,940.39501953125,66.9000015258789,228.86000061035156,314.3699951171875,921.75,504.739990234375,663.8699951171875,114.11000061035156,191.18499755859375,418.81500244140625,201.76010131835938,38.47999954223633,21.189899444580078,26.565000534057617,49.88999938964844,89.26000213623047,54.91999816894531,472.1199951171875,369.0899963378906,89.91999816894531,354.3800048828125,307.7200012207031,231.9499969482422,81.21499633789062,149.8699951171875,6409699,879274,4277868,11229456,7583137,933725,340319,4029800,1363257,821366,1114899,1125959,2152875,893205,3990786,202358,33408454,895186,1014320,396568,380839,2735741,1482622,502091,11257867,27402057,3442307,2829941,7296734,2621010,710894,5236910,1723680,34651580,161538,1503801,1497248,565455,2353726,2617580
2026-04-23 14:30:00+00:00,273.67999267578125,201.30999755859375,237.5500030517578,308.80999755859375,257.3500061035156,322.614990234375,195.8800048828125,53.314998626708984,46.13999938964844,129.67999267578125,124.52999877929688,185.77000427246094,175.89999389648438,37.970001220703125,340.91119384765625,943.4400024414062,67.56990051269531,229.59939575195312,313.9045104980469,919.3400268554688,500.7974853515625,668.2249755859375,113.93000030517578,191.48500061035156,422.5,202.5084991455078,38.740699768066406,21.2549991607666,26.510000228881836,49.85969924926758,89.12999725341797,55.185001373291016,462.8699951171875,377.4750061035156,89.94000244140625,354.875,306.7200012207031,231.24000549316406,81.24500274658203,148.85000610351562,2403732,850008,1101531,5463716,6676721,573014,212355,1788203,1055031,512089,1031263,606237,1247172,248089,1749720,141961,14637674,879221,400230,238078,368398,1113897,780490,304169,3955128,12933498,1990049,1735366,3961617,1165896,418078,2269093,830033,13595504,134641,960483,1053140,258035,1099171,1302647
2026-04-23 15:30:00+00:00,273.6000061035156,200.7899932861328,237.2899932861328,308.92498779296875,256.9599914550781,320.4100036621094,194.72999572753906,53.125,46.1150016784668,129.27499389648438,124.5999984741211,186.2550048828125,177.52999877929688,38.06999969482422,340.4049987792969,940.75,67.98500061035156,230.01499938964844,313.7300109863281,914.4849853515625,502.0450134277344,665.1699829101562,113.76000213623047,190.85000610351562,417.92999267578125,201.10629272460938,38.564998626708984,21.2450008392334,26.405000686645508,49.78499984741211,89.12000274658203,55.14500045776367,460.5050048828125,379.25,89.90910339355469,354.82000732421875,307.0899963378906,231.2100067138672,81.08000183105469,149.32000732421875,2252095,689416,690314,4683127,3361112,605125,101867,1545311,556899,420143,858046,509683,850483,196199,1516592,107977,12661635,602259,587786,189378,317807,742866,456314,282319,3460829,12307243,761132,1345077,3649970,1206853,344065,1567556,489626,9806580,91518,748536,753086,202570,1292855,1048322
2026-04-23 16:30:00+00:00,272.239990234375,200.64999389648438,236.8800048828125,303.80999755859375,254.74000549316406,315.9649963378906,193.30499267578125,52.46500015258789,46.08000183105469,127.62999725341797,124.91999816894531,186.77999877929688,177.22999572753906,38.7400016784668,337.7300109863281,930.375,67.41000366210938,230.38999938964844,310.44000244140625,912.0499877929688,499.31500244140625,658.3049926757812,114.23999786376953,188.48500061035156,415.20001220703125,199.43499755859375,38.33000183105469,21.3700008392334,26.46500015258789,49.47999954223633,89.1500015258789,55.17499923706055,457.6199951171875,372.8999938964844,89.99500274658203,353.05999755859375,305.5474853515625,233.41000366210938,80.37999725341797,149.9250030517578,4159022,618543,506049,4202058,3329357,553110,159168,2924102,1450473,868347,789461,817043,1318104,780118,1699225,314569,12113043,589126,477847,165080,179762,911103,606980,418435,3883027,11762619,969574,1614506,3029328,953180,262946,1391802,405939,9664757,86052,868526,617786,196734,1313876,1375206
2026-04-23 17:30:00+00:00,273.6600036621094,200.8300018310547,238.66000366210938,304.4150085449219,255.3300018310547,316.95001220703125,193.39999389648438,52.5099983215332,46.310001373291016,128.13999938964844,125.0,187.77999877929688,178.52999877929688,38.834999084472656,340.3500061035156,932.6500244140625,67.63999938964844,230.9199981689453,311.3399963378906,917.6849975585938,503.1499938964844,658.4099731445312,114.68000030517578,188.97000122070312,415.090087890625,199.13999938964844,38.45500183105469,21.405000686645508,26.514999389648438,49.80500030517578,89.55999755859375,55.36970138549805,461.3399963378906,374.0799865722656,90.20500183105469,353.70001220703125,307.8999938964844,234.72999572753906,80.625,150.10000610351562,3978695,882686,655495,5581112,4056744,489504,208803,4554585,2608758,866984,869405,1033213,1270503,1065025,2447634,247929,10432644,582940,1117036,179751,213281,2040721,597949,531713,4123860,16660403,1580028,1272508,3643653,1307859,625861,1537812,431273,8856225,117098,757356,670315,224922,1595133,1810787
2026-04-23 18:30:00+00:00,274.1700134277344,201.5399932861328,239.55999755859375,303.8999938964844,255.64999389648438,317.1600036621094,192.63999938964844,52.474998474121094,46.2400016784668,127.9800033569336,124.69000244140625,187.5399932861328,179.5,38.685001373291016,339.364990234375,930.9425048828125,66.6093978881836,231.0803985595703,311.94488525390625,919.6099853515625,504.260009765625,659.6699829101562,114.81999969482422,188.6199951171875,416.3363037109375,199.11000061035156,38.511600494384766,21.264999389648438,26.56999969482422,49.88999938964844,89.31500244140625,54.95500183105469,464.5899963378906,373.9599914550781,90.30000305175781,353.17999267578125,308.6600036621094,233.4949951171875,80.59850311279297,150.24000549316406,2790476,609391,630012,3315533,2427455,428176,305178,3638010,1402239,787526,868775,655420,1153459,550871,1176573,70057,9574311,955296,481933,194089,256727,983126,527472,360572,3327677,8347959,1019216,1084951,3844592,1148010,224990,2373244,645925,5535844,125681,590928,791345,256176,1542378,946135
2026-04-23 19:30:00+00:00,273.44000244140625,200.99000549316406,239.00999450683594,305.239990234375,255.1199951171875,318.3900146484375,192.22000122070312,52.435001373291016,46.349998474121094,128.4600067138672,124.37999725341797,187.58999633789062,178.55999755859375,38.61000061035156,339.0,931.239990234375,66.8499984741211,230.6300048828125,311.70001220703125,917.219970703125,502.3999938964844,659.3300170898438,114.62000274658203,188.6300048828125,415.75,199.7100067138672,38.52000045776367,21.270000457763672,26.656999588012695,49.7599983215332,89.27999877929688,54.779998779296875,466.70001220703125,373.6300048828125,90.46499633789062,354.5199890136719,308.8299865722656,233.8300018310547,80.4800033569336,150.5399932861328,2753801,1109443,1014219,2794920,3546517,500287,659541,5934779,1273507,1052764,1127802,863104,1266214,753365,1973516,187525,12073153,1032327,870666,273430,440031,1159696,872951,554320,2912634,8139245,1769070,1340789,7119302,1392402,548243,3590107,830265,4210319,257316,887956,908820,343022,2083020,1963958
2026-04-24 13:30:00+00:00,272.07000732421875,199.16000366210938,240.32290649414062,346.3399963378906,260.7449951171875,315.1520080566406,189.07000732421875,52.275001525878906,46.21500015258789,127.68000030517578,122.79000091552734,185.5800018310547,178.2899932861328,38.18000030517578,338.19830322265625,920.8699951171875,82.26499938964844,228.58999633789062,309.6099853515625,878.27001953125,501.3800048828125,665.0800170898438,112.58000183105469,187.6199951171875,417.64990234375,202.60499572753906,40.849998474121094,20.725000381469727,26.985000610351562,49.85499954223633,89.2699966430664,55.55699920654297,471.260009765625,373.67999267578125,90.2300033569336,354.3599853515625,306.8599853515625,233.25,80.06559753417969,148.80999755859375,6679041,1281796,1358543,33396334,15481391,568512,707887,4463422,1227945,883842,1614206,1477541,1303069,600229,4702508,298227,127772461,894107,749154,1111052,424869,2841703,1025382,528024,5966443,36820806,8982534,2484444,8635080,1745170,1083809,5176586,717396,21246676,153731,1367393,1245285,207465,2030140,1740022
2026-04-24 14:30:00+00:00,270.67999267578125,197.6750030517578,239.90499877929688,347.6199951171875,261.4100036621094,313.125,188.50999450683594,52.2401008605957,46.28499984741211,127.93000030517578,121.70500183105469,184.56500244140625,176.94000244140625,38.03499984741211,339.989990234375,921.1950073242188,82.62989807128906,227.75,309.46990966796875,880.47998046875,500.5899963378906,672.4500122070312,111.63999938964844,187.80999755859375,419.8800048828125,208.9158935546875,40.51969909667969,20.68000030517578,26.71500015258789,49.83000183105469,89.27999877929688,54.59000015258789,469.19000244140625,375.9800109863281,89.97000122070312,353.1400146484375,306.7300109863281,233.36000061035156,79.7699966430664,147.92999267578125,2757059,651910,583950,11551774,5498676,340684,316842,2732667,1207645,493695,1091916,890352,1042703,172940,3376214,132948,30203119,603589,466356,865582,233485,1301547,930559,268477,2541314,53306667,4441359,997427,9996933,1597344,550702,5743683,414628,8237145,191970,841371,410058,251436,1697275,1152326
2026-04-24 15:30:00+00:00,270.989990234375,198.08999633789062,241.0225067138672,351.0,262.3500061035156,313.4700012207031,189.27000427246094,52.06999969482422,46.08000183105469,128.03500366210938,120.94999694824219,184.38999938964844,178.5,37.75,343.30999755859375,926.3599853515625,81.29340362548828,227.875,308.6000061035156,882.880126953125,502.9800109863281,675.27001953125,112.15499877929688,188.2050018310547,418.7699890136719,209.5749969482422,40.744998931884766,20.579999923706055,26.84000015258789,50.029998779296875,89.0,55.900001525878906,471.95001220703125,374.0299987792969,89.68000030517578,351.7200012207031,307.5199890136719,233.93499755859375,79.69999694824219,147.39999389648438,3542918,701175,1097418,9665284,7737499,279546,388313,3070205,1398232,543623,1625137,1611224,625082,861799,5548275,164785,21480763,680639,491432,413996,385873,1782027,568779,452908,3061601,31167268,2175842,2849763,3023703,538780,450401,1922917,242305,6753205,100800,1888390,628356,195918,1480387,1379839
2026-04-24 16:30:00+00:00,270.06500244140625,198.3800048828125,242.05499267578125,346.5950012207031,262.6499938964844,314.57000732421875,189.0050048828125,52.060001373291016,45.98500061035156,128.36000061035156,120.73500061035156,183.86500549316406,178.58999633789062,37.744998931884766,342.7900085449219,926.3200073242188,80.8499984741211,228.22000122070312,308.5199890136719,881.094970703125,504.19000244140625,677.2100219726562,112.01000213623047,188.08999633789062,418.82000732421875,209.3300018310547,40.840999603271484,20.53499984741211,26.89069938659668,50.17499923706055,88.8949966430664,56.720001220703125,473.9200134277344,375.55999755859375,89.5199966430664,352.6000061035156,308.67999267578125,233.75999450683594,79.51000213623047,147.52000427246094,3376037,469293,692290,6279545,5368185,224619,131475,3325275,335052,411561,748727,748779,581529,180578,1828233,73394,27615342,431583,403499,266238,207672,1559587,426441,236264,2083647,23047260,1192864,579059,2721216,424064,223324,1783739,208823,5857231,61720,1622320,432261,82842,1233798,1000585
2026-04-24 17:30:00+00:00,269.9599914550781,198.19000244140625,243.99000549316406,346.014892578125,263.1650085449219,314.77679443359375,189.10000610351562,52.10499954223633,46.10499954223633,128.27999877929688,120.53500366210938,184.2100067138672,178.27999877929688,37.81999969482422,343.30999755859375,925.148681640625,80.91000366210938,227.6750030517578,308.57000732421875,878.1254272460938,504.8349914550781,674.9249877929688,111.89129638671875,188.02000427246094,422.0,208.1927032470703,40.86000061035156,20.71500015258789,26.969999313354492,50.3849983215332,89.03500366210938,56.27000045776367,471.15130615234375,375.18890380859375,89.62999725341797,353.3900146484375,308.7799987792969,234.1300048828125,79.36499786376953,147.85000610351562,3006016,398887,397681,4951256,3466388,243970,162969,2390528,357890,577238,1232595,475456,643071,214097,1837106,82330,21252831,319937,381215,293675,142418,1032145,331280,364602,1997403,14007833,1492094,2812283,3085332,505597,197560,2137915,201065,6111344,81668,524719,465014,130183,1549057,891317
2026-04-24 18:30:00+00:00,270.0899963378906,198.4600067138672,244.75999450683594,346.32000732421875,263.9599914550781,314.7799987792969,189.13999938964844,52.025001525878906,46.15999984741211,127.9749984741211,120.83000183105469,184.1999969482422,177.5,37.84000015258789,344.42999267578125,925.02001953125,80.62999725341797,228.05499267578125,308.25,885.5800170898438,504.7149963378906,677.380126953125,112.0,187.91009521484375,423.6099853515625,208.51800537109375,41.130001068115234,20.795000076293945,27.020000457763672,50.529998779296875,89.08000183105469,56.400001525878906,468.760009765625,376.70001220703125,89.86000061035156,353.7799987792969,308.75,234.72000122070312,79.48999786376953,148.2100067138672,3623118,950687,525674,5585211,4024691,295207,175334,2567913,352190,710468,1487536,805341,701527,200111,2170222,92311,15747352,565860,489131,471119,192657,1097353,664013,606344,3061884,18107042,1889031,825916,3120573,691630,355581,2169280,231544,5003142,114453,558716,395395,139404,2160603,1016907
2026-04-24 19:30:00+00:00,271.05999755859375,198.63999938964844,245.36000061035156,347.760009765625,263.8800048828125,313.9100036621094,189.66000366210938,52.040000915527344,46.2400016784668,127.97000122070312,121.66000366210938,185.11000061035156,177.24000549316406,37.95000076293945,344.2900085449219,926.9400024414062,82.55999755859375,227.4550018310547,308.2900085449219,884.27001953125,504.1600036621094,674.8900146484375,111.86000061035156,188.0500030517578,424.5799865722656,208.19000244140625,41.18000030517578,20.8799991607666,26.985000610351562,50.459999084472656,89.0999984741211,56.16999816894531,469.6099853515625,376.1600036621094,89.7300033569336,354.8999938964844,309.4200134277344,235.77999877929688,79.41000366210938,148.86000061035156,4744314,982330,958359,4757645,5264325,557412,409026,4655912,854023,924938,1775615,1596333,954575,313093,3157119,204936,20694206,918543,864485,466395,382922,1320224,1196485,945163,3079854,16073082,3066856,3257190,6151250,1565970,1005643,2349621,394703,4564842,159611,1073682,1037687,285646,2283735,2436438
2026-04-27 13:30:00+00:00,267.3599853515625,199.63250732421875,243.22500610351562,334.7699890136719,262.19500732421875,315.6099853515625,189.39500427246094,52.650001525878906,46.4900016784668,128.36000061035156,122.09500122070312,186.64999389648438,179.8719940185547,38.36000061035156,350.75,933.4199829101562,84.35009765625,225.92999267578125,310.7699890136719,878.469970703125,506.9700012207031,676.1599731445312,111.82499694824219,188.9499969482422,424.6182861328125,208.69500732421875,41.39509963989258,21.360000610351562,27.060100555419922,49.95000076293945,88.08000183105469,55.720001220703125,469.67999267578125,367.25,90.30000305175781,351.8699951171875,310.260009765625,239.77999877929688,80.06999969482422,150.13999938964844,10219067,2014386,1317957,20200683,13301077,786204,271808,5723205,2265886,1022271,2663985,1725699,833506,885376,8968845,210233,73104277,1193067,1578458,569833,432057,3160421,1159907,677404,8655272,46698474,6324510,5605402,7515123,2543319,5140587,3299393,358155,16805521,219141,1422939,1439643,370048,2922072,2528537
2026-04-27 14:30:00+00:00,267.1099853515625,199.69000244140625,242.1072998046875,333.6000061035156,261.31500244140625,316.2300109863281,189.77000427246094,52.540000915527344,46.48500061035156,128.27000427246094,121.5199966430664,185.47500610351562,180.6699981689453,38.22999954223633,350.2950134277344,929.239990234375,83.25,225.52999877929688,310.2349853515625,880.60498046875,507.614990234375,676.510009765625,111.44499969482422,188.57000732421875,422.8900146484375,209.8800048828125,41.345001220703125,21.18000030517578,26.94499969482422,50.099998474121094,87.94999694824219,55.525001525878906,470.7300109863281,365.95001220703125,89.98999786376953,349.7550048828125,310.1300048828125,237.19500732421875,80.1050033569336,149.09500122070312,3251687,692021,601428,5906824,5554207,234186,310841,2514432,1672512,525005,1601731,1109433,538822,436899,3849096,189478,22964420,846816,591082,204695,348416,1940233,1339873,405839,3395861,18121354,2828824,2428125,3170034,866085,2938648,1920174,186211,9891777,114936,812810,720085,208298,1383189,1228664
2026-04-27 15:30:00+00:00,266.2950134277344,199.57000732421875,240.97999572753906,332.9798889160156,263.07000732421875,316.0400085449219,188.72000122070312,52.53499984741211,46.20000076293945,128.4499969482422,121.05999755859375,184.25,180.72000122070312,38.040000915527344,351.65008544921875,932.6199951171875,83.2699966430664,226.00010681152344,310.5450134277344,881.7680053710938,507.68499755859375,675.2650146484375,111.5999984741211,189.22000122070312,423.6199951171875,211.4550018310547,41.55500030517578,21.165000915527344,26.950000762939453,50.0099983215332,87.0999984741211,55.51499938964844,468.614990234375,371.7900085449219,89.5199966430664,349.9700012207031,310.1650085449219,236.97000122070312,80.08000183105469,148.33999633789062,2679704,453855,474237,6001463,4033071,181614,183731,2310331,1135048,370527,773308,917830,486435,149718,2143404,89313,16426660,553400,435634,166842,205484,1461100,559868,252619,2140357,16541416,1601260,1511235,2125893,508995,2504553,1536178,157270,8650993,128961,458799,426780,160708,2394289,1001103
2026-04-27 16:30:00+00:00,266.8399963378906,198.63999938964844,240.38999938964844,335.1050109863281,262.75,315.75,188.0800018310547,52.4900016784668,46.095001220703125,128.4600067138672,120.55999755859375,184.0800018310547,181.25999450683594,38.08000183105469,352.2749938964844,933.5,83.01499938964844,225.52999877929688,310.6600036621094,880.8300170898438,506.6000061035156,680.0449829101562,111.30000305175781,189.21499633789062,425.0799865722656,213.61000061035156,41.44499969482422,21.075000762939453,26.889999389648438,49.894500732421875,86.68499755859375,55.52000045776367,468.6099853515625,377.6492919921875,89.2300033569336,350.4700012207031,309.4649963378906,238.89999389648438,80.13500213623047,148.40499877929688,2950643,529258,302479,4037449,3993728,156765,183985,1910153,609537,354103,1137203,880533,483427,162133,1897448,81762,15212963,497578,345367,188097,216029,963866,523484,242649,1819194,25911233,3643255,2659377,2741072,641570,2297054,1016013,151557,9453045,91304,419871,476181,221855,1458998,939070
2026-04-27 17:30:00+00:00,266.34991455078125,197.42999267578125,241.22500610351562,336.07000732421875,261.7300109863281,315.29998779296875,187.4949951171875,52.474998474121094,46.165000915527344,128.375,121.49500274658203,185.3350067138672,180.5399932861328,38.16999816894531,352.67498779296875,933.3099975585938,83.66500091552734,225.7899932861328,310.7900085449219,877.1199951171875,506.2250061035156,678.9099731445312,110.95899963378906,189.3000030517578,426.6400146484375,215.6999969482422,41.21979904174805,21.135000228881836,26.864999771118164,49.845001220703125,86.61000061035156,55.494998931884766,467.1875,378.7699890136719,89.16500091552734,352.3900146484375,309.3599853515625,239.5,80.15499877929688,148.6699981689453,2558668,478142,393921,2920587,3181435,180553,195237,1665595,888962,281895,1395369,1034440,546333,166801,1953199,72021,10720092,408506,346880,186091,158401,854364,605354,285490,2191234,24409920,1223966,2342333,2043164,760548,2320404,1160101,141545,8850339,143836,590517,400476,161697,944864,656796
2026-04-27 18:30:00+00:00,267.1499938964844,197.55999755859375,240.3300018310547,336.8699951171875,261.0199890136719,318.1300048828125,187.74000549316406,52.775001525878906,46.185001373291016,129.27000427246094,121.88999938964844,185.27999877929688,181.21499633789062,38.224998474121094,352.489990234375,939.4000244140625,83.94989776611328,225.47999572753906,312.32000732421875,874.0700073242188,506.67999267578125,678.6400146484375,110.62999725341797,190.42999267578125,424.6600036621094,215.49000549316406,41.150001525878906,21.024999618530273,26.860000610351562,49.834999084472656,87.19000244140625,55.33000183105469,467.5599060058594,379.05999755859375,89.2699966430664,354.3999938964844,309.3999938964844,238.74000549316406,80.65750122070312,148.6999969482422,2713356,708030,475495,4046281,4294920,288789,253070,2015943,839742,688772,1347294,827679,720339,241195,1977257,134367,11331856,679824,1134293,263563,245856,990750,800460,457714,2475589,20512380,1115864,2308368,4168109,686008,2117373,2127909,213452,6307769,102435,1349389,561070,165322,1868167,1009530
2026-04-27 19:30:00+00:00,267.67999267578125,197.39999389648438,239.39999389648438,334.4800109863281,261.0799865722656,318.8800048828125,187.5,52.63999938964844,45.959999084472656,129.16000366210938,121.69999694824219,184.8800048828125,180.63999938964844,38.05500030517578,350.3399963378906,938.02001953125,84.99500274658203,225.33999633789062,311.7300109863281,868.239990234375,506.54998779296875,678.4600219726562,110.23999786376953,190.17999267578125,425.05999755859375,216.6300048828125,41.18000030517578,20.969999313354492,26.81049919128418,49.779998779296875,86.88500213623047,55.244998931884766,468.0299987792969,378.70001220703125,88.77999877929688,354.7300109863281,309.7099914550781,238.27000427246094,80.58499908447266,148.19000244140625,4077895,1077995,585942,2958383,4677048,352770,418737,4266194,1365187,836903,1274368,1421320,801197,470136,3169390,167881,14619507,1318409,776117,487490,484845,1132318,2117924,652744,3086645,15881349,1976074,1904534,3301529,1012143,2055021,2521050,444914,4147136,184199,838284,778231,261612,2448367,2345157
2026-04-28 13:30:00+00:00,271.2799072265625,197.97000122070312,242.5,323.95001220703125,259.9800109863281,318.2149963378906,187.36000061035156,52.724998474121094,46.7599983215332,128.59500122070312,122.79000091552734,188.19000244140625,177.80999755859375,38.67499923706055,351.7699890136719,927.594970703125,82.81990051269531,229.86000061035156,312.57000732421875,872.7098999023438,512.8350830078125,672.760009765625,111.30000305175781,189.2899932861328,426.3901062011719,212.375,41.5,21.18000030517578,26.424999237060547,49.86000061035156,87.96499633789062,55.8849983215332,466.4100036621094,377.79998779296875,91.33999633789062,360.9949951171875,312.3399963378906,239.44000244140625,81.2699966430664,150.44000244140625,9095136,938942,1183963,18325696,10724715,483669,497601,4475933,4430039,1406232,1376599,2646596,859941,1581886,8057861,315749,43907550,1157001,1163539,449916,542271,2607553,1274458,713795,6859940,57845453,3582758,2992566,20264816,2226887,5993970,3076167,414341,16996899,423874,1832968,1513140,347547,2769804,3141211
2026-04-28 14:30:00+00:00,270.32501220703125,198.9600067138672,244.0200958251953,319.69989013671875,259.5400085449219,317.875,187.27000427246094,52.8650016784668,46.834999084472656,128.44000244140625,123.9000015258789,189.57000732421875,177.9199981689453,38.84000015258789,351.010009765625,929.260009765625,81.91000366210938,230.00999450683594,312.9800109863281,871.5499877929688,516.0399780273438,667.4149780273438,111.73500061035156,189.60499572753906,425.8002014160156,209.10000610351562,41.665000915527344,21.31100082397461,26.774999618530273,49.7400016784668,88.66999816894531,56.154998779296875,468.92498779296875,374.989990234375,91.58999633789062,365.07501220703125,312.9949951171875,238.99000549316406,81.71499633789062,151.88999938964844,5340855,565502,802473,6987949,6454938,274826,392927,2066961,2414116,784111,996111,2146150,374834,546021,3803220,165380,20243404,766617,504860,243507,456197,1716806,557370,427653,3134259,28861244,4924775,2524339,7018216,876243,3479197,1646972,195243,9253619,333397,1221765,717272,246545,1732891,2569740
2026-04-28 15:30:00+00:00,269.5159912109375,197.97000122070312,243.86000061035156,320.54998779296875,260.1600036621094,318.3599853515625,186.6649932861328,52.904998779296875,46.53499984741211,128.62010192871094,123.95999908447266,189.22999572753906,178.36000061035156,38.70500183105469,349.2200012207031,929.2449951171875,82.24849700927734,228.9199981689453,312.8399963378906,867.0900268554688,513.4600219726562,669.3381958007812,111.11000061035156,189.41000366210938,428.4949951171875,210.11000061035156,41.415000915527344,21.325000762939453,26.774999618530273,49.849998474121094,87.95999908447266,55.9900016784668,468.9100036621094,375.0899963378906,91.01000213623047,368.75,311.69000244140625,239.5399932861328,81.87000274658203,151.72999572753906,2719213,519721,395089,3040220,4374707,193772,554155,1270133,1544471,601346,955530,913306,294240,423120,2119118,86336,12012179,810111,294331,354477,296566,1049487,533757,207848,4087614,15869340,1805640,2190076,3981534,680943,1570799,1544620,227010,4547176,99686,1645503,643075,193975,1307609,1474558
2026-04-28 16:30:00+00:00,269.8699951171875,197.07000732421875,245.2050018310547,322.6401062011719,258.0,319.0400085449219,185.97500610351562,52.875,46.54999923706055,128.82000732421875,124.00499725341797,188.97000122070312,178.85000610351562,38.64500045776367,348.9049987792969,928.6599731445312,82.5199966430664,226.71499633789062,312.4501037597656,865.1500244140625,512.3599853515625,670.2200927734375,110.47000122070312,189.7949981689453,428.7300109863281,210.7899932861328,41.404998779296875,21.2549991607666,26.600000381469727,49.935001373291016,87.93000030517578,55.790000915527344,469.510009765625,376.30999755859375,91.1240005493164,368.45001220703125,311.5,239.3000030517578,81.80999755859375,151.4199981689453,1855230,682206,286751,2430314,3651187,245851,170646,1465243,878180,932391,574909,770354,315731,336715,1607125,138070,9818893,933199,377152,163720,385578,544970,524315,217750,2187584,12687956,881167,1665648,2736217,874424,2006728,1086687,129842,4207884,85410,1063222,551489,121494,1121724,1118399
2026-04-28 17:30:00+00:00,270.5,196.91000366210938,243.3249969482422,325.9599914550781,259.69000244140625,317.5400085449219,185.90499877929688,52.724998474121094,46.474998474121094,128.9600067138672,124.04000091552734,188.28500366210938,178.9600067138672,38.564998626708984,349.94000244140625,928.8900146484375,84.26000213623047,226.74000549316406,311.5299987792969,866.0,509.17999267578125,671.7479858398438,110.30000305175781,190.27000427246094,426.6099853515625,212.84500122070312,41.30500030517578,21.249900817871094,26.5049991607666,49.665000915527344,87.80000305175781,55.67499923706055,469.9200134277344,377.510009765625,91.08000183105469,368.07000732421875,310.0199890136719,240.2449951171875,81.44000244140625,150.94500732421875,2765318,457430,391463,2924212,3728613,188170,227661,1627982,654971,576486,633326,814997,396887,294982,1889879,126544,15342171,444564,361997,159747,228183,667479,464796,274003,2124864,13579691,1146346,909416,3009789,559997,1255600,1093737,145772,3399450,109513,1112901,517177,169245,992653,1052452
2026-04-28 18:30:00+00:00,270.2250061035156,197.5399932861328,243.05499267578125,324.6203918457031,259.5400085449219,317.1099853515625,186.93499755859375,52.67499923706055,46.46500015258789,128.30999755859375,124.12999725341797,188.13999938964844,179.5,38.494998931884766,349.75,928.4600219726562,83.56999969482422,227.5449981689453,311.6000061035156,872.2750244140625,508.489990234375,670.5,109.92500305175781,190.02999877929688,428.9949951171875,214.06500244140625,41.275001525878906,21.235000610351562,26.405000686645508,49.58000183105469,87.80999755859375,55.45000076293945,470.5199890136719,377.3399963378906,91.30000305175781,367.8299865722656,309.6199951171875,240.86000061035156,81.33499908447266,150.8000030517578,2300165,697213,355336,2838065,2968175,190153,286901,1946341,786013,583176,696001,815709,668205,462124,2063178,134364,11233590,532795,773097,291031,316436,1002250,957037,342122,3605498,20176181,1328797,1028431,5192496,866135,1463805,1337986,183984,5536239,151212,897170,897622,247506,1845309,1028051
2026-04-28 19:30:00+00:00,270.760009765625,197.69000244140625,243.0800018310547,323.1099853515625,259.7699890136719,314.9800109863281,186.75999450683594,52.68000030517578,46.35499954223633,128.52999877929688,124.33000183105469,188.35499572753906,179.00999450683594,38.5099983215332,349.8349914550781,926.5499877929688,84.52999877929688,227.77999877929688,311.5199890136719,874.4299926757812,507.67999267578125,671.22998046875,110.05000305175781,190.3800048828125,429.3599853515625,213.14999389648438,41.16999816894531,21.219999313354492,26.479999542236328,49.63999938964844,87.58000183105469,55.65999984741211,470.2200012207031,375.95001220703125,91.05000305175781,366.739990234375,309.42999267578125,240.27000427246094,81.5,150.60499572753906,3115541,1010311,600469,2552989,4391909,468636,526394,3315472,1678016,1031634,1004168,1100746,833555,421400,2321326,208650,10718468,790798,597930,374826,573564,883769,1237652,572097,3221736,12274582,1988796,2306477,7130446,1587666,2703162,2014668,381912,2989463,297379,928726,1249576,322533,1433188,1982803
2026-04-29 13:30:00+00:00,269.3999938964844,198.03500366210938,240.99000549316406,326.8399963378906,265.4825134277344,317.4440002441406,182.72000122070312,52.4900016784668,46.44499969482422,128.27999877929688,125.19999694824219,190.0500030517578,178.6300048828125,39.5099983215332,353.6099853515625,915.219970703125,90.85910034179688,224.88999938964844,310.2749938964844,858.0499877929688,526.3300170898438,671.969970703125,109.51000213623047,188.0500030517578,425.20001220703125,211.11000061035156,39.900699615478516,21.440000534057617,26.259899139404297,49.93000030517578,88.33000183105469,55.970001220703125,469.2049865722656,373.39990234375,91.51000213623047,369.19000244140625,338.489990234375,247.6999969482422,81.30000305175781,152.02000427246094,5646330,2347045,718478,10443726,14905914,431781,617748,4980468,3010137,1175995,1285894,1768017,675227,1139627,7010620,362794,60397718,674508,1269394,636426,1711054,2679764,1562989,619145,7244875,29242173,5025911,2325302,6004407,1699666,3863770,1959444,184917,12109152,304136,1902498,6632635,769126,2314633,2300839
2026-04-29 14:30:00+00:00,268.8399963378906,203.11000061035156,241.30499267578125,328.19500732421875,263.94000244140625,315.3599853515625,183.75999450683594,52.47999954223633,46.560001373291016,127.63999938964844,125.70999908447266,190.75999450683594,178.44000244140625,39.6349983215332,351.80999755859375,908.7349853515625,93.1500015258789,226.9600067138672,308.8399963378906,856.7750244140625,527.1799926757812,671.7849731445312,110.38999938964844,187.35400390625,424.3583068847656,210.8000030517578,40.03499984741211,21.520000457763672,26.375,49.90299987792969,88.1500015258789,55.35499954223633,467.16009521484375,374.1400146484375,91.4800033569336,367.94000244140625,337.125,249.34327697753906,81.12989807128906,152.55999755859375,2444917,1725705,229900,9295118,8226435,325577,543821,2652028,1655743,676036,531054,758479,609684,263819,4417235,134249,47781606,527938,568865,561982,518599,1496991,1704688,398169,2856491,14808343,2671278,1958299,3325176,908196,2127033,1393126,157938,7256746,166678,1306320,1773927,407959,1230418,1385591
2026-04-29 15:30:00+00:00,269.82501220703125,204.3300018310547,241.25,328.0799865722656,261.30999755859375,315.17999267578125,186.2899932861328,52.42499923706055,46.82500076293945,126.80000305175781,126.83000183105469,192.33999633789062,178.85000610351562,40.26499938964844,349.3699951171875,902.7000122070312,92.12999725341797,228.35000610351562,307.8949890136719,854.989990234375,529.0,669.1199951171875,110.7300033569336,185.6999969482422,422.010009765625,209.6699981689453,39.95500183105469,21.7450008392334,26.441999435424805,49.95500183105469,88.63999938964844,55.665000915527344,468.07000732421875,371.55499267578125,91.8550033569336,368.7699890136719,337.8324890136719,249.8300018310547,81.16000366210938,154.48500061035156,2865276,1450748,260058,3474931,6918657,257836,601669,2468479,1528829,868682,681244,1188669,579719,696729,2527785,267603,29881868,601890,480488,437918,425671,1301162,806738,547805,2733407,12425477,1457523,3353541,2228227,611272,2760881,1215124,141168,5623329,157015,799641,1226048,285684,1394199,1758352
2026-04-29 16:30:00+00:00,270.20001220703125,203.86000061035156,240.65499877929688,333.2950134277344,262.0899963378906,315.2699890136719,184.47000122070312,52.58000183105469,46.54999923706055,127.12999725341797,126.66999816894531,191.86000061035156,178.06500244140625,40.13999938964844,349.07000732421875,903.0900268554688,93.06999969482422,227.94500732421875,308.4700012207031,852.4650268554688,529.426025390625,670.6699829101562,110.47000122070312,186.19000244140625,423.1600036621094,209.43699645996094,39.935001373291016,21.834999084472656,26.30500030517578,49.89500045776367,88.49500274658203,55.54499816894531,466.17498779296875,373.20001220703125,91.87000274658203,368.0849914550781,336.6050109863281,250.49000549316406,81.2300033569336,154.42999267578125,2163618,524280,184335,3576911,4944215,197935,380759,2483844,729243,731564,607956,931646,492730,316829,2155957,174906,22193510,713974,306358,283605,546434,1112716,746280,310241,2613587,12347642,1111255,3212071,1708667,570191,746301,1187735,107276,3840281,215173,616488,877595,304660,1346547,1530434
2026-04-29 17:30:00+00:00,269.739990234375,204.1999969482422,242.3300018310547,335.7749938964844,263.44000244140625,314.4549865722656,184.49000549316406,52.650001525878906,46.46500015258789,126.88999938964844,126.92500305175781,191.5800018310547,177.8350067138672,40.209999084472656,349.1600036621094,902.6749877929688,93.46499633789062,227.63999938964844,308.2200012207031,852.2349853515625,529.219970703125,670.655029296875,110.58999633789062,186.23500061035156,423.6549987792969,208.0449981689453,39.96500015258789,21.915000915527344,26.264999389648438,50.61000061035156,88.54000091552734,55.404998779296875,464.07501220703125,371.4150085449219,91.83000183105469,367.57000732421875,337.04620361328125,249.6199951171875,81.3499984741211,154.15980529785156,1643753,566890,236671,4333326,4773162,272269,280300,1826128,1213499,599215,779458,714105,626391,472608,1965794,158919,14911788,412295,377821,338212,421453,1212237,811465,411314,2275697,11516524,1629028,2540830,2271585,8980351,866143,880353,118101,4288127,222901,440857,1092918,239925,1177466,985692
2026-04-29 18:30:00+00:00,270.2799987792969,204.47999572753906,243.3300018310547,339.3500061035156,262.6000061035156,314.9800109863281,184.69000244140625,52.904998779296875,46.599998474121094,127.57499694824219,127.76000213623047,191.8350067138672,178.72999572753906,40.095001220703125,351.32000732421875,906.4400024414062,93.80999755859375,226.99989318847656,309.5400085449219,852.0900268554688,527.52001953125,673.4000244140625,110.87999725341797,187.25,424.9800109863281,209.3249969482422,40.275001525878906,21.93000030517578,26.250099182128906,51.06999969482422,88.86000061035156,55.48500061035156,464.3500061035156,373.92999267578125,92.23999786376953,369.54998779296875,335.56500244140625,251.47999572753906,81.63500213623047,154.21249389648438,1887172,846428,317148,5402660,5807488,357597,491089,3117182,1905923,1020574,1320404,864397,1072630,493556,3210342,197585,24678478,1032084,568014,414876,541681,1922070,1040708,428513,3422105,12534333,1715580,2598660,3041548,2501608,1028931,1205336,121759,5518352,405520,886499,1462951,389668,1542912,1233354
2026-04-29 19:30:00+00:00,270.19000244140625,204.1300048828125,243.5,337.07000732421875,263.2699890136719,315.6400146484375,185.19000244140625,52.88999938964844,46.79999923706055,127.63999938964844,128.25,192.2100067138672,178.7899932861328,40.06999969482422,350.20001220703125,905.8300170898438,94.77999877929688,227.3300018310547,309.2799987792969,851.3200073242188,525.1699829101562,669.9400024414062,111.01000213623047,187.10000610351562,424.6400146484375,209.31500244140625,40.279998779296875,21.850000381469727,26.270000457763672,50.939998626708984,88.88999938964844,55.70000076293945,466.45001220703125,372.79998779296875,92.31999969482422,370.7099914550781,334.8500061035156,251.3249969482422,81.5199966430664,154.6699981689453,3057478,1345048,369784,3732870,7080053,514143,682983,3866003,3372315,1718281,1963667,1043212,1044906,546886,3886951,195717,15932827,1689974,1323587,619325,1035401,2271543,1440949,666692,4140048,10887753,1734448,3721514,3971412,1869769,1593726,2207677,194009,3124371,327719,1106810,2048879,793107,2330665,2586605
2026-04-30 13:30:00+00:00,271.91900634765625,214.06500244140625,239.7050018310547,343.1099853515625,259.04998779296875,319.114990234375,189.22000122070312,53.255001068115234,46.935001373291016,128.41000366210938,126.0,191.64999389648438,179.38999938964844,39.90999984741211,369.0799865722656,915.2150268554688,92.59089660644531,230.99000549316406,313.0199890136719,925.9500122070312,508.7099914550781,602.2899169921875,111.66999816894531,188.0,401.6499938964844,200.61500549316406,42.345001220703125,21.7450008392334,26.834999084472656,49.84000015258789,89.62999725341797,55.880001068115234,473.0400085449219,370.5050048828125,92.61000061035156,366.57501220703125,329.55999755859375,247.52000427246094,82.24500274658203,154.1999969482422,9777419,2209564,848978,13344775,32151462,694247,346861,4362883,3197901,1160923,1555032,1559234,760772,1283256,22628557,298565,53934177,1052588,1317785,2888830,1295186,19669223,3024160,761885,19834660,59635866,8022253,2204988,7363464,2601466,2822527,1494588,344982,10839471,282117,1198630,2013470,640521,2277274,2652299
2026-04-30 14:30:00+00:00,271.5199890136719,212.99000549316406,242.77999877929688,348.1600036621094,258.2099914550781,320.8699951171875,189.30999755859375,53.42499923706055,47.439998626708984,128.80999755859375,127.23500061035156,193.4600067138672,179.48500061035156,40.400001525878906,375.8299865722656,921.8200073242188,94.38999938964844,229.22999572753906,312.7550048828125,921.14501953125,506.010009765625,606.4400024414062,110.42500305175781,189.0800018310547,403.04998779296875,201.3209991455078,42.47999954223633,21.80500030517578,26.71500015258789,50.34000015258789,90.19499969482422,56.3650016784668,476.0899963378906,378.4700012207031,93.0999984741211,368.8999938964844,329.57000732421875,251.39999389648438,81.93000030517578,155.0800018310547,4122597,1105705,434464,6820476,13223775,1100798,354742,2707663,2071623,769677,903642,1592236,608791,539009,10125593,169950,22202120,831176,689279,885478,572056,6141717,1504723,438248,7818336,35542478,5771474,1869885,5574483,1595200,1787678,1077207,275774,9880914,153488,937197,1282513,341244,1304373,1634561
2026-04-30 15:30:00+00:00,273.05999755859375,212.35000610351562,242.08999633789062,349.4800109863281,259.135009765625,322.489990234375,189.1199951171875,53.505001068115234,47.52000045776367,128.6649932861328,128.07000732421875,193.92999267578125,179.9199981689453,40.46500015258789,376.56500244140625,925.2305297851562,93.56999969482422,230.18499755859375,313.7900085449219,933.3049926757812,505.114990234375,608.8101196289062,110.50499725341797,189.3800048828125,400.93499755859375,200.13999938964844,42.570098876953125,21.774999618530273,26.7549991607666,50.095001220703125,90.3499984741211,56.65999984741211,476.5899963378906,377.67999267578125,93.12999725341797,369.9150085449219,330.07501220703125,251.77000427246094,82.19999694824219,155.35000610351562,4223495,698570,461646,3711181,8002639,225135,625566,1596272,1604895,668345,707375,768513,545376,439576,6458047,138495,13741923,451121,450844,620812,484881,5146149,1201511,400151,5193311,20337941,2618889,1231220,2369911,1030072,1037882,836280,152889,5818588,153486,542656,715336,268452,923434,1119155
2026-04-30 16:30:00+00:00,272.7850036621094,212.36000061035156,242.27000427246094,352.07470703125,259.9299011230469,321.2950134277344,189.82000732421875,53.40999984741211,47.34000015258789,128.27999877929688,126.97000122070312,193.08999633789062,179.4499969482422,40.29999923706055,383.9200134277344,923.9349975585938,93.96499633789062,229.85000610351562,313.1000061035156,939.2449951171875,501.2200012207031,607.5449829101562,110.43499755859375,189.7899932861328,401.0199890136719,200.47999572753906,42.599998474121094,21.77199935913086,26.700000762939453,50.05500030517578,90.06500244140625,56.59000015258789,477.0400085449219,378.52508544921875,93.55000305175781,370.34619140625,330.8900146484375,250.60000610351562,82.11499786376953,154.2899932861328,4454018,912400,269475,3552901,5677715,290726,154409,1485125,710111,395554,735472,697278,547905,320626,6407902,98942,11149241,440577,397627,550495,510742,3647259,1042020,357077,6219459,16011538,1160460,1137496,1777541,774225,469982,979196,223445,3838580,272969,626945,659293,333445,825680,1293248
2026-04-30 17:30:00+00:00,273.6000061035156,211.97000122070312,243.80499267578125,351.99090576171875,262.39990234375,322.57501220703125,188.64999389648438,53.53499984741211,47.21500015258789,128.38999938964844,126.4000015258789,193.30999755859375,179.52999877929688,40.32500076293945,384.6199951171875,926.0999755859375,94.57990264892578,229.30999755859375,313.7099914550781,940.4299926757812,503.70001220703125,616.0700073242188,110.12999725341797,190.10000610351562,406.1549987792969,200.77499389648438,42.72990036010742,21.834999084472656,26.647199630737305,50.07500076293945,90.22000122070312,56.439998626708984,477.4750061035156,381.1499938964844,93.48500061035156,367.9078063964844,330.8800048828125,250.6999969482422,82.37999725341797,154.25999450683594,4048045,565113,346658,4119600,8647342,199814,115817,1608324,738233,725716,1103634,880147,337540,201295,5915029,142774,12073937,381365,390449,444762,478685,4437703,1380326,409405,5287522,15835798,1262639,1425710,1866807,825520,534060,1257329,164252,4237777,268237,592225,787546,226495,895205,1869025
2026-04-30 18:30:00+00:00,274.489990234375,212.67010498046875,246.27000427246094,352.75,265.6000061035156,323.42919921875,188.8300018310547,53.64500045776367,47.32500076293945,128.1999969482422,126.43000030517578,193.0500030517578,179.25,40.5,381.32000732421875,926.7449951171875,92.43499755859375,229.5399932861328,313.8599853515625,939.9199829101562,504.94000244140625,617.0800170898438,109.23999786376953,190.5800018310547,408.3399963378906,200.82000732421875,42.630001068115234,21.96500015258789,26.649999618530273,50.17499923706055,90.58499908447266,56.814998626708984,478.04998779296875,383.95001220703125,93.44999694824219,369.3999938964844,330.9599914550781,248.7899932861328,82.5199966430664,154.72000122070312,4534270,882207,549718,2805241,9655038,259435,256475,2041166,847825,983386,1509354,956344,427472,330389,5159676,158125,16952067,493384,485111,582439,535875,3830102,1566386,499874,5536518,17412627,1490694,1923089,2019654,1212416,906506,1217983,140024,6416366,240538,569683,644484,307975,1211180,1387187
2026-04-30 19:30:00+00:00,271.3599853515625,211.3300018310547,246.0500030517578,354.3500061035156,265.0299987792969,322.9800109863281,187.47999572753906,53.47999954223633,47.375,127.97000122070312,125.79000091552734,193.33999633789062,178.91000366210938,40.724998474121094,385.1199951171875,923.5999755859375,94.4749984741211,229.86000061035156,313.2699890136719,934.3099975585938,502.8800048828125,611.4000244140625,109.16999816894531,190.5500030517578,407.7799987792969,199.52999877929688,42.20000076293945,22.03499984741211,26.700000762939453,50.13999938964844,90.67500305175781,56.880001068115234,479.1300048828125,381.5299987792969,92.7699966430664,370.489990234375,330.0400085449219,252.6300048828125,82.26000213623047,154.38999938964844,14238265,1328724,1157039,3739289,9234357,540994,424765,4488281,1367991,2265243,2311153,1375591,877008,1178726,6241671,357795,13251453,1014718,1031370,1040056,842024,4472294,2561268,892929,6805448,19896461,3509815,4266364,5272338,1600311,1333185,2505543,286142,4871592,539039,975419,1545253,540271,1971853,3401646
2026-05-01 13:30:00+00:00,285.3399963378906,209.5050048828125,245.58999633789062,352.2149963378906,271.3999938964844,322.3500061035156,186.77000427246094,53.904998779296875,46.459999084472656,129.64999389648438,124.12999725341797,191.3300018310547,176.22000122070312,39.68000030517578,385.1499938964844,931.864990234375,99.33989715576172,229.35000610351562,315.2998962402344,973.25,503.18499755859375,611.3150024414062,113.77999877929688,192.36500549316406,412.2950134277344,199.3000030517578,43.51499938964844,21.665000915527344,26.485000610351562,50.51499938964844,89.5999984741211,57.09000015258789,473.4100036621094,388.0950012207031,91.7699966430664,368.8247985839844,333.1300048828125,244.3000030517578,82.04000091552734,153.0749969482422,30058496,1133180,1475212,9578434,15755826,453166,281870,4615927,2838209,1761057,1232802,2306630,382705,1070611,9203984,314917,51047395,850648,978971,1382789,557751,5030843,3226981,748299,8478441,34778623,8753504,2671806,7152556,2703971,1673696,2215290,236812,14418647,219724,855560,1262646,393041,1578238,4881189
2026-05-01 14:30:00+00:00,283.95001220703125,208.2100067138672,248.99000549316406,353.9450988769531,269.4607849121094,321.989990234375,184.5800018310547,53.775001525878906,46.75,128.77999877929688,123.95999908447266,191.22999572753906,174.82000732421875,39.834999084472656,385.3599853515625,930.25,99.36109924316406,228.52999877929688,314.2250061035156,965.030029296875,499.8399963378906,614.4255981445312,112.93499755859375,192.0500030517578,414.5899963378906,198.92999267578125,43.51499938964844,21.73900032043457,26.454999923706055,50.70000076293945,89.74500274658203,56.82500076293945,470.04998779296875,392.6549987792969,92.45989990234375,369.5,332.885009765625,245.77499389648438,81.80000305175781,153.22500610351562,9289199,553958,583291,3730739,5932859,234351,294041,2555011,2667195,972864,613703,988902,472799,545682,3480344,147560,32997240,1243781,539265,486236,515313,3632436,1392032,377093,4810770,23090117,4631220,1061276,3107390,837149,683136,1057691,134705,11668980,118336,365235,959839,440044,881969,1960626
2026-05-01 15:30:00+00:00,283.9549865722656,208.11500549316406,250.88999938964844,356.54998779296875,269.0,320.1600036621094,184.2949981689453,53.189998626708984,46.665000915527344,126.95500183105469,124.05000305175781,190.23500061035156,175.30999755859375,40.02000045776367,384.5249938964844,923.219970703125,99.30010223388672,228.42999267578125,312.5350036621094,963.6799926757812,497.25,612.1624755859375,112.59500122070312,190.76499938964844,414.32501220703125,198.65499877929688,43.72999954223633,21.934999465942383,26.420000076293945,50.665000915527344,89.5,56.58000183105469,470.43499755859375,395.4750061035156,93.04499816894531,370.8955078125,333.5899963378906,246.22999572753906,81.4000015258789,152.36000061035156,9693580,540919,593307,3033629,5434658,187563,289060,2373573,1117776,870893,624192,1450731,532828,259119,2983851,163178,14676071,500866,430535,468065,578226,2433586,886996,556408,4024906,12209876,2161125,926209,2781856,720482,660096,608214,132285,11428245,222908,405407,666355,231611,809721,1199840
2026-05-01 16:30:00+00:00,282.80999755859375,207.99000549316406,251.1199951171875,359.8399963378906,269.385009765625,321.4700012207031,185.0,53.42499923706055,46.39500045776367,127.58999633789062,123.86000061035156,190.25,174.97000122070312,39.81999969482422,386.20001220703125,924.5050048828125,98.6449966430664,228.0,313.7200012207031,962.5499877929688,496.70001220703125,615.614990234375,112.71499633789062,191.02499389648438,414.4800109863281,199.85000610351562,43.63999938964844,21.780000686645508,26.44499969482422,50.720001220703125,88.93000030517578,56.70000076293945,470.2500915527344,395.2200012207031,92.44999694824219,370.5799865722656,332.92498779296875,245.14999389648438,81.94999694824219,152.47000122070312,5060158,518303,271438,3591579,4399944,170265,134327,2266059,1137206,970797,557412,845186,410246,272896,2352026,89252,13693092,492113,390679,249554,393700,2046825,895591,301564,1944469,9257649,1502421,675723,2064068,543786,592023,553435,141956,5590762,280162,1069724,437274,178045,731555,1032268
2026-05-01 17:30:00+00:00,281.2300109863281,207.38999938964844,250.33999633789062,360.6600036621094,269.6098937988281,320.5625,185.22999572753906,53.361000061035156,46.474998474121094,127.5,123.5,190.8000030517578,175.33999633789062,39.814998626708984,384.9200134277344,924.405029296875,98.76480102539062,228.13499450683594,313.31500244140625,966.3200073242188,492.92999267578125,611.8499755859375,112.56999969482422,190.72000122070312,415.5867919921875,199.13009643554688,43.849998474121094,21.825000762939453,26.44499969482422,50.76499938964844,89.05999755859375,56.724998474121094,471.0,396.3800048828125,92.81999969482422,370.3599853515625,329.29998779296875,244.89999389648438,81.5999984741211,153.07000732421875,4791832,608033,567275,4339887,2768074,209463,229129,2287834,1274239,608392,658600,1202606,470131,301937,2126948,130859,11218067,497757,392581,278579,424552,1699768,815846,344658,2215033,8524596,1840820,773820,1970812,769167,397188,1040500,121525,6389294,208991,334627,856639,249929,1179118,907154
2026-05-01 18:30:00+00:00,280.34991455078125,205.77000427246094,250.50999450683594,361.114990234375,268.8500061035156,319.9949951171875,185.22999572753906,53.44499969482422,46.56999969482422,127.66999816894531,123.80999755859375,190.59500122070312,175.22500610351562,39.8849983215332,385.3999938964844,924.7000122070312,99.88500213623047,228.0,314.2799987792969,961.7999877929688,494.4549865722656,611.2750244140625,112.08000183105469,190.75010681152344,416.2300109863281,199.71499633789062,43.89500045776367,21.934999465942383,26.405000686645508,50.65999984741211,89.21499633789062,57.11000061035156,469.5899963378906,394.3999938964844,93.2300033569336,369.82000732421875,328.6449890136719,245.81500244140625,81.3949966430664,153.44000244140625,4824175,817278,306595,3768970,4154023,240647,166086,2395245,734181,830477,776566,979468,451795,351338,3066021,131916,12872061,476449,506292,299690,483813,2255827,964557,340618,2235578,12173166,3174513,959298,2655881,757835,619496,1248082,140460,5744155,399950,481855,607258,257215,950762,1103955
2026-05-01 19:30:00+00:00,280.1499938964844,206.60000610351562,250.75,360.54998779296875,268.3399963378906,319.6499938964844,184.82000732421875,53.224998474121094,46.40999984741211,127.41999816894531,123.16999816894531,190.6199951171875,175.13999938964844,39.70000076293945,385.69000244140625,923.4199829101562,99.66999816894531,227.1999969482422,312.4599914550781,963.7100219726562,495.4100036621094,608.7449951171875,112.16000366210938,190.1699981689453,414.510009765625,198.4199981689453,43.880001068115234,21.889999389648438,26.334999084472656,50.43000030517578,88.9800033569336,56.939998626708984,469.1199951171875,390.6600036621094,92.77999877929688,368.8299865722656,328.0299987792969,246.86000061035156,80.80999755859375,152.7899932861328,5835825,1166997,765311,3585358,4957503,320340,298420,3425169,1398070,1309487,1453089,1189139,657662,489248,2909079,169101,10791312,919730,809950,485183,643580,2440692,1414594,659451,3455074,11233757,2715894,1526469,5529154,1424777,1129397,1479969,273717,6045562,475825,571892,1049324,420027,2045949,2169246
