Price,Close,Close,Close,Close,Close,Close,Close,Close,Close,Close,Close,Close,Close,Close,Close,Close,Close,Close,Close,Close,Close,Close,Close,Close,Close,Close,Close,Close,Close,Close,Close,Close,Close,Close,Close,Close,Close,Close,Close,Close,Volume,Volume,Volume,Volume,Volume,Volume,Volume,Volume,Volume,Volume,Volume,Volume,Volume,Volume,Volume,Volume,Volume,Volume,Volume,Volume,Volume,Volume,Volume,Volume,Volume,Volume,Volume,Volume,Volume,Volume,Volume,Volume,Volume,Volume,Volume,Volume,Volume,Volume,Volume,Volume
Ticker,AAPL,ABBV,ADBE,AMD,AMZN,AXP,AZN,BAC,BP,C,COP,CVX,DHR,EQNR,GOOGL,GS,INTC,JNJ,JPM,LLY,MA,META,MRK,MS,MSFT,NVDA,NVO,PBR,PFE,PYPL,SHEL,SLB,TMO,TSLA,TTE,UNH,V,VLO,WFC,XOM,AAPL,ABBV,ADBE,AMD,AMZN,AXP,AZN,BAC,BP,C,COP,CVX,DHR,EQNR,GOOGL,GS,INTC,JNJ,JPM,LLY,MA,META,MRK,MS,MSFT,NVDA,NVO,PBR,PFE,PYPL,SHEL,SLB,TMO,TSLA,TTE,UNH,V,VLO,WFC,XOM
Date,,,,,,,,,,,,,,,,,,,,,,,,,,,,,,,,,,,,,,,,,,,,,,,,,,,,,,,,,,,,,,,,,,,,,,,,,,,,,,,,
2025-05-02,204.45889282226562,192.20822143554688,380.8699951171875,98.80000305175781,189.97999572753906,273.9781494140625,142.39491271972656,40.166561126708984,26.556049346923828,68.80145263671875,88.38272857666016,132.53564453125,197.68771362304688,21.904245376586914,163.46319580078125,554.610107421875,20.6200008392334,151.88809204101562,247.69285583496094,817.566650390625,556.1051635742188,595.1632690429688,80.26427459716797,117.3866958618164,431.9729919433594,114.47303009033203,66.03669738769531,10.998830795288086,22.56228256225586,66.88241577148438,64.06785583496094,33.69987869262695,421.9971618652344,287.2099914550781,55.31795120239258,388.9522399902344,345.0178527832031,115.53380584716797,72.23202514648438,102.68191528320312,101010600,6424800,2340700,29957900,77903500,3099300,2687200,41613000,10605500,13291200,6895400,12393200,3159100,8040800,25715000,2883000,63298500,5974500,7165000,6059400,2632600,24739300,11755600,6894400,30757400,190194800,13466300,18290300,41685800,10081500,6608961,13305000,2492400,114454700,1528500,11392900,6113700,2600500,18347400,16581900
2025-05-05,198.02691650390625,189.8839569091797,381.05999755859375,100.58999633789062,186.35000610351562,275.1459045410156,141.7069091796875,40.21546173095703,27.55709457397461,69.00776672363281,84.70858001708984,129.6648406982422,196.04898071289062,21.75350570678711,163.64259338378906,548.2029418945312,20.270000457763672,150.7984619140625,247.7418975830078,815.4225463867188,557.8250122070312,597.40625,79.93619537353516,116.78128814697266,432.85626220703125,113.79318237304688,65.93177032470703,10.610413551330566,22.254615783691406,68.17550659179688,62.606529235839844,32.758644104003906,420.72186279296875,280.260009765625,54.992156982421875,393.7080993652344,346.0501403808594,115.93209075927734,72.28096008300781,99.83956909179688,69018500,5121500,2095600,41268900,35217500,2416300,1527850,32829200,28776200,10318500,9275000,9665000,1915600,4178700,21341800,2197200,44237000,5464100,5450700,2889600,2130900,13887700,8688000,6540300,20136100,133163200,8811400,26943200,40811800,12000300,4346845,17270700,2637200,94618900,1450200,8157200,3865300,3776800,16070400,19624000
2025-05-06,197.6485595703125,181.245361328125,382.9800109863281,98.62000274658203,185.00999450683594,272.5134582519531,138.1096954345703,39.941619873046875,26.820476531982422,68.25127410888672,84.72791290283203,129.7605438232422,188.74929809570312,21.92308807373047,162.66595458984375,538.2099609375,19.940000534057617,150.2828369140625,244.4950408935547,769.423095703125,555.7075805664062,585.4833984375,76.26939392089844,115.54122924804688,430.0179443359375,113.51325988769531,63.232303619384766,10.705150604248047,21.33160972595215,67.6881103515625,62.58729553222656,32.583988189697266,405.52777099609375,275.3500061035156,55.07839584350586,383.6905822753906,345.1171569824219,113.6589126586914,71.9188232421875,101.23174285888672,51216500,9392000,2970100,54264300,29314100,3064000,2401000,29541800,18875400,7744300,8902400,9916200,4479800,3939100,21277200,2902500,51330800,8644200,6369900,5982000,2341700,10600700,16991100,5739600,15104200,158525600,10554700,25464500,60872600,7659400,3867828,17481500,4070200,76715800,2021100,7858600,3438500,3051600,18095100,16303400
2025-05-07,195.3983612060547,182.15570068359375,384.9700012207031,100.36000061035156,188.7100067138672,273.3744812011719,137.7362060546875,40.02964782714844,26.565492630004883,69.0176010131836,84.80525970458984,129.9423370361328,191.76849365234375,21.565082550048828,150.85691833496094,540.7178955078125,20.309999465942383,153.03611755371094,244.63238525390625,771.0112915039062,563.0044555664062,594.953857421875,76.34658813476562,116.29307556152344,430.0576477050781,117.03242492675781,64.43418884277344,10.724096298217773,21.24770164489746,68.32470703125,62.53923416137695,32.50635528564453,406.354736328125,276.2200012207031,54.85800552368164,380.3351745605469,347.2511291503906,113.61034393310547,71.62518310546875,101.13507080078125,68536700,5771700,2153000,86474400,43948600,2329200,2019800,30925900,10024100,11619200,9200900,8422100,2902600,3627200,127490100,1954900,61002600,7853100,8724100,3807800,2493700,13139100,12216900,4680600,23295300,206758800,14153000,23603200,48270500,8103700,3616908,12123400,2959400,71592600,1129400,8517200,5454000,2500000,14310300,12332200
2025-05-08,196.63299560546875,179.7248992919922,383.989990234375,101.69999694824219,192.0800018310547,280.7174987792969,132.29124450683594,40.68490219116211,26.999908447265625,70.38321685791016,85.87850952148438,131.1385040283203,193.48667907714844,21.470869064331055,153.74688720703125,554.21826171875,21.0,151.44058227539062,248.63455200195312,745.9271240234375,563.789794921875,596.150146484375,74.92811584472656,119.00756072998047,434.8410339355469,117.34236145019531,61.85872268676758,11.036725044250488,21.41551971435547,70.10519409179688,62.568077087402344,33.30203628540039,409.2740173339844,284.82000732421875,55.001739501953125,374.9762878417969,348.66058349609375,118.25384521484375,71.75242614746094,102.54656982421875,50478900,8816700,3383900,54231400,41043600,3418000,3572950,41861700,11924300,12698400,15884200,8669300,3612600,3355800,57498700,1994600,71651700,7606100,8320100,6162000,2004300,14622800,15059100,6449300,23491300,198428100,12047100,30349700,55669800,11791500,3656209,14025400,3013600,97539400,1184200,7218300,4156400,3289400,19957500,19196500
2025-05-09,197.66848754882812,178.77581787109375,383.2799987792969,102.83999633789062,193.05999755859375,281.5586853027344,132.8219757080078,40.8707275390625,28.114282608032227,70.196533203125,85.65611267089844,132.52609252929688,188.43148803710938,21.696979522705078,152.22219848632812,555.5899047851562,21.420000076293945,150.03961181640625,248.25198364257812,729.171142578125,565.3009643554688,590.6473388671875,73.3070068359375,118.83180236816406,435.3967590332031,116.62252044677734,62.73628234863281,11.178829193115234,21.16849136352539,69.88636016845703,63.596778869628906,33.525211334228516,401.6520690917969,298.260009765625,56.35282897949219,370.20098876953125,349.921142578125,119.4195785522461,71.29972076416016,103.74537658691406,36453900,7806100,2031300,31704300,29663100,2704600,3107950,27222800,19497600,8941900,7569300,5965700,4535800,4999200,32435300,1522500,51768600,6520400,5087600,4072600,1528000,10427300,15614500,4240100,15324200,132972200,13071300,21929400,39059800,7470500,4584444,7407200,2318700,132387800,1619100,8381100,3086600,2167300,11136900,10992100
2025-05-12,210.15048217773438,184.07325744628906,395.94000244140625,108.12000274658203,208.63999938964844,295.8192138671875,135.5346221923828,42.406192779541016,28.510921478271484,73.5958480834961,89.21424865722656,135.52127075195312,199.45553588867188,21.77234649658203,157.91246032714844,579.337890625,22.18000030517578,149.96177673339844,255.08900451660156,750.0167846679688,574.8743286132812,637.4413452148438,77.61067199707031,124.06547546386719,445.8468017578125,122.97102355957031,64.61541748046875,11.434615135192871,21.938079833984375,71.92545318603516,63.81789016723633,34.786651611328125,431.0040588378906,318.3800048828125,56.2474250793457,368.3627624511719,353.2065734863281,126.76371002197266,73.6911392211914,105.533935546875,63775800,12792700,3157700,50543400,75205000,4089000,3535650,44875100,11716200,18464100,8799600,8028200,7207100,4537100,44138800,3527700,94578700,9023800,9603900,9176100,3000300,21965100,21761100,9162100,22821900,225023300,18259700,22112600,77480900,12513000,5277867,12104300,3716400,112826700,2244400,11004800,7985400,4135300,20425500,14244600
2025-05-13,212.28399658203125,182.06854248046875,397.3999938964844,112.45999908447266,211.3699951171875,299.16412353515625,133.11683654785156,43.30595016479492,28.86034393310547,74.24427032470703,91.05133056640625,136.2198486328125,195.264404296875,22.262248992919922,158.97872924804688,591.5548095703125,22.559999465942383,144.41629028320312,257.9925842285156,740.57666015625,573.2041625976562,653.98974609375,73.9438705444336,126.301513671875,445.72772216796875,129.89938354492188,62.38335418701172,11.548299789428711,21.72905731201172,71.90556335449219,65.00041961669922,35.0389404296875,427.3774108886719,334.07000732421875,57.39728546142578,302.8404235839844,354.0815124511719,131.2517547607422,74.78353118896484,105.82396697998047,51909300,7523800,2664100,55659500,56193700,3531700,2414350,43232500,10855500,12397800,8293600,8536800,2648300,3180700,42382100,2765800,76850400,10549600,8589000,4523900,2370200,18570800,23353200,6086700,23618800,330430100,10357000,31844300,41193200,8076200,3697647,9218200,2726900,136992600,3430600,59478300,5406200,3391900,13635100,13350800
2025-05-14,211.68582153320312,171.8417205810547,399.4700012207031,117.72000122070312,210.25,296.9869689941406,130.1879425048828,43.755836486816406,28.67146873474121,73.96917724609375,89.50431060791016,135.5691375732422,186.53457641601562,22.01729965209961,164.79855346679688,599.1867065429688,21.520000457763672,142.39266967773438,260.5724182128906,710.3008422851562,569.9136962890625,657.3093872070312,70.89463806152344,127.9516830444336,449.4988098144531,135.30810546875,61.439022064208984,11.510404586791992,20.92146110534668,72.29348754882812,64.50048828125,34.94190216064453,404.5613708496094,347.67999267578125,56.822357177734375,299.5628356933594,354.3996276855469,130.4843292236328,75.06892395019531,104.87651824951172,49325800,12212000,2409200,86743700,38492100,1954400,2820650,42419500,15045900,11372000,7605200,6453600,4489200,3489100,48755900,2874400,91584800,10216000,8643100,7558500,2237500,12348200,23721800,6273400,19902800,281180800,10176100,18220300,59394000,7724000,3339258,10519500,3201100,136997300,1157700,40029600,6207600,2931300,14067100,15494900
2025-05-15,210.80848693847656,175.94793701171875,404.69000244140625,114.98999786376953,205.1699981689453,296.4426574707031,133.58859252929688,43.403751373291016,28.435373306274414,74.62742614746094,89.88140106201172,136.1337127685547,189.6431427001953,22.20572280883789,163.3934326171875,603.3994140625,21.549999237060547,145.5545654296875,262.3870544433594,727.9005737304688,578.7811889648438,641.87744140625,72.17801666259766,129.3870391845703,450.512939453125,134.79823303222656,63.09876251220703,11.415669441223145,21.47252655029297,71.18938446044922,64.78890991210938,34.6605110168457,403.4454650878906,342.82000732421875,56.73611831665039,266.8259582519531,360.20587158203125,131.50433349609375,74.3898696899414,105.94002532958984,45029500,12073300,2763800,43843200,64347300,1955000,2994950,47379400,7271800,12627700,6696200,7545400,6579400,2546300,33146700,2428100,66705500,7945800,9214600,5212900,2034200,14341800,15274800,7209300,21992300,226632600,9074700,21458000,51800100,8116500,2670456,11998600,4129600,97882600,972300,121849200,5826100,2243800,15303900,15004300
2025-05-16,210.6190643310547,178.21412658691406,417.1300048828125,117.16999816894531,205.58999633789062,296.61090087890625,135.25942993164062,43.706932067871094,28.560131072998047,74.39163208007812,89.36895751953125,135.98062133789062,194.767822265625,22.607725143432617,165.61573791503906,606.4659423828125,21.65999984741211,147.2279510498047,262.4557800292969,753.364501953125,579.8549194335938,638.3485107421875,73.39385223388672,129.06480407714844,451.6463317871094,135.36810302734375,61.4008674621582,11.387248992919922,21.691051483154297,71.79615020751953,64.73644256591797,34.70902633666992,410.5492858886719,349.9800109863281,57.18647766113281,283.9043884277344,363.0096130371094,131.86376953125,74.97051239013672,105.55950164794922,54737900,6152800,5391500,43419700,43318500,2962200,1871650,49488100,6930400,14008700,6696200,8200100,3868600,2156500,42846900,2021800,55795100,8051200,8932900,4645100,2225900,18519000,15021800,6303800,23849800,226542500,19012600,20993600,37786800,8717900,2625611,12627000,2498200,95895700,1086800,71094300,5838100,2253000,13864600,14042500
2025-05-19,208.14657592773438,179.85081481933594,420.67999267578125,114.73999786376953,206.16000366210938,296.19525146484375,136.98924255371094,43.78517532348633,28.214643478393555,74.79444122314453,88.1598129272461,134.1403045654297,195.06578063964844,22.119579315185547,165.9645233154297,599.8724365234375,21.3799991607666,148.35650634765625,259.826904296875,751.0965576171875,582.9664916992188,638.438232421875,74.5228500366211,127.75640106201172,456.2197570800781,135.53805541992188,63.92862319946289,11.406194686889648,21.852571487426758,71.9354019165039,64.78502655029297,34.068603515625,412.4024658203125,342.0899963378906,56.90859603881836,307.2267150878906,365.77349853515625,130.4940185546875,74.85240936279297,103.8813247680664,46140500,5216700,3008000,37737400,34314800,2751300,2657950,37915700,8666300,12691700,7190100,7713600,2724500,4804100,30426100,2842100,64279100,12639900,12145000,4062700,1875500,9592400,11682600,7703500,21336500,193154600,11194300,13541800,31513700,7434900,2752064,10077300,1665000,88869900,1286800,62524700,5081500,2282800,12720500,16802700
2025-05-20,206.232421875,179.0179443359375,417.6099853515625,113.51000213623047,204.07000732421875,293.09771728515625,137.4413604736328,43.706932067871094,28.022708892822266,74.5684814453125,87.4577407836914,132.95860290527344,196.41648864746094,22.646007537841797,163.41336059570312,594.2098388671875,21.270000457763672,149.4947967529297,260.61163330078125,743.0396118164062,577.6976318359375,635.1185913085938,75.23690795898438,126.08670043945312,455.5238342285156,134.3483428955078,65.05419921875,11.387248992919922,22.346628189086914,72.22386169433594,64.73644256591797,33.544620513916016,412.23309326171875,343.82000732421875,56.918174743652344,312.7606506347656,364.71966552734375,129.52415466308594,74.32098388671875,102.39826965332031,42496600,5505100,2453000,29030800,29470400,2706600,2147550,33424300,5504500,8930900,5313200,6503900,2873100,4989700,46607700,1601600,48497400,7351500,8436300,3873500,1964300,6743500,13262400,5220100,15441800,161514200,12559100,13017500,57047500,8403200,2523059,13192100,2142000,131715500,941900,41487000,5281400,1908600,10655600,12429300
2025-05-21,201.4768829345703,176.0641632080078,414.0299987792969,112.05999755859375,201.1199951171875,283.0332336425781,136.96958923339844,42.29861068725586,27.71561050415039,72.1319808959961,84.98095703125,131.30230712890625,185.53146362304688,22.607725143432617,167.97755432128906,581.4149169921875,20.690000534057617,149.02780151367188,256.06011962890625,721.0968627929688,566.195556640625,633.5235595703125,74.2816162109375,122.34696197509766,449.9561767578125,131.76895141601562,65.05419921875,11.283039093017578,21.89057731628418,71.26896667480469,64.48379516601562,32.86538314819336,396.8198547363281,334.6199951171875,56.37199401855469,294.6708068847656,356.22900390625,125.20374298095703,72.02798461914062,101.1396484375,59211800,5140900,2495800,43594600,42460900,3447500,2196600,55594100,7379600,17143800,8639100,9073200,5613100,4580900,73416000,2635900,62904700,7032200,7464000,4060000,2505300,11464600,11879500,6371600,19216900,270608700,8983400,15782400,42984700,8094300,3101958,12564500,2965800,102354800,1107800,45506900,6125500,4223600,17711300,16716100
2025-05-22,200.7490997314453,176.7808074951172,414.3299865722656,110.70999908447266,203.10000610351562,284.2009582519531,137.5003204345703,42.35729217529297,27.773191452026367,72.1319808959961,83.986328125,131.04078674316406,186.19688415527344,22.49286460876465,170.27955627441406,586.0880126953125,20.549999237060547,148.47325134277344,255.6972198486328,711.3987426757812,566.7921142578125,634.5902099609375,75.1114501953125,123.28433227539062,452.23291015625,132.7987060546875,65.02558135986328,11.188302993774414,21.89057731628418,71.07003021240234,64.08537292480469,32.748939514160156,399.01177978515625,341.0400085449219,55.729984283447266,288.5338439941406,355.9009094238281,126.10504913330078,72.22480773925781,100.46641540527344,46742400,4689200,1889500,29252000,38938900,2051800,1705050,29026200,7691200,12067800,6587200,8877600,3104400,4611200,74864400,1939600,56077500,7535300,6514100,4249900,1869900,8228400,11800000,5689200,18025600,187344000,7192300,26920500,38602800,6451000,3484752,11507700,2891400,97113400,2199500,27159600,4936600,3097200,9717000,13417400
2025-05-23,194.67758178710938,177.4781036376953,407.69000244140625,110.30999755859375,200.99000549316406,282.2613525390625,138.40455627441406,42.24971008300781,27.917144775390625,71.8077621459961,83.06973266601562,132.2515411376953,183.2770233154297,22.799150466918945,167.8878631591797,586.3916625976562,20.049999237060547,148.7943115234375,255.73643493652344,709.9166870117188,560.2705688476562,625.1098022460938,74.86058044433594,123.09880828857422,447.5799560546875,131.25906372070312,64.243408203125,11.216723442077637,22.156606674194336,69.4785385131836,64.42549133300781,32.66161346435547,392.2167663574219,339.3399963378906,55.47126388549805,287.46405029296875,351.49652099609375,125.93850708007812,71.6737060546875,100.52495574951172,78432900,4027000,2087700,30867300,33393500,1724200,1979150,34875100,7951200,9851900,6789600,7025900,2814200,2158300,35211400,1530600,68206100,6727300,6671800,2635700,1948800,8454100,10902200,3361400,16883500,198821300,6508400,19456400,35405400,7683600,3064764,10467800,2318100,84654800,1341200,16873600,5345900,2053000,9260900,12061600
2025-05-27,199.60260009765625,179.86048889160156,413.1000061035156,114.55999755859375,206.02000427246094,290.71270751953125,139.48568725585938,43.24727249145508,27.97472381591797,74.1460189819336,83.4207763671875,133.5010223388672,187.88525390625,23.249008178710938,172.30255126953125,603.2328491210938,20.549999237060547,150.37408447265625,260.22906494140625,721.3654174804688,571.1760864257812,640.3223876953125,74.87022399902344,126.16481018066406,458.0292663574219,135.4680633544922,67.19087982177734,11.292511940002441,22.432140350341797,71.09986877441406,64.80445861816406,32.92359924316406,402.0704650878906,362.8900146484375,56.04619598388672,286.9096374511719,357.22320556640625,128.05462646484375,72.81527709960938,101.00303649902344,56288500,5726700,2680400,37885000,34892000,2604300,2229600,36322000,6737800,12148500,7227100,8348900,2990600,3911500,37995700,2364700,69504600,6990700,7506600,3792700,2655200,9508400,11884500,5472400,20974300,192953600,9250600,12110100,36155400,8770900,2774978,17574800,2705700,120146400,1500100,20144600,6316000,2426400,11014100,13043600
2025-05-28,199.81195068359375,177.31346130371094,412.2300109863281,112.86000061035156,204.72000122070312,290.31683349609375,138.3455810546875,43.090789794921875,27.773191452026367,73.71373748779297,82.47491455078125,131.7478790283203,187.71641540527344,23.009721755981445,171.76441955566406,596.0908203125,20.3700008392334,149.56947326660156,258.46337890625,715.5664672851562,572.5381469726562,641.5784301757812,73.5,124.50487518310547,454.7184753417969,134.7782440185547,65.43575286865234,11.11251449584961,22.023591995239258,71.06008911132812,64.17283630371094,32.583988189697266,400.65570068359375,356.8999938964844,55.854557037353516,289.934326171875,357.6507263183594,124.35140991210938,72.55941009521484,99.62732696533203,45339700,4787800,2246500,27483700,28549800,1676900,1910350,35673800,6744000,9993200,6793000,6876300,2879200,3495600,34784000,2001900,46096500,8459300,5535400,2948800,1702900,9042900,12293200,4050900,17086300,304021100,7864700,18661800,36737200,6292100,3057082,11032000,1931400,91404300,992900,16114200,3299000,3125200,8711100,14292400
2025-05-29,199.3433837890625,179.7636260986328,413.3599853515625,113.02999877929688,205.6999969482422,292.3158874511719,139.30877685546875,43.2668342590332,27.993919372558594,74.20497131347656,83.46952819824219,133.57852172851562,189.1664276123047,22.904436111450195,171.26614379882812,592.58349609375,20.25,150.69789123535156,259.32659912109375,718.7295532226562,574.3872680664062,643.0439453125,73.72193908691406,125.13956451416016,456.0308837890625,139.15721130371094,66.2560806274414,11.103041648864746,22.280122756958008,70.55279541015625,64.56153106689453,32.6810188293457,402.269775390625,358.42999267578125,56.12285614013672,289.9927062988281,360.3052978515625,126.53611755371094,73.3270263671875,100.19322967529297,51396800,4925900,1780400,30501400,34650000,2362200,1730350,28545100,4850700,11879200,6999800,7554300,2814500,2595300,29317300,1736100,66372200,6810600,5081200,2785500,1347800,8858800,10785200,4337500,13974800,369241900,8993300,17255600,26091400,7058300,3492256,9902900,2499300,88087800,1720800,16221100,4590400,2567600,14016600,13825300
2025-05-30,200.24066162109375,180.23817443847656,415.0899963378906,110.7300033569336,205.00999450683594,290.9997253417969,143.16152954101562,43.15925598144531,27.926742553710938,73.9986572265625,83.22575378417969,132.40650939941406,188.60032653808594,22.483291625976562,171.1465606689453,591.1952514648438,19.549999237060547,152.2973175048828,258.96368408203125,733.749267578125,582.1612548828125,645.476318359375,74.14651489257812,125.01261901855469,457.7011413574219,135.09817504882812,68.20198822021484,10.932516098022461,22.318124771118164,69.90625,64.34774780273438,32.06970977783203,401.34320068359375,346.4599914550781,56.2282600402832,293.630126953125,363.0791931152344,126.34996795654297,73.59273529052734,99.81271362304688,70819900,11609000,4231300,36088500,51679400,5251700,4016950,66537500,5415600,12512200,20170600,12858900,6514200,6009500,52639900,2129500,114281900,15529700,10977700,6106200,4581100,16241000,20641500,6436100,34770500,333170900,11194200,14161500,56618600,14937200,3432207,20668300,2521300,123474900,1035700,16309300,8726900,3870500,17042000,28645800
2025-06-02,201.08807373046875,181.09042358398438,403.3999938964844,114.62999725341797,206.64999389648438,292.2664489746094,141.3924102783203,43.1103515625,28.387386322021484,74.47023010253906,84.56165313720703,133.5106964111328,187.93490600585938,23.27772331237793,168.4459228515625,589.4918823242188,19.739999771118164,152.4837188720703,259.611083984375,743.1490478515625,577.8070068359375,668.8134155273438,73.57719421386719,125.3739013671875,459.3018493652344,137.34764099121094,69.47063446044922,10.998830795288086,22.289621353149414,70.55279541015625,65.54296875,32.351104736328125,395.0164489746094,342.69000244140625,57.98179626464844,296.3630676269531,363.20843505859375,125.6935806274414,73.53369140625,100.54447174072266,35423300,4435600,4153700,34078400,29113300,1751200,3194950,28582600,8068400,9073400,8634400,9076600,3027700,4223900,38612300,1221200,67885500,6669300,6011200,2946900,2089100,15766300,11271800,3607900,16626500,197663100,16807900,21484100,30443900,7518200,3634385,12681500,2584000,81873800,1535500,19074400,3845700,2824500,11237500,17290500
2025-06-03,202.65330505371094,181.34222412109375,412.489990234375,117.30999755859375,205.7100067138672,294.3050842285156,141.17617797851562,43.667816162109375,28.368194580078125,75.18742370605469,85.72203826904297,135.16700744628906,190.74554443359375,23.2298641204834,165.60577392578125,594.5231323242188,20.290000915527344,151.52212524414062,261.1903381347656,746.7896728515625,578.552490234375,664.7760620117188,74.43599700927734,125.64729309082031,460.2961120605469,141.1867218017578,67.63919830322266,11.08409309387207,22.185110092163086,70.95066833496094,65.9122314453125,33.0982666015625,398.4637756347656,344.2699890136719,57.560184478759766,292.95904541015625,363.74530029296875,128.28973388671875,74.44892883300781,101.27623748779297,46381600,5335600,2737500,37161500,33139100,2202400,2257250,31320200,6550900,9802600,5642900,9001300,3525700,2906200,45084900,1730300,80401900,8209800,6998400,3056500,2116900,11585000,18139200,4145600,15743800,225578800,8822700,26032200,37887100,7316400,3432185,16171900,3204100,99324500,1769400,12805700,5221300,2310700,13193500,19194300
2025-06-04,202.20468139648438,181.42938232421875,413.9100036621094,118.58000183105469,207.22999572753906,292.8602294921875,143.49569702148438,43.384193420410156,27.753995895385742,75.05970764160156,83.81082153320312,133.0554656982422,191.75856018066406,23.000150680541992,167.46929931640625,589.974365234375,20.25,150.3446502685547,259.1794738769531,761.7696533203125,580.699951171875,685.8104858398438,75.5263900756836,125.13956451416016,461.19091796875,141.88656616210938,68.71707916259766,10.823967933654785,22.223114013671875,72.41285705566406,65.3680648803711,32.52583312988281,402.18011474609375,332.04998779296875,56.582801818847656,292.1421203613281,365.8729553222656,123.9693374633789,74.1832046508789,99.81271362304688,43604000,4382200,1843400,31025000,29915600,1842100,1810350,30591700,8007200,10119600,7268000,8735600,2596800,3071900,26900800,1294900,71166500,6983900,5915700,3135900,1530200,14031900,13009300,3123200,14162700,167120800,6917000,23478000,24500100,7712300,4117510,13545100,2280700,98912100,1870300,11255600,4202300,4458400,29578000,15648500
2025-06-05,200.02133178710938,181.55528259277344,415.20001220703125,115.69000244140625,207.91000366210938,292.889892578125,142.21798706054688,43.403751373291016,27.878753662109375,75.3249740600586,83.22575378417969,132.6002197265625,190.83493041992188,23.191577911376953,167.62876892089844,596.54150390625,19.989999771118164,150.77639770507812,256.9527587890625,761.6104125976562,582.0022583007812,682.4907836914062,74.89917755126953,127.54158020019531,464.9788818359375,139.95703125,69.29894256591797,10.8726806640625,21.966585159301758,72.08460235595703,65.6207046508789,32.36927032470703,396.8995361328125,284.70001220703125,56.764862060546875,287.7265930175781,364.6500549316406,124.30242156982422,73.7108383178711,99.35413360595703,55126100,4417900,2275500,34091000,51864200,1696900,1987400,32020900,6117000,14760500,5110200,6342600,3096500,2214100,36379100,2086700,72458400,5295400,8173800,3636400,1480000,13083100,13983700,6193300,20131700,231397900,5090500,20930100,33173600,6323600,3284356,11545800,2504000,287499800,2036600,13529000,6881900,1845400,20138400,13924800
2025-06-06,203.30133056640625,183.84080505371094,416.9200134277344,116.19000244140625,213.57000732421875,299.3323974609375,143.2598114013672,44.23995590209961,28.109081268310547,76.88707733154297,85.04920959472656,135.8062744140625,194.67845153808594,23.46915054321289,173.079833984375,604.536376953125,20.059999465942383,152.1206817626953,260.6606750488281,765.7880859375,586.6547241210938,695.5400390625,76.20185089111328,128.71328735351562,467.6632995605469,141.6865997314453,71.18760681152344,11.028560638427734,22.185110092163086,73.03950500488281,66.09685516357422,33.14229202270508,400.42657470703125,295.1400146484375,56.84151840209961,294.9042053222656,368.0801086425781,125.74256896972656,75.11813354492188,101.73480987548828,46607700,3607800,2146900,27042100,39832500,2099000,1226950,37013000,6988700,11515200,6042100,6563500,2802200,2173900,35731800,1675900,70072800,5391500,7738100,2069900,1528600,11728000,9863100,5004400,15285600,153986200,9549900,17766400,30426200,7240200,2795023,10410100,2630000,164747700,2610100,12589000,5008500,2607400,10988000,15487800
2025-06-09,200.83883666992188,183.19195556640625,416.260009765625,121.7300033569336,216.97999572753906,298.43182373046875,143.51536560058594,44.14157485961914,28.27222442626953,76.79865264892578,85.84880065917969,136.3389892578125,197.836669921875,23.641435623168945,175.69395446777344,604.0637817382812,20.479999542236328,152.31692504882812,261.6513977050781,769.5977172851562,580.898681640625,691.9013671875,76.54923248291016,128.84024047851562,470.0196228027344,142.59640502929688,71.97932434082031,10.940877914428711,22.774179458618164,73.15886688232422,66.330078125,33.386924743652344,407.0322570800781,308.5799865722656,57.15773391723633,294.87506103515625,364.5406799316406,125.65438842773438,75.2460708618164,102.41779327392578,72862600,4661500,3034200,55437700,38102500,2097800,1773700,32414000,6040900,9288000,6212600,7159500,4119400,1905000,28935900,1610700,92893900,5319000,8285000,2262200,1936000,12773200,18305800,4838600,16469900,185114500,10885800,23498100,42542600,6166500,2908913,12437700,2164000,140908900,2232300,12170300,4999900,2615600,13453200,17087300
2025-06-10,202.05511474609375,183.52122497558594,416.05999755859375,123.23999786376953,217.61000061035156,296.4129638671875,145.12722778320312,44.35800552368164,29.011180877685547,76.6611099243164,88.91065216064453,138.84764099121094,201.2332763671875,24.139150619506836,178.1983184814453,605.3929443359375,22.079999923706055,153.51405334472656,263.4759521484375,802.8997802734375,586.078125,700.2155151367188,78.49842834472656,128.71328735351562,468.2001647949219,143.92608642578125,75.67082214355469,11.311094284057617,23.08771514892578,74.3624267578125,68.06946563720703,34.75685119628906,413.02020263671875,326.0899963378906,58.355506896972656,295.45855712890625,368.557373046875,129.24984741210938,74.2520980834961,104.61308288574219,54672600,4087500,2627400,41691900,31303300,2045300,1477800,32229100,12844100,10942400,9687600,9841500,4626200,3280500,61766100,1376400,171457000,6791600,7538100,4744400,2133700,10850100,13254100,3816900,15375900,155881900,13076800,26602500,40439200,9510700,4595217,15648900,2573800,151256500,2508800,11384100,4109300,2150600,14892900,17634800
2025-06-11,198.1769256591797,185.4581298828125,412.8399963378906,121.13999938964844,213.1999969482422,295.9973449707031,144.95030212402344,44.00384521484375,29.567794799804688,77.00496673583984,91.02664947509766,140.23272705078125,203.3188934326172,24.80915069580078,176.9511260986328,614.5496215820312,20.68000030517578,152.3463592529297,263.03448486328125,804.3121948242188,587.2711181640625,691.9811401367188,77.50452423095703,128.7035369873047,469.890380859375,142.80625915527344,75.09849548339844,11.759251594543457,23.25873565673828,74.21322631835938,69.01203155517578,34.923194885253906,413.62799072265625,326.42999267578125,59.514949798583984,302.0429382324219,371.1522521972656,131.33656311035156,73.74034881591797,106.65226745605469,60989900,3908000,3385400,32261900,39326000,2013500,1777550,47873500,8810000,9030500,8738500,9256700,4491400,2493300,31646800,2063600,146784500,6016000,7434100,3125400,2238100,9582500,11803300,5810200,16399200,167694000,9211600,30317700,38558700,7706100,3906015,14446000,3062700,122611400,1440400,14711400,5562700,2400700,16442400,22648200
2025-06-12,198.5956573486328,186.34909057617188,413.67999267578125,118.5,213.24000549316406,294.89886474609375,147.42709350585938,43.89563751220703,29.67336082458496,76.85760498046875,92.33329010009766,140.41676330566406,203.69630432128906,25.25900650024414,175.30484008789062,615.4751586914062,20.770000457763672,153.72010803222656,263.12274169921875,807.7140502929688,585.8197021484375,691.20361328125,78.95195007324219,128.81094360351562,476.104248046875,144.9759063720703,77.31147766113281,12.080756187438965,23.60077667236328,74.41216278076172,69.42017364501953,34.86448669433594,413.80731201171875,319.1099853515625,60.434837341308594,309.76513671875,369.2532653808594,130.78794860839844,72.8349609375,107.06206512451172,43904600,5781400,6313300,44718400,27640000,1604500,1722900,30165400,7944600,6739700,7862300,6999400,3661200,3131900,20941900,1634700,78175900,7075500,6618000,2271100,1984000,7322700,13169200,4258700,18950600,162365000,10562500,37139100,42465400,8644600,3231367,10046700,2067600,105127500,1734300,15957200,4874000,2124600,14522500,17469400
2025-06-13,195.85398864746094,185.05137634277344,391.67999267578125,116.16000366210938,212.10000610351562,284.8046569824219,146.2869873046875,43.37424087524414,30.441104888916016,75.0204086303711,94.54679107666016,141.32723999023438,199.296630859375,26.56072235107422,174.2771453857422,604.0834350585938,20.139999389648438,154.15184020996094,259.89556884765625,815.005126953125,558.7296752929688,680.7462768554688,78.8458023071289,126.43822479248047,472.21685791015625,141.9464111328125,76.14775848388672,12.373032569885254,23.315744400024414,70.45332336425781,70.48905944824219,35.52008819580078,401.6993103027344,325.30999755859375,60.82770919799805,304.9314880371094,350.8105163574219,131.3855438232422,71.2111587524414,109.3939437866211,51447300,4965700,10629700,39702700,29337800,3405600,1565800,43281700,11179800,11987200,16849700,14148000,3391400,6601700,27663100,1674800,87655900,6587500,7098300,2754600,5905400,9274400,14550500,4367500,16814500,180820600,7491800,44421700,46368400,16744400,5922646,15387400,2385800,128964300,4207900,13762400,14181700,3758300,21168300,28540200
2025-06-16,197.81802368164062,184.8383026123047,401.7300109863281,126.38999938964844,216.10000610351562,291.1679382324219,144.5768280029297,43.68904495239258,29.903684616088867,76.70040893554688,92.63558197021484,141.44346618652344,199.73362731933594,26.436296463012695,176.3724365234375,618.1728515625,20.739999771118164,152.30712890625,265.20233154296875,803.2877807617188,565.3306884765625,700.4749145507812,78.9042739868164,127.81497955322266,476.3727111816406,144.66595458984375,73.46736145019531,12.412001609802246,23.182729721069336,71.87571716308594,69.41044616699219,35.138465881347656,404.0131530761719,329.1300048828125,59.95573043823242,301.3465881347656,353.42535400390625,134.96139526367188,71.98861694335938,109.74520111083984,43020700,4203900,6798300,100968500,33284200,2307800,1709550,34103600,11189100,10396600,10330400,10105100,3143400,6206000,27389200,1870400,86745100,7024000,8566000,2821800,3108200,13720300,12569400,6240500,15626100,183133700,8181900,33706300,35102100,7195500,5708857,16121500,1973200,83925900,2748900,14240100,7234700,3427800,16231500,22986100
2025-06-17,195.0464630126953,179.6280517578125,382.67999267578125,127.0999984741211,214.82000732421875,289.7725830078125,139.50534057617188,43.511962890625,30.306751251220703,76.00286102294922,93.12313842773438,144.17489624023438,194.41029357910156,26.876583099365234,175.55426025390625,615.012451171875,20.799999237060547,149.52041625976562,264.37835693359375,787.0346069335938,566.1061401367188,695.5963134765625,76.29232788085938,127.02406311035156,475.279052734375,144.09603881835938,70.9109878540039,12.733506202697754,22.802682876586914,70.29418182373047,70.28500366210938,35.30481719970703,389.23223876953125,316.3500061035156,61.26848602294922,302.53173828125,355.77166748046875,138.8899383544922,71.34893035888672,111.22824096679688,38856200,4733900,6866300,86623900,32086300,2625800,2131800,27489600,9465900,8078600,9468100,11330300,2968600,3069500,24973000,1479300,87512200,6407100,6739300,2875600,2246600,10066100,14040600,4767700,15414100,139108000,8080000,34670900,40408800,7374300,4071060,16172900,3040400,88282700,2838000,11593900,5559600,4292500,14156800,19451700
2025-06-18,195.9835968017578,179.63775634765625,378.0400085449219,126.79000091552734,212.52000427246094,293.34515380859375,139.09254455566406,44.328495025634766,29.884490966796875,76.97550201416016,91.46544647216797,143.53562927246094,193.10926818847656,26.627721786499023,172.93020629882812,625.4490356445312,21.489999771118164,147.90138244628906,268.7336730957031,780.8576049804688,535.5665283203125,694.1397705078125,77.27667999267578,129.3968048095703,477.4663391113281,145.455810546875,70.5962142944336,12.665308952331543,22.688669204711914,68.2053451538086,69.9643325805664,35.07975769042969,391.526123046875,322.04998779296875,60.38169479370117,300.8960266113281,338.41259765625,136.58767700195312,73.5533676147461,110.43793487548828,45394700,3573200,4808900,49627100,44360500,3691500,1685700,37684700,8627200,14866100,9116000,9841900,3236300,4561600,28707500,2423100,94200600,8325200,9586400,2442900,6966800,10068300,23803400,6170400,17526500,161494100,5462300,21225300,37076200,20427700,4224458,17588600,2884300,95137700,1339300,12205600,15008600,2872700,23498300,17968900
2025-06-20,200.39019775390625,179.45375061035156,376.9200134277344,128.24000549316406,209.69000244140625,295.4925842285156,137.5003204345703,44.7613525390625,29.99005699157715,77.07373809814453,92.33329010009766,144.85292053222656,195.0458984375,26.579866409301758,166.26522827148438,630.9232788085938,21.079999923706055,146.97901916503906,269.7538146972656,758.676025390625,529.8402709960938,680.7512817382812,77.05252838134766,129.58233642578125,474.64276123046875,143.8260955810547,70.36727905273438,12.733506202697754,22.774179458618164,69.67747497558594,70.35301971435547,35.06997299194336,396.8321838378906,322.1600036621094,60.92681884765625,295.8125305175781,336.6130676269531,138.23355102539062,74.20289611816406,111.91121673583984,96813500,12158100,8126900,79931000,75350700,5687000,3148550,64591600,13800700,17336500,16026400,23705900,6590900,4653800,75659900,4115400,133472800,22605500,13969700,6210600,8202800,22538600,34052300,8904400,37576200,242956200,8213000,26631400,63098100,18497900,6469860,30021000,3812600,108688000,2796700,16177900,19332100,5438600,27677500,36273300
2025-06-23,200.888671875,177.9623260498047,380.1199951171875,129.5800018310547,208.47000122070312,296.5218505859375,138.85665893554688,45.548362731933594,29.097553253173828,77.9677734375,89.4274673461914,142.24740600585938,194.9962615966797,25.35472297668457,164.8184814453125,636.9096069335938,21.190000534057617,148.4803009033203,272.9613952636719,766.5440673828125,539.1652221679688,696.8933715820312,78.12459564208984,130.84193420410156,483.19305419921875,144.1460418701172,66.50408935546875,12.373032569885254,22.831186294555664,71.6270523071289,68.83712005615234,33.005306243896484,399.1559753417969,348.67999267578125,59.6516227722168,294.5097961425781,341.76312255859375,134.27561950683594,75.78733825683594,109.02317810058594,55814300,5157900,3841800,65152900,37311700,3101700,1474900,42683600,14795600,12007200,9749700,10540600,3943100,9850700,57671000,2020800,81461000,7397900,8094600,3951500,3681100,11080100,18553800,5232400,24864000,154308900,15397900,47220600,31959100,11447900,7753101,25846100,2486100,190716800,1873500,12274700,7553300,3229200,17375700,26631100
2025-06-24,199.6923065185547,179.6958465576172,382.3399963378906,138.42999267578125,212.77000427246094,305.1810607910156,138.66009521484375,45.90251922607422,28.627307891845703,79.716552734375,87.16520690917969,139.04136657714844,196.11851501464844,24.07215118408203,166.39492797851562,651.9048461914062,22.549999237060547,149.333984375,275.8944091796875,773.9445190429688,554.2562255859375,710.5313110351562,78.28053283691406,132.69712829589844,487.279296875,147.87539672851562,67.4675064086914,12.090498924255371,23.097217559814453,73.18870544433594,68.15692138671875,32.780242919921875,403.3050537109375,340.4700012207031,58.795013427734375,299.3484191894531,349.5975646972656,133.0902099609375,76.869873046875,105.70584106445312,54064000,4074400,4797100,78572000,38378800,2805900,1823300,45437600,10987900,18393000,11016200,10778400,2739800,6348500,40524300,2307800,130368700,9544200,9267900,2788500,4503200,13823200,15906400,5599900,22305600,187566100,7386300,35949900,34404200,9500900,6591157,24521000,2083000,114736200,2095600,8781400,10172000,2973200,16342300,24828300
2025-06-25,200.94850158691406,179.5408935546875,387.54998779296875,143.39999389648438,211.99000549316406,305.3888854980469,136.96958923339844,46.08942794799805,29.097553253173828,81.18041229248047,86.78490447998047,138.7313995361328,199.62435913085938,24.024293899536133,170.29612731933594,659.5452270507812,22.200000762939453,149.4222869873047,278.6409912109375,788.0889282226562,546.4721069335938,707.01953125,77.64703369140625,134.47425842285156,489.4268493652344,154.28436279296875,64.243408203125,11.954102516174316,23.049713134765625,72.68141174316406,67.4767074584961,32.46712112426758,409.5685119628906,327.54998779296875,59.418006896972656,295.8222961425781,343.2643737792969,132.9628448486328,77.81462097167969,105.7351303100586,39525700,4471100,3718800,74607200,31755700,2467200,2011600,33532400,66997000,13221900,8380800,7386100,4379600,5851400,35479000,1566400,64975100,7153700,6826900,3023100,2889200,9320400,12753200,5736400,17495100,269146500,13688100,20626500,25603300,7851900,24488618,13448800,3100800,119845100,1839400,8722100,6836300,2327800,13954500,17483200
2025-06-26,200.39019775390625,180.89671325683594,384.95001220703125,143.67999267578125,217.1199951171875,308.1895446777344,137.7362060546875,46.68952941894531,29.068761825561523,82.88988494873047,88.62786865234375,139.90341186523438,200.08120727539062,24.110437393188477,173.14968872070312,676.5687255859375,22.5,149.1573486328125,283.2414855957031,790.8939208984375,542.60498046875,724.3888549804688,76.828369140625,136.45639038085938,494.57696533203125,154.99423217773438,64.57726287841797,12.139211654663086,23.030710220336914,72.78087615966797,68.9828872680664,33.10315704345703,411.03460693359375,325.7799987792969,59.92418670654297,296.40997314453125,344.02996826171875,134.1874542236328,78.69049072265625,107.31573486328125,50799100,5734000,3139700,58180100,50480800,3255200,2124850,40127000,14192700,18600500,6545000,7415700,5685500,4266100,31796700,2849500,63229300,7156900,8942100,3118200,3764100,13964800,13760100,6013200,21578900,198145700,8142000,14322700,31835300,10235600,5080697,14211000,2927700,80440900,1215400,6532700,8829500,2743700,18214800,18304800
2025-06-27,200.46995544433594,176.55807495117188,385.8299865722656,143.80999755859375,223.3000030517578,313.899658203125,137.3037567138672,46.35505294799805,29.11674690246582,82.89971160888672,87.92578887939453,139.27383422851562,197.7535400390625,24.033864974975586,178.1284637451172,680.1624755859375,22.690000534057617,149.54986572265625,281.63275146484375,771.3285522460938,547.0884399414062,731.9110717773438,77.09150695800781,137.37425231933594,493.0756530761719,157.72378540039062,65.34989929199219,12.061270713806152,22.983205795288086,73.24837493896484,68.97317504882812,33.27928924560547,407.2047424316406,323.6300048828125,59.86578369140625,302.76678466796875,346.5950012207031,131.95376586914062,78.23780059814453,106.72056579589844,73188600,29264700,5083800,61937900,119217100,4605500,1567400,56705000,11134700,21872400,7555700,9213500,5619700,2664400,108140200,3650500,95542400,10010800,17868600,4115100,3837500,18775700,60202500,7249300,34539200,263234500,5629400,13639200,39528800,10449500,3580060,17166000,3923100,89067000,1549000,15304400,6601900,8049500,21324200,22002100
2025-06-30,204.5475311279297,179.7636260986328,386.8800048828125,141.89999389648438,219.38999938964844,315.671142578125,137.3627166748047,46.55180358886719,28.723276138305664,83.6267318725586,87.5064926147461,138.69268798828125,196.50015258789062,24.062578201293945,175.83364868164062,696.8413696289062,22.399999618530273,149.8834686279297,284.37939453125,775.3868408203125,558.64013671875,736.3606567382812,77.14998626708984,137.54025268554688,494.53717041015625,157.96376037597656,65.83637237548828,12.187923431396484,23.030710220336914,73.92476654052734,68.4192886352539,33.07379913330078,404.3921813964844,317.6600036621094,59.758705139160156,305.568115234375,352.9977722167969,131.6892547607422,78.84795379638672,105.17898559570312,91912800,6482600,4645500,42972500,58887800,3416600,1850700,47921200,7521200,18035200,6518900,6980300,4537400,2797800,63378900,3976400,77102400,9039300,12689200,3041500,5054600,15402100,13895200,8034400,28369000,194580300,7637400,30679000,44730900,7738000,3423706,13101500,3919100,76695100,1235900,10074100,7080100,2413500,21685800,19199000
2025-07-01,207.1894989013672,183.99575805664062,392.1000061035156,136.11000061035156,220.4600067138672,319.1842956542969,140.46852111816406,47.36833190917969,29.270294189453125,84.75655364990234,89.70049285888672,140.99794006347656,200.04144287109375,24.158292770385742,175.4445343017578,695.5712890625,22.850000381469727,152.9939727783203,284.8698425292969,771.7761840820312,561.2944946289062,717.5348510742188,79.73269653320312,137.7452850341797,489.2081298828125,153.2745361328125,66.59947967529297,12.265864372253418,23.79079818725586,74.88961029052734,69.17723846435547,34.443721771240234,420.3600158691406,300.7099914550781,60.264888763427734,319.4473571777344,353.41534423828125,135.20631408691406,80.19620513916016,106.58396911621094,78788900,5937600,4516400,55257200,39256800,3836200,3365450,48540900,8426500,17088900,11895200,8508200,3976000,5038300,35904500,3301000,79094900,10896700,9338300,2734000,3827000,13431200,21800800,6166700,19945400,213143600,6851700,15712200,59259900,8633800,3643017,18964600,2603000,145085700,921000,17865500,6653400,3578300,20967100,15536900
2025-07-02,211.7954864501953,184.73178100585938,378.4700012207031,138.52000427246094,219.9199981689453,322.2323303222656,139.81983947753906,47.91923522949219,30.038040161132812,85.23796081542969,92.08950805664062,143.33221435546875,201.43405151367188,24.799577713012695,178.23822021484375,704.8558959960938,21.8799991607666,152.64073181152344,286.42950439453125,775.1381225585938,558.2227172851562,711.8981323242188,80.29796600341797,139.4931182861328,488.253662109375,157.22386169433594,66.59947967529297,12.616596221923828,24.05682945251465,75.90418243408203,70.23641967773438,35.138465881347656,426.63348388671875,315.6499938964844,61.80290222167969,301.2486267089844,352.1725769042969,139.17404174804688,81.0523910522461,108.34996795654297,67941800,4658200,6912200,39228000,30894200,3040200,1838050,48003600,8124700,13420200,9436000,8228700,3503600,5000800,29128900,2906500,138245300,5544000,8158700,1978300,2502300,9336700,16052700,5494500,16319600,171224100,7908300,20323300,36772100,9361500,3597121,16153400,2669300,119483700,1389900,18177200,5131400,3528100,15195100,11892200
2025-07-03,212.90213012695312,183.30816650390625,379.30999755859375,137.91000366210938,223.41000366210938,325.5460510253906,136.51748657226562,48.13566589355469,29.682958602905273,87.16357421875,91.34843444824219,143.70997619628906,202.13035583496094,24.589008331298828,179.126220703125,712.52587890625,22.489999771118164,153.08229064941406,291.75201416015625,776.520751953125,565.8973388671875,717.3253784179688,78.87503814697266,140.74295043945312,495.95892333984375,159.3135223388672,65.97946166992188,12.723764419555664,24.11383628845215,76.18268585205078,69.88658905029297,34.884056091308594,428.1993103027344,315.3500061035156,61.05336380004883,302.21832275390625,356.7857666015625,141.64285278320312,82.272705078125,109.47200012207031,34955800,3706200,2863700,28646000,29632400,1541800,3384000,21620300,3931600,13229900,4331500,5173300,1390700,1933500,21689700,1502000,61176000,3482500,6541600,1450800,1528700,8601700,7734500,3974700,13984800,143716100,4047900,12658000,27104600,5263400,2413800,7240700,1359300,58042300,1315000,6161100,3702800,2224600,11237300,11223600
2025-07-07,209.3130340576172,181.71023559570312,376.92999267578125,134.8000030517578,223.47000122070312,320.1885681152344,136.87130737304688,47.87004852294922,29.030376434326172,86.06322479248047,90.24655151367188,142.77044677734375,198.5791778564453,24.38800621032715,176.3923797607422,699.9723510742188,22.0,152.35617065429688,287.77984619140625,768.7621459960938,561.801513671875,716.6668701171875,78.8458023071289,140.35238647460938,494.8454284667969,158.21371459960938,66.1225357055664,12.499685287475586,23.980819702148438,75.7748794555664,67.8459701538086,34.1990966796875,417.5973205566406,293.94000244140625,58.814476013183594,297.4776306152344,354.57861328125,140.81991577148438,81.03269958496094,108.40850067138672,50229000,11049100,3545100,37395000,36604100,2160300,2220800,35567900,6653200,12407300,6287100,9460900,2388400,2812000,34175600,2863700,80725200,6270900,8825700,2576900,2478300,9457100,15777400,5991600,13981600,140139000,7313500,18918300,34905900,5918600,5092511,9710100,2497200,131177900,1805100,9031200,5138000,2537500,18156000,15415900
2025-07-08,209.3728485107422,183.78269958496094,382.239990234375,137.82000732421875,219.36000061035156,314.4838562011719,137.63792419433594,46.38456344604492,30.009252548217773,84.06884002685547,93.40591430664062,148.42703247070312,199.62362670898438,24.98143768310547,173.9678497314453,686.5328369140625,23.59000015258789,152.8664093017578,278.72174072265625,773.5267333984375,559.1372680664062,718.9814453125,79.30387115478516,137.8038787841797,493.75177001953125,159.97341918945312,66.42777252197266,12.791961669921875,24.341867446899414,74.63098907470703,69.24525451660156,35.75493621826172,425.0476379394531,297.80999755859375,60.39143371582031,301.3857727050781,352.50067138671875,145.64976501464844,80.29461669921875,111.41361999511719,42848900,7106900,3708200,36124600,45692000,2643900,2039800,88086500,9379500,18075600,12934700,14082100,4225600,3159200,40442500,3100700,119545500,6438200,15440900,3301800,3083800,7770700,12752900,6620400,11846600,138133000,9867100,18484000,51275800,8758400,3807577,13525700,2620900,103246700,1401900,9613800,6966800,7593600,18303400,17913400
2025-07-09,210.4994354248047,184.6058807373047,373.3800048828125,138.41000366210938,222.5399932861328,314.8509521484375,139.21047973632812,46.079593658447266,30.009252548217773,84.28498077392578,92.1772689819336,148.21392822265625,199.90216064453125,25.230295181274414,176.2227783203125,685.8238525390625,23.440000534057617,153.3472137451172,279.0963134765625,782.7374877929688,562.5516967773438,731.0631103515625,81.5844497680664,138.2139892578125,500.60198974609375,162.85293579101562,66.47547912597656,12.548398971557617,24.28485679626465,74.43206024169922,69.70196533203125,35.471160888671875,418.7742004394531,295.8800048828125,60.897613525390625,296.69403076171875,355.6921691894531,146.04164123535156,80.49143981933594,111.0331039428711,48749400,5594100,4726600,37013100,38155100,2424200,1832700,46227900,8325100,9929400,5351500,9495900,2050700,3398600,43025600,1763400,70247700,6147400,11273800,2703100,2454300,11418000,18394600,4837000,18659500,183656400,5380000,18290000,38362200,6755700,4346735,11430600,2735100,75586800,918100,12816700,7297100,3304000,16135400,10652100
2025-07-10,211.76556396484375,188.8477020263672,371.42999267578125,144.16000366210938,222.25999450683594,322.67877197265625,141.15650939941406,46.207489013671875,30.249170303344727,85.5523452758789,92.99636840820312,149.32781982421875,204.42820739746094,25.53658103942871,177.2205047607422,698.1903076171875,23.81999969482422,154.73077392578125,284.0541076660156,786.44775390625,560.9689331054688,725.5360107421875,81.8865737915039,139.71768188476562,498.58367919921875,164.07273864746094,67.73458862304688,12.499685287475586,24.493881225585938,75.29742431640625,70.25584411621094,35.862571716308594,429.5956115722656,309.8699951171875,60.946285247802734,293.36383056640625,353.8230285644531,151.66502380371094,81.0523910522461,112.13562774658203,44443600,6049400,4022500,61101500,30370600,2844400,2022850,44225000,6561800,9586100,4065100,8395100,3088200,2710700,29252400,1733500,54599800,6732900,8410900,3130400,2577200,9913600,14725600,5622800,16492100,167704100,6373900,21527700,39499200,6380200,3638972,11649200,2932800,104365300,970700,11355600,6121300,3762700,14348100,14901700
2025-07-11,210.51937866210938,186.37815856933594,363.3500061035156,146.4199981689453,225.02000427246094,316.9542236328125,139.81983947753906,45.971378326416016,31.32401466369629,85.20849609375,93.23039245605469,150.4320068359375,203.7716827392578,25.938579559326172,179.7847442626953,694.0845947265625,23.43000030517578,153.95559692382812,282.7431945800781,788.7951049804688,547.6892700195312,715.828857421875,81.24333953857422,138.92677307128906,500.4130859375,164.89259338378906,65.75053405761719,12.48994255065918,24.370365142822266,70.98051452636719,70.25584411621094,36.50838851928711,433.7147521972656,313.510009765625,61.335655212402344,297.8596496582031,345.9189453125,149.94078063964844,81.2393798828125,112.62347412109375,39765800,4991000,3548700,50049200,50518300,2091200,1364950,31653000,12723400,10256000,4903400,8333200,2369000,4481900,34282900,1681800,49367900,7872000,7384700,2852500,3221400,10873900,9717400,3647500,16459500,193633300,6522400,11658100,34864400,21877700,4603726,11335200,2511400,79236400,1148800,9808200,7580200,3055000,12583100,11683900
2025-07-14,207.98707580566406,185.47750854492188,366.989990234375,146.24000549316406,225.69000244140625,318.392822265625,141.0189208984375,46.30586242675781,30.805784225463867,85.96498107910156,91.82623291015625,146.88693237304688,196.7090606689453,25.249435424804688,181.1516571044922,702.3058471679688,23.299999237060547,153.87709045410156,284.5567932128906,795.091552734375,550.5165405273438,719.2308959960938,81.54546356201172,140.5769500732422,500.1147766113281,164.04273986816406,65.76007080078125,12.275607109069824,24.0853328704834,73.49705505371094,69.08977508544922,35.441810607910156,424.2198181152344,316.8999938964844,60.566650390625,294.41180419921875,348.4740905761719,145.845703125,82.10540008544922,111.15018463134766,38840100,4072800,2898700,44718600,35702600,1890900,1700850,36381200,5790500,13450800,5504200,10706300,4925400,3771900,32536600,1909300,48420500,10185600,9079900,2401400,2500900,8939400,10368700,5376100,12058800,136975800,6015900,12115700,25918000,12993900,4542167,12686400,2819300,78043400,1141400,10681400,5598900,2626800,20194200,13220300
2025-07-15,208.4755859375,182.0684051513672,364.17999267578125,155.61000061035156,226.35000610351562,308.20367431640625,138.22763061523438,45.40079879760742,30.575464248657227,89.12848663330078,90.24655151367188,145.95712280273438,191.84478759765625,24.627294540405273,181.59068298339844,691.6821899414062,22.920000076293945,152.258056640625,282.4376525878906,767.648193359375,547.8684692382812,708.7255249023438,79.45005798339844,138.2530517578125,502.89862060546875,170.671630859375,64.1194076538086,12.178181648254395,23.38224983215332,72.57199096679688,68.40956115722656,34.3165168762207,416.8891906738281,310.7799987792969,60.43037033081055,285.723876953125,345.01422119140625,145.77713012695312,77.60795593261719,110.16474914550781,42296300,6729200,2551000,93370100,34907300,3006500,1595800,55145000,6278400,39270900,4152400,7346300,4521900,2700400,33448300,1981200,66099400,6873200,12526100,4174100,2449100,11529500,10827000,7392200,14927200,230627400,7250800,11805400,54458000,7333600,3618629,17351500,2090500,77556300,1070600,16019000,4891700,2568400,53938000,10959300
2025-07-16,209.5224151611328,186.16127014160156,361.7699890136719,160.0800018310547,223.19000244140625,309.44384765625,137.75587463378906,45.282745361328125,30.63304328918457,88.44076538085938,89.2324447631836,145.21128845214844,192.28248596191406,24.64643669128418,182.55848693847656,697.8948974609375,22.690000534057617,161.68771362304688,281.7181396484375,785.6021728515625,553.0051879882812,701.2630615234375,80.33695220947266,136.49546813964844,502.69976806640625,171.34152221679688,63.94771194458008,12.04178524017334,23.38224983215332,72.58194732666016,68.67193603515625,33.84682846069336,415.2135925292969,321.6700134277344,60.206478118896484,286.4878234863281,347.8775634765625,140.28109741210938,78.64128875732422,109.50127410888672,47490500,6202600,3592900,59492800,39535900,2921900,1771500,61296600,5791600,23321000,3773700,7923400,2662400,2300300,33104200,3323200,58865900,22134800,9979800,3255400,2424200,13067600,11517800,10610800,15154400,158831500,5611100,17317300,44218200,9671100,4132461,19849600,2762300,97284800,1646800,9714000,5544200,4002900,30567500,11158900
2025-07-17,209.38284301757812,186.96224975585938,366.45001220703125,160.41000366210938,223.8800048828125,312.8666687011719,136.14401245117188,46.25667190551758,30.796188354492188,91.4569091796875,90.50007629394531,146.6254425048828,193.76463317871094,24.627294540405273,183.16712951660156,694.9608764648438,22.799999237060547,159.92149353027344,285.73956298828125,757.45263671875,553.0947265625,699.7665405273438,79.45005798339844,137.5792999267578,508.7446594238281,172.97125244140625,62.2784309387207,11.983330726623535,23.353748321533203,73.46720886230469,68.35125732421875,33.925106048583984,423.86077880859375,319.4100036621094,60.099403381347656,282.1585693359375,347.7880859375,141.73101806640625,78.44446563720703,108.94512939453125,48068100,4853100,3340500,50605100,31855800,3223300,1849350,56480700,3858700,23949200,4899400,8359600,3064800,2426500,31992600,2046100,49384000,11295700,8509500,4107300,2722000,11803300,8984800,7695800,17503100,160841100,9041800,12774800,47393900,8522700,3733843,70887000,2494600,73922900,1270200,14792700,4747100,2418800,21837600,13151400
2025-07-18,210.539306640625,184.8718719482422,365.7900085449219,156.99000549316406,226.1300048828125,305.52496337890625,135.22012329101562,46.55180358886719,30.70022201538086,91.81059265136719,89.35919952392578,145.3275146484375,189.04959106445312,24.598581314086914,184.64378356933594,697.3435668945312,23.100000381469727,160.6279754638672,287.08990478515625,767.6083984375,550.1580810546875,702.6298828125,77.92967224121094,137.5109405517578,507.1041564941406,172.38136291503906,61.3436279296875,11.700797080993652,23.249235153198242,73.77556610107422,68.29295349121094,32.6041145324707,413.65771484375,329.6499938964844,60.06046676635742,276.84979248046875,347.032470703125,143.1809539794922,79.35969543457031,105.14971160888672,48974600,5332000,2459200,48859800,37833800,5481100,1495900,48314200,6224700,16603700,7968000,45782600,4240300,3242500,34014500,1925200,60195600,9792600,12217000,3357700,2579600,12779800,11823600,5572300,21209700,146456400,8051200,28399800,36309400,9011600,5241005,35376400,2652500,94255000,1043400,14979700,4927600,3417800,21236000,32366600
2025-07-21,211.83535766601562,180.5641326904297,367.67999267578125,157.0,229.3000030517578,300.5841979980469,135.08251953125,46.70920181274414,30.930543899536133,91.0246353149414,88.73512268066406,144.97882080078125,187.0800323486328,24.483722686767578,189.67245483398438,695.118408203125,23.260000228881836,161.2755889892578,286.794189453125,758.1289672851562,552.1390991210938,711.2994995117188,77.29618072509766,137.15943908691406,507.1141357421875,171.35153198242188,61.92549133300781,11.827449798583984,23.049713134765625,74.42211151123047,68.33183288574219,32.81938934326172,403.87353515625,328.489990234375,59.86578369140625,276.35028076171875,348.91156005859375,143.30831909179688,79.00541687011719,105.42290496826172,51377400,4954800,2770400,39021100,40297600,2667200,1602750,32199700,6890300,11894500,4436500,17982200,5898600,2543100,45803100,2006500,61658000,8254000,7898100,3058000,2194400,9404400,11620800,5853400,14066800,123126100,8280700,17630300,33663400,8200400,3366709,22403000,2733800,75768800,1349600,10319200,5216300,2129200,14506600,17010400
2025-07-22,213.74954223632812,182.771728515625,372.8699951171875,154.72000122070312,227.47000122070312,301.7449951171875,138.54214477539062,46.99449920654297,31.208852767944336,92.3509521484375,90.66585540771484,145.3275146484375,188.91033935546875,24.502866744995117,190.90966796875,689.614501953125,23.239999771118164,164.77859497070312,287.2475891113281,772.313232421875,556.23046875,703.1586303710938,79.53777313232422,136.7395782470703,502.35174560546875,167.00225830078125,63.6996955871582,11.944360733032227,23.88580894470215,75.59583282470703,69.13836669921875,33.61198425292969,426.49383544921875,332.1099853515625,60.28435516357422,279.2789001464844,349.8262023925781,142.16207885742188,81.07207489013672,105.90098571777344,46404100,4432100,2449000,49028000,37483700,2296100,1563350,34749400,6791100,15282600,5545500,26196500,7053300,4551500,44660200,1978900,53969800,9288000,6717500,2496600,2010400,8921100,10571000,5257200,13868600,193114300,8970300,27295100,48091600,9094400,4167670,20793800,3674200,77370400,1406000,14600300,4614200,2818300,22437000,13970900
2025-07-23,213.5002899169922,186.1319580078125,372.4599914550781,158.64999389648438,228.2899932861328,306.2293395996094,143.49569702148438,47.358489990234375,31.391191482543945,94.3060302734375,92.6745834350586,148.310791015625,196.84832763671875,24.837865829467773,189.80215454101562,706.4608764648438,23.489999771118164,165.92666625976562,292.5010986328125,794.6439208984375,559.5454711914062,711.9081420898438,81.84760284423828,138.85842895507812,502.94830322265625,170.75161743164062,66.79978942871094,12.324319839477539,24.09483528137207,76.25232696533203,70.70284271240234,34.385009765625,465.4808654785156,332.55999755859375,60.72239685058594,286.5074462890625,353.2364196777344,144.54270935058594,82.37110900878906,107.25718688964844,46989300,4344500,1994600,41510900,28294900,2139100,2510200,31380100,12579500,22339800,6921500,13162800,6374400,9197300,58681900,2395700,68711700,10617600,7083500,2683600,2180400,8771600,11542100,6612900,16396600,154082200,11980400,19460200,42073300,9283200,4757227,22471100,8928300,92553800,1855700,13111100,4385600,2949400,19379200,12002700
2025-07-24,213.11148071289062,186.4054718017578,371.69000244140625,162.1199951171875,232.22999572753906,305.82257080078125,144.83236694335938,47.60443115234375,30.834577560424805,93.71656036376953,93.24014282226562,150.93568420410156,201.742431640625,24.579435348510742,191.73780822753906,708.0952758789062,22.6299991607666,166.3780059814453,292.2940979003906,801.1491088867188,560.9490356445312,713.1251831054688,81.97429656982422,139.14158630371094,507.9294128417969,173.7111358642578,67.4675064086914,12.324319839477539,24.0853328704834,77.40615844726562,70.33358001708984,34.48286437988281,473.7789611816406,305.29998779296875,58.833946228027344,272.8633117675781,351.9240417480469,137.48898315429688,82.53841400146484,108.0962905883789,46022600,3462700,2692100,48440100,42902300,2288100,2883500,42967600,12436000,15644400,5047900,15701000,7411400,4832300,74881700,1974700,131963300,6636900,7001200,2786400,1874700,10920800,8016700,3817900,16107000,128984600,10161000,17092900,25672400,10504300,4769028,15592100,6234000,156966000,2714300,22585200,5887200,6183700,19031200,15647200
2025-07-25,213.23110961914062,185.86822509765625,370.739990234375,166.47000122070312,231.44000244140625,309.1561279296875,142.82737731933594,47.66345977783203,30.90175437927246,94.38463592529297,92.58682250976562,149.9767608642578,204.39837646484375,24.273151397705078,192.74551391601562,717.744140625,20.700000762939453,165.14166259765625,294.3344421386719,808.3705444335938,565.6476440429688,711.0101928710938,82.5590591430664,139.6395721435547,510.7430419921875,173.47117614746094,68.39275360107422,12.275607109069824,23.959688186645508,77.56529998779297,69.9546127319336,34.707923889160156,477.060302734375,316.05999755859375,59.05783462524414,275.29241943359375,354.9762878417969,139.08587646484375,82.98126983642578,107.71576690673828,40268800,3786800,2053200,53432300,28712100,2149300,3101150,24461200,7033600,13543400,4501800,7875500,5355700,3282700,39785900,1851400,245077700,6254900,5918500,2976900,1513300,8271700,10058800,3463000,19125700,122316800,7350200,12077100,35643400,6888100,2571836,11467800,4205500,148227000,1734700,16486600,3915400,2792200,14072400,10548900
2025-07-28,213.40061950683594,184.14903259277344,369.4700012207031,173.66000366210938,232.7899932861328,308.29296875,141.19583129882812,47.4470329284668,31.352802276611328,93.87376403808594,94.60529327392578,151.3715362548828,201.8717498779297,24.96229362487793,192.14688110351562,712.496337890625,20.68000030517578,163.1007080078125,293.9992980957031,803.8148803710938,565.7074584960938,715.9486083984375,81.9255599975586,139.20018005371094,509.5400390625,176.7206268310547,65.81729888916016,12.22689437866211,23.495763778686523,77.80402374267578,70.16838836669922,35.22653579711914,483.68280029296875,325.5899963378906,59.34012985229492,276.3306579589844,353.41534423828125,141.8094024658203,81.75111389160156,108.73047637939453,37858000,3776900,2984200,68267800,26300100,1653800,3823900,20590400,5528400,19370700,4632400,8755400,5160200,3885000,38139500,1464800,86105600,8014600,5840400,2587700,2492400,8715700,12882000,3729300,14308000,140023500,7156200,48901900,31096600,15978400,2910278,13367900,3412200,112673800,1635000,15779400,3921000,2205700,10627100,12353000
2025-07-29,210.62904357910156,186.78643798828125,370.70001220703125,177.44000244140625,231.00999450683594,306.11029052734375,145.42208862304688,47.171573638916016,31.631113052368164,92.8225326538086,95.55115509033203,152.09799194335938,205.7611541748047,25.900293350219727,195.3097381591797,720.6979370117188,20.40999984741211,164.95523071289062,292.777099609375,758.8949584960938,560.7698364257812,698.3599243164062,80.53186798095703,140.17660522460938,509.609619140625,175.4808349609375,51.45195770263672,12.509428024291992,23.486099243164062,71.07003021240234,71.0429458618164,34.86448669433594,480.8901672363281,321.20001220703125,59.826839447021484,255.71263122558594,349.2595520019531,141.789794921875,81.33778381347656,110.13546752929688,51411700,6715500,4234200,108154800,33716200,1796400,7215700,26216500,4878000,13169900,5157700,6446000,4973300,7227000,41389200,2136000,100831500,7663400,7635700,7100700,2393800,13267000,27826400,5158700,16469200,154077500,110735600,23592000,38499800,42890700,3918331,14315300,3164200,87358900,2097800,41706000,7402300,3245700,12478200,15928000
2025-07-30,208.415771484375,184.9207000732422,364.0,179.50999450683594,230.19000244140625,301.0207214355469,150.5525360107422,47.18141555786133,30.949739456176758,94.12919616699219,94.26400756835938,148.73696899414062,202.9162139892578,24.751724243164062,196.08799743652344,719.48681640625,20.34000015258789,164.1211700439453,295.3299255371094,756.0401611328125,556.578857421875,693.5811767578125,79.67422485351562,141.5240936279297,510.2757873535156,179.24021911621094,47.72230911254883,12.597110748291016,23.012510299682617,69.33927917480469,69.69225311279297,33.435848236083984,476.02301025390625,319.0400085449219,58.17201614379883,260.5806579589844,348.8817443847656,136.53868103027344,80.48159790039062,109.17930603027344,45512500,5008400,3295200,64820300,32993300,3132400,5135550,32265900,7183900,13998000,6607600,9191700,5692900,4602600,32445400,1816200,67420300,6189200,8061700,4338700,2833200,27077300,13055200,5236800,26380400,174312200,65866200,24777800,35649500,20790400,5331043,17945400,2583500,83931900,1100000,22371800,12129700,4629600,15579100,12996900
2025-07-31,206.94027709960938,184.63743591308594,357.69000244140625,176.30999755859375,234.11000061035156,296.9530029296875,143.672607421875,46.50261306762695,30.85377311706543,92.05621337890625,92.96710968017578,146.8772735595703,196.12216186523438,24.64643669128418,191.46839904785156,712.437255859375,19.799999237060547,161.6484832763672,291.9885559082031,736.1365356445312,563.9055786132812,771.6278076171875,76.13639068603516,140.06893920898438,530.4187622070312,177.84043884277344,44.898841857910156,12.412001609802246,22.509929656982422,68.39433288574219,70.16838836669922,33.07379913330078,466.4483337402344,308.2699890136719,57.96759796142578,244.43881225585938,343.4731750488281,135.62013244628906,79.349853515625,108.92561340332031,80698400,10347900,4513100,71765300,104357300,2718200,4299850,40016300,5346000,14638800,5648100,10237100,6060700,2391700,51329200,2358100,90665200,11036200,14749700,5810300,4568300,38831100,19813300,5523700,51617300,221685400,50372500,18266700,62768300,16657600,5348633,13121200,3413900,85270900,1371900,29606900,8641700,3565500,14813900,17233700
2025-08-01,201.76602172851562,190.69369506835938,347.79998779296875,171.6999969482422,214.75,291.9526672363281,145.36309814453125,44.91875076293945,30.46989631652832,90.2190170288086,90.45133209228516,146.64480590820312,196.0525360107422,24.359294891357422,188.70465087890625,698.63330078125,19.309999465942383,164.1898651123047,285.2171936035156,758.2782592773438,557.3554077148438,748.2527465820312,77.27667999267578,136.7554931640625,521.0829467773438,173.69113159179688,45.96718215942383,12.363288879394531,22.703229904174805,66.75311279296875,69.9643325805664,32.33991622924805,461.820556640625,302.6300048828125,57.58796310424805,232.89076232910156,337.3885498046875,131.54095458984375,76.54510498046875,106.9742431640625,104434500,8082000,4307900,75396100,122258800,3012900,4901900,52310400,8591900,17725600,6349200,10706500,5736500,2791900,34832200,2999100,86496100,8927800,12007100,4859500,3316700,19028700,11900300,6678500,28977600,204529000,34787400,18807300,51332700,15181100,5434229,17071400,2756900,89121400,1644400,39989200,8658700,2250300,16071300,19652000
2025-08-04,202.7330780029297,192.61801147460938,338.8500061035156,176.77999877929688,211.64999389648438,296.2386474609375,146.62115478515625,45.10566711425781,31.180063247680664,91.0595932006836,90.5390853881836,146.29611206054688,196.4205780029297,24.139150619506836,194.60133361816406,714.8396606445312,19.5,167.83023071289062,290.0369873046875,764.9127197265625,567.23046875,774.5509033203125,77.83221435546875,138.98739624023438,532.54638671875,179.9700927734375,46.558589935302734,12.431488037109375,22.74188995361328,67.64832305908203,69.81856536865234,32.1735725402832,465.34124755859375,309.260009765625,57.9091911315918,236.03489685058594,340.17236328125,133.37806701660156,76.34828186035156,104.75944519042969,75109300,4217500,6449300,52951000,77890100,1876000,1756700,31038900,13559300,11611400,9384500,10116600,3176900,2884900,31547400,1753700,69249400,12679100,6649500,3353400,2984700,15801700,13380700,3851500,25349000,148174600,20691900,14894400,57010700,11756800,4017737,11901700,2092800,78683900,1665500,17427900,7335300,2920300,13892100,19129500
2025-08-05,202.3043670654297,193.9464874267578,338.739990234375,174.30999755859375,213.75,294.30401611328125,146.40492248535156,44.820377349853516,32.245304107666016,90.50579833984375,90.88037109375,148.23329162597656,197.9922637939453,24.091293334960938,194.232177734375,709.798583984375,20.190000534057617,167.53587341308594,287.1884460449219,761.8790283203125,563.4775390625,761.6712646484375,78.73859405517578,138.10250854492188,524.7019653320312,178.23037719726562,45.041927337646484,12.577625274658203,23.9210262298584,67.46928405761719,70.35301971435547,32.780242919921875,465.1916809082031,308.7200012207031,58.67819595336914,245.84927368164062,335.4796447753906,135.1460418701172,76.72225189208984,104.63259887695312,44155100,4153400,3909000,88808500,51505100,2181000,1719850,36798300,14440000,19836100,7716200,8604100,4001100,3511900,31602300,1977300,97338200,7934400,7182300,3615200,2883200,11640300,9984300,5331100,19171600,156407600,21508400,16745600,113955100,10714700,3262988,12204500,1992300,57961300,1068700,23795900,7295600,2178400,15765100,21314300
2025-08-06,212.60302734375,191.7486572265625,345.6199951171875,163.1199951171875,222.30999755859375,293.2126770019531,144.67510986328125,44.682647705078125,32.51402282714844,91.20793914794922,90.7926254272461,147.98146057128906,194.14263916015625,23.689292907714844,195.64898681640625,713.5695190429688,20.40999984741211,167.388671875,287.1687316894531,742.403076171875,566.5535278320312,770.1812133789062,77.42288208007812,138.92840576171875,521.908203125,179.3901824951172,43.28679656982422,12.67505168914795,23.128494262695312,69.05081939697266,70.19754028320312,32.153995513916016,447.7576904296875,319.9100036621094,58.60032653808594,240.73638916015625,337.7762756347656,131.81752014160156,76.3778076171875,103.92034912109375,108483100,4057200,3347200,133641800,54823000,3430500,1473650,27916800,11067700,13153600,7078500,7840900,5123000,9904400,21562900,1477100,67074200,8957200,6330200,4752100,2245200,9733900,13028700,3765800,21355700,137192300,37438100,56992900,65689200,11913000,4584369,11467900,2539300,78523600,1239700,12946400,5944100,2764100,14157000,15321800
2025-08-07,219.36245727539062,194.24928283691406,338.2699890136719,172.39999389648438,223.1300048828125,292.4090881347656,146.5818328857422,44.19076156616211,32.811519622802734,90.2190170288086,90.29530334472656,148.3495330810547,197.44515991210938,23.727581024169922,196.07801818847656,708.6465454101562,19.770000457763672,168.31103515625,282.822021484375,637.4537963867188,558.6793212890625,760.0449829101562,78.32926940917969,138.55477905273438,517.8319091796875,180.73995971679688,46.51089096069336,12.74324893951416,23.41844367980957,67.85720825195312,69.35214233398438,32.08550262451172,453.5423889160156,322.2699890136719,59.184383392333984,239.649169921875,330.1705017089844,130.95822143554688,75.82669830322266,103.37396240234375,90224800,4683300,4661800,95448300,40603500,2842500,1713800,30609900,10582300,12964000,10307300,6510400,2670100,4783800,26321800,1400400,131382800,9315900,8057100,26101600,2979600,9019700,10830100,3728600,16079100,151878400,40780500,18068500,45494400,10129300,4783296,11213300,1490100,66658700,1421600,11369900,8797100,2060100,13105600,13468300
2025-08-08,228.65420532226562,193.45806884765625,341.04998779296875,172.75999450683594,222.69000244140625,295.0877685546875,145.58226013183594,45.263065338134766,32.7635383605957,91.702392578125,91.57270812988281,150.14141845703125,199.5042724609375,23.45000648498535,200.9669952392578,710.1530151367188,19.950000762939453,170.07728576660156,284.615966796875,622.32470703125,571.7200317382812,767.49755859375,78.6411361694336,140.77684020996094,519.02490234375,182.6696319580078,48.723880767822266,11.807964324951172,23.75672149658203,67.29023742675781,69.62422180175781,32.163780212402344,459.50665283203125,329.6499938964844,59.70029830932617,245.7415313720703,334.8333740234375,131.6496124267578,77.06407928466797,104.20330047607422,113854000,4101700,3507800,68866700,32970500,1778100,2493100,37131600,6304000,10772600,8765300,6332800,2963100,5632900,39161800,1275400,75415000,7686800,6634100,14125100,2907700,7320800,6882900,3943500,15531000,123396700,23367500,61640500,36377000,9683400,3839749,10217200,1689900,91200300,1710700,10185700,6073900,2165600,14123000,14417700
2025-08-11,226.74781799316406,194.03439331054688,333.6499938964844,172.27999877929688,221.3000030517578,293.89727783203125,146.6115264892578,45.4106330871582,32.58119583129883,91.28704833984375,91.20215606689453,148.6304168701172,198.70848083496094,23.239437103271484,200.54794311523438,708.1543579101562,20.649999618530273,170.55807495117188,285.4044494628906,631.8438110351562,570.9933471679688,764.0755004882812,77.99788665771484,141.465087890625,518.7564697265625,182.0297393798828,47.5696907043457,11.798222541809082,23.75672149658203,66.72327423095703,69.3910140991211,31.674524307250977,461.1722717285156,339.0299987792969,59.36933517456055,247.191162109375,333.9584655761719,130.1483154296875,76.80669403076172,103.25688171386719,61806100,6067800,4366200,70651000,31646200,2316700,1279150,35559400,4857200,12133300,6491400,6169700,2566300,2833500,25832400,1273500,175545600,7256800,5510100,11294200,2116600,7612000,8210700,4024700,20194400,138323200,16177600,23352800,38115700,10118600,2210076,10020000,1706700,105320200,1370600,11779500,5715800,2122300,14408100,13570700
2025-08-12,229.21310424804688,194.03439331054688,338.42999267578125,174.9499969482422,221.47000122070312,300.822265625,149.1253204345703,46.7288818359375,32.69635772705078,94.67903137207031,92.23577880859375,149.58932495117188,204.63711547851562,23.27772331237793,202.88267517089844,731.9222412109375,21.809999465942383,169.53758239746094,288.6472473144531,636.0314331054688,571.5806884765625,788.1489868164062,78.26103973388672,144.81785583496094,526.183349609375,183.1295623779297,47.48384475708008,11.924875259399414,23.824377059936523,67.60853576660156,70.20726776123047,32.232276916503906,476.1527099609375,340.8399963378906,60.02153015136719,256.2023620605469,335.3827209472656,131.73851013183594,78.67762756347656,103.5495834350586,55626200,3049800,3569400,52243500,37185800,2170500,1386300,35481200,4688900,21046400,7524800,6641600,2830000,2685200,30397900,2418100,134153600,7916700,8570900,6897400,2593800,14563100,7852700,7111600,18667000,145485700,10921900,17913300,34402700,9747500,2558422,10286500,2104200,80522100,1103700,12171800,5682800,1815000,14365200,14109400
2025-08-13,232.88612365722656,196.79876708984375,351.07000732421875,184.4199981689453,224.55999755859375,304.4534606933594,154.27166748046875,46.473106384277344,32.92668533325195,93.60111999511719,93.4936752319336,150.97439575195312,208.0391082763672,23.536151885986328,201.5057830810547,733.2120361328125,22.219999313354492,171.14682006835938,286.3605041503906,656.9794921875,575.2838134765625,778.2523193359375,80.60984802246094,145.27996826171875,517.5734252929688,181.559814453125,48.55218505859375,11.895647048950195,24.31729507446289,70.25438690185547,70.69312286376953,32.82917022705078,483.5132751464844,339.3800048828125,59.73923110961914,266.23223876953125,341.1692810058594,134.47439575195312,77.10367584228516,104.98384094238281,69878500,3558500,4375100,108305100,36508300,2586800,2504250,29465100,7190800,16605000,7263300,6581900,3241300,4313500,28342900,1862600,86024400,5878700,8420400,6310000,2352900,8811800,11043800,5542000,19619200,179871700,19443200,28911200,40176500,12344700,3854411,10370400,2054800,67838900,1696200,19480300,5693400,2093200,14415100,17958700
2025-08-14,232.33717346191406,199.934326171875,348.5799865722656,180.9499969482422,230.97999572753906,305.30670166015625,155.32073974609375,46.93547058105469,33.24337387084961,94.40214538574219,93.26940155029297,150.28671264648438,209.11343383789062,23.45000648498535,202.48358154296875,735.683349609375,23.860000610351562,171.44117736816406,289.9384460449219,680.792236328125,581.1173095703125,780.2974243164062,80.65857696533203,146.0173797607422,519.46240234375,181.98974609375,48.599876403808594,11.768994331359863,24.268970489501953,69.01103210449219,70.58623504638672,32.506263732910156,483.7625732421875,335.5799865722656,59.885250091552734,265.9187927246094,344.0974426269531,134.1484832763672,78.60832977294922,104.7691879272461,51916300,4635400,3745600,66308800,61545800,2108300,2859050,21073800,9440700,13288800,10057700,7337300,2634500,2628500,25230400,1371200,188052500,8241700,6322400,8395900,2642300,8116200,10217600,4188600,20269100,129554000,12620600,15224600,32514000,10695400,3245362,16284400,1955200,75000700,881400,25011100,6224000,1906000,16051500,13683500
2025-08-15,231.1494140625,201.8977508544922,354.8500061035156,177.50999450683594,231.02999877929688,303.0644836425781,156.70628356933594,46.17797088623047,33.42741012573242,92.6517562866211,92.95736694335938,151.633056640625,209.81968688964844,23.488292694091797,203.44142150878906,719.4573364257812,24.559999465942383,173.3251495361328,286.32110595703125,699.0349731445312,579.066650390625,783.3901977539062,82.0717544555664,142.20252990722656,517.1657104492188,180.42001342773438,49.992530822753906,11.759251594543457,24.297964096069336,68.8618392944336,70.51360321044922,32.28120803833008,487.72216796875,330.55999755859375,60.586116790771484,297.771484375,343.0815734863281,135.1164093017578,76.32164764404297,104.86766815185547,56038700,4430900,3718700,51543100,39649200,2728000,2380450,26276900,10608200,12000400,6564700,11617000,3210200,2687800,34931400,1645900,310161100,9477600,7340500,8224600,2263800,13375400,10481400,4986000,25213300,156602200,17622500,14802700,31844800,8128000,3238366,10421900,2462500,74319800,1284100,68198500,4946600,2037300,15380400,19271900
2025-08-18,230.45074462890625,201.78054809570312,357.239990234375,176.13999938964844,231.49000549316406,304.6320495605469,156.60733032226562,47.142059326171875,33.15476989746094,93.1758804321289,92.4166259765625,150.4416961669922,207.9097900390625,23.373437881469727,203.0423126220703,719.6936645507812,23.65999984741211,172.9424591064453,287.34619140625,695.8648681640625,581.4956665039062,765.572021484375,82.08150482177734,142.34999084472656,514.1134643554688,181.97975158691406,51.84846496582031,11.807964324951172,24.230308532714844,69.16024017333984,70.17993927001953,32.58454132080078,486.25604248046875,335.1600036621094,59.885250091552734,302.1595458984375,341.3585205078125,135.12628173828125,76.65821838378906,105.09416961669922,37476200,6083500,2923000,35937500,25248900,2115100,1508850,43125100,5690400,8780700,4849500,8174300,2859900,3198000,18526600,1157800,212515600,9284000,5386900,4997300,1812000,16513700,8273600,3548700,23760600,132008000,32445100,14684700,35623300,8410200,3074545,9148300,2211100,56956600,1362400,39600500,3999600,1869700,11660900,13040000
2025-08-19,230.1213836669922,201.40936279296875,361.0299987792969,166.5500030517578,228.00999450683594,303.68951416015625,157.43865966796875,47.299468994140625,32.930816650390625,92.70120239257812,92.18067169189453,148.86488342285156,211.08299255371094,23.17906379699707,201.11666870117188,710.2613525390625,25.309999465942383,174.46337890625,286.4886779785156,701.0088500976562,582.859375,749.71923828125,82.77347564697266,141.6519012451172,506.8257751464844,175.61080932617188,52.84202575683594,11.535173416137695,24.471935272216797,68.68279266357422,70.12104797363281,32.623680114746094,496.97772216796875,329.30999755859375,60.66399383544922,297.9967346191406,341.0697326660156,136.2324981689453,76.74730682373047,105.78350067138672,39402600,3975500,2808000,64455000,29891000,2215800,1844950,33783400,4965000,11504400,5412100,8567500,4851300,3517700,24240200,1856400,297659200,9274200,6031500,5941000,2334500,12286700,14307700,4257700,21481000,185229200,25993700,20636200,29170500,9052800,2297741,10834500,2578500,75956000,1760300,22348600,4457200,1540200,10118500,16113600
2025-08-20,225.5800323486328,204.3007049560547,353.42999267578125,165.1999969482422,223.80999755859375,305.9714050292969,159.37841796875,47.56508255004883,32.98924255371094,92.13751983642578,93.29163360595703,150.0597381591797,210.2871856689453,23.694150924682617,198.87173461914062,709.5720825195312,23.540000915527344,175.48385620117188,288.04595947265625,703.2318115234375,589.9968872070312,745.9680786132812,82.51033782958984,141.70106506347656,502.7991943359375,175.370849609375,52.37900924682617,11.613113403320312,24.529926300048828,67.71794891357422,70.74913787841797,32.64325714111328,493.5068664550781,323.8999938964844,61.42326354980469,293.68701171875,342.5437316894531,138.78074645996094,77.37095642089844,106.87659454345703,42263900,5782100,3727900,60233200,36604300,2481700,1785950,30822200,6028700,13447400,6133300,8076300,3302500,3432300,28955500,1872700,161149400,9030000,7374200,4139400,2884600,11898200,8904700,4619300,27723000,215142700,14100700,17211700,38111000,9992300,3761960,9917500,2351500,77481800,1245900,16679000,5834400,2082900,12101900,18959700
2025-08-21,224.47213745117188,204.64259338378906,353.42999267578125,163.7100067138672,221.9499969482422,305.74322509765625,159.25967407226562,47.47654342651367,33.15476989746094,91.5639419555664,93.18348693847656,152.3416748046875,202.82667541503906,24.267553329467773,199.3007354736328,704.9150390625,23.5,175.57215881347656,287.28704833984375,707.5980834960938,589.2404174804688,737.3682250976562,83.89427947998047,141.62240600585938,502.15185546875,174.95091247558594,53.48832321166992,11.642341613769531,24.87786865234375,67.1907730102539,71.14170837402344,33.083587646484375,482.4859924316406,320.1099853515625,61.76396560668945,297.125,342.3046875,138.56346130371094,77.04428100585938,107.56593322753906,30621200,5323900,2363200,37880500,32140500,1848500,1268250,28713200,4933500,17635200,5342100,7533600,3172700,4352400,19774600,1162000,97718300,8859600,6624000,3617300,2349200,8876300,13889000,3269400,18443300,140040900,12883200,17640300,37068100,7039500,3056227,11130100,1360600,55744400,1272300,13359000,6073600,2394300,9102700,12194900
2025-08-22,227.3267059326172,205.7170867919922,362.0899963378906,167.75999450683594,228.83999633789062,316.6466979980469,160.26914978027344,48.67673873901367,33.82663345336914,94.20436096191406,95.14979553222656,154.91741943359375,210.6851043701172,24.46192741394043,205.62648010253906,730.4552001953125,24.799999237060547,175.92539978027344,291.9885559082031,709.4522094726562,596.24853515625,753.021484375,85.15151977539062,145.53562927246094,505.1295166015625,177.96043395996094,54.964195251464844,12.012557983398438,25.013179779052734,69.52827453613281,71.95626831054688,34.844913482666016,498.6732177734375,340.010009765625,62.328548431396484,301.1114807128906,348.6291198730469,143.5809326171875,78.30145263671875,109.5846939086914,42477800,5516900,3058600,43998600,37315300,2785200,1802150,45078900,7453900,20124400,6338400,9084300,3364900,2158100,42827000,1948600,200266800,9524000,8552800,3222700,2388900,10612700,11977400,6759600,24324200,172789400,17913400,27633700,34560500,9394100,2424350,16024900,1778400,94016300,961500,14930000,4973200,2106400,11282600,13586700
2025-08-25,226.7278594970703,202.73780822753906,363.2099914550781,163.36000061035156,227.94000244140625,313.3131103515625,157.67617797851562,48.67673873901367,34.05058288574219,93.94723510742188,96.52621459960938,154.93701171875,206.6365203857422,24.238399505615234,208.02110290527344,727.4029541015625,24.549999237060547,175.06192016601562,290.6678161621094,693.1535034179688,590.5245361328125,751.5349731445312,83.1438217163086,145.1718292236328,502.17181396484375,179.78012084960938,54.346839904785156,12.148759841918945,24.297964096069336,69.11050415039062,72.44696807861328,34.884056091308594,489.45758056640625,346.6000061035156,61.0630989074707,298.6040344238281,347.4140319824219,145.29953002929688,79.38045501708984,110.03768157958984,30983100,2796200,2259500,36134700,22633700,1599600,1689700,34715700,5124500,8647000,6850800,7030000,1985800,2690500,29928900,1381200,156825600,6229100,5856300,2898100,1984300,6861200,9417700,2596500,21638600,163012800,16185000,19395600,32684200,6460300,2545281,8184200,1044300,86670000,1690800,8917100,8019800,2040300,12017000,9744900
2025-08-26,228.87376403808594,203.52902221679688,354.9100036621094,166.6199951171875,228.7100067138672,318.0753173828125,158.44813537597656,49.43423843383789,33.75846862792969,94.65926361083984,95.4152603149414,154.1143341064453,205.16432189941406,23.80105972290039,206.67413330078125,737.4063110351562,24.350000381469727,174.44911193847656,294.28515625,733.72607421875,588.9317016601562,752.3331298828125,82.83194732666016,146.4696807861328,499.96099853515625,181.7397918701172,53.38221740722656,12.01951789855957,24.0853328704834,69.80677795410156,72.28994750976562,34.5611457824707,487.19354248046875,351.6700134277344,60.27461624145508,294.2649230957031,349.7644958496094,145.14149475097656,80.68712615966797,109.79148864746094,54575100,3702900,4067400,52138600,26105400,1848600,2664300,40609300,5592000,11031100,7052100,10270000,3670600,2891700,28464100,1511600,78558200,9145000,6714700,7695600,4774600,7601800,14062700,4453800,30835700,168688200,12869500,16625300,43938700,9471500,2616723,16438200,1341600,76651600,1586200,16303200,5876200,2591800,14936600,18143900
2025-08-27,230.05152893066406,203.2359619140625,356.3500061035156,167.1300048828125,229.1199951171875,319.9206848144531,158.21060180664062,49.562129974365234,33.972686767578125,95.79651641845703,96.25093078613281,155.95558166503906,203.9208984375,23.91768455505371,207.01336669921875,738.115234375,24.850000381469727,174.74563598632812,294.9849548339844,731.871826171875,587.986083984375,745.62890625,81.93531799316406,146.87278747558594,504.64154052734375,181.56982421875,54.44329833984375,12.128875732421875,24.230308532714844,69.27960205078125,72.3390121459961,35.20695877075195,486.8345031738281,349.6000061035156,60.44010543823242,297.6441345214844,348.9378662109375,148.91448974609375,81.6671371459961,111.03230285644531,31259500,3459100,2353800,37031000,21254500,1970100,2428300,42428200,8118000,11315600,5759500,7483000,2503200,3494800,23022900,1534800,90934400,5951100,6056500,4326200,1480900,8315400,10588100,3329200,17277900,235518900,11697700,14193500,31840300,8648200,2824972,13565700,1294800,65519000,1301000,9982800,5531100,2149300,15567700,15262600
2025-08-28,232.11758422851562,203.0992431640625,353.9599914550781,168.5800018310547,231.60000610351562,324.41497802734375,158.32936096191406,49.67034149169922,34.420589447021484,95.7470703125,96.79167175292969,156.03392028808594,204.20938110351562,23.80105972290039,211.1640167236328,739.641357421875,24.93000030517578,173.42112731933594,296.749267578125,729.6688232421875,587.806884765625,749.35009765625,81.0971450805664,147.65936279296875,507.529541015625,180.1400604248047,54.124977111816406,12.287942886352539,23.776052474975586,69.68741607666016,72.55492401123047,35.69622039794922,488.4502258300781,345.9800109863281,60.459571838378906,296.0867614746094,348.4498291015625,149.29969787597656,81.15238952636719,111.62316131591797,38074700,4523100,3803100,36285200,33679600,2194800,1515450,32949400,7983500,10878900,4241000,6502000,2519900,3478800,32339300,1411200,60035100,6424700,6410500,3117000,2159800,7468000,14485300,3898100,18015600,281787800,9542500,17015000,44306800,5882000,1964386,18279500,1407700,67903200,1266500,11235000,4987100,2092900,13963200,14189800
2025-08-29,231.69837951660156,205.521728515625,356.70001220703125,162.6300048828125,229.0,328.6712341308594,158.15122985839844,49.916282653808594,34.30374526977539,95.49983978271484,97.30290985107422,157.2875213623047,204.73658752441406,23.91768455505371,212.43116760253906,737.6913452148438,24.350000381469727,175.12124633789062,297.0942687988281,730.286865234375,592.5950927734375,736.9691772460938,81.98403930664062,147.95431518554688,504.59173583984375,174.1510467529297,54.46259307861328,12.327710151672363,23.930694580078125,69.81672668457031,72.50585174560547,36.04848861694336,491.4223937988281,333.8699951171875,61.08256530761719,303.5111999511719,350.36212158203125,150.13922119140625,81.3503646850586,112.54883575439453,39418400,4264700,2639300,37516800,26199200,2981300,1412350,32496500,7701000,8362600,4594300,6934800,1979800,2254500,39728400,1467000,63734400,6942300,6796400,2551200,2111200,9070500,10872900,3629400,20961600,243257900,9116500,19648600,37030000,5636300,1874322,11887800,1228200,81145700,1068300,12065400,3671900,2242700,12041200,14597900
2025-09-02,229.28298950195312,207.0064697265625,345.6300048828125,162.32000732421875,225.33999633789062,328.572021484375,158.72525024414062,49.60147476196289,34.30374526977539,93.72967529296875,97.32257080078125,158.4921417236328,202.71725463867188,24.082901000976562,210.87466430664062,723.4373779296875,24.209999084472656,176.00094604492188,295.39892578125,732.8886108398438,589.1906127929688,733.3875732421875,83.30950927734375,146.3516845703125,503.0282287597656,170.75161743164062,54.38542556762695,12.337652206420898,24.14332389831543,68.88172912597656,72.41752624511719,35.128684997558594,486.24603271484375,329.3599853515625,60.92681884765625,302.4631652832031,348.65899658203125,152.38128662109375,80.95439910888672,112.9427490234375,44075600,4335500,4229400,38656100,38843900,3225100,1494300,52719800,8468600,15128800,5192300,8947300,2389000,2532200,47523000,2296400,57661800,9049000,7221900,3222500,2284500,9350900,11642700,5330200,18128000,231164900,11642700,14580100,44725000,12882500,3451096,20356300,1303800,58392000,857000,10957100,4940300,3217100,13326000,15206700
2025-09-03,238.01634216308594,206.9478759765625,348.5,162.1300048828125,225.99000549316406,321.16082763671875,162.52561950683594,49.2473258972168,33.55398941040039,93.9769058227539,93.05567932128906,154.79989624023438,198.3901824951172,23.033283233642578,230.14122009277344,723.1503295898438,24.0,175.94163513183594,295.211669921875,735.5203857421875,590.5941772460938,735.3230590820312,82.04251861572266,146.03704833984375,503.2572937011719,170.59165954589844,54.732688903808594,12.238235473632812,23.959688186645508,69.2696533203125,71.38705444335938,34.5220832824707,483.2738952636719,334.0899963378906,60.06046676635742,301.5620422363281,349.45574951171875,153.46774291992188,79.69721984863281,110.2051010131836,66427800,3973500,3035300,30752800,29223100,3439000,2101650,38344200,10263500,14158800,9793500,9556100,3468200,5495000,103336100,1485600,47822900,7111700,6316900,2222500,1959400,7699300,12714400,4338900,16345100,164424900,9105600,24830100,30957600,11808200,4571070,16567600,1219100,88733300,966300,9654600,4176400,3080300,11174000,14920100
2025-09-04,239.3238525390625,208.0614471435547,344.30999755859375,161.7899932861328,235.67999267578125,328.0461730957031,161.87242126464844,49.7982292175293,33.398197174072266,96.00418853759766,94.15680694580078,154.4375457763672,197.98233032226562,23.363718032836914,231.77755737304688,741.3043212890625,24.610000610351562,176.69285583496094,299.4598083496094,740.58447265625,592.9435424804688,746.8959350585938,81.91582489013672,148.00347900390625,505.866455078125,171.63148498535156,54.15391159057617,12.30782699584961,23.718063354492188,68.09593200683594,70.96504974365234,35.518287658691406,488.2008972167969,338.5299987792969,59.904720306396484,304.0107421875,349.5752868652344,153.47763061523438,81.00389862060547,110.68762969970703,47549400,3531600,4918300,32103500,59391800,2485100,1560750,34796900,6020200,12900100,5612700,7243000,3673600,5147900,51684200,1778200,59056500,7854800,6605800,2423400,1653700,11439100,12554800,3955000,15509500,141670100,8778100,21412200,41695500,14063500,3748380,12427600,1404200,60711000,992900,7725700,4324000,2611300,10822300,12864400
2025-09-05,239.2340087890625,207.6316375732422,348.9700012207031,151.13999938964844,232.3300018310547,323.65106201171875,161.71408081054688,49.2343635559082,33.037925720214844,94.34280395507812,91.38431549072266,150.4906463623047,199.15611267089844,23.140188217163086,234.47146606445312,730.7227783203125,24.489999771118164,176.36666870117188,290.1553039550781,724.9336547851562,581.5751953125,750.6870727539062,82.5590591430664,145.60443115234375,492.9501647949219,166.9922637939453,53.27610778808594,12.13881778717041,24.046672821044922,67.8969955444336,70.26826477050781,35.33088302612305,491.3027038574219,350.8399963378906,59.33039855957031,308.9179382324219,341.83660888671875,154.8406524658203,78.16287231445312,107.56593322753906,54870400,4465400,4662600,78256000,36721800,2971800,1232200,40063300,7857900,17020800,8510300,11011700,2837600,3008700,46588900,1822800,55975300,9733800,9837700,3958200,2432100,9663400,13231100,5697300,31994800,224441400,15505100,24078600,34613200,7794300,4092063,13436400,1442600,108989800,1570500,14126700,5448300,2599300,20661400,16826700
2025-09-08,237.42745971679688,204.9258575439453,358.6600036621094,151.41000366210938,235.83999633789062,322.84747314453125,161.4369659423828,48.92770004272461,33.01845169067383,94.80760192871094,89.86042022705078,150.82363891601562,197.5844268798828,23.596965789794922,233.72247314453125,734.3258056640625,24.479999542236328,176.0701446533203,288.7063903808594,736.327880859375,583.9444580078125,750.537353515625,81.95479583740234,146.2926788330078,496.13690185546875,168.2820281982422,52.35971450805664,12.1686429977417,23.727725982666016,68.0362548828125,70.37621307373047,35.29142761230469,486.36572265625,346.3999938964844,59.47640609741211,313.6781921386719,340.9202880859375,155.4233856201172,78.34105682373047,108.17647552490234,48999500,5525500,5043300,41849000,33947100,2264400,1312000,48033100,5795300,11398800,9750600,9462000,3502100,4747900,32474700,1400100,51122100,8382500,8188500,4534600,1948200,13087800,13111200,3820800,16771000,163769100,12988100,15834100,49242900,7954900,3098386,27242300,2223700,75208300,823600,18438600,4711600,2458900,17107000,15440500
2025-09-09,233.9041748046875,205.541259765625,354.05999755859375,155.82000732421875,238.24000549316406,321.785888671875,160.7639923095703,49.74877166748047,33.19371795654297,96.26129913330078,90.31267547607422,151.65611267089844,193.30706787109375,23.548372268676758,239.30491638183594,756.1719970703125,24.440000534057617,174.91368103027344,293.5754699707031,748.2603759765625,581.356201171875,763.9059448242188,82.46160125732422,149.6651153564453,496.34600830078125,170.7316131591797,52.37900924682617,12.258118629455566,23.882366180419922,67.32008361816406,70.58230590820312,35.29142761230469,481.1395263671875,346.9700012207031,59.92418670654297,340.7804260253906,342.6034851074219,159.83837890625,79.9447021484375,108.96429443359375,66313900,3097100,4324900,42802500,27033800,2056000,1189450,40060100,6604600,18101600,5838300,7769200,3345100,2912100,38061000,2611300,42146200,6005700,7848200,2986900,2266000,10999000,9767500,6673200,14410500,157548400,20606400,19658500,32751300,8776500,4984157,12029500,1505900,53816000,911200,46408900,4646200,3869200,17157300,14899500
2025-09-10,226.35855102539062,206.73297119140625,350.1600036621094,159.5399932861328,230.3300018310547,320.8036804199219,159.9524383544922,49.590492248535156,33.84610366821289,96.09318542480469,92.73123931884766,154.53546142578125,191.5762176513672,24.228679656982422,238.84552001953125,761.7745971679688,24.770000457763672,173.75718688964844,296.22686767578125,752.2578125,576.7571411132812,750.2180786132812,81.89633178710938,151.53321838378906,498.29791259765625,177.300537109375,52.446529388427734,12.685611724853516,23.747055053710938,65.29093170166016,71.29873657226562,35.66624069213867,475.2850036621094,347.7900085449219,60.54718017578125,339.6637878417969,336.7571716308594,156.5493621826172,79.48934936523438,110.7861099243164,83440800,4520600,4552500,52465300,60907700,1846600,1056250,31706300,5528000,12238300,4353800,7440800,5509500,4323000,35141100,1996200,61600700,6891600,7787300,2477400,2535200,12478300,13073300,4945600,21611800,226852000,16488300,28629800,32975900,14352500,5125610,20429100,1442700,72121700,1072800,17804300,6557900,4199400,16460200,15837600
2025-09-11,229.59239196777344,215.11404418945312,350.54998779296875,155.6699981689453,229.9499969482422,326.7266845703125,160.52645874023438,50.203819274902344,33.5637321472168,97.72489929199219,92.54443359375,154.98597717285156,194.1326904296875,23.528934478759766,240.0438995361328,776.7709350585938,24.610000610351562,176.4358673095703,301.1748352050781,753.9127197265625,586.0648193359375,749.140625,82.9878921508789,153.85360717773438,498.9352722167969,177.1505584716797,52.37900924682617,12.586194038391113,24.02734375,66.9122543334961,70.6804428100586,35.53801727294922,490.1158447265625,368.80999755859375,59.76844024658203,346.3536071777344,342.1054992675781,155.65054321289062,80.42975616455078,110.43159484863281,50208600,7647700,11804200,48817700,37485600,2825900,1414750,28055200,5667800,13426500,4721000,6417400,3426200,3057500,30599300,2075700,55536900,5792500,7942500,2197500,2407000,7923300,9667200,7399500,18881600,151159300,11793100,15088700,36784100,11154400,5157997,15317600,1509800,103756000,1394700,18943500,5157600,2621100,17785800,11534500
2025-09-12,233.62472534179688,213.2776336669922,349.3599853515625,158.57000732421875,228.14999389648438,322.74822998046875,157.47824096679688,50.03565216064453,32.99897766113281,98.33804321289062,90.87307739257812,153.86949157714844,189.04959106445312,23.587247848510742,240.4733123779297,772.1483154296875,24.079999923706055,176.00094604492188,302.5054626464844,753.0254516601562,577.7824096679688,753.8197021484375,80.7072982788086,153.76513671875,507.7884521484375,177.80047607421875,52.92884063720703,12.55636978149414,23.07050323486328,66.5342788696289,70.01309204101562,35.08429718017578,478.1972961425781,395.94000244140625,59.51534652709961,345.2762145996094,338.0618896484375,154.791259765625,80.63762664794922,110.4512939453125,55824200,4418800,14146600,42232800,38496200,2000300,2245850,27851100,8979900,9502900,5170400,5546300,3899900,3020700,26771600,1099400,52672800,7220200,6846700,2198300,2242800,8248600,9939500,4341600,23624900,124911000,10318000,16162600,81378200,7505600,5359951,13476900,1543200,168156400,1998500,14016200,3518300,1642600,10498300,11105700
2025-09-15,236.24969482421875,212.56454467773438,347.1000061035156,161.16000366210938,231.42999267578125,324.6828918457031,154.48941040039062,50.04553985595703,33.31056594848633,98.68415832519531,90.7747573852539,154.06536865234375,187.54751586914062,23.71358871459961,251.26864624023438,778.7803955078125,24.770000457763672,175.34857177734375,304.4668884277344,745.8480224609375,580.3209838867188,762.9082641601562,79.74275207519531,154.0109405517578,513.225830078125,177.73048400878906,53.65230941772461,12.775087356567383,23.167152404785156,66.75311279296875,70.33695983886719,34.295223236083984,473.6352233886719,410.0400085449219,60.264888763427734,342.9007873535156,337.6833801269531,155.63079833984375,80.588134765625,110.63838958740234,42699500,5162100,6768600,36808700,33243300,1646300,2223550,29043600,5805500,10620100,4932100,5030500,4675400,2165100,58383800,1292000,83951600,4768100,7122000,2790900,2222600,10533800,10229800,4829900,17143800,147061600,13764300,19903000,50760200,9597900,4929157,14218500,1663500,163823700,1183600,11035900,4367500,2080800,9563200,12880500
2025-09-16,237.6969451904297,211.245849609375,352.7300109863281,160.4600067138672,234.0500030517578,324.4646301269531,153.51950073242188,50.11478805541992,33.5247802734375,99.52473449707031,92.9475326538086,156.24935913085938,189.46737670898438,24.014869689941406,250.8192596435547,777.5628662109375,25.270000457763672,174.41946411132812,304.7527160644531,762.3162841796875,583.7652587890625,777.1747436523438,79.8116455078125,153.19485473632812,506.9320068359375,174.86080932617188,55.176414489746094,12.864562034606934,23.099496841430664,66.49449157714844,70.98468780517578,34.75880813598633,479.9043273925781,421.6199951171875,60.449832916259766,334.9070739746094,338.6594543457031,160.63839721679688,80.5683364868164,112.93289947509766,63421100,4251000,6697000,27946500,38203900,1987600,1704750,31624400,4477800,12350700,7860400,8011000,4817600,2549400,34109700,1529500,60336600,7959300,10525600,3881300,2537000,11782500,10065900,7539500,19711900,140737800,17115600,21574300,57010800,9353900,6829836,20804800,1799800,104285700,1021500,12695800,5527700,2920600,10705900,17208000
2025-09-17,238.5353546142578,215.6903533935547,362.07000732421875,159.16000366210938,231.6199951171875,333.35406494140625,153.77684020996094,50.846824645996094,33.398197174072266,100.63232421875,92.23966217041016,156.78802490234375,191.92437744140625,23.985713958740234,249.19146728515625,786.1646728515625,24.899999618530273,175.15089416503906,307.2760009765625,757.7506103515625,595.9199829101562,773.9024658203125,79.8608627319336,154.76800537109375,507.9079284667969,170.27130126953125,56.14103698730469,12.84467887878418,23.24447250366211,68.25508117675781,70.08179473876953,34.31494903564453,471.81842041015625,425.8599853515625,59.56401443481445,336.7108459472656,344.8045959472656,161.65573120117188,81.6473388671875,113.53360748291016,46508000,5258400,6449900,41823800,42815200,3586500,2329250,38337900,5689000,14371600,7072700,5736800,4419300,4815600,34108000,1945300,63093700,6714900,8657800,3471200,2930800,9400900,12642100,4604200,15816600,211843800,16809000,19504300,46351600,18607800,6611488,20414600,1947500,106133500,1181600,8467700,5763500,2892200,14746100,13302000
2025-09-18,237.42745971679688,216.84300231933594,367.4599914550781,157.9199981689453,231.22999572753906,338.9794006347656,152.54962158203125,51.5689697265625,33.651363372802734,101.2751235961914,91.90538787841797,155.56381225585938,194.24212646484375,23.878808975219727,251.68807983398438,796.15234375,30.56999969482422,172.14605712890625,308.7347717285156,760.5418090820312,583.3969116210938,778.421875,80.24471282958984,156.5673065185547,506.3444519042969,176.2206573486328,59.66190719604492,12.735320091247559,23.341123580932617,68.15560913085938,70.11124420166016,34.26563262939453,480.26373291015625,416.8500061035156,59.74897003173828,330.0182189941406,336.8169250488281,161.83351135253906,82.65704345703125,112.19432067871094,44249600,4445600,4752400,84549500,37931700,3204000,2279150,35246900,8261100,11677600,4416600,6244200,2871800,4616900,31239500,1501600,523908000,8200900,8050700,3464000,3294600,10955000,10458900,4323700,18913700,191763300,24602000,16089500,34419000,14330500,3812531,18765500,1576400,90454500,1534300,11255600,7526600,2492500,13021100,14628700
2025-09-19,245.032958984375,217.31187438964844,365.8999938964844,157.38999938964844,231.47999572753906,338.4337463378906,150.9859161376953,51.68767547607422,33.22292709350586,101.54212951660156,90.37165832519531,152.98806762695312,192.27252197265625,23.470623016357422,254.3744354248047,796.8353271484375,29.579999923706055,174.152587890625,310.26251220703125,749.6361083984375,581.5154418945312,776.5562133789062,80.22502899169922,157.22604370117188,515.7852172851562,176.6505889892578,59.22782897949219,12.546427726745605,23.225143432617188,67.85720825195312,69.47332763671875,33.95986557006836,478.746337890625,426.07000732421875,58.93129348754883,331.86138916015625,340.23309326171875,160.61863708496094,83.78553009033203,111.10123443603516,163741300,14415100,7693000,55448100,97943200,8632000,3330750,98970700,8052200,24745700,15284100,16734000,5934200,4108900,55571400,3789800,225702900,25621000,23568600,7349500,6745300,23696800,25627800,14902000,52474100,237182100,12902900,17222800,86577600,19774200,3847047,33104800,4244100,93131000,1256700,13656800,13674300,8119400,36482400,38746500
2025-09-22,255.5928192138672,217.42909240722656,364.0799865722656,159.7899932861328,227.6300048828125,338.29486083984375,153.4007568359375,51.36122512817383,33.46635437011719,102.34314727783203,90.46015167236328,152.83135986328125,189.45742797851562,23.742746353149414,252.18739318847656,797.3896484375,28.760000228881836,172.1954803466797,307.9560852050781,752.5868530273438,581.843994140625,763.8824462890625,79.13253021240234,158.0126190185547,512.3196411132812,183.58984375,58.56223678588867,12.645845413208008,23.23480987548828,67.32008361816406,69.7284927368164,33.456825256347656,474.164306640625,434.2099914550781,59.155181884765625,336.4052734375,342.97198486328125,164.39163208007812,84.30027770996094,110.31341552734375,105517400,5990700,4709600,46505500,45914500,3328000,2435200,27468000,9758200,11474500,5798800,5244000,2949600,3319500,32290500,1151000,130314500,7193900,7520200,2527400,3241700,11706900,11986400,4421200,20009300,269637000,10742700,17689600,67863300,13298200,3547786,19114000,2352200,97108800,1552300,8903700,5621800,2613000,14545000,15611500
2025-09-23,253.9459686279297,217.44863891601562,361.7799987792969,160.89999389648438,220.7100067138672,338.7809753417969,150.37232971191406,51.143592834472656,33.82663345336914,101.85858154296875,91.89555358886719,154.173095703125,188.72132873535156,24.286991119384766,251.31858825683594,798.1419677734375,29.34000015258789,174.53805541992188,308.25177001953125,744.6417846679688,567.3897094726562,754.1387329101562,78.699462890625,158.061767578125,507.1212463378906,178.410400390625,57.433631896972656,13.083279609680176,23.321792602539062,66.95204162597656,70.2093734741211,34.019046783447266,468.9334411621094,425.8500061035156,59.94365692138672,342.7036437988281,337.3348388671875,168.29302978515625,83.51825714111328,112.21401977539062,60275200,4629900,3831100,39448300,70956200,2697600,1956300,28278200,6720800,15747900,8241900,7181400,3461200,4115000,26628000,1758800,126317900,8350400,8584400,2910100,3223000,10872600,13145300,5335900,19799600,192559600,11510900,35481000,38955200,10449000,4617477,26182700,3244900,83422700,1344900,12504100,10142700,4022400,14818500,25369100
2025-09-24,251.8300018310547,214.88937377929688,353.2699890136719,160.8800048828125,220.2100067138672,337.7987976074219,149.1649169921875,51.143592834472656,34.284271240234375,100.52354431152344,94.0191650390625,155.8968048095703,184.93138122558594,24.967300415039062,246.80470275878906,784.392822265625,31.219999313354492,174.64678955078125,308.92205810546875,739.52783203125,566.2349243164062,759.3899536132812,78.41403198242188,155.23011779785156,508.0373840332031,176.9505615234375,56.66193389892578,13.371588706970215,23.28313446044922,67.4991226196289,70.77859497070312,34.13740539550781,467.18646240234375,442.7900085449219,60.81000518798828,346.7645568847656,337.31488037109375,168.7276153564453,83.2608871459961,112.8147201538086,42303700,5074500,6140000,38464100,49509000,2279100,1546450,27010400,5771400,12272400,7935600,6285200,5522100,3974800,28201000,1402500,164458500,6676800,7310500,2243000,2867200,8828200,11804200,5195200,13533700,143564100,11232100,27286200,39669400,9180600,3943630,14604500,2409600,93133600,2675600,9016300,5207400,3523400,9478700,14756100
2025-09-25,256.3813171386719,213.47300720214844,354.1600036621094,161.27000427246094,218.14999389648438,337.50115966796875,145.54266357421875,51.29197692871094,34.33295822143555,100.97844696044922,95.1792984008789,157.40504455566406,180.50482177734375,24.821521759033203,245.45654296875,786.69921875,33.9900016784668,175.6747589111328,308.9516296386719,712.3532104492188,564.7318725585938,747.6595458984375,76.37666320800781,156.28216552734375,504.9303283691406,177.67050170898438,54.05745315551758,13.033571243286133,22.809545516967773,66.38507080078125,71.53427124023438,34.117679595947266,458.4217529296875,423.3900146484375,60.761329650878906,340.60418701171875,333.58001708984375,172.27342224121094,83.46875762939453,113.82903289794922,55202100,6666000,3336700,36809900,52226300,2223900,2443200,22957900,3971800,11232900,8076300,6311000,7433800,2506800,31020400,1413100,295709300,8475000,7083200,5136400,2700600,10591100,14923800,5351100,15786500,191586700,18287400,25172100,56738300,10773700,4232373,11619300,3229300,96746400,1018400,8104900,5398700,4094100,8514900,15012600
2025-09-26,254.97401428222656,215.4949951171875,360.3699951171875,159.4600067138672,219.77999877929688,338.98931884765625,145.9979248046875,51.64810562133789,34.751651763916016,102.27393341064453,96.8211669921875,156.85659790039062,184.19183349609375,24.821521759033203,246.2055206298828,794.3706665039062,35.5,177.6318817138672,311.52410888671875,722.27197265625,562.5716552734375,742.5081787109375,77.321533203125,157.4226837158203,509.3419494628906,178.17044067382812,53.64266586303711,13.003746032714844,22.964187622070312,66.94210052490234,72.03478240966797,35.03498077392578,463.4330139160156,440.3999938964844,61.47193908691406,339.1453857421875,336.01019287109375,173.46853637695312,84.15180206298828,115.4342041015625,46076300,4185600,3073000,30316900,41650100,1728600,2172700,20025800,6110900,11296300,6812900,7015200,4847900,3096200,18503200,1376200,268583300,8634400,7258100,3559700,2106500,9696300,12205400,5326800,16213100,148573700,17739800,21474900,33374500,8431600,4229643,14594600,1886400,101628200,1001600,6774700,9619200,3032400,8502600,18568900
2025-09-29,253.9459686279297,217.9858856201172,359.4200134277344,161.36000061035156,222.1699981689453,339.6143798828125,146.73028564453125,51.85584259033203,33.836368560791016,102.01681518554688,94.23545837402344,152.8803253173828,185.40756225585938,24.06346321105957,243.71890258789062,795.9642333984375,34.47999954223633,179.519775390625,311.1594543457031,724.23583984375,565.5680541992188,742.1587524414062,77.34122467041016,158.455078125,512.4689331054688,181.83004760742188,53.536556243896484,12.775087356567383,23.051172256469727,69.30944061279297,71.10244750976562,34.63058090209961,461.2368469238281,443.2099914550781,60.07993698120117,340.2296142578125,338.7889404296875,170.021484375,83.79542541503906,112.47991180419922,40127700,4958400,4075900,39828800,44259200,1658100,3059350,23701000,5861100,10748700,8700500,8315100,3513100,2715500,32505800,1059000,152605900,8597100,6462400,3309200,2615600,9246800,12739000,4186000,17617800,193063500,19329100,29893600,39184300,28497000,4297842,14983000,3018300,79491500,1703600,6878900,7217800,2604700,9833700,19189300
2025-09-30,254.14559936523438,226.1715545654297,352.75,161.7899932861328,219.57000732421875,329.5443115234375,151.85684204101562,51.0347785949707,33.55398941040039,100.37520599365234,92.99668884277344,152.08702087402344,197.5647735595703,23.694150924682617,242.77020263671875,788.2730102539062,33.54999923706055,183.27584838867188,310.9031677246094,760.611572265625,566.2349243164062,733.1538696289062,82.60688018798828,156.2919921875,515.8051147460938,186.55950927734375,53.52690887451172,12.586194038391113,24.626577377319336,66.70337677001953,70.1995620727539,33.90068435668945,484.1768798828125,444.7200012207031,59.054954528808594,340.347900390625,340.0040283203125,168.1646270751953,82.97380065917969,111.03230285644531,37704300,9187300,5360700,29669300,48396400,3327300,3841100,29945000,6026800,17789100,7318300,7755700,7731200,3841700,34724300,2463900,124818400,11569000,11823300,6234300,2379200,16226800,21636600,5547100,19728200,236981000,19003500,30184300,164867300,21464800,4340691,18281900,4363900,74358000,1662600,7429700,8164400,2385700,11429000,18076200
2025-10-01,254.9640350341797,238.71388244628906,343.7200012207031,164.00999450683594,220.6300048828125,325.97265625,166.97918701171875,50.13457107543945,33.55398941040039,97.61612701416016,93.85203552246094,151.3916778564453,212.13351440429688,23.888526916503906,244.5677490234375,777.5430297851562,35.939998626708984,183.89854431152344,306.25091552734375,822.836181640625,571.1725463867188,716.1422729492188,88.70913696289062,154.25672912597656,517.5578002929688,187.21945190429688,57.076717376708984,12.546427726745605,26.29863166809082,66.30550384521484,71.08282470703125,34.6108512878418,529.807373046875,459.4599914550781,59.81676483154297,343.3049011230469,346.4280090332031,165.6064910888672,80.05359649658203,110.28387451171875,48713900,12243100,6505700,39895200,43933800,2598800,7225700,27709100,5595000,13793300,4794600,6768400,11404100,5034900,31658200,1788900,162649700,13063800,9235200,10124500,3685100,20419600,33460900,5467400,22632300,173844900,24835100,19330100,150879900,17050100,3664380,11264500,6092700,98122300,1540700,8825500,8381000,2458600,16961900,16614000
2025-10-02,256.6408386230469,231.07518005371094,351.4800109863281,169.72999572753906,222.41000366210938,327.8775329589844,165.57383728027344,49.93672561645508,32.969764709472656,96.26129913330078,91.80706787109375,150.2066192626953,209.5924530029297,23.694150924682617,245.35667419433594,771.4752197265625,37.29999923706055,183.82936096191406,303.1362609863281,817.2836303710938,574.7163696289062,725.8360595703125,88.09891510009766,152.69342041015625,513.6041870117188,188.8692626953125,56.66193389892578,12.367476463317871,26.17298698425293,68.56343078613281,70.43508911132812,33.64423370361328,524.0474853515625,436.0,58.847190856933594,348.6471862792969,344.55560302734375,162.6730499267578,79.68732452392578,109.59454345703125,42630200,8107700,3955400,55475200,41258600,1907600,2725600,22757200,5742600,14511900,5428600,7562400,6798100,2982000,25483300,1553700,149361700,7728100,7600000,4291800,2483500,11415300,14575400,5087400,21222900,136805800,11966700,27443900,69684100,13461600,3710472,10930200,3262000,137009000,1240700,8564200,5198000,3916300,11420000,13062600
2025-10-03,257.5291442871094,228.4866485595703,346.739990234375,164.6699981689453,219.50999450683594,327.639404296875,168.85958862304688,50.095001220703125,33.261878967285156,96.65686798095703,92.57393646240234,150.38291931152344,214.23611450195312,24.05374526977539,245.01715087890625,781.9676513671875,36.83000183105469,186.45860290527344,305.5806884765625,837.2410278320312,577.822265625,709.3735961914062,87.7839584350586,154.94497680664062,515.20751953125,187.59939575195312,57.52044677734375,12.327710151672363,26.45327377319336,68.88172912597656,71.84831237792969,33.79218292236328,542.3755493164062,429.8299865722656,59.074745178222656,355.03424072265625,348.429931640625,158.42596435546875,79.85560607910156,111.53453826904297,49155600,6547300,3122100,42699100,43639000,2404000,2934450,24565700,5945000,13863600,4321600,7249300,5927300,3500200,30249600,1470500,125359300,8675100,6029900,5088500,2331600,16154300,12970600,5182100,15112300,137596900,15362900,19361900,70524000,12219800,4230749,9581400,3048500,133188200,1548700,13494800,5199700,4487700,10124900,12950100
2025-10-06,256.2016906738281,224.85289001464844,350.1400146484375,203.7100067138672,220.89999389648438,329.3756103515625,169.2158660888672,49.847694396972656,33.91426467895508,96.96343994140625,93.3113021850586,150.84323120117188,210.96762084960938,24.65630340576172,250.09024047851562,788.6987915039062,36.59000015258789,185.98416137695312,306.2244567871094,842.4047241210938,576.1897583007812,714.465087890625,87.40010833740234,155.4365997314453,526.3811645507812,185.51962280273438,57.53974151611328,12.287942886352539,25.544757843017578,70.91088104248047,72.88859558105469,34.117679595947266,543.0045166015625,453.25,59.14399719238281,353.6247253417969,347.8721618652344,161.4088134765625,79.87541198730469,112.46021270751953,44664100,11940300,5340200,248859600,43690900,2116200,3192450,25386300,6188600,10398000,3454100,4778900,3849500,3348000,28894700,1632600,112086100,5806100,7214500,3651400,2573500,21654700,11648300,4696300,21388600,157678100,13782400,19898400,62945600,16769900,4018859,18649900,2560100,85324900,1387500,7181700,4735600,2020700,12837700,12036800
2025-10-07,255.99208068847656,227.43167114257812,348.30999755859375,211.50999450683594,221.77999877929688,325.38726806640625,169.96803283691406,49.74877166748047,34.05058288574219,96.71621704101562,93.62591552734375,151.71487426757812,208.0379180908203,24.675739288330078,245.42657470703125,781.6410522460938,37.16999816894531,186.70570373535156,304.7486877441406,840.9891967773438,577.2150268554688,711.889404296875,86.22886657714844,153.3521728515625,521.8101196289062,185.01968383789062,56.93202590942383,12.208409309387207,25.390117645263672,74.21322631835938,73.5167007446289,33.94013595581055,538.2327880859375,433.0899963378906,58.74825668334961,358.4446105957031,350.9995422363281,161.16188049316406,80.32086181640625,112.51929473876953,31955800,4901000,3275500,115748100,31194700,1708900,1746350,24107300,4764700,8519400,4071900,5479600,4008700,3675300,23181300,1547200,111140200,8776800,8454200,2610800,2120700,12062900,9449100,4589700,14615200,140088000,9675100,21608900,47744200,31977500,4000764,18080300,1870800,102296100,1243800,7236200,5044600,2173600,10371300,11945000
2025-10-08,257.5690612792969,225.8785400390625,348.7699890136719,235.55999755859375,225.22000122070312,321.2699890136719,168.99813842773438,49.303611755371094,33.61241149902344,95.6283950805664,92.17083740234375,150.5690155029297,204.2412872314453,23.93712043762207,244.2881317138672,768.6343383789062,37.43000030517578,187.4964599609375,301.1236877441406,843.0726318359375,573.8304443359375,716.6414794921875,85.0379409790039,153.03753662109375,522.676513671875,189.0892333984375,57.501155853271484,12.128875732421875,24.81987762451172,75.72513580322266,72.74138641357422,33.50614547729492,535.2579345703125,438.69000244140625,58.461341857910156,364.6148376464844,349.94378662109375,160.4408721923828,78.92510223388672,112.28295135498047,36496900,5412800,3285000,159983500,46686000,2184300,3310550,24014200,5128200,8496000,5289400,5678000,5089500,4985800,21307100,1939300,103202100,5751200,6489900,2180900,1934700,10790600,9696200,4038600,13363400,130168900,9888700,18163000,48693300,17904800,3343414,15217300,2153200,71192100,975000,9438300,3927500,1582400,11277400,12301000
2025-10-09,253.55670166015625,225.34129333496094,347.4700012207031,232.88999938964844,227.74000549316406,321.88507080078125,168.32516479492188,49.254150390625,33.38846206665039,94.85704040527344,90.40116119384766,148.5123291015625,203.76295471191406,23.44146728515625,241.2023162841797,772.04931640625,37.79999923706055,188.87039184570312,302.6093444824219,852.6724853515625,562.7362060546875,732.2852783203125,86.12060546875,153.64715576171875,520.2366943359375,192.54885864257812,56.60405731201172,11.890275955200195,24.394615173339844,75.34716796875,72.16236114501953,32.677616119384766,533.7506103515625,435.5400085449219,57.986446380615234,362.41680908203125,345.6412353515625,160.01614379882812,79.08348083496094,111.18987274169922,38322000,4607600,2895500,94290700,46412100,2094800,4546650,21816900,5749300,11300600,6940000,6178600,2572600,2224200,27892100,1575000,89884700,7484800,7060300,3071700,2579800,12717200,10938200,6092600,18343600,182997200,8839800,23832000,47278700,15774400,3716811,12284900,1830700,69339900,1480800,8759800,4434800,1655500,8432200,10976200
2025-10-10,244.80340576171875,225.1556854248047,337.510009765625,214.89999389648438,216.3699951171875,314.5645751953125,167.315673828125,48.12642288208008,32.6094970703125,92.88909149169922,86.16375732421875,145.82882690429688,201.75006103515625,22.557065963745117,236.2490692138672,756.6075439453125,36.369998931884766,188.51455688476562,298.01373291015625,830.8809814453125,555.6889038085938,704.1223754882812,84.6343994140625,149.3111572265625,508.84405517578125,183.139892578125,54.91596603393555,11.532374382019043,23.950023651123047,69.46858978271484,70.09160614013672,31.286869049072266,523.8876953125,413.489990234375,56.77942657470703,349.41595458984375,342.2648620605469,156.0752716064453,76.8364028930664,109.04307556152344,61999100,6156900,4282400,118656600,72367500,2684700,7238150,31831900,7541000,18619500,7892400,7796600,3585500,3315000,33180300,2457900,183063300,9598000,8597400,3431000,3553900,16980100,11230700,5531700,24133800,268774400,15047600,30832200,64963900,22326500,4356906,15644200,1415800,112107900,1741900,13141900,6296200,2362700,16004300,13811600
2025-10-13,247.18885803222656,224.9603271484375,339.32000732421875,216.4199981689453,220.07000732421875,321.3877868652344,167.27609252929688,48.33415985107422,32.81397247314453,95.03504180908203,87.28455352783203,148.80612182617188,204.420654296875,22.85834503173828,243.81875610351562,778.8001708984375,37.220001220703125,188.69247436523438,305.0260314941406,816.8351440429688,557.4432983398438,714.5050048828125,84.3489761352539,152.5262908935547,511.9212646484375,188.29933166503906,55.46580123901367,11.751091003417969,23.901697158813477,68.49380493164062,70.74913787841797,31.82935905456543,523.6681518554688,435.8999938964844,56.977298736572266,353.5163269042969,341.9162902832031,159.4235382080078,78.12327575683594,110.53006744384766,38142900,5411900,3020100,63104000,37809700,1693100,2989950,34462800,3902200,18463600,5887300,5978800,2229700,1967500,24995000,2766000,104020700,7979500,10788700,2167500,2996500,9251800,6553900,4735800,14284200,153482800,8835500,19649100,45356600,20036800,2649090,29484700,1686600,79552800,1014800,5659400,4030700,1382300,14229300,10296500
2025-10-14,247.29864501953125,223.8174591064453,335.94000244140625,218.08999633789062,216.38999938964844,331.06561279296875,168.4835205078125,49.55092239379883,32.23948669433594,98.73359680175781,86.68482971191406,149.24685668945312,205.42709350585938,22.43072509765625,245.1169891357422,762.942626953125,35.630001068115234,188.64305114746094,299.19232177734375,809.80712890625,566.0953369140625,707.466796875,83.36473846435547,152.73275756835938,511.4432067871094,180.01022338867188,54.655517578125,11.721266746520996,23.698732376098633,68.78226470947266,70.31732940673828,32.12526321411133,524.916015625,429.239990234375,57.73910903930664,354.7680969238281,346.9757995605469,160.19395446777344,83.70633697509766,110.57930755615234,35478000,5527600,3036900,71216300,45665600,2810400,2450900,42462600,8312200,33164600,6003900,6419400,2254100,5317200,22111600,4710800,117908300,13613300,16178800,1928400,2627300,8829800,9675000,8023800,14684300,205641400,7632700,21644600,42277000,12968500,2318093,13014200,1601000,72669400,1554800,5974800,5731000,1953400,36260600,11167200
2025-10-15,248.8656463623047,222.56796264648438,330.6300048828125,238.60000610351562,215.57000732421875,328.8873596191406,167.9095001220703,51.71735382080078,32.463436126708984,98.67426300048828,86.26206970214844,148.97262573242188,205.37728881835938,22.421005249023438,250.68942260742188,760.1412963867188,37.150001525878906,188.9593505859375,302.767822265625,823.982666015625,561.0018310546875,716.3519287109375,82.78404235839844,159.92005920410156,511.3038330078125,179.8102569580078,54.71339416503906,11.572141647338867,23.573083877563477,67.61848449707031,70.54305267333984,32.12526321411133,526.9524536132812,435.1499938964844,59.82666015625,355.9705810546875,344.2966613769531,158.99884033203125,85.587158203125,109.90966796875,33893600,5459400,3929900,108481000,45909500,2186000,2034800,69992200,6691200,15730100,6036100,5824900,3081000,3007000,27007700,3217400,99242700,9473000,11354800,2355800,2262400,10246800,9168700,13673700,14694700,214450500,8475200,30198900,47729800,11247300,2473845,16212900,1430400,71558200,2303800,6579600,3778200,1756500,22909400,12182900
2025-10-16,246.979248046875,223.20745849609375,329.2300109863281,234.55999755859375,214.47000122070312,321.3877868652344,165.9301300048828,49.897151947021484,31.91815948486328,95.19327545166016,85.44606018066406,148.58087158203125,210.1803741455078,22.246068954467773,251.1188507080078,750.4011840820312,36.84000015258789,189.8983612060547,295.6861572265625,816.8151245117188,548.1133422851562,710.881103515625,82.59703063964844,157.33419799804688,509.4913330078125,181.7900390625,54.105682373046875,11.492608070373535,23.41844367980957,65.69874572753906,70.04254150390625,32.470481872558594,535.8469848632812,428.75,59.79697799682617,351.55487060546875,334.048095703125,154.46531677246094,83.15199279785156,108.95445251464844,39777000,4737500,4570900,69726400,42414600,3268000,2163000,49027700,6282300,20534000,7816600,5276800,5818300,6564200,27997200,3160900,83357800,10611800,10549400,2272900,3210600,9017000,11709100,10477500,15559600,179723300,8353700,17742900,44390000,19258500,3888248,24453600,2115900,77189900,2334400,5872100,6241500,2661300,22715600,11782200
2025-10-17,251.81002807617188,225.8638916015625,333.260009765625,233.0800018310547,213.0399932861328,344.76177978515625,167.63238525390625,50.728111267089844,32.25896072387695,95.99430084228516,85.02330017089844,149.92262268066406,208.326904296875,22.4695987701416,252.9563446044922,743.1553955078125,37.0099983215332,190.98565673828125,294.7155456542969,800.3169555664062,559.1676635742188,715.7229614257812,83.45332336425781,156.00685119628906,511.4532165527344,183.19989013671875,52.446529388427734,11.572141647338867,23.689067840576172,67.051513671875,71.2398452758789,32.184444427490234,537.9832153320312,439.30999755859375,60.93474197387695,351.4858703613281,340.5119934082031,155.82833862304688,82.43926239013672,110.53006744384766,49147000,7150000,4035000,55804200,45986900,7025200,1562900,48915400,4877900,14007800,5774600,7735500,4147000,5344600,29671600,2884700,119394700,7764400,10153500,3983000,2756700,12232400,10758900,7965000,19867800,173135200,14761500,23279400,40101900,11151500,3655692,39002900,2010200,89331600,1493600,8608400,6267100,2148700,18799000,13460100
2025-10-20,261.7411193847656,228.3136749267578,343.3999938964844,240.55999755859375,216.47999572753906,347.6064758300781,166.00930786132812,51.47993469238281,32.346595764160156,98.1995849609375,85.59352111816406,151.2937469482422,207.6592559814453,22.518192291259766,256.2019348144531,755.5780639648438,38.099998474121094,191.4798583984375,299.4696350097656,806.4277954101562,564.5404052734375,730.947509765625,84.95919799804688,159.25148010253906,514.6498413085938,182.6199493408203,53.76806640625,11.621849060058594,23.863039016723633,68.83199310302734,71.46556854248047,32.97351837158203,542.8946533203125,447.42999267578125,60.390594482421875,359.25286865234375,343.0218200683594,158.19879150390625,85.15159606933594,110.9830551147461,90483000,5246700,3903200,56741700,38882800,3465400,2508050,25786000,5937700,11302700,4636400,5676500,4971500,2894900,22350200,1925400,80230200,8034700,6894900,2279700,2046400,8900200,8611800,5741000,14665600,128544700,7901600,29046700,35856800,10016100,4213849,17997800,1665200,63719000,1382100,5996500,4665000,1354000,15777200,9523600
2025-10-21,262.2701110839844,227.6544952392578,357.54998779296875,238.02999877929688,222.02999877929688,353.315673828125,164.72271728515625,50.96553421020508,32.288169860839844,97.16122436523438,84.95448303222656,150.6179656982422,219.99583435058594,22.557065963745117,250.12020874023438,751.2821044921875,38.119998931884766,189.66114807128906,294.2500305175781,797.067138671875,570.1921997070312,732.0457153320312,86.23870849609375,156.55746459960938,515.5162963867188,181.14010620117188,52.84202575683594,11.492608070373535,24.01767921447754,69.67747497558594,71.318359375,33.06229019165039,557.0200805664062,442.6000061035156,60.341129302978516,360.1300964355469,345.8105163574219,155.7493133544922,83.9043197631836,110.99291229248047,46695900,3298100,4389700,47122400,50494600,2658400,2808300,27303400,4443300,9150100,5895500,6304900,10741300,2564800,47312100,1782200,73134900,6716000,7372700,2099500,2722400,7647300,9852400,4220600,15586200,124240200,10182100,32663500,40726900,9032000,3310152,18033400,3932400,54412200,781300,6885300,4121800,1605200,20101100,9202300
2025-10-22,257.9583435058594,224.9882354736328,354.0899963378906,230.22999572753906,217.9499969482422,350.1129455566406,165.1383819580078,50.550052642822266,33.41767120361328,95.23283386230469,85.93763732910156,152.36126708984375,217.335205078125,23.295686721801758,251.34854125976562,737.0479125976562,36.91999816894531,190.70889282226562,291.2984924316406,809.8869018554688,569.5243530273438,732.1854248046875,86.22886657714844,155.46607971191406,518.3843383789062,180.2602081298828,51.49155807495117,11.661616325378418,23.892032623291016,67.70800018310547,73.15357971191406,34.42344665527344,566.2140502929688,438.9700012207031,61.58772277832031,356.3056945800781,343.9679870605469,159.87786865234375,83.033203125,112.96244049072266,45015300,3523500,3436000,59668800,44308500,2710000,1656650,34955000,7017600,14369200,8307800,6036700,4498800,4047100,35029400,2141400,87099900,6343100,8054100,2930600,1820500,8734500,10926300,4360200,18962700,162249600,12420900,30880000,48662900,8173400,4081699,18761400,3461200,84023500,1745700,7833000,5074400,3181400,18955000,12938800
2025-10-23,259.0861511230469,224.565185546875,354.1199951171875,234.99000549316406,221.08999633789062,353.0272216796875,165.07901000976562,51.20294952392578,34.079795837402344,95.61851501464844,88.56265258789062,153.33084106445312,221.94895935058594,24.267553329467773,252.73666381835938,743.1653442382812,38.15999984741211,190.24432373046875,291.72442626953125,818.4699096679688,571.9266357421875,732.7744750976562,85.8056411743164,156.6361083984375,518.404296875,182.13999938964844,51.34686279296875,11.770975112915039,23.843708038330078,69.28955078125,74.31163024902344,35.518287658691406,570.9158325195312,448.9800109863281,61.91421127319336,355.2806396484375,344.5655517578125,170.99929809570312,83.60734558105469,114.21309661865234,32754900,5818000,2408100,39024400,31540000,1892600,1074800,26028800,8478000,8189100,7866300,9810900,3664000,5581900,19901400,1615400,121974200,8882500,5438800,2632900,2187500,9856000,7687500,3735600,14023500,111363700,9326500,30680000,34219900,8199000,5457516,19431500,1979300,126709800,1157600,5756700,7217200,4679900,14157800,15001100
2025-10-24,262.32000732421875,224.30938720703125,353.5199890136719,252.9199981689453,224.2100067138672,355.64312744140625,164.86126708984375,52.00423049926758,33.63188934326172,97.68534088134766,86.54718780517578,152.35145568847656,222.2279815673828,23.538652420043945,259.5673828125,775.9295654296875,38.279998779296875,188.1982421875,297.5680236816406,822.8660888671875,571.826904296875,737.127197265625,86.11075592041016,161.10977172851562,521.441650390625,186.23953247070312,51.0864143371582,11.671557426452637,23.930694580078125,69.39896392822266,74.42939758300781,35.34074783325195,571.5048217773438,433.7200012207031,61.43931579589844,357.3012390136719,345.9798583984375,168.9449005126953,85.53766632080078,113.632080078125,38253700,3554700,2016900,71221100,38685100,2397500,1190200,38923900,6005400,11870700,7886600,4979900,3955300,4121900,28655100,2505600,246380000,6903400,7228300,2211200,1839600,9151300,7902100,5547500,15532400,131296700,8497600,29542000,27429200,8638200,5347958,17000600,1655700,94727800,906600,5462100,3576700,2352900,14011400,9919400
2025-10-27,268.2986145019531,224.34872436523438,357.79998779296875,259.6700134277344,226.97000122070312,359.73114013671875,166.3853759765625,52.44939041137695,33.855838775634766,99.870849609375,87.19607543945312,152.07723999023438,220.23500061035156,23.674715042114258,268.9046630859375,781.9775390625,39.540000915527344,188.0994110107422,301.2425231933594,823.8230590820312,570.5211181640625,749.5663452148438,86.61271667480469,163.2335205078125,529.3189697265625,191.46897888183594,51.018890380859375,11.790858268737793,23.940359115600586,69.87641143798828,74.10553741455078,35.66624069213867,562.800048828125,452.4200134277344,61.706443786621094,360.7313232421875,346.4180908203125,172.20428466796875,86.13160705566406,114.1737060546875,44888200,2784400,2828200,65613100,38267000,2179900,3123950,27345800,4173000,13214200,5716000,4884400,3454900,3512200,35235200,1645300,160007600,7126000,5642200,2114800,2981000,11321100,7226600,5056000,18734700,153452700,10310000,23913600,34974900,18821300,4089329,17423200,1563600,105867500,822400,7766400,5400300,2614200,11682000,10975400
2025-10-28,268.4882507324219,223.8666534423828,359.9100036621094,258.010009765625,229.25,359.09454345703125,163.5153045654297,52.301002502441406,33.55398941040039,100.26642608642578,85.32807159423828,150.9509735107422,216.139404296875,23.412311553955078,267.1071472167969,784.0563354492188,41.529998779296875,184.7683868408203,302.4409484863281,817.5328369140625,564.1117553710938,750.1853637695312,85.65801239013672,162.43710327148438,539.8251953125,201.0079345703125,50.2086067199707,11.800800323486328,23.679401397705078,72.63167572021484,73.67372131347656,35.370338439941406,556.66064453125,460.54998779296875,61.39974594116211,362.5646667480469,345.50177001953125,167.2559356689453,86.02271270751953,113.2775650024414,41534800,3724200,3005600,47448700,47100000,1416800,1830750,29575200,5132200,8766400,5234800,5066500,2251700,3171300,29738600,1242000,181256400,8329500,6336000,2493500,2916000,12193800,8345900,3601000,29986700,297986200,12172200,28602600,50152400,83722300,4083949,12504600,992700,80185700,1138400,18858700,7445400,1708100,13201000,9535200
2025-10-29,269.1869201660156,221.50538635253906,337.8599853515625,264.3299865722656,230.3000030517578,356.2995910644531,162.76315307617188,52.014129638671875,34.2745361328125,98.0215835571289,86.59635162353516,151.9009552001953,213.25955200195312,23.490060806274414,274.197509765625,775.117919921875,41.34000015258789,184.44219970703125,302.58953857421875,810.9834594726562,552.7982788085938,750.4149169921875,85.2151107788086,161.2769012451172,539.3073120117188,207.01727294921875,49.55266189575195,11.810742378234863,23.476436614990234,69.30944061279297,74.1447982788086,36.32709503173828,557.3394775390625,461.510009765625,61.558040618896484,350.1650695800781,339.9044189453125,168.5596923828125,85.13179779052734,114.6759262084961,51086700,5469300,6746500,49335600,52036200,1840500,1784800,29158800,8743000,11878800,5476300,7344400,3030400,7208600,43580300,2251500,106962900,10551100,7520300,3591200,3763400,26818600,10921900,4963500,36023000,308829600,9478200,23171100,65438400,38505400,6587149,16662800,1953600,67983500,1417200,11874900,8361700,1569800,16444400,12570600
2025-10-30,270.8836669921875,224.51600646972656,339.239990234375,254.83999633789062,222.86000061035156,356.9560546875,162.98086547851562,52.45927810668945,33.855838775634766,99.1093978881836,86.65533447265625,150.35354614257812,214.29591369628906,23.295686721801758,281.09814453125,782.1458740234375,40.15999984741211,186.86387634277344,306.48199462890625,841.8565063476562,551.901123046875,665.3572387695312,84.91983032226562,162.4862518310547,523.582763671875,202.8677215576172,48.269718170166016,11.6516752243042,23.476436614990234,67.5687484741211,73.34004211425781,35.82405471801758,555.2531127929688,440.1000061035156,60.98421096801758,339.8058166503906,343.6393127441406,168.006591796875,85.12189483642578,112.9427490234375,69886500,5020700,4373200,45162500,102252900,2045100,2895650,37548600,10066400,9584000,6114200,8971200,2897200,3404500,74876000,1829500,84855500,7072500,7514600,6037200,4284700,88440100,16678800,4960500,41023100,178864400,21057500,24194100,157478000,19550800,6170798,15557600,1315100,72447900,1694100,11441900,6411800,1849500,14830000,16172900
2025-10-31,269.85565185546875,214.52000427246094,340.30999755859375,256.1199951171875,244.22000122070312,358.7961730957031,163.09963989257812,52.87476348876953,34.20637893676758,100.10820007324219,87.36320495605469,154.4669189453125,214.624755859375,23.285966873168945,280.8085021972656,781.3638916015625,39.9900016784668,186.68594360351562,308.1459045410156,860.1589965820312,550.216552734375,647.2674560546875,84.62456512451172,162.2290496826172,515.6656494140625,202.4677734375,47.710235595703125,11.572141647338867,23.824377059936523,68.90161895751953,73.5265121459961,35.56761169433594,566.4037475585938,456.55999755859375,61.57783126831055,336.6615295410156,339.3665771484375,167.47323608398438,86.09201049804688,112.6177749633789,86167100,10825300,3763400,34449200,166340800,2155600,1488850,39295700,5818600,11190300,5635800,11136100,4042500,3511500,39267900,1328100,80471400,8791700,7721300,5015000,3567100,56953200,12385000,5323500,34006400,179802200,20020900,19224700,132697400,18370100,5353128,15188200,1872200,83135800,1247100,8390800,7301600,1670100,14776700,20213400
2025-11-03,268.53814697265625,208.53817749023438,337.4700012207031,259.6499938964844,254.0,359.6813659667969,161.75367736816406,52.983577728271484,33.95321273803711,101.08311462402344,87.07809448242188,150.86280822753906,213.3093719482422,23.31512451171875,283.3350830078125,777.552978515625,39.5,184.1061248779297,306.3928527832031,893.7236938476562,542.322021484375,636.645263671875,81.18958282470703,161.88282775878906,514.888916015625,206.85728454589844,47.372615814208984,11.751091003417969,23.834041595458984,67.9765625,73.0063705444336,36.51449966430664,563.8980712890625,468.3699951171875,60.914955139160156,329.00299072265625,335.54205322265625,169.48814392089844,86.4186782836914,112.02691650390625,50194600,8874300,3916600,36351400,95997800,1822900,1448050,31252300,5974700,10829100,5310100,8512200,3883300,2386000,29786000,1569100,61267500,7542600,7770000,5401500,3175500,33003600,13875800,4719200,22374700,180267300,11147000,34968800,140871300,14619000,3788745,19349000,1835000,84595200,1091800,11181400,5538000,1658000,12769300,12290300
2025-11-04,269.5262756347656,212.40472412109375,335.3500061035156,250.0500030517578,249.32000732421875,358.5574035644531,162.3672637939453,52.96379470825195,34.19663619995117,100.4862289428711,86.42921447753906,150.22622680664062,213.08018493652344,23.295686721801758,277.1634521484375,782.80908203125,37.029998779296875,184.69918823242188,306.2937927246094,904.0213012695312,550.97412109375,626.2725830078125,82.5379867553711,162.23895263671875,512.2001342773438,198.66818237304688,46.54304122924805,11.761033058166504,23.486099243164062,65.72859191894531,72.36845397949219,35.62678527832031,564.2574462890625,444.260009765625,60.59836196899414,326.0854187011719,338.9283752441406,167.02877807617188,86.2503890991211,112.401123046875,49274800,6184000,3694300,56491800,51546300,1887800,2336600,47226600,13631300,13449100,5740400,6976800,3079900,3144700,30078400,2046000,102250300,7209400,7085200,5911500,2653900,27356600,12846100,5739200,20958700,188919300,28629400,18870000,166162000,19711800,3762097,18718800,1636000,87756600,1002200,9646600,5920200,2188300,16737700,16860700
2025-11-05,269.6260986328125,213.27052307128906,335.5299987792969,256.3299865722656,250.1999969482422,363.8389587402344,160.62542724609375,51.88552474975586,34.74191665649414,101.16270446777344,86.22274017333984,149.5112762451172,211.46585083007812,23.140188217163086,283.92425537109375,785.0462036132812,38.380001068115234,183.84913635253906,308.7005615234375,922.9119873046875,551.5322875976562,634.88818359375,83.05962371826172,163.39630126953125,505.0597839355469,195.18858337402344,46.745609283447266,12.069226264953613,23.785717010498047,67.69805145263672,73.22227478027344,36.05091857910156,566.6533203125,462.07000732421875,60.341129302978516,323.03973388671875,338.66943359375,168.0460968017578,86.07220458984375,111.94813537597656,43683100,4928200,2646700,67366600,40610700,2195800,2724400,54353600,10053600,9992400,6384600,5894700,2935400,3208400,31010300,1832700,74631600,5049400,6865200,7272900,2198500,20219900,9440200,4133000,23024300,171350300,37996600,26520000,107240900,13606100,3703155,14655300,1682900,85573000,1331800,9697100,4984600,1762400,15609400,12400900
2025-11-06,269.25677490234375,215.5038604736328,327.3500061035156,237.6999969482422,243.0399932861328,363.76934814453125,165.8113555908203,52.71648406982422,34.87823486328125,100.32705688476562,84.21710968017578,149.78550720214844,209.93125915527344,23.363718032836914,284.3636779785156,779.592041015625,37.2400016784668,184.80792236328125,310.4239501953125,934.5055541992188,551.50244140625,617.9065551757812,84.4277114868164,161.6553192138672,495.04144287109375,188.05935668945312,44.86459732055664,12.069226264953613,24.01767921447754,65.90763092041016,72.83953094482422,35.86351013183594,564.99609375,445.9100036621094,60.4598503112793,316.9483642578125,335.6018371582031,173.84385681152344,85.17139434814453,112.75564575195312,51204000,6615300,3888700,66049700,46004200,2354600,3471050,55296000,7098400,9282500,13101800,6466300,2845700,3727200,37173600,1572500,77629900,6767400,7206100,6417400,2593600,23628800,10601400,4292900,27406500,223029800,43747200,23423100,124137200,11480200,4146631,14651300,1277800,109622900,938200,7922100,8507900,3111800,16800200,14219700
2025-11-07,267.9592590332031,215.62193298339844,326.95001220703125,233.5399932861328,244.41000366210938,366.5643005371094,167.41465759277344,52.6274528503418,35.618255615234375,100.26736450195312,85.36740112304688,151.82261657714844,209.20382690429688,23.655277252197266,278.45172119140625,778.3646240234375,38.130001068115234,184.4125518798828,311.20635986328125,921.4765014648438,550.1965942382812,620.6719360351562,84.91983032226562,160.60678100585938,494.7626037597656,188.1293487548828,44.063961029052734,12.785028457641602,24.02751350402832,65.86784362792969,74.18404388427734,36.1594123840332,571.4149169921875,429.5199890136719,61.59761428833008,319.56036376953125,334.6656188964844,173.45864868164062,85.61919403076172,115.4342041015625,48227400,4647900,4112600,52162600,46374300,2752200,2052900,40537700,6287800,14887100,7567400,9835900,3028000,3729200,34479600,2098400,95521400,6959200,7302300,4373400,2510400,29946800,9214300,6323300,24019800,264942300,19979600,53662000,117794500,13449300,3630586,11074700,2264000,103471500,743800,9402900,5318400,2393400,15612100,17181100
2025-11-10,269.1781311035156,215.17921447753906,328.8500061035156,243.97999572753906,248.39999389648438,365.9078369140625,173.15481567382812,52.84508514404297,36.1440544128418,100.96373748779297,86.74382781982422,152.43960571289062,210.4294891357422,23.528934478759766,289.7064208984375,789.114501953125,38.45000076293945,186.2312774658203,313.8607482910156,963.6141967773438,551.1834716796875,630.7052001953125,85.3824234008789,163.26773071289062,503.90460205078125,199.0281524658203,44.314762115478516,12.934154510498047,23.98817253112793,65.8976821899414,75.13600158691406,36.40599822998047,575.34814453125,445.2300109863281,62.2604866027832,316.96807861328125,333.5003662109375,176.97483825683594,85.67890167236328,116.4189682006836,41312400,4530800,3087000,43361600,36476500,2876800,3135700,26094600,7050900,11270600,6071400,8436800,2255200,3802900,29557300,1698200,77820300,5323800,5794100,5696600,1978300,19245000,8319600,5015400,26101500,198897100,14406500,24175200,148958600,11129900,4293402,12276000,1380300,76515900,729300,9283800,5295800,2145900,13138200,13048000
2025-11-11,274.99267578125,221.53489685058594,333.2200012207031,237.52000427246094,249.10000610351562,368.17559814453125,176.34158325195312,53.052825927734375,36.368003845214844,100.2375259399414,89.16238403320312,153.01744079589844,215.03329467773438,24.024587631225586,290.914794921875,802.0914916992188,37.880001068115234,191.58859252929688,312.6028747558594,985.525390625,556.55615234375,626.0330200195312,89.51620483398438,164.70205688476562,506.573486328125,193.1387939453125,47.41120147705078,13.391472816467285,25.0897216796875,67.04156494140625,75.57763671875,37.096439361572266,585.4705200195312,439.6199951171875,63.2795295715332,322.75390625,337.553955078125,178.63417053222656,85.76846313476562,117.9552001953125,46208300,4802400,2827200,61336800,23564100,2132900,2481600,22244300,6252600,9639500,6561600,6361400,2843000,2681400,19842100,1521500,53741900,7465600,5030200,4166400,1832400,13302200,15436000,3237600,17980000,176483300,27711100,29089400,139673800,10032500,4132390,10426200,1377700,60533200,1012200,7157800,4453300,1868800,13851500,16077100
2025-11-12,273.21435546875,229.46478271484375,337.04998779296875,258.8900146484375,244.1999969482422,370.7715759277344,173.55067443847656,53.52766036987305,35.890892028808594,102.33658599853516,87.56967163085938,150.1576690673828,218.63063049316406,23.558090209960938,286.3210144042969,830.4608154296875,37.88999938964844,192.14210510253906,317.34710693359375,1014.5941162109375,559.4268798828125,607.9931640625,90.0083236694336,168.0851287841797,509.0233154296875,193.7787322998047,48.481929779052734,12.904328346252441,25.443790435791016,66.84262084960938,74.98880004882812,35.57746887207031,586.9978637695312,430.6000061035156,63.26963424682617,334.1973876953125,338.1826477050781,175.3550262451172,85.83811950683594,116.32049560546875,48398000,8583200,2990200,108942000,31190100,2961500,2615800,40536700,8383400,15069200,6941500,11670900,4324100,2503300,24829900,2954100,53876000,8803000,10578300,5185200,1761500,24493300,13218900,6892900,26574900,154935300,24672300,26744000,96008000,10134000,3912880,11588100,1504200,58513500,793700,10403300,6389600,1800800,16775200,13790900
2025-11-13,272.6948547363281,228.5399627685547,333.6000061035156,247.9600067138672,237.5800018310547,362.7746887207031,175.39149475097656,52.301002502441406,35.53062057495117,100.14798736572266,87.91377258300781,152.3710479736328,220.42433166503906,23.71358871459961,278.19207763671875,797.3302612304688,35.90999984741211,192.99217224121094,306.5216064453125,1019.6681518554688,553.7850952148438,608.8717041015625,91.46499633789062,163.82167053222656,501.205810546875,186.8394775390625,47.42084884643555,12.9540376663208,25.365108489990234,64.98257446289062,74.5079116821289,35.81419372558594,579.12158203125,401.989990234375,64.21942901611328,327.7511901855469,335.3883972167969,173.61669921875,84.2857437133789,116.98028564453125,49602800,7968500,3084600,63178600,41401700,2273500,2257200,37716100,5988900,11427000,8207700,7998700,6520000,2278700,29494000,2557400,95593200,8631600,8973300,4153600,2031300,20973800,16086100,6090900,25273100,207423100,18878300,16521300,123083100,14185800,4360533,10203600,2745400,118948000,1452600,7788700,4961700,2308100,15708000,17291900
2025-11-14,272.15533447265625,228.6088409423828,331.1099853515625,246.80999755859375,234.69000244140625,355.2651672363281,176.3613739013672,52.043800354003906,36.062721252441406,99.7799072265625,89.8309326171875,154.3689727783203,220.43431091308594,24.118192672729492,276.0350036621094,782.8882446289062,35.52000045776367,193.664306640625,300.7076721191406,1023.5716552734375,543.9766845703125,608.4424438476562,91.45515441894531,162.090576171875,508.0672912597656,190.1491241455078,46.55268478393555,13.103163719177246,24.64713478088379,62.47597885131836,75.05876922607422,36.43558883666992,577.7041015625,404.3500061035156,64.70420837402344,317.2440490722656,329.3408508300781,179.52308654785156,84.63404083251953,118.50015258789062,47431300,5461500,2761400,47655600,38956700,2943500,2045200,32363100,7048100,10134500,7628400,8484800,4552300,2702400,31647200,2552000,71716200,8824800,10327000,3862300,2567800,20724100,19632000,6691200,28505700,186591900,12507600,16138300,96507600,21979900,4219442,10858300,1318000,105506700,1440200,8676500,6422300,3222400,15397300,17064300
2025-11-17,267.2099609375,230.2223663330078,325.07000732421875,240.52000427246094,232.8699951171875,339.42059326171875,176.95518493652344,50.92596435546875,36.03310775756836,97.68085479736328,88.03490447998047,151.62673950195312,219.6669921875,23.96030044555664,284.63330078125,767.6939697265625,34.709999084472656,197.27210998535156,297.4986572265625,1019.9976196289062,535.1251831054688,601.0048217773438,91.39610290527344,157.7281951904297,505.388427734375,186.5795135498047,46.745609283447266,13.043512344360352,24.666805267333984,61.56087112426758,74.70209503173828,35.3111572265625,566.174072265625,408.9200134277344,64.318359375,315.92327880859375,325.07965087890625,176.20443725585938,83.01200866699219,116.90081024169922,45018300,5023100,3300000,37942200,59919000,3599000,1907050,35546800,9066700,11389600,8610800,8745000,3991200,2788400,52670200,1850600,72580100,13257000,8344000,4720000,2557900,16501300,14345800,5727200,19092800,173628900,13520500,12294400,88042200,20632700,4304263,10775700,1624400,102214300,1327600,6485400,6494800,3014800,14457100,16034900
2025-11-18,267.19000244140625,230.09446716308594,324.4700012207031,230.2899932861328,222.5500030517578,338.8337707519531,177.25210571289062,51.0842399597168,36.22067642211914,97.81017303466797,88.98748779296875,152.1317901611328,224.71920776367188,23.96030044555664,283.8943176269531,768.4264526367188,34.33000183105469,197.68724060058594,296.5478515625,1028.333740234375,525.885009765625,596.6920776367188,94.90982055664062,158.10409545898438,491.74517822265625,181.340087890625,45.86780548095703,13.053454399108887,25.030710220336914,60.377197265625,74.61293029785156,35.54787826538086,575.0287475585938,401.25,64.25899505615234,309.0827941894531,320.51904296875,183.14791870117188,83.44985961914062,118.24187469482422,45677300,6232600,3286400,45619900,60608400,4216800,3178950,35189500,8211800,10463700,6876800,10813400,5311300,5337800,49158700,1673500,61504800,12468600,8077300,3430500,3594700,25500600,28153500,4864900,33815100,213598900,17104700,13169400,66511800,18446600,5506234,15306200,1916000,80688600,1439100,9182100,9170400,3387500,14233900,15808500
2025-11-19,268.3089294433594,229.14996337890625,318.1099853515625,223.5500030517578,222.69000244140625,342.7923889160156,176.14364624023438,51.46015167236328,35.490142822265625,99.31234741210938,87.30062103271484,150.2303924560547,221.63009643554688,22.963598251342773,292.4127502441406,778.0181884765625,35.11000061035156,200.168212890625,300.3709411621094,1047.85107421875,528.656005859375,589.3343505859375,93.55157470703125,160.5375213623047,485.102783203125,186.49951171875,47.266510009765625,12.944096565246582,24.4700984954834,59.92855453491211,72.98810577392578,35.370338439941406,572.7925415039062,403.989990234375,63.507083892822266,304.6571960449219,323.4530029296875,178.11068725585938,83.7483901977539,116.572998046875,40424500,7618400,3738400,52093400,58335600,2005000,3219300,28112300,7181100,8426800,5092900,7539900,4483400,6010200,68198900,1521100,67115500,14690800,5546600,3571200,2723100,24744700,14641300,6413600,23245300,247246400,16585000,13898200,62000200,25061900,5737472,9709500,1247900,72047700,1323300,8181100,7066700,3768400,10959600,15919200
2025-11-20,266.0010986328125,225.74581909179688,312.3999938964844,206.02000427246094,217.13999938964844,341.9569091796875,175.53004455566406,50.45112991333008,35.263084411621094,97.12374877929688,86.7945556640625,148.85385131835938,221.40089416503906,22.73662757873535,289.05731201171875,765.852783203125,33.619998931884766,200.72174072265625,295.5277099609375,1041.5516357421875,526.1840209960938,588.1663208007812,93.47283935546875,156.98629760742188,477.3404846191406,180.6201629638672,45.91603469848633,12.70549488067627,23.99800682067871,57.92960739135742,72.53236389160156,34.70948791503906,571.744384765625,395.2300109863281,62.794742584228516,307.07208251953125,323.1037292480469,169.78164672851562,81.99700164794922,116.24517822265625,45823600,4283600,3884800,66342900,50309000,3095700,2931500,36661600,7073600,12633700,4911200,7623400,2987200,6481300,62025200,2599000,96389100,10612600,7501600,3135700,3240300,20603000,12554200,5258600,26802500,343504800,15252300,16231400,51983200,21059300,4992140,11718200,1167800,113548800,869900,7337600,6510300,3980500,12135800,14401000
2025-11-21,271.2361755371094,232.46554565429688,324.19000244140625,203.77999877929688,220.69000244140625,350.9981689453125,180.12217712402344,51.005104064941406,35.51976013183594,98.18820190429688,86.69532775878906,148.5270538330078,226.59262084960938,22.67741584777832,299.25347900390625,766.179443359375,34.5,201.54214477539062,295.171142578125,1057.9342041015625,538.6638793945312,593.2578125,96.21885681152344,156.46200561523438,471.04486083984375,178.86036682128906,45.944976806640625,12.685611724853516,24.627464294433594,60.38716506958008,72.59181213378906,35.695831298828125,586.4588012695312,391.0899963378906,63.962188720703125,315.3811950683594,327.3050842285156,172.39564514160156,82.70352935791016,116.3047866821289,59030800,8017600,4825400,67421100,68490500,3044100,3701150,43867200,8785400,14404700,7046600,9248400,3181300,6761500,74137700,2284700,105641700,13189100,11766800,4266700,3807500,21052600,23183300,9021300,31769200,346926200,18985300,16536400,73079400,20849400,4574428,20752800,1933500,100460600,1461500,8406300,8930000,3735100,16169500,15667600
2025-11-24,275.6620788574219,225.80484008789062,318.7300109863281,215.0500030517578,226.27999877929688,354.0218505859375,181.15142822265625,51.371116638183594,35.450653076171875,99.1730728149414,86.88385772705078,148.29928588867188,226.18405151367188,22.381366729736328,318.14776611328125,782.6903076171875,35.790000915527344,203.6672821044922,295.1513366699219,1068.3768310546875,536.1219482421875,612.0264282226562,98.81724548339844,161.0717010498047,472.92059326171875,182.52996826171875,43.37908172607422,12.67566967010498,24.80449867248535,60.377197265625,72.55218505859375,35.222381591796875,585.05126953125,417.7799987792969,63.82368087768555,314.4743957519531,328.6223449707031,173.31004333496094,84.2459487915039,115.20213317871094,65585800,10225900,5414400,46749600,54318400,3330900,2863100,52852100,6694700,17389200,7143900,14181100,4393800,5935200,85165100,2319500,103804200,14803900,10940200,5497200,5941000,23554900,28320900,10125700,34421000,256618300,73618700,12416800,63074900,21013500,3535462,36923800,1803100,96806400,1007600,10773800,9337100,3817000,27574500,18034900
2025-11-25,276.7110900878906,228.05787658691406,319.54998779296875,206.1300048828125,229.6699981689453,360.6959228515625,184.55593872070312,51.915199279785156,35.23346710205078,100.64539337158203,85.95111846923828,147.09109497070312,229.9607696533203,22.223474502563477,323.0011901855469,794.1825561523438,35.83000183105469,205.57713317871094,300.103515625,1108.0904541015625,544.7142333984375,635.1576538085938,103.99432373046875,163.64361572265625,475.90374755859375,177.80047607421875,45.3951416015625,12.546427726745605,25.296260833740234,61.03520584106445,72.12616729736328,35.4097900390625,596.7409057617188,419.3999938964844,64.50633239746094,321.6006774902344,333.8415832519531,173.0417022705078,84.68379211425781,113.75180053710938,46914200,7134100,3765000,69773500,39379300,2059400,2712750,41310100,5403400,10881900,6926400,11447900,2957500,4694300,88632100,2252900,62203300,10275300,8877200,4181500,3132600,25213000,22225500,5561000,28019800,320600300,30458600,11768400,39130300,11065200,5421724,13234500,1803400,71915600,1408800,6149100,5854300,2646100,12966400,14434600
2025-11-26,277.29052734375,223.98471069335938,317.5199890136719,214.24000549316406,229.16000366210938,362.018798828125,184.71429443359375,52.41971206665039,35.47039794921875,101.96849822998047,86.41748809814453,148.0615997314453,227.65887451171875,22.253076553344727,319.5159606933594,807.733642578125,36.810001373291016,206.46241760253906,304.6991882324219,1102.4998779296875,543.17919921875,632.5520629882812,102.98055267333984,166.12652587890625,484.3943786621094,180.24020385742188,46.98676681518555,12.586194038391113,25.28642463684082,61.64336395263672,72.73052215576172,35.17306900024414,592.21875,426.5799865722656,64.82292938232422,324.98150634765625,333.1031188964844,173.40945434570312,85.14154052734375,114.01007843017578,33431400,5920800,3025000,43270200,38497900,1679900,2328000,32045600,3990200,11384100,5066000,7578900,4135300,4473500,51373400,1862500,54563400,6729000,7910900,3093700,2185300,15209500,12624000,4844200,25709100,183852000,17834800,15291900,33461000,8335300,3504885,9754200,2059900,63463000,982900,5504200,4309900,1759900,9304300,11650600
2025-11-28,278.5893249511719,224.02406311035156,320.1300048828125,217.52999877929688,233.22000122070312,363.3117980957031,183.5266876220703,53.07261276245117,35.638221740722656,103.06279754638672,88.00513458251953,149.66592407226562,225.98475646972656,22.60833740234375,319.7456359863281,817.6619262695312,40.560001373291016,205.8258056640625,310.087158203125,1073.677978515625,548.7612915039062,646.8681640625,103.17740631103516,167.82794189453125,490.88958740234375,176.98056030273438,47.6041259765625,12.466894149780273,25.31593132019043,62.50076675415039,73.0871810913086,35.74515151977539,589.8030395507812,430.1700134277344,65.00101470947266,325.0406494140625,333.75177001953125,175.68551635742188,85.43012237548828,115.1524658203125,20135600,2655600,1802200,18658000,20292300,872300,1874000,18920800,2879500,5865200,3304700,3848600,1461500,3043800,26018600,868300,95799500,5638300,4322400,2732200,1254800,11033200,6154500,2133700,14386700,121332800,15484200,12812000,22627600,7875900,1682586,4013000,746000,36252900,349900,2464500,4586200,936200,6545000,7240800
2025-12-01,282.8353576660156,221.4758758544922,322.8500061035156,219.75999450683594,233.8800048828125,358.3783874511719,179.1720733642578,52.667022705078125,36.04297637939453,102.14756774902344,89.5630111694336,151.06224060058594,223.35401916503906,22.509654998779297,314.46282958984375,802.6359252929688,40.0099983215332,204.254150390625,305.9669494628906,1056.1273193359375,542.2222900390625,639.7999267578125,100.22469329833984,166.65078735351562,485.6315612792969,179.90025329589844,46.7166748046875,12.476836204528809,24.853675842285156,62.3911018371582,73.62218475341797,36.1002311706543,584.1328125,430.1400146484375,64.9317626953125,318.57470703125,329.7101135253906,179.44253540039062,84.98233032226562,115.8577651977539,46587700,5208300,3651300,30768700,42904000,2229100,3183300,30536500,4773500,9663700,8525400,8209000,3881300,3462900,41183000,2133200,74534900,8473700,7727300,3070200,2227000,13029900,14178300,4393500,23964000,188131000,11626700,13725000,53198600,10923300,3304283,12674200,1754200,57463600,1216500,6154600,7082300,2573100,9794000,12658100
2025-12-02,285.9224548339844,220.74781799316406,322.80999755859375,215.24000549316406,234.4199981689453,358.7663269042969,178.4792938232422,52.617557525634766,35.8948974609375,102.65492248535156,88.60050201416016,148.79443359375,225.79542541503906,22.489919662475586,315.38153076171875,810.9422607421875,43.470001220703125,204.333740234375,304.9368896484375,1044.376953125,544.1560668945312,646.01953125,99.43730926513672,167.2640838623047,488.8841552734375,181.44007873535156,45.752052307128906,12.53648567199707,24.73565101623535,62.71013259887695,73.27542114257812,35.86351013183594,579.3611450195312,429.239990234375,65.00101470947266,319.8856506347656,328.9416809082031,177.44476318359375,85.8978271484375,114.61603546142578,53669500,5096700,3959500,42002500,45785400,2135400,3252350,46073500,3689400,8056900,5135000,9196300,2737100,3741900,35854700,2254200,167205800,8393600,7249000,3280000,3076000,11640900,11795000,4338700,19562700,182632200,11905200,15906100,43827000,10834100,3716093,12825600,1918100,69336600,868100,7978100,8201900,3239000,9484000,14607700
2025-12-03,283.8843688964844,226.52305603027344,326.7799987792969,217.60000610351562,232.3800048828125,366.1564636230469,179.82525634765625,53.50787353515625,36.76364517211914,106.16661834716797,91.10103607177734,150.1214599609375,227.65887451171875,23.091886520385742,319.19635009765625,832.1904296875,43.7599983215332,204.2442169189453,309.1462707519531,1031.837890625,551.950927734375,638.5320434570312,100.65775299072266,171.84410095214844,476.64208984375,179.57028198242188,45.8870964050293,12.72537899017334,25.148731231689453,61.055145263671875,74.42469024658203,37.329864501953125,579.4409790039062,446.739990234375,66.20803833007812,334.83807373046875,328.93170166015625,175.97377014160156,88.91300201416016,117.02001953125,43538700,4872900,3082200,28545200,35495100,2651800,3418500,37134400,5559300,14003600,5647600,8060200,3761000,2807400,41838300,2347900,91957200,8363300,8535300,3447000,2687900,11134300,12541600,6223300,34615100,165138000,11472500,10893800,56121200,24402800,3818739,16133700,1186600,87483000,1242900,9770000,6296700,3138600,14439300,16819100
2025-12-04,280.4375915527344,225.0177764892578,328.7300109863281,215.97999572753906,229.11000061035156,369.1602783203125,178.20217895507812,53.577117919921875,36.75376892089844,107.23107147216797,92.40092468261719,150.7849578857422,226.3335418701172,23.06228256225586,317.1890869140625,833.4437866210938,40.5,201.40928649902344,313.0783386230469,1012.7996215820312,540.5676879882812,660.425537109375,99.29950714111328,173.00146484375,479.7449951171875,183.37008666992188,46.292240142822266,12.804912567138672,25.27659034729004,61.543663024902344,73.8104248046875,37.896522521972656,574.2400512695312,454.5299987792969,66.06952667236328,328.707275390625,326.4268798828125,173.8865203857422,89.768798828125,116.36438751220703,43989100,3732900,3592300,24478200,45683200,2027200,2625450,38529600,7953700,12811300,7312400,7254700,4089300,3309200,31240900,1670800,107850200,9049900,9627800,3854900,2878800,29874600,12770700,4813200,22318200,167364900,18457100,12259700,35454000,15994300,3698887,15860100,1961600,71906500,1519500,8061600,6277500,3258900,13433000,13686900
2025-12-05,278.5193786621094,222.4302215576172,346.260009765625,217.97000122070312,229.52999877929688,368.36456298828125,178.4990997314453,53.646728515625,35.371681213378906,108.31541442871094,92.9665298461914,148.54685974121094,225.4566192626953,22.687284469604492,320.8341064453125,850.086181640625,41.40999984741211,200.8621826171875,312.0284729003906,1008.6265869140625,543.7673950195312,672.2955932617188,98.14795684814453,174.60397338867188,482.0597229003906,182.40013122558594,46.166839599609375,12.059284210205078,25.601154327392578,62.092002868652344,72.33422088623047,38.234527587890625,571.7744140625,455.0,64.13037872314453,326.164306640625,330.558349609375,173.08145141601562,89.39066314697266,115.76836395263672,47265800,3985200,7650400,33292400,33117400,1978700,2716450,33986500,12362000,14936300,9873600,12659800,3179600,3027800,28851700,2277500,103042000,7785300,6518900,2502100,2126700,21207900,16430400,4641600,22608700,143971100,15325300,41176600,47443700,11152900,4610019,12579700,1873700,56427500,2162400,5906000,5266600,2202900,11210900,12516900
2025-12-08,277.6302185058594,219.51800537109375,339.1199951171875,221.11000061035156,226.88999938964844,360.33782958984375,180.6763916015625,53.597007751464844,35.32231521606445,108.35520935058594,92.16277313232422,147.2693634033203,223.6928253173828,22.785968780517578,313.49932861328125,862.1527099609375,40.29999923706055,200.5538330078125,312.1968078613281,995.9277954101562,538.7036743164062,665.6866455078125,97.37040710449219,174.9205322265625,489.9018249511719,185.5399627685547,45.11539840698242,12.1686429977417,25.34543800354004,60.93550491333008,72.02708435058594,38.01581954956055,567.2222900390625,439.5799865722656,64.98123168945312,321.12347412109375,326.16741943359375,172.50497436523438,89.6195297241211,115.21207427978516,38211800,4006100,4293600,30943200,35019200,2581400,3527750,34386600,8210400,11394800,7974900,10237200,2945900,2420900,33909400,2238100,93953600,7785700,7417200,3088600,2453800,13161000,12902600,7271700,21965900,204378100,14872500,24816600,45209300,12544000,3781087,24484700,1412100,69165800,462400,4782800,6059400,2040400,13267300,14904200
2025-12-09,276.9208679199219,219.39010620117188,344.32000732421875,221.6199951171875,227.9199981689453,361.9591064453125,177.78651428222656,53.23903274536133,35.09526062011719,108.86256408691406,92.70853424072266,147.05149841308594,222.44720458984375,22.67741584777832,316.85693359375,871.990966796875,40.5,198.90261840820312,297.6373596191406,980.5833740234375,535.822998046875,655.8631591796875,95.36256408691406,176.89892578125,490.8995361328125,184.95999145507812,44.719905853271484,12.248176574707031,24.91268539428711,60.59653091430664,71.87847900390625,38.07546615600586,562.0911865234375,445.1700134277344,64.84272003173828,321.1036376953125,325.828125,174.25428771972656,88.45525360107422,117.467041015625,32193300,4267900,4267700,25166100,25841700,2197600,2363900,47189300,5700200,15822700,6177200,8916700,3369200,3581300,30194000,2274800,61877200,7509400,18049200,2569700,1965300,12997100,16283900,4191200,14696100,144719700,10247900,16250900,43483800,13214700,2714033,16847300,1416000,62367400,815700,4628400,4325400,2026200,17101700,23790800
2025-12-10,278.5193786621094,221.54473876953125,343.1300048828125,221.4199981689453,231.77999877929688,373.55657958984375,181.13165283203125,53.775997161865234,35.42103958129883,110.51395416259766,96.0525131225586,149.94320678710938,229.61199951171875,22.697153091430664,319.9847412109375,884.5846557617188,40.779998779296875,205.44781494140625,307.1455383300781,991.984375,537.1287231445312,649.0444946289062,96.08106994628906,177.76942443847656,477.4701843261719,183.77005004882812,47.31473922729492,12.158700942993164,25.35527229309082,60.97538375854492,72.2054214477539,39.6959114074707,572.8125610351562,451.45001220703125,64.98123168945312,325.83685302734375,325.0596923828125,174.93014526367188,90.24645233154297,118.74849700927734,33038300,8735200,6789900,23279400,38790700,2804400,3059950,54424400,6045700,16584300,10640100,10976300,3914000,3227000,33428900,2394300,75974900,11599800,18874100,2966300,3023400,16910900,18077700,6591200,35756200,162785400,16964800,12100100,43635400,19985100,3396839,20648100,1275600,63257500,863800,5910500,5467500,2895900,22729100,19845200
2025-12-11,277.77008056640625,220.36412048339844,350.42999267578125,221.42999267578125,230.27999877929688,382.8266296386719,178.71682739257812,54.253299713134766,35.07551574707031,111.16058349609375,95.96320343017578,149.2598876953125,231.55516052246094,22.46031379699707,312.210205078125,906.2606201171875,39.5099983215332,208.8994598388672,314.3460693359375,1007.6981201171875,561.5599975585938,651.6201782226562,97.44915771484375,178.3431396484375,482.3690185546875,180.92019653320312,48.51087188720703,12.079167366027832,25.374942779541016,61.5037841796875,72.18560791015625,40.10350799560547,577.8936767578125,446.8900146484375,64.71410369873047,334.1323547363281,344.91876220703125,170.86500549316406,92.13715362548828,118.74849700927734,33248000,4170600,10158700,30694600,28249600,2975800,3313950,35686900,6257900,10829700,8225500,8414200,5781800,3770200,42353700,2683000,59096800,9009000,9721900,4517000,3659900,13056700,11808200,7598700,24669200,182136600,15601200,12727500,35570200,14023800,3556691,18982800,1226400,55979500,957300,7513200,12953600,2910900,15505100,14781800
2025-12-12,278.0198669433594,219.71478271484375,356.42999267578125,210.77999877929688,226.19000244140625,380.50909423828125,177.8063201904297,54.83003616333008,34.80896759033203,111.22027587890625,94.80223846435547,148.53695678710938,225.53634643554688,22.756362915039062,309.07244873046875,883.3114013671875,37.810001373291016,210.46116638183594,315.4751892089844,1025.7979736328125,570.092529296875,643.1543579101562,98.71881866455078,176.48345947265625,477.4402770996094,175.01052856445312,48.404762268066406,12.108993530273438,25.42411994934082,61.473876953125,71.66051483154297,39.218727111816406,571.2852783203125,458.9599914550781,65.05048370361328,339.20294189453125,347.11419677734375,167.27694702148438,92.30632781982422,118.03326416015625,39532900,5467600,5483900,37073900,35639100,2477800,2688650,40539400,6524600,11227900,5731300,5848100,4858300,2421700,35940200,2715200,87784500,6922700,8982900,3275200,3515400,14016900,11810800,4961500,21248100,204274900,12392800,19719900,51599700,15964000,3693241,14892500,1576500,95656700,1082400,7979000,6942300,3234700,12532800,14459500
2025-12-15,273.8537292480469,223.77810668945312,351.1499938964844,207.5800018310547,222.5399932861328,380.5190734863281,181.23060607910156,55.01897048950195,34.799095153808594,112.21509552001953,93.63134765625,148.3488006591797,227.72862243652344,22.578731536865234,308.003173828125,884.932861328125,37.5099983215332,213.03746032714844,316.9608154296875,1060.4200439453125,567.301513671875,646.9561157226562,99.52285766601562,175.87014770507812,473.73870849609375,176.28045654296875,48.58803939819336,12.108993530273438,25.994564056396484,60.55665588378906,71.56143951416016,38.67195129394531,575.3411865234375,475.30999755859375,64.5656967163086,338.4686584472656,346.1761779785156,166.87937927246094,92.44564819335938,116.98028564453125,50409100,5971900,5480100,27222200,47286100,2734700,3510200,32881300,6062600,10692100,8942100,7503000,4826600,2963700,29151900,1976600,60898500,8467000,10864100,4648400,2714000,15549100,16735900,5219000,23727700,164775600,11354700,15998100,60360000,18187500,3934013,10957100,1702200,114542200,1271100,6447200,7004600,3332600,13885200,16358700
2025-12-16,274.353271484375,220.0591278076172,347.8900146484375,209.1699981689453,222.55999755859375,378.7088317871094,180.81494140625,54.50189208984375,33.328155517578125,110.70297241210938,90.0690689086914,145.32833862304688,223.91204833984375,22.11492156982422,306.3543395996094,874.5474853515625,37.310001373291016,208.19322204589844,312.5335693359375,1052.5333251953125,564.2014770507812,656.587890625,97.5474853515625,174.60397338867188,475.3051452636719,177.71038818359375,47.22792053222656,11.721266746520996,25.109392166137695,61.144874572753906,69.80782318115234,37.38951110839844,569.5968627929688,489.8800048828125,63.17069625854492,331.62188720703125,344.3998107910156,161.8302764892578,91.73912048339844,113.9206771850586,37648600,6405900,4118200,23467600,39298900,2584400,2257450,32931900,11885400,12418200,9060400,11290500,2992100,4194800,30585000,2161600,50490300,9949800,8331300,4024500,2748700,14309100,16663600,6840500,20705600,148588100,14148500,31666600,111695500,17316800,5381812,19127100,2015300,107608100,1130800,6334000,7269300,4040500,12981100,17638700
2025-12-17,271.58587646484375,220.68878173828125,354.6600036621094,198.11000061035156,221.27000427246094,373.5963439941406,177.86569213867188,54.24335479736328,34.029075622558594,110.88204193115234,94.22671508789062,148.07151794433594,221.8493194580078,22.588600158691406,296.5112609863281,867.76318359375,36.04999923706055,209.2177734375,311.9690246582031,1040.05419921875,563.6532592773438,648.9443969726562,98.45079803466797,172.91244506835938,475.0357360839844,170.93075561523438,46.08002471923828,11.701383590698242,24.627464294433594,59.99834442138672,70.88773345947266,38.30411911010742,562.00439453125,467.260009765625,64.72399139404297,329.07171630859375,343.7012634277344,161.9197235107422,92.13715362548828,116.63260650634766,50138700,5243400,4371600,31595400,44034400,2973900,2987750,35304100,7160800,9949700,9661000,8805300,5088700,4082500,43930400,2213300,54792000,8457600,8718700,3726600,3287100,15598500,13180600,5796100,24527200,222775500,10340900,24094100,61255300,16357800,4871136,15363900,2301800,106490400,1230900,4685600,7263500,2924300,14819000,18502200
2025-12-18,271.935546875,219.2228546142578,355.80999755859375,201.05999755859375,226.75999450683594,373.5068664550781,179.3502197265625,53.95498275756836,32.883914947509766,112.24493408203125,91.5177993774414,146.25924682617188,223.56329345703125,22.351760864257812,302.2472229003906,871.71240234375,36.279998779296875,207.2084503173828,310.0079345703125,1055.1190185546875,564.390869140625,663.881591796875,99.94969940185547,171.09231567382812,482.87786865234375,174.1305694580078,45.925682067871094,11.6516752243042,24.627464294433594,59.26057434082031,70.64994812011719,37.906463623046875,561.8345947265625,483.3699951171875,64.42719268798828,325.608642578125,345.2979736328125,160.9556121826172,91.0325927734375,115.76836395263672,51630700,4760400,3352700,29720100,50272400,2884400,3414250,87452700,15228900,21155800,7336900,6998800,3502400,3709600,33518000,2066300,69468400,7499900,11444900,3848600,2259000,20260300,14312800,7993400,28573500,176096000,8303300,19272400,47062500,23734500,5264853,12014800,2287300,95168400,1344200,6354900,6805000,2548500,11844100,13705600
2025-12-19,273.4141845703125,223.1582794189453,355.8599853515625,213.42999267578125,227.35000610351562,374.4915771484375,180.83474731445312,54.95930862426758,33.50585174560547,114.26441192626953,91.23004150390625,146.3186492919922,224.0515594482422,22.51952362060547,306.9439392089844,888.8024291992188,36.81999969482422,205.27871704101562,314.17767333984375,1069.6546630859375,570.3914794921875,658.2064819335938,100.34675598144531,175.0688934326172,484.8134460449219,180.98020935058594,46.388702392578125,11.681499481201172,24.774993896484375,59.62946319580078,71.35337829589844,37.85675811767578,567.2692260742188,481.20001220703125,65.00101470947266,324.8941955566406,348.5312805175781,161.72093200683594,92.55510711669922,115.91736602783203,144632000,18968800,8706300,58445500,85544400,7934300,4187150,73001900,12734800,37660800,14612600,21701400,6318100,2771900,59943200,4808300,163221300,24803900,24494400,5829100,7262100,49977100,44980200,10639400,70836100,324925900,10927100,16457100,87590000,31927500,5581282,22594300,3862600,103305400,1868600,10553000,18623900,6529800,37783900,45412800
2025-12-22,270.7166748046875,224.23068237304688,357.5299987792969,214.9499969482422,228.42999267578125,378.80828857421875,181.21083068847656,55.565879821777344,33.70329666137695,117.47765350341797,92.5894546508789,148.3488006591797,227.21044921875,22.292551040649414,309.56207275390625,894.2935791015625,36.369998931884766,206.22369384765625,320.0014953613281,1074.686279296875,573.8504028320312,660.9341430664062,103.95006561279297,177.81887817382812,483.81573486328125,183.6800537109375,46.398345947265625,11.6516752243042,24.794662475585938,59.6793098449707,71.908203125,38.10529327392578,575.1314086914062,488.7300109863281,65.09005737304688,322.651611328125,351.3654479980469,162.5558319091797,93.81889343261719,117.3676986694336,36571800,4828100,2960800,24950700,32261300,2747400,2324500,33408800,10096000,20178100,4850700,8143600,2576100,2812400,26429900,1442300,51685400,8187800,8354600,2625600,2500200,15659400,17136200,4574600,16963000,129064400,16059100,16558800,38758900,13976100,3543242,8495800,1108400,86916100,975400,7872400,5043500,2795800,9512300,11768600
2025-12-23,272.1053771972656,225.09646606445312,352.4200134277344,214.89999389648438,232.13999938964844,380.1410827636719,182.37864685058594,55.655372619628906,34.13766860961914,118.78086853027344,92.0139389038086,149.05191040039062,230.02056884765625,22.73662757873535,314.1288757324219,896.9893798828125,36.349998474121094,204.69183349609375,322.8143310546875,1069.8543701171875,574.498291015625,664.3711547851562,104.26771545410156,177.56167602539062,485.7413330078125,189.19976806640625,49.78417205810547,11.761033058166504,24.4700984954834,59.23066711425781,72.39366149902344,37.97605514526367,579.3672485351562,485.55999755859375,65.30772399902344,322.29437255859375,352.6528015136719,163.76841735839844,94.00796508789062,118.62928771972656,29642000,3612100,3052500,20272300,29230200,1768200,1772200,22274600,6844000,16135000,5671100,4663700,1868500,2679900,25478700,1210200,35958000,7047300,6668300,2108600,1794700,8486800,13587500,3514800,14683600,174873600,67564800,10895500,43692900,12153600,2421211,7930300,732000,58223600,746500,4463300,3703200,1970900,8642100,12567600
2025-12-24,273.55401611328125,226.17872619628906,352.9800109863281,215.0399932861328,232.3800048828125,381.05615234375,182.99224853515625,55.93379592895508,33.871124267578125,120.9296646118164,91.09111785888672,149.04202270507812,230.6583251953125,22.845176696777344,313.8690490722656,906.0119018554688,36.15999984741211,206.68125915527344,326.02337646484375,1075.1854248046875,577.58837890625,666.9789428710938,105.66734313964844,179.68846130371094,486.90863037109375,188.59979248046875,50.700565338134766,11.761033058166504,24.617630004882812,59.858768463134766,72.16578674316406,37.74740219116211,578.5480346679688,485.3999938964844,64.84272003173828,325.05291748046875,354.4091796875,163.47023010253906,94.83390808105469,118.43061828613281,17910600,1744900,1166500,7956800,11420500,817100,592350,13634400,3128600,13529600,3079200,2227600,785800,1002300,10097400,771800,37443800,2376500,4289300,932800,1058900,5627500,5335000,2648000,5855900,65528500,19300100,5920100,19328500,5491700,1021045,2928600,401000,41285400,443100,2842700,2023600,881600,5506800,6137400
2025-12-26,273.1444091796875,226.26724243164062,353.79998779296875,214.99000549316406,232.52000427246094,379.0072021484375,183.88296508789062,55.854244232177734,33.831634521484375,119.79557800292969,90.8331298828125,148.56666564941406,229.83009338378906,22.73662757873535,313.2894592285156,902.2914428710938,36.20000076293945,206.5320587158203,324.7754211425781,1075.9542236328125,577.73779296875,662.7225952148438,105.99491882324219,179.90609741210938,486.599365234375,190.51968383789062,50.546226501464844,11.482666015625,24.676639556884766,59.788978576660156,72.13607025146484,37.568458557128906,580.1664428710938,475.19000244140625,64.83282470703125,329.2701416015625,354.26947021484375,163.01303100585938,94.79410552978516,118.32134246826172,21521800,1593900,1455100,15792600,15994700,1114900,834700,15259400,3381300,10603700,4575600,3706900,1140700,1844600,10899000,995300,28779400,2316700,4158300,1014600,972300,7133800,6280700,2564700,8842200,139740300,13255600,11492900,21617800,7537800,1580789,4726700,466100,58780700,523900,4359300,2017000,2517800,5169400,8066100
2025-12-29,273.50408935546875,227.11337280273438,353.1600036621094,215.61000061035156,232.07000732421875,373.30792236328125,183.13079833984375,55.038856506347656,34.00933074951172,117.51744842529297,91.91470336914062,149.5272674560547,230.13943481445312,23.022808074951172,313.33941650390625,887.50927734375,36.68000030517578,206.46241760253906,320.6551818847656,1076.9324951171875,576.0433349609375,658.1265258789062,105.83609771728516,177.99693298339844,485.9907531738281,188.20980834960938,49.64912796020508,11.522432327270508,24.588123321533203,59.310428619384766,72.44320678710938,37.67781448364258,584.4921875,459.6400146484375,65.19889068603516,326.4024353027344,353.8802490234375,164.6529998779297,94.0577163696289,119.73194122314453,23715200,3803000,2794000,20326900,19797900,1736800,1185900,21040100,7542400,11000600,5256400,5589100,1666400,1944100,19621800,1578000,38062300,4348900,8635300,1653000,1274900,8506500,8086900,2464300,10893400,120006100,16895900,13419300,33067700,12910100,2633258,6806000,1042800,66263000,633200,4346800,3989900,2811600,8624200,14782500
2025-12-30,272.82470703125,226.03114318847656,352.510009765625,215.33999633789062,232.52999877929688,371.3882751464844,183.11102294921875,54.9692497253418,34.30549240112305,116.60221862792969,93.37335968017578,150.83447265625,230.17933654785156,23.28925323486328,313.6292419433594,879.7898559570312,37.29999923706055,205.81585693359375,320.328369140625,1077.950927734375,575.5648803710938,665.3803100585938,105.28021240234375,177.14622497558594,486.3699035644531,187.52984619140625,49.4079704284668,11.790858268737793,24.57828712463379,58.921600341796875,73.1466293334961,38.32400131225586,582.873779296875,454.42999267578125,65.21867370605469,329.5976257324219,352.8923034667969,163.8578643798828,93.84874725341797,120.18889617919922,22139600,2348000,2252600,16409600,21910500,1319500,865100,17427600,5378900,8636100,4553600,5150500,1375900,2441700,17380900,1833300,61935300,3937400,7904300,1251500,1512800,9187500,6497900,2365500,13944500,97687300,11902500,13398500,28821700,11277900,3483060,7774500,665000,59238500,777900,4432500,3366500,2569000,6417800,11150500
2025-12-31,271.6058349609375,224.8013153076172,349.989990234375,214.16000366210938,230.82000732421875,367.96673583984375,181.96298217773438,54.69082260131836,34.28574752807617,116.08492279052734,92.88714599609375,150.9335174560547,228.4330596923828,23.318857192993164,312.7798156738281,874.3982543945312,36.900001525878906,205.85565185546875,319.1398010253906,1072.889404296875,569.0458984375,659.5253295898438,104.48609924316406,175.6129608154297,482.5186767578125,186.4899139404297,49.07999801635742,11.780917167663574,24.489770889282227,58.20377731323242,72.79987335205078,38.154998779296875,578.8777465820312,449.7200012207031,64.72399139404297,327.56341552734375,349.98828125,161.80044555664062,92.74417114257812,119.54319763183594,27293600,3196900,2116200,17591600,24383700,1469300,1048650,16293000,4010900,6203300,3551700,4953100,1270300,2296500,16377700,1221500,51524700,4083800,5048500,1646700,1736500,7940400,7557300,3098100,15601600,120100500,10803900,7269200,29409200,13027300,1638425,6157100,739300,49078000,461900,4285200,3503200,2321000,7919300,10559900
2026-01-02,270.75665283203125,225.6080780029297,333.29998779296875,223.47000122070312,226.5,371.5553894042969,181.2504119873047,55.6354866027832,35.371681213378906,118.0844955444336,95.95327758789062,154.3896942138672,229.909912109375,24.226743698120117,314.9283142089844,909.5532836914062,39.380001068115234,206.2535400390625,322.36865234375,1078.559814453125,561.32080078125,649.8535766601562,105.66734313964844,179.93576049804688,471.8630065917969,188.83978271484375,50.53657913208008,11.850508689880371,24.76515769958496,57.964500427246094,74.74172973632812,39.96432876586914,591.9248046875,438.07000732421875,65.80239868164062,333.8049011230469,345.7669982910156,164.3051300048828,94.73439025878906,121.83790588378906,37838100,3336800,5643500,36446200,51456200,2076100,1781600,25503600,7571300,9245400,7005600,6862100,2338300,5941900,32009400,2817600,95396400,6325500,8054000,2469100,3901900,13726500,9992400,4509900,25571600,148240500,12134100,10001800,35976700,14693100,5611422,14637200,2052300,85535400,910400,6863600,5403800,1938600,9242600,14175100
2026-01-05,267.0101623535156,216.62547302246094,331.55999755859375,221.0800018310547,233.05999755859375,378.60308837890625,180.55763244628906,56.57019805908203,35.65796661376953,122.66064453125,98.43397521972656,162.2626953125,234.85935974121094,23.822141647338867,316.3173522949219,943.4747314453125,39.369998931884766,203.22959899902344,330.8468322753906,1039.7745361328125,566.7432861328125,658.2264404296875,106.65007019042969,184.52566528320312,471.773193359375,188.1098175048828,53.16035461425781,11.671557426452637,24.755321502685547,59.11103057861328,74.33551788330078,43.5432243347168,610.5963745117188,451.6700134277344,65.60452270507812,339.38153076171875,353.0719299316406,179.4723663330078,95.90862274169922,124.52996063232422,45647200,9341300,5012100,31941100,49733300,2362000,2954200,36096600,16043800,19993400,15706500,35094900,3191700,5872100,30195600,3742000,96665400,9477000,10752600,4084800,2865000,12213700,15863300,6787400,25250300,183529700,30028700,28166500,52620900,17115900,6526263,56362600,2488100,67940800,1440800,7956600,7592200,9056500,14384000,30112200
2026-01-06,262.1147155761719,220.31492614746094,335.989990234375,214.35000610351562,240.92999267578125,382.3512268066406,187.96044921875,56.92817687988281,33.92048263549805,121.86479187011719,96.36011505126953,155.02349853515625,236.0867462158203,22.864913940429688,314.1188659667969,950.4678955078125,40.040000915527344,203.70706176757812,332.90625,1062.26708984375,578.4755249023438,660.0548706054688,108.0695571899414,185.72259521484375,477.4203186035156,187.22987365722656,54.26966857910156,11.502549171447754,25.01103973388672,59.62946319580078,72.22523498535156,43.37422180175781,620.10693359375,432.9599914550781,62.73537826538086,346.2779235839844,356.8241882324219,177.1863555908203,95.91857147216797,120.24850463867188,52352100,9151700,3187400,40033200,53764700,2544100,3162450,31791900,16255000,11940100,9026900,20564900,2663400,6021500,31212100,1966000,66395100,8107900,7660800,2690700,4056100,11074400,14479000,3795600,23037700,176862600,32942200,21177900,50977300,11110800,6524139,28955400,2554800,89093800,1401400,9441900,6775400,5333000,12329200,23328600
2026-01-07,260.08660888671875,229.65171813964844,338.1000061035156,210.02000427246094,241.55999755859375,377.028076171875,188.35633850097656,55.32722473144531,33.23930740356445,120.74065399169922,93.214599609375,153.6964874267578,235.0689239501953,22.74649429321289,321.7535095214844,936.0935668945312,42.630001068115234,206.39279174804688,325.3250732421875,1106.24365234375,578.0567626953125,648.1350708007812,107.8015365600586,182.7945556640625,482.3690185546875,189.09976196289062,54.568702697753906,11.472723960876465,24.863510131835938,58.33338165283203,70.87782287597656,42.121604919433594,616.54052734375,431.4100036621094,62.072509765625,339.06402587890625,355.14764404296875,182.74237060546875,93.82884979248047,117.7054443359375,48309800,10285400,3183100,29715500,42236500,2178600,3307450,49695500,12192100,11595800,7988400,13537900,2653300,3860800,35104400,2683300,166028400,7545900,9815200,4652800,3653900,12846300,16322300,3532400,25564200,153543200,17538400,15302100,51395800,18044300,4923343,17255900,2404300,59828800,1791300,7461400,6333900,7565700,14589500,20353000
2026-01-08,258.7978515625,220.51170349121094,339.0400085449219,204.67999267578125,246.2899932861328,381.7730712890625,186.08006286621094,55.864192962646484,33.693424224853516,119.97463989257812,97.95767974853516,157.70724487304688,234.5001220703125,23.397804260253906,325.2110595703125,929.9359741210938,41.11000061035156,204.6619873046875,328.11083984375,1083.3817138671875,578.2063598632812,645.50732421875,110.17396545410156,182.6857452392578,477.0212097167969,185.0299835205078,55.31146240234375,11.731208801269531,24.87334632873535,58.09410858154297,69.65921020507812,44.16952896118164,605.9010009765625,435.79998779296875,62.9134635925293,344.1742858886719,351.50518798828125,190.1570281982422,95.13243865966797,122.09618377685547,50419300,9365900,3107700,27505000,39509800,2707700,2808100,30933700,11671400,14801500,9605200,12929600,2533900,4450700,31896100,1960800,88242000,6557800,11737100,3156000,3390200,11921700,20278800,3745900,18162600,172457000,17505600,17034500,42977300,13105200,13092927,20138500,3147700,57041100,1482000,5059300,6357600,5961700,12406000,20232700
2026-01-09,259.1275329589844,216.52708435058594,333.95001220703125,203.1699981689453,247.3800048828125,374.42626953125,187.3468475341797,55.53604507446289,33.85137939453125,120.69091033935547,96.75702667236328,160.53955078125,237.8629608154297,23.190568923950195,328.3388671875,934.064208984375,45.54999923706055,203.30918884277344,327.5138854980469,1061.7879638671875,574.5526123046875,652.5013427734375,109.71734619140625,184.30804443359375,478.1885681152344,184.84999084472656,56.72945785522461,11.810742378234863,25.06021499633789,57.4859504699707,70.17440032958984,44.93501663208008,618.248779296875,445.010009765625,63.249847412109375,341.3264465332031,349.0502014160156,184.1537322998047,95.48072814941406,123.78492736816406,39997000,6714200,3250100,24217300,34560000,2767700,3038700,30768800,7757700,7565700,8940700,12549600,2536100,5583300,26214200,1334100,186691400,6154300,6738100,2561900,2221100,11634900,11040800,4630900,18491000,131327500,29064400,13438100,34190200,15061500,5603032,18306800,2286500,67331500,1185500,4129100,4902900,5472900,10261300,16137700
2026-01-12,260.0067138671875,216.4877166748047,327.6499938964844,207.69000244140625,246.47000122070312,358.456787109375,185.32789611816406,54.879756927490234,33.96984100341797,117.08967590332031,94.7625503540039,160.76730346679688,238.4916229248047,23.5754337310791,331.62652587890625,944.5789184570312,44.060001373291016,208.6110076904297,322.8377990722656,1079.19873046875,565.3085327148438,641.4207763671875,108.38720703125,184.5553436279297,476.09332275390625,184.92999267578125,57.7423095703125,11.800800323486328,24.853675842285156,57.117069244384766,70.99671936035156,44.885311126708984,614.8421630859375,448.9599914550781,64.03144073486328,337.8832092285156,342.4937438964844,178.52813720703125,94.49556732177734,123.2087631225586,45263800,6546100,3541400,27287300,35867800,7015900,5377550,45860600,7163900,19926900,10232900,9796800,3615800,5181600,33923900,2179600,101989100,11794300,12805100,2380200,3486400,14797200,10671900,5635400,23519900,137968500,19311500,11864800,50256300,19898900,4390665,19685700,3184800,61649600,1066300,7146400,13281300,3368500,15958100,15314900
2026-01-13,260.8059387207031,217.186279296875,309.92999267578125,220.97000122070312,242.60000610351562,356.8717956542969,187.0697479248047,54.2334098815918,34.907691955566406,115.69694519042969,95.71513366699219,162.28248596191406,235.05892944335938,24.187271118164062,335.7336730957031,933.2386474609375,47.290000915527344,212.5202178955078,309.3169860839844,1075.39501953125,544.0550537109375,630.5501708984375,107.46404266357422,180.78648376464844,469.5981750488281,185.79994201660156,57.530094146728516,12.228293418884277,24.73565101623535,56.3892707824707,72.50264739990234,45.63091278076172,606.4804077148438,447.20001220703125,65.0999526977539,331.35394287109375,327.2052917480469,180.63525390625,93.1024169921875,125.7021484375,45730800,4872600,7217300,56894900,38371800,3775000,4018600,43542200,9971400,18332300,7868300,12068600,4249900,6354100,33517600,1969600,168656400,11379600,19371200,2194200,8721600,18030400,9338600,6594800,28545800,160128900,16912900,32943900,47656100,15900500,6483292,19535600,2847700,53719200,1359600,5605900,20383500,3100300,21998600,21619700
2026-01-14,259.71697998046875,218.307861328125,304.44000244140625,223.60000610351562,236.64999389648438,357.1309814453125,190.6919708251953,52.18498992919922,35.3618049621582,111.82711791992188,99.56517028808594,165.61985778808594,237.44384765625,24.621477127075195,335.603759765625,927.7872924804688,48.720001220703125,217.39430236816406,306.30242919921875,1071.501708984375,545.8818969726562,614.9934692382812,110.1938247680664,178.82785034179688,458.3338928222656,183.1300811767578,56.82592010498047,12.586194038391113,25.158567428588867,57.4859504699707,73.66181182861328,46.69464111328125,621.2158813476562,439.20001220703125,65.82218170166016,332.3760070800781,328.4926452636719,185.37625122070312,88.8134994506836,129.33790588378906,40019400,8426400,5712600,40466500,41410600,3583400,3854650,84750000,15467300,27984600,13563700,16414900,3136000,9425800,28525600,2513000,148225800,11858800,25951500,1912600,3943700,15527900,11964600,8434000,28184300,159586100,16344100,54822400,53738100,16039900,8057858,23910300,2460400,57259500,1269000,5740900,9388400,3963000,33803900,27593900
2026-01-15,257.9685974121094,213.25083923339844,304.0899963378906,227.9199981689453,238.17999267578125,356.2437744140625,186.04046630859375,52.29437255859375,34.70037841796875,116.8509292602539,98.16606140136719,164.55030822753906,239.37973022460938,24.37476921081543,332.5458984375,970.7511596679688,48.31999969482422,218.40892028808594,307.68536376953125,1031.248779296875,541.7191162109375,620.2689208984375,110.15411376953125,189.16502380371094,455.6200866699219,187.03988647460938,55.0992431640625,12.53648567199707,25.463459014892578,56.568729400634766,72.74042510986328,46.2969856262207,624.0330810546875,438.57000732421875,64.9713363647461,336.34515380859375,327.0755310058594,183.45799255371094,88.52490997314453,128.27500915527344,39388600,6954200,4774300,55270200,43003600,2868300,4573200,51018300,10717100,18719700,7461400,8097400,2861700,6499500,28442400,3773700,132328900,8492100,14751400,4183400,4005600,13076100,11775800,12957100,23225800,206188600,25752300,18466100,55263200,16405300,4679474,18019800,2541500,49465800,1099200,6943500,8587700,2172200,21738600,17400000
2026-01-16,255.29112243652344,212.58636474609375,296.1199951171875,231.8300018310547,239.1199951171875,363.6404113769531,186.83221435546875,52.672237396240234,34.92743682861328,117.42791748046875,97.43177795410156,164.6493377685547,235.48802185058594,25.035947799682617,329.7678527832031,956.9637451171875,46.959999084472656,217.50372314453125,310.8789978027344,1036.6697998046875,538.564453125,619.7194213867188,108.02985382080078,187.04812622070312,458.8127746582031,186.21990966796875,60.12493133544922,12.616019248962402,25.227413177490234,56.7182731628418,73.562744140625,46.45604705810547,618.10888671875,437.5,65.545166015625,328.4664001464844,327.6243896484375,182.3448028564453,87.94774627685547,129.02996826171875,72142800,8649700,8534400,42545600,45888300,3555100,27525250,52178400,5279900,17153800,8939200,9745800,3904400,5918500,40341600,3071600,127314700,10021500,14652500,3829000,3496200,17012500,14852100,8398100,34246700,187967200,43377000,11851500,59470600,15116900,4157242,17373100,2881000,60220600,1250800,8039100,8341600,2374400,26981600,16592400
2026-01-20,246.46937561035156,212.27890014648438,290.3699951171875,231.9199981689453,231.0,351.0801086425781,178.0240478515625,51.807125091552734,34.70037841796875,112.21509552001953,94.78238677978516,163.69863891601562,233.83155822753906,24.51292610168457,321.77349853515625,938.4312744140625,48.560001373291016,217.0561065673828,301.19854736328125,1039.554931640625,530.8277587890625,603.6032104492188,108.6452865600586,180.1336212158203,453.48492431640625,178.06036376953125,58.533302307128906,12.755203247070312,25.09955596923828,54.91373825073242,72.43329620361328,46.17768859863281,618.3986206054688,419.25,66.48505401611328,335.8192443847656,325.1495056152344,183.60707092285156,86.23616790771484,129.59620666503906,80267500,8251400,6962000,44327700,47737900,3049600,5568650,49172700,6264100,20451300,10796700,11142500,4326400,6519600,35361000,2629100,150153000,14057100,12900600,2484900,4098700,15169600,15241100,11302600,26130000,223345300,30424600,14564200,55425400,19744400,4683944,22587200,3108800,63187300,2646200,7596500,8279900,2689800,19353500,16477300
2026-01-21,247.41848754882812,214.3715362548828,294.2300109863281,249.8000030517578,231.30999755859375,358.4767150878906,179.211669921875,51.77729415893555,35.46052551269531,113.26959228515625,96.39981079101562,165.11477661132812,241.53514099121094,25.33199691772461,328.1490173339844,948.0208129882812,54.25,216.85716247558594,300.50213623046875,1076.722900390625,526.6649169921875,612.4356689453125,110.2930908203125,181.34043884277344,443.0986328125,183.31008911132812,57.221412658691406,13.431239128112793,25.463459014892578,55.721290588378906,73.1268081665039,48.23555374145508,635.6715698242188,431.44000244140625,66.99952697753906,345.0673522949219,324.6106262207031,187.04605102539062,85.69880676269531,132.725341796875,54641700,10727100,5645300,62385600,47276100,2780300,4558000,36340000,9110100,14199900,10599100,10918500,5042900,6976400,35386600,2251300,220565300,14762900,10270100,3685900,4937700,14494700,12844400,11715800,37980500,200381000,30601900,51506700,47264100,15117000,5552592,22868200,3182400,68124000,1719900,8933300,8974600,3130300,17606700,18879900
2026-01-22,248.1178436279297,216.31541442871094,299.7300109863281,253.72999572753906,234.33999633789062,366.8601989746094,181.48793029785156,52.15515899658203,34.9767951965332,115.06026458740234,96.13188934326172,165.04547119140625,239.56932067871094,24.355031967163086,330.3074951171875,949.6522216796875,54.31999969482422,217.33462524414062,302.0840148925781,1085.568115234375,531.9458618164062,647.0759887695312,108.37727355957031,181.0733642578125,450.1126403808594,184.82998657226562,60.028465270996094,13.68972396850586,25.670000076293945,56.97748947143555,71.74967956542969,49.030860900878906,638.8184814453125,449.3599853515625,66.35643768310547,351.7355041503906,325.6883850097656,185.7539520263672,87.60941314697266,132.75514221191406,39708300,5650900,4974500,37945000,31913300,2628500,3072600,31229200,5331100,11271500,7771200,8957400,2955100,5633600,26253600,2468300,190066400,13160000,10535800,2478200,5114900,21394700,9362600,8966900,25349400,139636600,20302000,41525800,49883900,14540700,5011657,22767000,2621700,71546700,1987500,7491400,6938700,2951500,19668900,16600100
2026-01-23,247.80812072753906,217.45594787597656,301.07000732421875,259.67999267578125,239.16000366210938,360.5501708984375,183.98191833496094,51.429264068603516,36.062721252441406,113.00099182128906,97.59053802490234,165.10488891601562,234.51010131835938,25.27278709411621,327.6993103027344,914.0695190429688,45.06999969482422,218.97589111328125,296.2041015625,1062.5167236328125,523.8397827148438,658.1964721679688,107.38462829589844,177.0670928955078,464.888916015625,187.6598358154297,60.057403564453125,14.196749687194824,25.649999618530273,56.44908905029297,73.06736755371094,48.86186218261719,625.3617553710938,449.05999755859375,68.47367095947266,353.5116882324219,325.5087585449219,185.95272827148438,86.53469848632812,134.0763397216797,41689000,5816400,4368700,47525900,33778500,2801800,2161400,34553500,7875500,12164400,6972800,8368700,3066600,5488000,27280000,3872600,294675400,6950600,11107900,2592900,5002900,22797700,10489500,8532800,38000200,142748100,28013400,32111400,45402300,8758900,6051606,43516200,2847400,56771400,1416200,9082200,5667900,2846600,15227500,17758200
2026-01-26,255.17123413085938,218.9535369873047,304.7200012207031,251.30999755859375,238.4199981689453,362.1052551269531,186.51551818847656,51.727577209472656,36.28977966308594,114.22461700439453,97.68976593017578,165.8773193359375,236.2064971923828,25.292522430419922,333.02557373046875,926.9815063476562,42.4900016784668,220.3187713623047,299.5072021484375,1060.979248046875,526.4552612304688,671.7847900390625,106.61036682128906,179.91598510742188,469.20904541015625,186.4599151611328,61.716552734375,14.256401062011719,25.8799991607666,56.42914962768555,72.5719985961914,49.408634185791016,626.0010986328125,435.20001220703125,69.65101623535156,348.9273376464844,327.8139953613281,182.1658935546875,87.61936950683594,133.9471893310547,55969200,6553400,4115300,30672500,32825500,2131200,3054100,27728400,5496300,11728700,7278200,8912600,4471000,2448500,26042100,2655900,149407800,6856700,11752700,2244900,4839700,16327400,9903200,6389800,29291200,124799600,20108000,25817600,41441900,9971400,5212268,25377200,1758300,49397400,1201500,10399500,7540200,3370600,13047400,16056100
2026-01-27,258.0285339355469,222.0875244140625,297.4200134277344,252.02999877929688,244.67999267578125,358.3172302246094,189.2272491455078,51.876731872558594,37.13877868652344,114.19477081298828,99.09880828857422,167.4123077392578,235.24853515625,25.95370101928711,334.31463623046875,924.8527221679688,43.93000030517578,223.25315856933594,298.7809143066406,1037.7779541015625,519.5172119140625,672.394287109375,107.12654113769531,180.68756103515625,479.485595703125,188.50979614257812,60.66511535644531,14.9324369430542,26.5,55.342437744140625,74.75163269042969,50.363006591796875,623.2937622070312,430.8999938964844,71.02622985839844,280.5191650390625,324.5906677246094,181.7981414794922,88.27613830566406,135.92401123046875,49648300,5747400,4166300,25691600,38029200,1916000,3526350,26494300,6159300,11976800,7276900,9784900,4299300,3739700,21636200,2012500,121832200,8154100,11527400,2587900,3850800,13297400,7907100,5138100,29213900,143711600,13426500,37161200,75575400,14240700,4796461,17329700,1638200,37733100,2062800,65836900,6365800,2359800,15105000,14517000
2026-01-28,256.2002868652344,216.8708038330078,299.5799865722656,252.74000549316406,243.00999450683594,355.8649597167969,184.516357421875,51.51875686645508,37.21775817871094,113.60782623291016,100.60706329345703,168.28378295898438,224.0623779296875,25.89449119567871,335.7736511230469,931.9056396484375,48.779998779296875,226.5158233642578,299.2385559082031,1022.0940551757812,520.4755859375,668.1578979492188,106.11404418945312,180.3710174560547,480.533203125,191.5096435546875,58.195682525634766,15.290337562561035,25.860000610351562,53.9167594909668,75.08848571777344,48.583499908447266,607.4194946289062,431.4599914550781,70.75909423828125,291.7518310546875,326.30712890625,182.90139770507812,87.5994644165039,136.66905212402344,41288000,5215800,3942800,27061200,40882700,2386500,4117150,35030200,6356500,11378300,6817400,9200200,7764000,4755100,27434400,1674100,201995100,9026500,9556700,3300200,5483000,25709600,7491700,5538800,36875400,148552700,16235900,37940600,44976700,19222700,4115581,24531000,2338100,54857400,2180400,23396900,8106000,2756700,16395700,15637300
2026-01-29,258.0385437011719,218.61631774902344,291.6499938964844,252.17999267578125,241.72999572753906,357.3702087402344,183.26934814453125,52.781620025634766,37.553409576416016,114.60264587402344,102.00617980957031,169.53158569335938,219.15283203125,26.555667877197266,338.0120544433594,935.1983032226562,48.65999984741211,226.0880889892578,304.8598327636719,1022.4335327148438,542.7971801757812,737.6784057617188,107.54344940185547,180.43035888671875,432.5128173828125,192.49957275390625,57.23106002807617,15.429521560668945,26.100000381469727,52.949684143066406,76.75293731689453,48.16596221923828,591.5751342773438,416.55999755859375,71.85728454589844,290.0351867675781,331.1171875,181.38070678710938,90.19670104980469,139.57965087890625,67253000,7834000,7410800,31685200,47229600,4217500,3237350,35200500,12781200,14443200,14466900,16786600,7444900,5276300,39785600,2335400,124256600,9645300,11580000,2293000,5488300,59852900,13572800,7473400,128855300,171764400,15841900,40418700,44373800,19463500,10779628,32023100,3950400,81686100,1378500,13456400,10214200,6555800,21497000,35760600
2026-01-30,259.2374267578125,221.1750946044922,293.25,236.72999572753906,239.3000030517578,351.0601806640625,183.62564086914062,52.900943756103516,37.39545440673828,115.11000061035156,103.42514038085938,175.18626403808594,218.4243927001953,26.4964599609375,337.7622375488281,930.512939453125,46.470001220703125,226.0482940673828,304.33251953125,1035.421875,537.8656616210938,715.8870849609375,109.45925903320312,181.82289123535156,429.31011962890625,191.11965942382812,57.32752227783203,15.250571250915527,26.440000534057617,52.53095245361328,76.31700897216797,48.09637451171875,578.0385131835938,430.4100036621094,71.6297378540039,284.7165222167969,321.1676940917969,180.32713317871094,90.04743194580078,140.4637451171875,92443400,6622200,5713000,40035700,46585000,5381200,2777500,34549100,11765800,12396600,9169000,22946600,5627900,3599400,31024000,1893700,114920100,11045500,11953200,3303100,4306900,23744600,19060600,7434900,58566800,179489500,12085800,37673100,51599400,18607800,7081359,16406600,3760700,82626100,1244400,12022200,11199100,3295500,18306900,29657700
2026-02-02,269.7575988769531,223.78346252441406,293.3800048828125,246.27000427246094,242.9600067138672,351.71807861328125,186.46603393554688,53.72627639770508,37.21775817871094,116.2300033569336,101.00397491455078,172.3440704345703,222.94476318359375,25.60831069946289,343.4482421875,941.3757934570312,48.810001373291016,229.52980041503906,306.5710754394531,1042.3902587890625,554.417236328125,705.8056640625,112.5364761352539,184.110595703125,422.4058837890625,185.59996032714844,56.845211029052734,14.942378044128418,26.65999984741211,52.17203903198242,75.02904510498047,47.768306732177734,581.1954345703125,421.80999755859375,71.11526489257812,283.3868713378906,333.15301513671875,179.12449645996094,91.8187255859375,137.48361206054688,73913400,5413000,4357000,36308100,37546100,2603200,3228800,34624500,11537600,11773700,7514000,14235300,4782600,6855200,32006100,1802000,101414600,8187500,9839400,2757100,4603300,14365200,18000100,6827200,42219900,165794100,16647900,39216600,52129500,27452900,6001816,16616400,1778800,58739500,1414200,8664200,8502400,2781100,13835200,27735600
2026-02-03,269.22808837890625,223.8032989501953,271.92999267578125,242.11000061035156,238.6199951171875,348.5281677246094,182.41824340820312,54.143917083740234,38.323429107666016,117.70999908447266,104.09988403320312,176.31521606445312,216.13926696777344,25.993173599243164,339.47100830078125,934.07421875,49.25,231.86737060546875,313.24688720703125,1001.7880249023438,549.7752075195312,691.1082763671875,114.9883041381836,181.9322967529297,410.2735595703125,180.33023071289062,48.52051544189453,15.190919876098633,25.770000457763672,41.574127197265625,76.91145324707031,49.46828079223633,569.5269775390625,421.9599914550781,73.62824249267578,281.98773193359375,328.25311279296875,191.1012420654297,91.85852813720703,142.7783203125,64394700,8158500,8324900,53097100,53831300,2854600,2659700,41208400,9956200,15332100,9346600,18425400,4210700,8097300,36506700,2321900,122205100,9346600,12688000,5483900,5706700,13760700,25793600,7751300,61424100,204019600,69933200,33867100,91964900,141690600,8249257,27108800,2249800,56886500,2280800,10809100,9081200,5522900,18099000,37577800
2026-02-04,276.23150634765625,215.32363891601562,279.7099914550781,200.19000244140625,232.99000549316406,352.5554504394531,185.51593017578125,55.06869125366211,38.698570251464844,117.43000030517578,106.75918579101562,179.47430419921875,219.0630340576172,26.4372501373291,332.80572509765625,908.5186767578125,48.599998474121094,233.23011779785156,315.654541015625,1105.2752685546875,552.5704345703125,668.417724609375,117.46000671386719,179.11741638183594,413.2467956542969,174.18057250976562,45.520538330078125,15.051736831665039,26.780000686645508,40.90614700317383,78.06072235107422,51.0489616394043,564.6617431640625,406.010009765625,74.06356048583984,273.7914733886719,329.2710266113281,196.2100067138672,92.6844711303711,146.61276245117188,90545700,15319700,8554200,107173300,51299900,3241900,3889200,54522500,11183300,12408300,10367100,16170500,3938500,8650900,70618400,3561900,128702300,8641400,9848800,7119400,4448000,16882800,21954600,7571900,45012400,207014100,46859700,24711700,83025800,58018000,9608473,23745400,2740600,74606900,2501200,12944100,8472300,4467400,12382800,29426200
2026-02-05,275.6520690917969,217.21792602539062,269.3900146484375,192.5,222.69000244140625,353.50244140625,185.2289276123047,54.631160736083984,37.68174362182617,115.73999786376953,104.16934204101562,177.49368286132812,215.29107666015625,26.11159324645996,331.0169677734375,885.7484741210938,48.2400016784668,236.53256225585938,308.5807800292969,1019.1390380859375,550.9432373046875,669.63671875,118.86956024169922,174.90008544921875,392.7735290527344,171.87069702148438,41.80674362182617,14.813135147094727,26.489999771118164,39.77956008911133,73.93922424316406,49.21974563598633,541.8243408203125,397.2099914550781,72.47069549560547,266.4783020019531,328.45269775390625,194.13999938964844,91.55999755859375,145.11277770996094,52977400,10794000,6293600,62196400,103509200,4074900,3380500,32959700,10755700,18704600,10441000,10474100,4141900,5824700,88205800,3214300,114307800,10267500,9388000,7742400,4621600,17131800,24010600,9571800,66289200,206312900,54446100,21414400,72650700,42842800,11393484,24708200,3224900,72819800,2286500,13035300,8339000,2376300,12641300,18431700
2026-02-06,277.8599853515625,221.5916290283203,268.3800048828125,208.44000244140625,210.32000732421875,358.0181579589844,191.03836059570312,56.212223052978516,38.5109977722168,122.69000244140625,106.78895568847656,179.10789489746094,216.1492462158203,27.157636642456055,322.63287353515625,923.8878173828125,50.59000015258789,238.72093200683594,320.7584533691406,1056.4168701171875,547.798583984375,660.8941650390625,121.03353881835938,178.99806213378906,400.22650146484375,185.39996337890625,45.954620361328125,14.783310890197754,27.219999313354492,40.29798889160156,74.5931167602539,50.402774810791016,542.2938842773438,411.1099853515625,73.04452514648438,274.5158386230469,330.89764404296875,202.67999267578125,93.97000122070312,148.0631103515625,50453400,6067100,5448400,54504500,179210900,3301700,3117300,42468000,6063800,15248800,6756100,9901800,4311100,6520400,56380500,2473200,115600200,8274000,17797400,4887100,3779700,18159300,13083300,9139700,53515300,231346200,36856600,16386700,50691600,34921700,8878730,16188800,2959400,62677100,1305000,9572800,7798800,2871200,13205700,17216000
2026-02-09,274.6199951171875,221.42303466796875,266.8999938964844,216.0,208.72000122070312,358.52655029296875,186.07015991210938,56.092899322509766,38.71831512451172,123.7699966430664,107.86061096191406,180.8310546875,216.1991424560547,27.295793533325195,324.09185791015625,938.679931640625,50.2400016784668,237.37806701660156,320.4599914550781,1042.9293212890625,534.41162109375,676.640625,116.78500366210938,181.3752899169922,412.65814208984375,190.0297088623047,47.623416900634766,15.180978775024414,27.049999237060547,41.025787353515625,77.07988739013672,50.243709564208984,546.2200317382812,417.32000732421875,73.9151611328125,273.57318115234375,324.9100036621094,201.3800048828125,94.61000061035156,150.20880126953125,44623400,6767700,6576300,38810800,91178400,2219700,3030400,31968400,7208400,12887500,6337800,12021300,3559600,3785100,39640100,2322600,94841400,9378500,11477500,3423800,4110300,14837500,16158700,6625900,45480500,196387400,30096900,17446700,49288200,26034300,5594282,13581400,2107600,54484300,1473200,10371600,8513400,1949000,20544800,21297300
2026-02-10,273.67999267578125,220.6097869873047,264.6700134277344,213.57000732421875,206.9600067138672,362.055419921875,191.404541015625,55.07863235473633,36.49709701538086,122.1500015258789,106.66988372802734,180.4943389892578,219.28256225585938,27.493160247802734,318.3558654785156,944.0218505859375,47.130001068115234,237.08961486816406,316.659423828125,1023.2921142578125,539.4629516601562,670.1461791992188,116.28868103027344,176.9391326904297,412.328857421875,188.52978515625,47.38226318359375,15.240629196166992,27.610000610351562,41.36476135253906,77.178955078125,50.025001525878906,539.266845703125,425.2099914550781,73.83600616455078,271.1123046875,328.1700134277344,199.5,91.91000366210938,150.58628845214844,34376900,6044500,5718600,25326700,67175000,3506900,2726400,48304700,23286000,12121300,5255300,7458200,4420700,5430000,39170000,3324900,99832900,6723300,9902200,3539400,2222700,10455800,11849500,12854500,44857900,136764800,15847900,15943300,43760600,22787700,3925844,14102500,2022100,64450200,1467600,7284700,5801800,2033800,20148400,15800300
2026-02-11,275.5,219.07254028320312,257.1600036621094,213.5800018310547,204.0800018310547,352.8943786621094,202.6473388671875,53.54728698730469,38.056884765625,117.38999938964844,110.35123443603516,184.0198516845703,219.51206970214844,28.20368003845215,310.7412414550781,939.6448974609375,48.290000915527344,239.58633422851562,309.2374267578125,1013.5184326171875,536.5379638671875,668.1179809570312,118.43279266357422,175.73558044433594,403.4491271972656,190.0397186279297,47.015708923339844,15.737713813781738,27.729999542236328,40.337867736816406,79.48739624023438,51.560001373291016,526.6493530273438,428.2699890136719,76.89313507080078,276.7583923339844,329.239990234375,203.9199981689453,88.94999694824219,154.52999877929688,51931300,8072400,8759900,33384700,65545500,3437100,3483900,48973500,13206900,13771400,8984700,10502100,4539000,4192900,45406400,2654300,107681200,6803900,8703500,2599900,3691000,14323800,10885300,7777800,42491000,144192700,12245000,33471300,41699300,21538900,6948400,22951700,3367600,57362000,2253500,6333100,8264300,2918200,15461700,23091500
2026-02-12,261.7300109863281,225.62815856933594,262.5,205.94000244140625,199.60000610351562,341.7994384765625,202.40982055664062,52.22476577758789,36.71427917480469,111.1500015258789,109.97416687011719,180.6329803466797,214.48280334472656,27.24645233154297,308.7826232910156,899.8145141601562,46.47999954223633,243.25682067871094,301.09906005859375,1036.5400390625,526.5551147460938,649.254150390625,118.36331176757812,167.1616668701172,400.9248962402344,186.9298858642578,47.1989860534668,15.16109561920166,27.469999313354492,38.9620361328125,77.4959945678711,50.63999938964844,509.3164978027344,417.07000732421875,75.3101577758789,282.17626953125,324.17999267578125,196.91000366210938,86.29000091552734,149.92999267578125,81077200,8712000,8657000,32181000,83975400,4141900,2723800,55481600,14268000,19353300,12517700,9673700,5167100,5893400,47761300,3188700,88321200,10254300,13443400,3592200,3466200,14960100,13453300,14436700,40802400,189932500,11708500,27706200,58805100,28004800,7351119,24008600,4742000,61933400,2142400,12336900,9392600,3189200,16858200,30652500
2026-02-13,255.77999877929688,229.59524536132812,263.9700012207031,207.32000732421875,198.7899932861328,336.4364013671875,203.42918395996094,52.25459671020508,37.17826843261719,110.86000061035156,110.56953430175781,181.9600067138672,212.12782287597656,27.729999542236328,305.50494384765625,900.4014282226562,46.790000915527344,242.16262817382812,301.0094909667969,1040.0,517.470703125,639.2227172851562,120.51736450195312,170.2351531982422,400.4060974121094,182.80010986328125,47.816341400146484,15.101445198059082,27.579999923706055,40.16838455200195,78.04090118408203,50.38999938964844,504.3214111328125,417.44000244140625,75.97303009033203,290.92822265625,314.0799865722656,200.1699981689453,86.9800033569336,148.4499969482422,56290700,8252200,6589700,26123900,66321600,3814400,2504800,31772100,7463000,16665200,6836400,9034700,5286400,3638600,38499700,2623000,69740400,13268500,9114500,2698700,4017700,12336400,10102300,9162400,34091600,161888000,10156100,17436500,36986700,25092400,5364745,19520600,3188300,51434100,1565400,10281900,11653900,2170700,12425000,20166000
2026-02-17,263.8800048828125,230.94406127929688,260.45001220703125,203.0800018310547,201.14999389648438,343.4442443847656,207.31863403320312,52.44353103637695,37.079551696777344,113.77999877929688,107.93999481201172,180.5500030517578,205.92105102539062,27.31999969482422,301.8075256347656,911.2443237304688,46.18000030517578,242.04327392578125,305.5661926269531,1036.050048828125,521.0346069335938,638.7431030273438,120.67617797851562,170.62306213378906,395.95623779296875,184.95999145507812,47.623416900634766,14.9324369430542,27.3700008392334,40.68681335449219,77.21858978271484,49.84000015258789,501.0946044921875,410.6300048828125,75.70590209960938,286.85986328125,319.5,197.33999633789062,87.4000015258789,146.19000244140625,58469100,7336400,5208300,33712100,69879200,3186000,2287700,35542400,7289900,12314600,7619400,9849000,8709200,3903800,39247600,2008500,65802200,12703000,8896800,2984600,3178000,12674700,9899800,6376900,32078800,162276900,9892700,13193400,32119900,20342500,4849554,24436100,3775400,59678800,1065200,6091700,8591700,2203800,12361900,19766600
2026-02-18,264.3500061035156,226.83811950683594,263.1700134277344,200.1199951171875,204.7899932861328,345.1488342285156,206.51699829101562,53.06004333496094,38.037139892578125,116.2699966430664,110.5199966430664,183.8699951171875,208.11636352539062,28.25,303.1166076660156,928.8417358398438,45.459999084472656,243.6945037841797,307.2077941894531,1020.5599975585938,527.07421875,642.6697387695312,120.7655258178711,175.6460723876953,398.69000244140625,187.96981811523438,47.488372802734375,15.200861930847168,27.3700008392334,41.32488250732422,79.13072204589844,51.59000015258789,513.0527954101562,411.32000732421875,76.52706909179688,285.97674560546875,320.29998779296875,199.4600067138672,88.55999755859375,150.67999267578125,34203300,5495100,5033200,35664100,51003300,1900600,2604100,30698900,10317700,11678900,9456200,10313400,4646900,5385200,28482100,1864900,65306100,8129700,7209600,3236900,3575900,14649200,7803400,6343300,23223400,164749100,11296400,18376300,24779800,17925500,4644127,16436400,2662300,45921400,1082800,6632000,7091900,2052200,8250900,19849700
2026-02-19,260.5799865722656,222.5040740966797,259.2099914550781,203.3699951171875,204.86000061035156,341.5701599121094,208.6199951171875,52.47336196899414,38.5109977722168,115.55000305175781,111.58999633789062,184.77999877929688,210.80064392089844,28.850000381469727,302.636962890625,911.8511962890625,44.619998931884766,245.60433959960938,306.48150634765625,1023.219970703125,519.3674926757812,644.2284545898438,120.96405029296875,173.4379425048828,398.4599914550781,187.88983154296875,46.735965728759766,15.668122291564941,26.860000610351562,41.604034423828125,79.63600158691406,51.540000915527344,514.6112670898438,411.7099914550781,77.00196838378906,287.6933898925781,318.92999267578125,199.24000549316406,87.56999969482422,150.97000122070312,30845300,5410800,3616200,25842300,35669600,2786500,2036900,47148600,9471400,8085300,8851700,10773300,4763700,10922200,25834400,1974200,72724900,7553900,6737700,2145800,3009400,10035700,8933300,7259500,28234000,126554500,8289400,20225700,40316800,24646900,5813380,14326700,1776100,51019600,1613000,4931800,5967600,2187600,10427300,20305000
2026-02-20,264.5799865722656,222.9602813720703,258.6099853515625,200.14999389648438,210.11000061035156,345.08905029296875,204.1999969482422,52.7617301940918,38.18000030517578,116.0,110.52999877929688,183.92999267578125,209.0543670654297,28.81999969482422,314.7584228515625,917.411865234375,44.11000061035156,241.2077178955078,309.20758056640625,1009.52001953125,525.5068969726562,655.09912109375,121.36111450195312,174.47238159179688,397.2300109863281,189.8097381591797,45.742401123046875,15.69794750213623,26.649999618530273,41.52427673339844,79.77999877929688,50.849998474121094,510.4253845214844,411.82000732421875,77.05142974853516,287.7628479003906,320.95001220703125,200.75999450683594,88.69999694824219,147.27999877929688,42070500,6830300,6590800,36317300,65881600,2738900,1592700,33552000,7349100,12986800,6822800,9566200,4471100,6386700,53210800,2009100,90743600,13565800,7792700,3249400,2838500,14183500,9442500,4272600,34015200,178422300,12285800,14239700,44786900,23174000,5506284,12717500,1362500,57912200,781500,6974100,6831100,1979000,14255000,25908600
2026-02-23,266.17999267578125,227.59185791015625,246.67999267578125,196.60000610351562,205.27000427246094,320.2276306152344,204.94000244140625,50.78291702270508,38.40999984741211,110.75,109.87999725341797,184.91000366210938,210.47134399414062,29.030000686645508,311.2708740234375,887.6386108398438,43.630001068115234,244.5399932861328,296.1543884277344,1058.56005859375,495.1790466308594,636.7048950195312,122.90963745117188,165.90841674804688,384.4700012207031,191.53964233398438,38.227996826171875,16.04590606689453,27.059999465942383,43.917030334472656,79.97000122070312,51.2400016784668,515.929931640625,399.8299865722656,77.00196838378906,280.16192626953125,306.5199890136719,197.38999938964844,85.1500015258789,150.75999450683594,37308200,5463200,7602400,28187900,53581500,7092600,1815400,50602500,6291400,17996400,4871900,7047200,2400600,2177200,31423000,2535900,57130900,9622700,12955400,4767600,6312300,8605900,9661100,7795500,43238300,171584800,98664000,25638300,34166100,75619500,62588,11727900,1618300,69680000,647900,7247500,13048000,2016200,20607000,16073100
2026-02-24,272.1400146484375,226.5604248046875,255.1699981689453,213.83999633789062,208.55999755859375,319.47003173828125,206.61000061035156,50.126625061035156,38.29999923706055,109.55999755859375,110.58999633789062,185.33999633789062,208.74502563476562,29.1200008392334,310.6813049316406,897.5464477539062,46.119998931884766,246.27999877929688,295.7862243652344,1042.1500244140625,497.1456604003906,638.7531127929688,123.01882934570312,167.88775634765625,389.0,192.83956909179688,37.224788665771484,16.443574905395508,27.139999389648438,46.87806701660156,80.77999877929688,51.849998474121094,515.0907592773438,409.3800048828125,78.26834869384766,271.836669921875,307.2200012207031,199.3300018310547,84.56999969482422,149.25999450683594,47014600,4880800,5529100,81367000,41137200,7925900,1710800,53062700,7448800,14981000,5152200,7451800,3176000,3169500,25615600,1971500,98872300,7246300,13554100,2803100,5292900,10135600,8460300,7413800,33884700,175123600,43931700,26693500,34686100,58557200,62588,12787500,1314400,58579500,2061300,9684500,9120200,1896700,18817700,14185500
2026-02-25,274.2300109863281,225.0529327392578,257.80999755859375,210.86000061035156,210.63999938964844,326.0592041015625,205.7899932861328,51.39942932128906,38.09000015258789,114.33999633789062,110.01000213623047,184.22000122070312,209.07432556152344,29.15999984741211,312.67987060546875,916.556396484375,46.880001068115234,245.1699981689453,301.75567626953125,1028.8299560546875,508.5161437988281,653.1307983398438,121.55963897705078,172.80136108398438,400.6000061035156,195.54940795898438,36.80999755859375,16.61258316040039,27.09000015258789,47.177162170410156,82.27999877929688,51.65999984741211,513.1726684570312,417.3999938964844,78.64430236816406,282.0075988769531,312.989990234375,199.63999938964844,86.76000213623047,149.05999755859375,33714300,5410900,5108600,44588100,41346400,3843800,1434800,41375000,10813900,13649100,6907000,9440700,2810300,3477100,29963600,1763600,75645300,7698200,8095500,2481900,4139100,11330700,11082500,7098500,43625500,250637100,55460000,18988200,32680300,42794100,62588,11308900,1480700,54809700,1126100,11380600,7624200,2260800,16620700,15225700
2026-02-26,272.95001220703125,222.84127807617188,259.0400085449219,203.67999267578125,207.9199981689453,334.2632751464844,203.97999572753906,52.00600051879883,37.9900016784668,116.19000244140625,110.69999694824219,184.16000366210938,208.9146728515625,28.950000762939453,307.1637878417969,924.136474609375,45.459999084472656,243.47000122070312,304.5712890625,1022.02001953125,513.8869018554688,656.447998046875,118.4228744506836,176.54127502441406,401.7200012207031,184.87998962402344,36.289100646972656,16.513168334960938,27.100000381469727,45.39256286621094,81.18000030517578,51.4900016784668,519.6063232421875,408.5799865722656,78.09026336669922,284.4486083984375,316.70001220703125,203.7899932861328,86.30000305175781,148.5399932861328,32345100,5331300,6208100,35020500,47756800,3215500,2250400,52418500,8116800,14759400,7205800,7133800,2839800,4359000,36431200,2220300,71457500,7172600,7007800,2666400,4843600,10637700,10327300,6901600,34405900,360807900,35499000,17437400,30508300,48091800,5750356,12141300,1551100,53602500,930700,10210000,8725500,2343000,18768400,15632100
2026-02-27,264.17999267578125,230.17047119140625,262.4100036621094,200.2100067138672,210.0,307.926513671875,208.4499969482422,49.549888610839844,38.86000061035156,110.19000244140625,113.45999908447266,186.75999450683594,210.1919403076172,29.829999923706055,311.54071044921875,855.0700073242188,45.61000061035156,248.42999267578125,298.7709655761719,1051.989990234375,516.32275390625,647.62548828125,122.90963745117188,165.6199493408203,392.739990234375,177.180419921875,36.125118255615234,16.533048629760742,27.649999618530273,46.07051086425781,83.51000213623047,51.34000015258789,520.5953369140625,402.510009765625,79.48526000976562,291.0075988769531,320.1400146484375,204.63999938964844,81.44999694824219,152.5,72366500,8018100,5098200,31312400,57422800,9817300,1996300,77728700,8312300,29106900,9009900,12035500,5242600,4494300,44640600,5552300,79327200,16428600,18620800,4325900,5121100,15703000,17636400,12400400,51367200,311636500,24222700,19928400,41879700,23641200,6221807,16691400,2031100,56890100,1234900,9723300,12412900,2993500,29145000,30275100
2026-03-02,264.7200012207031,232.33253479003906,260.8800048828125,198.6199951171875,208.38999938964844,306.4611511230469,203.72999572753906,49.53000259399414,39.470001220703125,111.44999694824219,118.23999786376953,189.60000610351562,205.5618133544922,32.06999969482422,306.3043518066406,861.7000122070312,45.5,248.55999755859375,296.044921875,1017.969970703125,520.106201171875,653.0009155273438,120.51736450195312,166.10733032226562,398.54998779296875,182.47012329101562,36.42414855957031,17.219026565551758,27.260000228881836,45.49226379394531,84.22000122070312,51.27000045776367,508.07769775390625,403.32000732421875,80.2074966430664,292.6548156738281,320.510009765625,214.91000366210938,82.58000183105469,154.22000122070312,41827900,7438800,3486900,34120200,46001000,6280000,1718800,40595200,15552300,18976600,19667900,15809100,3195800,14377800,34790200,2873200,60705100,9042400,8508900,3094300,3827000,9816100,11564500,9212600,35474900,209095300,22094200,44272500,41321700,17355300,9828480,20431300,2050800,55088300,2428700,8141400,6674900,5489300,21834300,31493100
2026-03-03,263.75,231.93582153320312,270.989990234375,190.9499969482422,208.72999572753906,306.8499450683594,201.75999450683594,49.68910217285156,38.86000061035156,110.76000213623047,118.5199966430664,188.77000427246094,203.5760498046875,31.25,303.3664245605469,862.5800170898438,43.099998474121094,246.75,298.7311706542969,1007.72998046875,523.4205322265625,654.5196533203125,118.948974609375,165.0629425048828,403.92999267578125,180.04025268554688,35.36306381225586,16.861125946044922,26.579999923706055,46.2400016784668,82.33000183105469,48.58000183105469,507.5981750488281,392.42999267578125,77.50653839111328,286.97894287109375,320.8299865722656,217.7100067138672,82.52999877929688,151.8300018310547,38568900,6595700,6206600,37785700,43184900,5673100,2733100,51242900,14301500,15813300,17354700,14004200,4620900,11777300,35497000,3782100,83971000,6178700,10278200,2846000,4199700,12263800,9334100,7495500,38199200,178099400,34247800,48125500,41486100,22406400,10646315,22659800,2211500,62617300,2535400,7051100,5474300,5393700,19018600,25198900
2026-03-04,262.5199890136719,234.2466583251953,273.1199951171875,202.07000732421875,216.82000732421875,310.229248046875,201.52999877929688,50.017242431640625,38.84000015258789,111.31999969482422,115.6500015258789,186.02999877929688,204.2945098876953,31.579999923706055,302.9167785644531,867.25,45.58000183105469,245.3000030517578,297.8656311035156,1003.5700073242188,522.0228881835938,667.1587524414062,119.39566802978516,166.68423461914062,405.20001220703125,183.03009033203125,37.137969970703125,16.67223358154297,26.6200008392334,46.75,82.69999694824219,47.88999938964844,512.1836547851562,405.94000244140625,76.10164642333984,289.70770263671875,320.4700012207031,225.60000610351562,83.93000030517578,149.82000732421875,39803100,5380800,4329200,40912600,54731100,4055200,2911100,34208500,7551100,13042200,10160600,11054400,2958400,6158000,29536200,2081700,96628100,5768000,8055700,1965500,3154700,10810100,6700900,5307800,35808000,177731200,26808100,19688300,30893500,14612800,5559337,19906700,1679200,68305500,3826200,7796000,5257900,4221400,18061200,16764800
2026-03-05,260.2900085449219,230.43826293945312,281.739990234375,199.4499969482422,218.94000244140625,306.2418518066406,197.52000427246094,49.53000259399414,39.29999923706055,108.94999694824219,116.81999969482422,189.89999389648438,201.57032775878906,31.760000228881836,300.6683349609375,835.4600219726562,45.95000076293945,239.6300048828125,292.0553283691406,983.260009765625,523.7598876953125,660.0049438476562,115.21662139892578,161.68112182617188,410.67999267578125,183.330078125,37.68780517578125,16.63246726989746,26.610000610351562,47.63999938964844,82.94000244140625,47.400001525878906,518.3275756835938,405.54998779296875,76.2104721069336,286.5423278808594,319.79998779296875,228.02999877929688,82.11000061035156,150.75999450683594,49658600,9423100,5822300,36000700,60943400,4601800,2648600,39073900,11974700,15549100,9875700,13567200,4771400,10378600,35752300,3093700,78229400,9375400,12732500,3769900,3879300,13341400,14516000,7274900,39001300,198779700,21579000,30014400,38908600,18317700,6445243,20285000,3283700,51925900,2503700,5397900,8267200,6138000,20939200,22969300
2026-03-06,257.4599914550781,228.2166748046875,283.6199951171875,192.42999267578125,213.2100067138672,300.0514221191406,194.22000122070312,48.63999938964844,40.439998626708984,106.52999877929688,117.06999969482422,189.94000244140625,195.0841522216797,33.59000015258789,298.30999755859375,821.4199829101562,43.41999816894531,240.39999389648438,288.0060729980469,990.3300170898438,521.4439086914062,644.308349609375,114.93868255615234,159.41331481933594,408.9599914550781,177.8103790283203,37.21514129638672,17.49739646911621,27.049999237060547,46.970001220703125,84.69999694824219,46.900001525878906,501.4742431640625,396.7300109863281,77.93196105957031,284.27001953125,317.3599853515625,224.6300048828125,80.41999816894531,151.2100067138672,41120000,6139600,4802300,33913800,51152700,5500100,1473800,47016000,23635300,16586900,11554600,13073100,4237700,10989600,25576900,2473000,74698300,7179800,13496500,2627800,2872900,13159400,12809300,8046000,31123900,189021900,15632400,42130700,53181800,15900100,9921476,13470400,1637000,64054600,2735000,6816900,6439700,4337300,16798900,21136400
2026-03-09,259.8800048828125,225.5785675048828,282.44000244140625,202.67999267578125,213.49000549316406,304.4176330566406,194.9499969482422,47.900001525878906,40.650001525878906,106.58999633789062,117.02999877929688,189.44000244140625,198.37713623046875,32.43000030517578,306.3599853515625,832.030029296875,45.58000183105469,242.58999633789062,288.44384765625,1008.3900146484375,516.831787109375,646.836181640625,116.24897003173828,159.59234619140625,409.4100036621094,182.64010620117188,38.37268829345703,18.05413055419922,26.809999465942383,46.15999984741211,85.58999633789062,47.189998626708984,509.4663391113281,398.67999267578125,79.435791015625,285.1700134277344,315.9700012207031,215.9499969482422,78.83000183105469,150.44000244140625,38218500,7915800,4728400,38877200,54642900,4695000,1875000,62752800,22075400,18525600,13694700,15987500,3522600,15344400,29312100,3258200,82937400,7844000,12241100,2802200,3546600,13489700,8321600,7480800,30131900,177213600,23796000,77185400,42789500,18908300,10182749,21100800,2210500,67018900,3167300,10348800,8381500,6476300,24959500,25532700
2026-03-10,260.8299865722656,225.14218139648438,275.1300048828125,203.22999572753906,214.3300018310547,302.19464111328125,194.99000549316406,48.560001373291016,39.939998626708984,108.97000122070312,114.1500015258789,186.2899932861328,194.80474853515625,32.439998626708984,307.0400085449219,833.8099975585938,46.779998779296875,243.7100067138672,287.2598876953125,1001.3499755859375,513.8369750976562,653.510498046875,116.22911834716797,159.8907470703125,405.760009765625,184.760009765625,37.350189208984375,17.885122299194336,27.15999984741211,45.02000045776367,85.11000061035156,48.11000061035156,499.5860900878906,399.239990234375,79.22802734375,282.3399963378906,314.42999267578125,217.02000427246094,78.30000305175781,148.1300048828125,30590800,6466800,4591600,29139200,35678800,3488800,1658200,50271100,17491500,17843900,13917900,11999600,3190400,13068800,23239700,1871900,85233300,7214100,8344900,1663700,2759800,9859300,9739300,4314600,31706400,179118500,20832600,34249600,42814600,17575900,8614182,18112700,1864700,59258700,4139600,6075600,5271300,3952900,18481700,19617600
2026-03-11,260.80999755859375,225.80667114257812,273.7099914550781,204.8300018310547,212.64999389648438,305.02569580078125,193.30999755859375,48.52000045776367,41.560001373291016,109.19000244140625,117.02999877929688,191.7899932861328,194.64508056640625,33.529998779296875,308.70001220703125,823.760009765625,47.97999954223633,242.99000549316406,286.0560302734375,999.8400268554688,503.1353759765625,654.2998046875,115.3555908203125,160.02999877929688,404.8800048828125,186.02999877929688,37.456298828125,18.879291534423828,27.299999237060547,45.56999969482422,87.4000015258789,48.16999816894531,495.23040771484375,407.82000732421875,80.44493865966797,285.25,308.9599914550781,231.0500030517578,76.87999725341797,151.5800018310547,26218900,5299200,4862400,23076400,34199300,3512200,1416800,42185800,16385300,12958400,9522800,11371700,2957500,6649300,24125700,2227000,72480600,6933200,10205000,1446900,2873200,8977200,6760700,5463200,25512100,145280400,13208200,43659000,40560100,13794100,5776377,18385000,1627400,62559900,2344400,6878800,6376700,3757900,17497300,15297400
2026-03-12,255.75999450683594,223.5156707763672,269.7799987792969,197.74000549316406,209.52999877929688,300.9386291503906,192.5,47.130001068115234,42.15999984741211,105.5,120.26000213623047,196.97000122070312,185.86380004882812,34.369998931884766,303.54998779296875,787.52001953125,45.25,242.0399932861328,281.44964599609375,977.25,496.45684814453125,637.6340942382812,115.05780029296875,153.5448455810547,401.8599853515625,183.13999938964844,36.67495346069336,18.859407424926758,26.860000610351562,44.36000061035156,88.36000061035156,44.560001373291016,475.4200134277344,395.010009765625,80.55377197265625,277.04998779296875,306.5,235.80999755859375,75.25,153.52999877929688,40794000,7607000,10895000,28886900,44349500,3602400,2154800,58354500,15577700,17487000,12766400,27151800,5235300,9686000,24928300,3533000,85110200,7710200,13760500,2340100,2702500,11617500,8349200,11195700,27263900,155762700,17123000,54283500,38542800,15293100,6540509,25983100,2516300,60973800,3242900,10512300,7514900,4990000,24794100,26054000
2026-03-13,250.1199951171875,217.87249755859375,249.32000732421875,193.38999938964844,207.6699981689453,299.0146789550781,189.89999389648438,46.720001220703125,42.66999816894531,105.69000244140625,121.88999938964844,196.82000732421875,186.9215545654297,35.25,302.2799987792969,782.2100219726562,45.77000045776367,241.52000427246094,281.996826171875,985.0800170898438,497.13568115234375,613.1849975585938,114.76000213623047,154.04217529296875,395.54998779296875,180.25,36.61707305908203,18.461740493774414,26.579999923706055,44.900001525878906,89.43000030517578,44.720001220703125,464.3699951171875,391.20001220703125,81.86962127685547,282.0899963378906,307.1400146484375,230.58999633789062,74.0999984741211,156.1199951171875,36930000,5676100,17406400,27561900,35662100,2645800,1429000,45473100,14407500,11406900,10884500,13017000,4134100,10486500,23693100,2567400,68386200,6415300,9091200,1984400,2809300,18957600,7111000,6001900,26848000,160988400,11608600,34245200,34270800,13962500,7055150,16897300,3018600,58504100,2146900,4737600,4814100,4088000,15496900,22414100
2026-03-16,252.82000732421875,219.6279296875,251.86000061035156,196.5800018310547,211.74000549316406,297.26025390625,192.00999450683594,47.060001373291016,42.900001525878906,107.3499984741211,121.31999969482422,196.83999633789062,190.98289489746094,35.630001068115234,305.55999755859375,794.77001953125,45.7599983215332,243.19000244140625,284.7029724121094,989.1199951171875,507.6276550292969,627.4500122070312,115.43000030517578,154.86773681640625,399.95001220703125,183.22000122070312,37.21514129638672,19.058242797851562,26.610000610351562,45.41999816894531,90.4800033569336,44.959999084472656,470.0,395.55999755859375,81.97845458984375,285.489990234375,310.1099853515625,232.57000732421875,75.75,157.22999572753906,32074200,3991800,11679200,30285200,42209300,3604200,1828800,38055600,15163100,11902600,7556800,12683900,4333500,5265400,23519700,2082700,114199400,7571500,8149000,2289900,3450300,15134900,8785300,5498100,27733700,217307400,11442700,28739900,28551500,14460200,6492697,12648500,2995700,58068300,2115500,4854000,6401200,2648700,17836300,22835600
2026-03-17,254.22999572753906,217.9518280029297,254.1999969482422,196.30999755859375,215.1999969482422,299.3236999511719,191.2899932861328,47.279998779296875,43.849998474121094,107.70999908447266,122.87000274658203,197.97000122070312,194.79476928710938,36.939998626708984,310.9200134277344,807.0399780273438,44.060001373291016,238.11000061035156,285.42926025390625,930.3499755859375,505.7109375,622.6599731445312,115.87000274658203,156.98635864257812,399.4100036621094,181.92999267578125,37.0704460144043,19.39626121520996,27.450000762939453,46.130001068115234,91.97000122070312,46.130001068115234,472.7099914550781,399.2699890136719,85.12461853027344,287.57000732421875,308.4599914550781,235.9600067138672,76.2300033569336,158.80999755859375,32361600,4405700,6456200,22779700,44969900,3616000,1455600,33427800,18098400,12758400,7953100,14018600,3751700,5474900,21955200,1955600,89061600,7281800,8961200,5637500,2834300,10348800,7952200,6528600,26228300,182497800,12174900,27263600,60097500,21819800,5995571,14766200,2794900,46890500,2011600,5752000,6872200,2500800,18173400,21592200
2026-03-18,249.94000244140625,206.62579345703125,246.0,199.4600067138672,209.8699951171875,293.4622802734375,188.4199981689453,46.83000183105469,44.61000061035156,108.66999816894531,123.6500015258789,198.61000061035156,191.0926513671875,38.529998779296875,307.69000244140625,805.47998046875,45.029998779296875,237.27999877929688,286.27490234375,918.0499877929688,487.63201904296875,615.6799926757812,114.5,158.08045959472656,391.7900085449219,180.39999389648438,36.125118255615234,19.65474510192871,27.31999969482422,44.59000015258789,92.75,45.31999969482422,464.69000244140625,392.7799987792969,85.97547149658203,284.3299865722656,299.0199890136719,238.4600067138672,76.19000244140625,157.58999633789062,35757900,8597000,7305600,28569100,37846600,3303100,1174400,40251800,16789100,12337200,10273000,13305000,4123800,11512800,20009800,1541300,78056200,6811500,10057000,3443800,3458700,11726300,6736300,9140900,25908500,156683100,26115900,28823300,47478300,19662700,7607912,13277000,2419800,50853100,2410000,4544100,7191700,3527500,12951200,18947100
2026-03-19,248.9600067138672,204.5331573486328,245.99000549316406,205.27000427246094,208.75999450683594,294.00054931640625,188.92999267578125,47.0099983215332,45.86000061035156,109.8499984741211,126.0199966430664,201.44000244140625,189.7056121826172,40.5099983215332,307.1300048828125,809.5,46.18000030517578,237.60000610351562,286.5037536621094,917.5,490.2974548339844,606.7000122070312,114.19999694824219,157.7025146484375,389.0199890136719,178.55999755859375,35.76820755004883,19.66468620300293,27.40999984741211,44.189998626708984,91.19000244140625,47.81999969482422,470.2099914550781,380.29998779296875,89.10184478759766,280.44000244140625,299.7099914550781,242.07000732421875,76.38999938964844,158.16000366210938,34864100,7006800,4459800,32245300,36440600,3027200,1469900,38601400,37659700,16714500,11205400,16918400,3353500,22092000,25075800,1765900,74051500,7511500,9846700,2379000,3284500,13247700,8383800,6418300,25138800,170968500,21364500,40763500,47939600,22744600,12395639,28158000,1843800,67078300,4134200,5542100,6826400,4205500,18744400,27082700
2026-03-20,247.99000549316406,203.38272094726562,248.14999389648438,201.3300018310547,205.3699951171875,294.5687561035156,183.60000610351562,47.15999984741211,44.779998779296875,109.5199966430664,126.91999816894531,201.72999572753906,188.94723510742188,41.599998474121094,301.0,813.530029296875,43.869998931884766,235.3699951171875,285.1009216308594,906.7000122070312,495.4685363769531,593.6599731445312,114.18000030517578,160.60690307617188,381.8699951171875,172.6999969482422,35.23766326904297,18.690399169921875,26.969999313354492,44.0099983215332,90.44000244140625,46.630001068115234,474.3900146484375,367.9599914550781,87.8057861328125,275.5899963378906,301.6199951171875,239.86000061035156,77.5999984741211,159.6699981689453,88331100,27982400,10467300,37265100,63694600,7116500,2068000,78060900,28134400,29718400,31964000,35849500,5686200,13555300,44364100,3918400,162814200,17156600,22436500,4818800,5762900,21214900,36355400,14621300,50853200,241323500,26367700,40991600,66805700,31695500,11218066,65344800,2285000,78628600,2946400,38893000,14398100,19803100,40461100,53942100
2026-03-23,251.49000549316406,203.2438507080078,247.63999938964844,202.67999267578125,210.13999938964844,300.95855712890625,184.07000732421875,47.52000045776367,43.56999969482422,111.63999938964844,127.19000244140625,205.2100067138672,189.59585571289062,39.369998931884766,302.05999755859375,831.27001953125,44.0099983215332,235.4199981689453,288.4338684082031,910.5499877929688,499.5215759277344,604.0599975585938,115.68000030517578,163.44166564941406,383.0,175.63999938964844,35.51740264892578,19.15765953063965,26.770000457763672,45.4900016784668,90.70999908447266,49.25,478.1199951171875,380.8500061035156,88.19163513183594,269.5400085449219,304.44000244140625,237.38999938964844,78.27999877929688,161.1300048828125,40546100,7419900,4080500,31857800,44277400,4319800,2009400,42333200,41426800,16883200,10584000,15735700,3147000,17726600,29326900,2190300,80772200,7313700,11470800,2817500,2985900,13638000,9096400,10128400,29680100,182836300,15011800,53003500,42945200,21262500,12971417,25770300,1913200,74606000,2878700,10424200,7824500,3904200,15320800,25021300
2026-03-24,251.63999938964844,203.5116424560547,238.8699951171875,205.3699951171875,207.24000549316406,301.04827880859375,185.77999877929688,48.13999938964844,44.790000915527344,113.73999786376953,129.35000610351562,206.7899932861328,189.69564819335938,39.95000076293945,290.44000244140625,835.719970703125,44.060001373291016,235.27000427246094,290.91119384765625,903.02001953125,498.0740661621094,592.9199829101562,116.37000274658203,164.98336791992188,372.739990234375,175.1999969482422,35.58492660522461,19.63486099243164,26.959999084472656,44.209999084472656,91.12000274658203,50.5099983215332,490.2900085449219,383.0299987792969,87.8453598022461,272.2799987792969,303.760009765625,241.75,79.61000061035156,165.3800048828125,45152300,6990500,6268300,27258800,35351400,3639100,1596200,39804100,20145500,14105700,10439700,16695500,4195500,14088600,36864300,1656100,65323500,9046200,11092300,2572700,2278900,10739700,7411900,6016200,42733600,147667800,16143300,29999200,35605300,19616500,7487700,19715000,2241300,60004900,2838300,5911700,5375900,3678300,19134300,26131800
2026-03-25,252.6199951171875,205.475341796875,237.25,220.27000427246094,211.7100067138672,299.2938232421875,187.13999938964844,48.75,45.40999984741211,114.4800033569336,128.92999267578125,205.14999389648438,186.7519073486328,40.439998626708984,290.92999267578125,841.8400268554688,47.18000030517578,239.92999267578125,293.91583251953125,916.3099975585938,501.8974914550781,594.8900146484375,119.37000274658203,164.76454162597656,371.0400085449219,178.67999267578125,35.044742584228516,19.704452514648438,27.280000686645508,44.849998474121094,91.87999725341797,51.88999938964844,490.7699890136719,385.95001220703125,88.31036376953125,270.54998779296875,304.9100036621094,234.5399932861328,80.26000213623047,163.25999450683594,28476700,6000100,5441600,48518300,36388800,2823800,1484000,29988300,11676600,11314900,7495800,8865000,5265500,9982200,29460700,1628900,97467900,6456400,12188200,2177700,2422000,12585000,10220300,6444600,31181200,162602100,16442700,23012100,37603900,14861200,5416927,24105700,1729500,55157300,2266200,8121200,6280900,4480900,17213400,17192300
2026-03-26,252.88999938964844,209.38291931152344,240.8800048828125,203.77000427246094,207.5399932861328,298.4465026855469,183.39999389648438,48.2400016784668,46.16999816894531,112.41000366210938,133.25,207.7899932861328,187.64999389648438,41.119998931884766,280.9200134277344,822.6400146484375,44.099998474121094,239.24000549316406,290.1749572753906,897.0,499.89093017578125,547.5399780273438,118.93000030517578,162.35748291015625,365.9700012207031,171.24000549316406,35.112266540527344,20.21147918701172,27.56999969482422,45.20000076293945,92.16000366210938,52.310001373291016,488.8500061035156,372.1099853515625,88.9930191040039,268.04998779296875,305.5299987792969,248.13999938964844,79.0199966430664,165.42999267578125,41796700,4576300,4715300,49213000,46746000,2887500,1850300,32502600,18824300,12689900,8168000,11085600,3695000,7682300,39080600,2052200,82841400,5171400,8669200,2163200,3995400,35780100,6497200,6175700,36836600,186152200,20602800,33734800,28835000,14613000,6423717,16516100,1301900,55522900,1777600,6218800,7652700,4151100,15430500,18625200
2026-03-27,248.8000030517578,207.6770782470703,234.83999633789062,201.99000549316406,199.33999633789062,291.34893798828125,188.4199981689453,46.970001220703125,46.68000030517578,107.37999725341797,133.8000030517578,211.14999389648438,181.52000427246094,41.529998779296875,274.3399963378906,802.8900146484375,43.130001068115234,240.4499969482422,281.3998718261719,878.239990234375,483.4092712402344,525.719970703125,119.62999725341797,157.54336547851562,356.7699890136719,167.52000427246094,34.76499938964844,20.648914337158203,27.040000915527344,43.59000015258789,92.16999816894531,53.5,473.3599853515625,361.8299865722656,88.91387176513672,259.0199890136719,295.5199890136719,254.32000732421875,77.19000244140625,170.99000549316406,47900000,5654000,4429400,29206600,56009800,2751000,2762900,36781900,15921300,23143000,9182900,13907800,5857600,8504200,35890600,2106800,70002200,7617600,9873300,2740800,3963300,30133000,8345800,6368400,37883400,196212700,14694600,29828300,29124600,17434200,7221823,22048600,1677800,62065700,1424100,10735300,9974400,4530000,13674900,30338300
2026-03-30,246.6300048828125,211.36647033691406,241.1300048828125,196.0399932861328,200.9499969482422,296.552490234375,193.8800048828125,47.22999954223633,47.349998474121094,107.2699966430664,132.88999938964844,210.7100067138672,183.88999938964844,42.400001525878906,273.5,807.5999755859375,41.189998626708984,242.49000549316406,282.32513427734375,886.6300048828125,493.15252685546875,536.3800048828125,118.0999984741211,157.52346801757812,358.9599914550781,165.1699981689453,35.290000915527344,20.68868064880371,27.770000457763672,44.66999816894531,92.73999786376953,51.529998779296875,480.04998779296875,355.2799987792969,90.57600402832031,261.7900085449219,299.5400085449219,250.27000427246094,76.80000305175781,171.47000122070312,39446200,7491200,4410200,41053300,46373800,3851100,2113900,43375900,22732400,20319300,8913900,10409000,3979700,7797000,35141200,1621400,84596000,7241300,11734400,3070200,3629500,22795200,11084000,6261600,44797000,185627000,17393800,50458700,46696000,17778200,9060849,20578800,1819600,67954400,1892500,7774700,9330300,4123800,14311500,29813500
2026-03-31,253.7899932861328,215.7005157470703,243.0800018310547,203.42999267578125,208.27000427246094,301.5267639160156,197.22000122070312,48.75,47.0,113.41000366210938,132.0,206.89999389648438,189.60000610351562,42.20000076293945,287.55999755859375,845.989990234375,44.130001068115234,244.44000244140625,292.6622314453125,919.77001953125,498.8028259277344,572.1300048828125,120.29000091552734,163.69033813476562,370.1700134277344,174.39999389648438,36.75,20.629032135009766,28.079999923706055,45.22999954223633,93.0,51.38999938964844,491.5299987792969,371.75,90.9800033569336,270.5899963378906,302.239990234375,247.0800018310547,79.61000061035156,169.66000366210938,49598100,8311700,4575900,42318700,58470100,3516600,2759600,49060600,32813200,18267700,13519300,17403900,4659500,10492000,43875400,2689800,95294900,7554200,12956900,3464200,4417600,32898300,10713300,8081700,45244400,226181300,18979200,51315300,44841500,12695000,11733724,22268600,2272000,75534900,2956500,9170800,10246900,3744000,19097600,32006700
2026-04-01,255.6300048828125,213.21116638183594,241.3699951171875,210.2100067138672,210.57000732421875,300.5000305175781,200.72999572753906,49.27000045776367,46.16999816894531,115.30000305175781,128.3800048828125,197.41000366210938,190.7899932861328,40.38999938964844,297.3900146484375,860.2100219726562,48.029998779296875,244.1199951171875,293.87603759765625,954.52001953125,490.8065490722656,579.22998046875,120.83999633789062,165.28176879882812,369.3699951171875,175.75,36.47999954223633,19.962936401367188,28.549999237060547,44.630001068115234,92.02999877929688,50.029998779296875,494.5400085449219,381.260009765625,89.77999877929688,273.9800109863281,298.510009765625,241.4600067138672,80.56999969482422,160.77999877929688,40059400,5702800,3746700,40835800,45955400,3403300,2158600,32947000,36898300,13273700,12979900,23051900,3770600,12140600,37684500,1803600,129598500,6314600,11267200,6267900,4607100,23608100,6351700,7117000,29417200,168132000,24090600,58051400,44208500,15319900,15524378,19574100,1505100,58683800,2777700,5473400,7707600,5062300,14979400,37927600
2026-04-02,255.9199981689453,207.12168884277344,242.9199981689453,217.5,209.77000427246094,300.17999267578125,203.49000549316406,49.380001068115234,47.119998931884766,115.25,130.52000427246094,198.97000122070312,191.1199951171875,41.75,295.7699890136719,863.0399780273438,50.380001068115234,243.0399932861328,293.1000061035156,935.5800170898438,492.5934753417969,574.4600219726562,120.87000274658203,164.92369079589844,373.4599914550781,177.38999938964844,36.97999954223633,20.44013786315918,28.31999969482422,45.34000015258789,93.0999984741211,49.439998626708984,491.4599914550781,360.5899963378906,92.38999938964844,277.260009765625,300.79998779296875,244.08999633789062,80.5999984741211,160.69000244140625,31289400,5151100,3588800,38463500,31453000,2105500,2049300,27548200,29980700,9833900,7383800,11528000,2739700,7193800,21666500,1717700,117134200,6878700,6669300,2727100,2926000,13518500,6387900,5107500,24099100,143143200,14695800,30490100,30920600,12747700,11348930,14883800,1696200,83031200,2823800,6407000,4376000,2669300,10001800,25377700
2026-04-06,258.8599853515625,204.9893798828125,244.36000061035156,220.17999267578125,212.7899932861328,305.7300109863281,202.8300018310547,50.060001373291016,47.47999954223633,117.36000061035156,131.63999938964844,198.86000061035156,192.1199951171875,41.95000076293945,299.989990234375,866.0499877929688,50.779998779296875,240.97000122070312,295.45001220703125,927.0599975585938,500.6396484375,573.02001953125,120.8499984741211,165.6597442626953,372.8800048828125,177.63999938964844,36.66999816894531,20.73838996887207,27.829999923706055,45.47999954223633,93.63999938964844,49.779998779296875,488.19000244140625,352.82000732421875,92.25,281.3599853515625,303.3299865722656,245.5800018310547,81.8499984741211,163.3699951171875,29329900,4929100,2757700,30786400,25385500,2185200,1554700,28507200,7255600,13319700,4210000,8245700,2595700,3227300,16945500,1444500,79978800,4442400,7142600,1821100,2466000,9515700,4890200,3674800,16146600,107564300,11535500,15172700,25169300,11006800,4428306,7643800,1473700,77697600,1148900,7097000,5501000,1486900,7069200,16344300
2026-04-07,253.5,204.67201232910156,240.13999938964844,221.52999877929688,213.77000427246094,307.0299987792969,200.80999755859375,50.279998779296875,47.2400016784668,117.12999725341797,131.77000427246094,201.5399932861328,191.00999450683594,42.06999969482422,305.4599914550781,864.1500244140625,52.90999984741211,238.41000366210938,297.3999938964844,931.0900268554688,497.4251708984375,575.0499877929688,119.27999877929688,167.52969360351562,372.2900085449219,178.10000610351562,36.90999984741211,20.589263916015625,27.100000381469727,44.869998931884766,94.1500015258789,50.349998474121094,489.5,346.6499938964844,91.37000274658203,307.7300109863281,302.54998779296875,251.49000549316406,81.75,163.91000366210938,62148000,8801600,3331000,26483000,28154600,2265500,2450800,28473200,11640000,8450100,6794300,11672600,2932700,5764700,23205400,1498400,129543800,6241100,7849100,2726900,3593200,9580800,11376400,6036400,21443300,132534900,13916300,15159300,46620500,10416300,6946640,9928200,1287600,74515400,2421200,22099800,4413900,3611700,8820900,25227500
2026-04-08,258.8999938964844,209.84906005859375,239.30999755859375,231.82000732421875,221.25,316.3399963378906,204.27000427246094,51.880001068115234,45.88999938964844,123.48999786376953,125.22000122070312,192.88999938964844,196.19000244140625,39.33000183105469,317.32000732421875,905.75,58.95000076293945,241.3000030517578,307.9700012207031,953.2999877929688,506.25,612.4199829101562,123.18000030517578,175.07913208007812,374.3299865722656,182.0800018310547,37.61000061035156,19.8635196685791,27.469999313354492,45.849998474121094,92.01000213623047,51.880001068115234,503.4599914550781,343.25,89.44999694824219,305.9800109863281,308.9599914550781,239.63999938964844,84.66000366210938,156.22000122070312,41032800,5477500,4040100,35496400,51092700,3654200,2282900,36473500,18874400,16312000,12713800,17195400,2610000,11372400,33547100,2439000,184599900,8771100,10590200,2568000,3874900,32036600,9256900,7662600,33064800,147732700,13882500,51364900,33789100,15619000,10227872,20970100,1507900,78838600,3633100,9645000,6879300,5313900,15130300,31311200
2026-04-09,260.489990234375,210.6523895263672,229.94000244140625,236.63999938964844,233.64999389648438,317.7699890136719,204.99000549316406,52.709999084472656,45.900001525878906,124.91999816894531,123.47000122070312,190.36000061035156,192.99000549316406,38.54999923706055,318.489990234375,903.719970703125,61.720001220703125,241.30999755859375,310.3299865722656,955.1900024414062,503.57000732421875,628.3900146484375,122.68000030517578,177.2076873779297,373.07000732421875,183.91000366210938,37.439998626708984,20.569381713867188,27.219999313354492,45.97999954223633,91.08999633789062,52.540000915527344,500.4599914550781,345.6199951171875,89.93000030517578,306.9100036621094,308.2900085449219,235.10000610351562,86.0199966430664,155.0399932861328,28121600,4477800,6802400,27126200,65964200,1996200,1239200,32008000,13730200,8835400,9069400,11634000,2903200,6520000,23739200,1797800,155609900,6216500,6586600,1672100,3301800,19012900,8666300,5298900,30435300,116428500,11231700,30718800,27047600,12716600,6230115,16033100,1491000,62164000,2558800,5742000,4811500,3905400,10496100,25868400
2026-04-10,260.4800109863281,206.22909545898438,225.35000610351562,245.0399932861328,238.3800048828125,313.5,204.02999877929688,52.540000915527344,46.439998626708984,124.38999938964844,122.55000305175781,188.5500030517578,189.61000061035156,38.959999084472656,317.239990234375,907.7999877929688,62.380001068115234,238.4600067138672,309.8699951171875,939.469970703125,498.6600036621094,629.8599853515625,121.41999816894531,176.69046020507812,370.8699951171875,188.6300048828125,37.52000045776367,21.384601593017578,26.920000076293945,45.2400016784668,92.20999908447266,51.91999816894531,496.1099853515625,348.95001220703125,92.6500015258789,304.3299865722656,304.3599853515625,238.82000732421875,85.4000015258789,152.50999450683594,31291500,4633200,5889200,36477200,56912800,1991300,1565700,25225300,9183900,8958000,10487700,11151400,3188900,5880100,19152600,1642700,98624400,7354500,6069700,1958900,2842200,13294800,9707000,4240100,28111100,160459500,11400500,27516600,27882400,13130500,5423975,13219900,1308700,51336000,3797800,5212900,5190000,2896900,7946200,21065000
2026-04-13,259.20001220703125,204.7711944580078,240.11000061035156,246.8300018310547,239.88999938964844,323.82000732421875,202.24000549316406,53.349998474121094,46.439998626708984,126.27999877929688,123.62000274658203,191.77999877929688,195.8699951171875,39.20000076293945,321.30999755859375,890.7899780273438,65.18000030517578,237.9600067138672,313.67999267578125,929.5499877929688,508.5799865722656,634.530029296875,120.1500015258789,180.1717529296875,384.3699951171875,189.30999755859375,37.97999954223633,21.8419189453125,27.34000015258789,47.5099983215332,92.5999984741211,51.91999816894531,514.22998046875,352.4200134277344,93.44000244140625,313.0,309.3900146484375,242.0800018310547,86.63999938964844,152.63999938964844,36234700,7532500,6115800,22781800,42166200,2581800,1724300,27835300,7117600,14416800,8639400,12000200,4836300,4716000,18866400,4236200,112111000,7663600,8318200,2089600,3318100,9538900,6357300,6282900,35745800,133648200,12692200,27666300,44156200,15179300,5644269,11847000,1828900,53617500,1761100,7972200,6787200,2772500,14506600,18685600
2026-04-14,258.8299865722656,208.52999877929688,235.72000122070312,255.07000732421875,249.02000427246094,326.9599914550781,204.3800048828125,53.349998474121094,46.16999816894531,129.5800018310547,118.79000091552734,187.02000427246094,198.61000061035156,38.0,332.9100036621094,909.6300048828125,63.810001373291016,240.10000610351562,311.1199951171875,922.5,513.1599731445312,662.489990234375,119.95999908447266,182.3599853515625,393.1099853515625,196.50999450683594,39.31999969482422,20.887516021728516,27.110000610351562,47.970001220703125,91.36000061035156,51.4900016784668,527.219970703125,364.20001220703125,90.98999786376953,314.19000244140625,311.3699951171875,235.5800018310547,81.69999694824219,149.24000549316406,48370700,6199400,6307500,25733200,72685000,2288700,2257500,40178500,9564800,17034700,9849200,12111000,3336400,5975700,27721400,2822600,112796100,10318700,11455500,2360200,2744600,17818000,12449400,8803600,37504500,161307000,19729300,30275900,24558900,11045300,5968975,11104100,2572100,59979600,2496900,5864500,5571000,2830100,32845600,18528200
2026-04-15,266.42999267578125,208.4199981689453,244.66000366210938,258.1199951171875,248.5,329.05999755859375,201.2100067138672,54.31999969482422,46.119998931884766,131.69000244140625,118.91999816894531,184.91000366210938,198.13999938964844,36.81999969482422,337.1199951171875,899.489990234375,64.94000244140625,238.6699981689453,305.92999267578125,905.030029296875,519.9600219726562,671.5800170898438,117.9000015258789,190.59573364257812,411.2200012207031,198.8699951171875,40.810001373291016,20.420255661010742,27.190000534057617,49.56999969482422,89.83999633789062,52.41999816894531,531.6699829101562,391.95001220703125,87.05999755859375,314.04998779296875,315.9100036621094,235.0,80.29000091552734,149.00999450683594,49913500,5952100,4749600,24695200,43045200,2542300,1657800,63838200,11911700,14738900,6592500,8661600,3180500,7921600,24918800,2403900,92051500,6463500,9885800,4233400,2910800,14952600,7689400,9853800,45063400,185338400,19479400,19894300,29648900,13074000,5400350,12535000,2003600,113810400,3252500,5041200,4831400,2286900,31494000,15626500
2026-04-16,263.3999938964844,208.99000549316406,248.16000366210938,278.260009765625,249.6999969482422,325.760009765625,200.47000122070312,53.5099983215332,47.630001068115234,129.33999633789062,121.56999969482422,188.14999389648438,193.77999877929688,38.27000045776367,336.0199890136719,900.0,68.5,234.5399932861328,309.95001220703125,903.989990234375,518.5399780273438,676.8699951171875,115.45999908447266,186.3187255859375,420.260009765625,198.35000610351562,40.93000030517578,21.374658584594727,27.219999313354492,49.810001373291016,91.5,51.72999954223633,516.0,388.8999938964844,90.73999786376953,316.3999938964844,315.1000061035156,241.74000549316406,81.25,151.97999572753906,43323100,5075400,5229500,64850800,41895700,2018700,1414400,35206700,11785400,9290300,6904300,8013200,3760400,6308400,20541500,1742100,108328300,8668900,8208600,2836600,2967400,9544800,11399900,9138100,41642400,134012900,16083800,31948400,21905300,13420600,5236614,12080400,1375100,63515100,2272500,5205600,5695800,1925200,20713300,15191000
2026-04-17,270.2300109863281,208.3800048828125,244.4499969482422,278.3900146484375,250.55999755859375,331.69000244140625,204.8000030517578,53.90999984741211,44.59000015258789,132.17999267578125,116.04000091552734,183.99000549316406,194.75,35.470001220703125,341.67999267578125,925.9500122070312,68.5,234.17999267578125,310.2900085449219,927.030029296875,521.2999877929688,688.5499877929688,119.06999969482422,187.8107147216797,422.7900085449219,201.67999267578125,40.52000045776367,20.330781936645508,27.559999465942383,50.810001373291016,87.80999755859375,52.65999984741211,526.5999755859375,400.6199951171875,87.06999969482422,324.6300048828125,317.0199890136719,223.64999389648438,81.41000366210938,146.44000244140625,61436200,8986600,6194200,35519900,52029300,4775500,1241300,43484700,17580300,15929400,11665700,15720600,4243400,13499000,25581900,2805100,118831500,8946300,11082400,3266100,3617200,16283500,16194900,6846100,48568200,160324400,13204000,42475700,30080400,18758600,11066271,20594600,1988100,90640000,2670700,9414700,8082300,6989100,24033900,28947400
2026-04-20,273.04998779296875,203.7100067138672,248.6300048828125,274.95001220703125,248.27999877929688,329.8699951171875,200.69000244140625,53.95000076293945,45.119998931884766,133.0500030517578,116.44999694824219,183.25,195.5,36.0099983215332,337.4200134277344,941.739990234375,65.69999694824219,230.69000244140625,316.989990234375,919.9000244140625,516.6500244140625,670.9099731445312,117.0999984741211,189.68064880371094,418.07000732421875,202.05999755859375,40.459999084472656,20.638973236083984,27.520000457763672,51.459999084472656,88.0,52.20000076293945,526.02001953125,392.5,87.30999755859375,323.4800109863281,313.94000244140625,226.27999877929688,81.97000122070312,147.67999267578125,36590200,5774300,5250000,34833900,39463100,2280600,1104500,43999200,6834100,10151800,6124700,9661100,5271400,5430900,18784200,2374300,96851100,7810500,10772000,1926300,2503500,12534000,7392000,4905200,27582200,119381400,10467100,18590700,25023000,13091800,5159823,15347100,1437500,64603900,1233300,9050600,5506800,3302100,14240500,16354400
2026-04-21,266.1700134277344,205.1199951171875,247.17999267578125,284.489990234375,249.91000366210938,329.7900085449219,195.77999877929688,53.47999954223633,45.90999984741211,131.67999267578125,120.26000213623047,185.97999572753906,194.5399932861328,37.650001525878906,332.2900085449219,926.5499877929688,66.26000213623047,226.16000366210938,313.0,903.02001953125,511.3500061035156,668.8400268554688,112.55999755859375,188.29808044433594,424.1600036621094,199.8800048828125,39.41999816894531,21.02669906616211,27.309999465942383,50.880001068115234,88.66000366210938,52.77000045776367,524.5700073242188,386.4200134277344,88.37000274658203,346.010009765625,309.94000244140625,233.38999938964844,81.55000305175781,148.36000061035156,50209800,7772100,5779700,38950900,42922400,2916800,2130700,34266300,7274700,8081400,8138900,9799000,7862900,5769800,23123800,1765400,91402300,11681200,7084300,4062800,3444900,8660100,12769500,5154900,32048500,107945300,25186400,13579600,29833000,13548100,5436691,13591200,2141400,50530600,1170900,26097300,6806900,2685200,17387300,17515900
2026-04-22,273.1700134277344,200.5,255.94000244140625,303.4599914550781,255.36000061035156,332.8999938964844,194.80999755859375,53.119998931884766,46.369998931884766,129.72999572753906,122.5999984741211,186.32000732421875,184.0399932861328,37.970001220703125,339.32000732421875,934.8400268554688,65.2699966430664,226.10000610351562,313.0199890136719,921.47998046875,510.1600036621094,674.719970703125,112.88999938964844,190.02879333496094,432.9200134277344,202.5,39.150001525878906,21.0565242767334,26.799999237060547,51.220001220703125,89.48999786376953,54.349998474121094,513.97998046875,387.510009765625,89.56999969482422,353.5199890136719,311.2900085449219,234.36000061035156,80.58000183105469,149.5,43249200,7646200,7111000,49054200,36065100,4339800,1578700,24097600,6812700,10439100,6562700,8708300,5904700,3871000,20293000,1382600,90267300,9003400,5545900,2623800,2288500,9215600,8037500,4492100,29378200,107501000,17620600,16523500,35246800,8569700,3394740,14433100,1801700,62362800,1123600,11807300,5666600,2294500,13724200,13738700
2026-04-23,273.42999267578125,200.9499969482422,238.97999572753906,305.3299865722656,255.0800018310547,318.54998779296875,192.3000030517578,52.470001220703125,46.349998474121094,128.50999450683594,124.37000274658203,187.60000610351562,178.57000732421875,38.61000061035156,338.8900146484375,931.2999877929688,66.77999877929688,230.64999389648438,311.69000244140625,917.6500244140625,502.3800048828125,659.1500244140625,114.62000274658203,187.6416015625,415.75,199.63999938964844,38.52000045776367,21.145999908447266,26.670000076293945,49.75,89.2699966430664,54.7400016784668,466.70001220703125,373.7200012207031,90.47000122070312,354.55999755859375,308.8800048828125,233.8300018310547,80.51000213623047,150.52999877929688,33399600,7461100,9617000,45619700,39091400,4580600,2179300,31956300,10117200,9084600,7958100,6684700,10185100,4664400,18650300,1655000,155141800,7097600,6969700,2149200,2724000,11667000,6826300,3814400,38308000,113561800,12266500,12269900,38718400,11581400,3379524,20598000,5729400,93969500,1013500,7255800,7275000,2361700,13906500,12970400
2026-04-24,271.05999755859375,198.7100067138672,245.44000244140625,347.80999755859375,263.989990234375,314.0799865722656,189.75,52.04999923706055,46.25,127.9800033569336,121.76000213623047,185.2100067138672,177.25,37.939998626708984,344.3999938964844,926.9099731445312,82.54000091552734,227.5,308.2799987792969,883.9600219726562,504.1700134277344,675.030029296875,111.9000015258789,187.06471252441406,424.6199951171875,208.27000427246094,41.16999816894531,20.8700008392334,27.0,50.47999954223633,89.12999725341797,56.150001525878906,469.7099914550781,376.29998779296875,89.7300033569336,354.9200134277344,309.4200134277344,235.85000610351562,79.41999816894531,148.91000366210938,38157100,7605800,6492900,81616700,53777400,2968100,2388300,30265400,6155100,6835000,10968300,9626700,6410700,2661400,26426100,1263300,281405200,6067500,5215300,4463700,2406900,13348300,7060000,4530600,27457400,214134400,25017300,15347800,42500200,8259300,4106620,23294100,2684400,62893300,893900,8554600,5616900,1666200,15419600,13735900
2026-04-27,267.6099853515625,197.3800048828125,239.30999755859375,334.6300048828125,261.1199951171875,318.8399963378906,187.50999450683594,52.630001068115234,45.970001220703125,129.13999938964844,121.68000030517578,184.77999877929688,180.6199951171875,38.04999923706055,350.3399963378906,937.8099975585938,84.98999786376953,225.33999633789062,311.6300048828125,868.27001953125,506.42999267578125,678.6199951171875,110.2300033569336,189.16342163085938,424.82000732421875,216.61000061035156,41.20000076293945,20.959999084472656,26.790000915527344,49.77000045776367,86.91000366210938,55.22999954223633,468.0400085449219,378.6700134277344,88.73999786376953,354.69000244140625,309.6499938964844,238.25,80.55999755859375,148.19000244140625,41466800,7467600,5067700,50585300,44906800,2553000,2102000,28043700,9243400,6155900,12215400,10836600,5322900,2664500,28576900,1223000,178820200,7897800,7925300,2700300,2531300,12805200,9133600,4163600,30867300,187172400,19367700,19635800,34764200,7992800,19888651,17070400,2280000,66735800,1043300,7256100,6261500,2299100,20114400,13940800
2026-04-28,270.7099914550781,197.69000244140625,243.1999969482422,323.2099914550781,259.70001220703125,315.8999938964844,186.67999267578125,52.65999984741211,46.349998474121094,128.52999877929688,124.31999969482422,188.36000061035156,178.97999572753906,38.5099983215332,349.7799987792969,926.5499877929688,84.5199966430664,227.7899932861328,311.45001220703125,874.0,507.6199951171875,671.3400268554688,110.02999877929688,189.34246826171875,429.25,213.1699981689453,41.16999816894531,21.229999542236328,26.479999542236328,49.63999938964844,87.58999633789062,55.650001525878906,470.2200012207031,376.0199890136719,91.02999877929688,366.7699890136719,309.29998779296875,240.27000427246094,81.5,150.55999755859375,40018900,6313100,4641700,43002500,42204400,6101400,2837100,21164100,12982100,9585300,7241100,10754900,5048600,4249500,27824100,1501600,147773500,7179800,7398600,2561300,3892500,10606800,7157600,4107100,30438100,180275400,16387700,17602300,58079000,9761400,18897428,13619300,2243000,50864400,1595300,10604100,8839900,2528300,14826700,15173600
2026-04-29,270.1700134277344,203.88999938964844,243.57000732421875,337.1099853515625,263.0400085449219,315.6499938964844,185.1999969482422,52.880001068115234,46.79999923706055,127.61000061035156,128.25,192.22000122070312,178.8000030517578,40.06999969482422,349.94000244140625,905.5999755859375,94.75,227.35000610351562,309.25,851.2100219726562,525.22998046875,669.1199951171875,110.94999694824219,186.0800018310547,424.4599914550781,209.25,40.290000915527344,21.850000381469727,26.260000228881836,50.939998626708984,88.91000366210938,55.70000076293945,466.260009765625,372.79998779296875,92.23999786376953,370.739990234375,334.8599853515625,251.3000030517578,81.51000213623047,154.6699981689453,30047900,10406300,2664500,44704400,72367900,3136000,4442800,26250700,13815400,12796000,9676900,8644600,5932600,4097000,35376300,1725900,235070900,7071100,8031800,3904600,5876700,18947500,9769900,5107600,38288300,123711800,16339400,20681500,29969700,18531700,13481753,13346400,1387200,45384800,2075500,9046600,16658600,3673500,19930700,14669100
2026-04-30,271.3500061035156,211.32000732421875,246.10000610351562,354.489990234375,265.05999755859375,323.04998779296875,187.3699951171875,53.459999084472656,47.380001068115234,127.9800033569336,125.77999877929688,193.30999755859375,178.9499969482422,40.75,384.79998779296875,923.77001953125,94.4800033569336,229.85000610351562,313.2300109863281,934.5999755859375,502.9200134277344,611.9099731445312,109.18000030517578,190.58999633789062,407.7799987792969,199.57000732421875,42.220001220703125,22.030000686645508,26.700000762939453,50.13999938964844,90.66999816894531,56.880001068115234,478.9599914550781,381.6300048828125,92.70999908447266,370.4800109863281,329.8399963378906,252.5800018310547,82.2300033569336,154.3300018310547,91848200,10319200,5129100,42115300,100974900,4587900,2797300,27089200,10959300,12127700,11948000,11748600,5142400,4594600,72040000,1880300,160597300,8157200,8865400,8236700,5975100,52765000,17131200,5664900,70909400,225239200,25208100,14861200,39082900,12519900,9432383,13798800,2161200,51076000,2451100,6879900,11241100,3529300,13535900,22885900
2026-05-01,280.1400146484375,206.60000610351562,250.7100067138672,360.5400085449219,268.260009765625,319.67999267578125,184.74000549316406,53.2400016784668,46.40999984741211,127.44000244140625,123.19000244140625,190.6300048828125,175.14999389648438,39.709999084472656,385.69000244140625,923.7100219726562,99.62000274658203,227.19000244140625,312.4700012207031,963.3300170898438,495.4599914550781,608.75,112.16000366210938,190.1699981689453,414.44000244140625,198.4499969482422,43.880001068115234,21.899999618530273,26.329999923706055,50.439998626708984,88.9800033569336,56.91999816894531,469.2099914550781,390.82000732421875,92.77999877929688,368.7799987792969,328.0299987792969,246.8699951171875,80.80999755859375,152.75,79844600,6342400,5064600,34173000,50780000,2385600,1793600,24823400,11777300,10615100,7783500,10431400,3880000,3469000,30075200,1358900,157427100,6862900,6133200,4349900,4529800,21357400,11952400,4742700,31330100,128257500,26221300,9250400,29252600,8760300,6359038,9710600,1425400,65210000,2327900,4943200,6725400,2479900,14627200,15453300
