Datetime,AAPL,ABBV,ADBE,AMAT,AMD,AMGN,AMZN,APA,AVGO,AXP,BAC,BDX,BKNG,BKR,BLK,BSX,C,CB,CI,CME,CMG,COF,COP,COST,CRM,CSCO,CTRA,CVS,CVX,DG,DHR,DVN,EOG,EQT,F,FANG,GILD,GM,GOOGL,GS,HAL,HD,HLT,HUM,IBM,INTC,INTU,ISRG,JNJ,JPM,KMI,KO,LLY,LOW,MA,MAR,MCD,MDT,META,MPC,MRK,MS,MSFT,NKE,NOV,NOW,NVDA,ORCL,ORLY,OXY,PEP,PFE,PG,PGR,PNC,PSX,PYPL,QCOM,REGN,SBUX,SCHW,SLB,SPGI,SYK,TFC,TGT,TJX,TMO,TRGP,TSLA,TXN,UNH,USB,V,VLO,VRTX,WFC,WMB,WMT,XOM
2026-04-02 13:30:00+00:00,252.125,211.14999389648438,240.56500244140625,346.239990234375,209.10499572753906,349.5849914550781,208.94000244140625,41.7599983215332,308.1400146484375,297.30999755859375,48.70500183105469,155.6699981689453,163.9127960205078,60.375,951.8200073242188,62.40999984741211,113.62999725341797,328.885009765625,268.48419189453125,305.42498779296875,32.61000061035156,181.4199981689453,130.91000366210938,1006.6699829101562,183.65499877929688,78.0,34.41999816894531,72.86000061035156,200.9600067138672,117.76499938964844,190.4550018310547,49.22999954223633,142.9199981689453,60.54999923706055,11.381999969482422,196.60000610351562,140.07000732421875,71.875,294.07110595703125,850.7944946289062,38.709999084472656,320.57000732421875,302.1400146484375,177.10000610351562,244.22999572753906,49.279998779296875,426.0799865722656,455.75250244140625,246.47999572753906,291.3699951171875,33.095001220703125,76.67500305175781,944.8099975585938,230.5800018310547,495.4200134277344,328.4150085449219,304.114990234375,86.20999908447266,569.1500244140625,242.50999450683594,120.79499816894531,164.08999633789062,366.7049865722656,43.48202133178711,18.885000228881836,101.2300033569336,174.0449981689453,143.0050048828125,91.63999938964844,63.599998474121094,155.28500366210938,28.545000076293945,143.2100067138672,194.3300018310547,207.47000122070312,177.36000061035156,44.470001220703125,124.33999633789062,753.6699829101562,89.92500305175781,92.80000305175781,49.61000061035156,426.6300048828125,328.0,46.185001373291016,119.33000183105469,160.9149932861328,497.07501220703125,247.3699951171875,366.1199951171875,192.3800048828125,275.0400085449219,52.220001220703125,299.3299865722656,244.60000610351562,443.7950134277344,79.58999633789062,72.29499816894531,124.87999725341797,161.83999633789062
2026-04-02 14:30:00+00:00,255.1199951171875,210.74000549316406,241.60499572753906,350.5799865722656,214.47000122070312,350.5,210.42999267578125,41.810001373291016,313.0450134277344,299.55499267578125,49.20000076293945,156.5,167.25221252441406,60.59000015258789,965.52001953125,63.040000915527344,114.55000305175781,329.7200012207031,270.04998779296875,304.7900085449219,33.029998779296875,182.60000610351562,130.13499450683594,1007.826904296875,185.9149932861328,79.01499938964844,34.400001525878906,73.5,199.93499755859375,118.79499816894531,191.80499267578125,49.200801849365234,142.35000610351562,60.56999969482422,11.5600004196167,195.10000610351562,140.05999755859375,72.55999755859375,295.9599914550781,861.2575073242188,38.4900016784668,322.8999938964844,305.5899963378906,178.49000549316406,246.5449981689453,49.665000915527344,429.75,461.8900146484375,245.41000366210938,293.92999267578125,33.1150016784668,76.70999908447266,938.8699951171875,231.89500427246094,494.69000244140625,332.114990234375,304.55999755859375,86.51000213623047,572.4199829101562,240.93499755859375,119.88999938964844,165.55999755859375,370.80999755859375,43.679298400878906,18.920000076293945,101.78970336914062,176.67999267578125,145.44940185546875,91.91000366210938,63.13999938964844,155.55999755859375,28.559999465942383,142.97000122070312,194.72000122070312,210.02999877929688,176.59500122070312,45.095001220703125,126.06999969482422,750.1900024414062,91.02999877929688,93.5199966430664,49.650001525878906,428.9949951171875,331.19000244140625,46.81999969482422,120.20999908447266,161.11000061035156,500.9949951171875,247.77000427246094,366.0199890136719,194.5399932861328,277.06500244140625,52.845001220703125,300.4987487792969,243.15040588378906,442.1199951171875,80.31999969482422,72.37000274658203,125.13999938964844,160.67999267578125
2026-04-02 15:30:00+00:00,254.11000061035156,209.39999389648438,241.00999450683594,348.20001220703125,212.86000061035156,347.5249938964844,209.27000427246094,41.65999984741211,311.114990234375,299.572998046875,49.07500076293945,155.8000030517578,166.1396026611328,59.970001220703125,958.75,62.68000030517578,114.0199966430664,329.8500061035156,269.2200012207031,303.75,32.904998779296875,181.5500030517578,129.72999572753906,1007.6199951171875,185.63999938964844,78.55000305175781,34.25,73.36000061035156,199.17999267578125,118.81999969482422,190.21499633789062,49.03499984741211,141.72000122070312,60.17499923706055,11.53499984741211,194.22000122070312,139.3800048828125,72.30000305175781,295.1300048828125,858.219970703125,38.095001220703125,320.54998779296875,303.9549865722656,178.1300048828125,245.47000122070312,49.525001525878906,424.75,457.0799865722656,244.1999969482422,293.29998779296875,32.96500015258789,76.83999633789062,932.239990234375,229.5850067138672,494.1300964355469,329.32000732421875,305.04998779296875,86.04010009765625,570.3900146484375,238.83999633789062,119.5999984741211,164.74000549316406,369.7471008300781,43.66999816894531,18.5575008392334,101.91999816894531,176.125,145.3000030517578,91.23999786376953,63.089900970458984,156.10000610351562,28.375,143.27090454101562,194.86000061035156,209.67999267578125,175.1649932861328,44.970001220703125,125.76000213623047,757.2949829101562,90.20500183105469,93.42500305175781,48.935001373291016,428.9800109863281,328.7099914550781,46.80500030517578,120.3499984741211,160.23089599609375,496.18499755859375,245.91000366210938,364.385009765625,193.60000610351562,276.8500061035156,52.71500015258789,300.69500732421875,241.64999389648438,439.3299865722656,80.125,71.89911651611328,125.40499877929688,160.47999572753906
2026-04-02 16:30:00+00:00,255.3350067138672,207.91000366210938,242.10499572753906,347.79998779296875,215.17999267578125,346.1400146484375,209.61000061035156,41.70500183105469,312.864990234375,300.79998779296875,49.46500015258789,155.77000427246094,166.62960815429688,60.0,962.1375122070312,62.847801208496094,114.72000122070312,329.9100036621094,269.3699951171875,303.55999755859375,33.125,182.49000549316406,129.80999755859375,1007.875,186.5,78.82499694824219,34.29499816894531,73.54010009765625,198.86000061035156,119.19000244140625,190.84500122070312,49.095001220703125,141.80999755859375,59.97999954223633,11.595000267028809,193.66000366210938,139.14999389648438,72.55999755859375,296.04998779296875,862.3900146484375,38.0,320.67999267578125,305.0799865722656,177.0,246.3800048828125,49.70989990234375,427.0,456.126708984375,243.6300048828125,294.864990234375,33.03499984741211,76.71499633789062,933.5700073242188,229.8000030517578,494.70001220703125,330.80499267578125,306.1300048828125,86.23999786376953,572.385009765625,240.15499877929688,119.33499908447266,165.71499633789062,371.5799865722656,43.744998931884766,18.600000381469727,102.04499816894531,176.77499389648438,145.5500030517578,91.53500366210938,62.86980056762695,155.85499572753906,28.315000534057617,143.3000030517578,195.22500610351562,210.5399932861328,175.50999450683594,45.1150016784668,126.4000015258789,750.4199829101562,90.50499725341797,93.81999969482422,48.900001525878906,430.44500732421875,329.760009765625,47.07500076293945,120.44999694824219,160.83999633789062,494.114990234375,244.57000732421875,365.010009765625,193.8699951171875,276.7799987792969,52.915000915527344,301.7099914550781,242.82000732421875,438.19500732421875,80.66999816894531,72.0,125.51000213623047,160.38999938964844
2026-04-02 17:30:00+00:00,255.14500427246094,209.1649932861328,241.4600067138672,347.3599853515625,215.29010009765625,346.739990234375,209.02000427246094,41.849998474121094,313.0799865722656,299.32379150390625,49.39500045776367,155.26499938964844,165.88999938964844,60.31999969482422,957.219970703125,62.939998626708984,114.73999786376953,329.8349914550781,269.6700134277344,304.5400085449219,33.095001220703125,181.3000030517578,130.33999633789062,1008.4149780273438,185.82000732421875,78.63999938964844,34.34000015258789,73.33999633789062,198.6300048828125,119.11000061035156,190.5800018310547,49.16999816894531,142.16000366210938,59.834999084472656,11.550000190734863,194.125,139.0500030517578,72.29000091552734,295.0199890136719,860.5800170898438,38.10499954223633,320.6659851074219,303.2799987792969,176.68499755859375,246.3300018310547,49.79209899902344,424.2799987792969,451.3399963378906,243.3800048828125,294.260009765625,33.05500030517578,76.69000244140625,935.7000122070312,230.17999267578125,493.6199951171875,330.0,306.67498779296875,86.0999984741211,572.4421997070312,240.7050018310547,119.8550033569336,165.30999755859375,371.0494079589844,43.70500183105469,18.674999237060547,101.48999786376953,176.5399932861328,145.18499755859375,91.31999969482422,62.709999084472656,155.55999755859375,28.38279914855957,143.19000244140625,194.93499755859375,210.8800048828125,175.9199981689453,45.084999084472656,126.16120147705078,752.9199829101562,90.30000305175781,93.36000061035156,49.064998626708984,428.6099853515625,329.3999938964844,47.064998626708984,120.08499908447266,161.02999877929688,492.7300109863281,244.58999633789062,359.4493103027344,193.50999450683594,276.05499267578125,52.89250183105469,301.32501220703125,243.22000122070312,438.3800048828125,80.44000244140625,72.0250015258789,125.2927017211914,160.63999938964844
2026-04-02 18:30:00+00:00,255.1199951171875,208.30999755859375,242.13499450683594,348.8800048828125,217.0399932861328,347.79998779296875,209.11000061035156,41.970001220703125,313.17999267578125,300.0899963378906,49.27000045776367,154.6699981689453,166.17919921875,60.43769836425781,961.614990234375,62.5099983215332,114.9000015258789,328.75,269.54998779296875,303.885009765625,33.21500015258789,181.49000549316406,130.17999267578125,1009.780029296875,186.02499389648438,78.58999633789062,34.45000076293945,73.28379821777344,198.61000061035156,119.3949966430664,190.80999755859375,49.32500076293945,142.1199951171875,59.720001220703125,11.569999694824219,193.64999389648438,139.25999450683594,72.72000122070312,294.93499755859375,863.2650146484375,38.19499969482422,322.25,304.7699890136719,176.89500427246094,246.92999267578125,50.14500045776367,422.3080139160156,452.0899963378906,242.77000427246094,294.239990234375,32.900001525878906,76.65499877929688,934.6199951171875,231.38999938964844,493.06500244140625,331.44500732421875,307.010009765625,86.3949966430664,573.8900146484375,240.625,120.16999816894531,165.5800018310547,372.57989501953125,44.189998626708984,18.700000762939453,101.7249984741211,176.90499877929688,145.91000366210938,91.41999816894531,62.760101318359375,156.1199951171875,28.325000762939453,143.32000732421875,194.47000122070312,210.83999633789062,176.10000610351562,45.29999923706055,126.75,754.1900024414062,90.66999816894531,93.47000122070312,49.334999084472656,429.54998779296875,330.7349853515625,47.029998779296875,120.58999633789062,161.06500244140625,492.875,243.625,359.5600891113281,194.7100067138672,275.7699890136719,52.93000030517578,300.8450012207031,243.22000122070312,438.010009765625,80.51000213623047,71.91000366210938,125.44000244140625,160.85499572753906
2026-04-02 19:30:00+00:00,255.88999938964844,208.82000732421875,242.9199981689453,348.4700012207031,217.55999755859375,348.0050048828125,209.77000427246094,42.029998779296875,314.55999755859375,300.1400146484375,49.3650016784668,154.52000427246094,167.716796875,60.380001068115234,966.5599975585938,62.79999923706055,115.23999786376953,328.3599853515625,270.1099853515625,305.0899963378906,33.165000915527344,181.8699951171875,130.4949951171875,1014.7999877929688,187.16000366210938,79.0199966430664,34.56999969482422,73.49500274658203,198.9199981689453,119.75,191.0800018310547,49.474998474121094,142.63999938964844,59.70000076293945,11.59000015258789,193.8800048828125,139.7100067138672,72.55999755859375,295.7900085449219,863.3900146484375,38.16999816894531,321.6400146484375,305.0369873046875,177.85000610351562,248.1300048828125,50.36000061035156,422.32000732421875,452.05999755859375,243.0,294.7300109863281,32.970001220703125,76.71499633789062,935.5800170898438,231.0800018310547,493.4200134277344,331.8699951171875,307.0799865722656,86.62000274658203,574.5499877929688,241.75999450683594,121.00499725341797,165.8000030517578,373.5,44.185001373291016,18.780000686645508,101.97000122070312,177.39999389648438,146.38999938964844,91.41000366210938,62.959999084472656,157.0,28.334999084472656,143.1300048828125,195.3000030517578,211.69000244140625,176.1999969482422,45.349998474121094,126.81999969482422,761.8400268554688,90.38999938964844,93.76000213623047,49.43000030517578,431.2099914550781,331.5400085449219,47.15999984741211,120.4800033569336,161.3000030517578,491.239990234375,244.49000549316406,360.54998779296875,194.89999389648438,277.25,52.939998626708984,300.8699951171875,244.02999877929688,438.8299865722656,80.61000061035156,72.0,125.79000091552734,160.6699981689453
2026-04-06 13:30:00+00:00,261.760009765625,208.1300048828125,246.14999389648438,348.6549987792969,220.38999938964844,347.2950134277344,212.30999755859375,42.15999984741211,311.5799865722656,303.510009765625,49.994998931884766,155.43499755859375,171.72999572753906,60.77000045776367,964.010009765625,63.0099983215332,116.91999816894531,326.8550109863281,273.6000061035156,307.9599914550781,33.334999084472656,182.9499969482422,129.61399841308594,1014.4400024414062,186.0,79.67990112304688,34.45000076293945,73.2699966430664,196.58009338378906,123.08999633789062,191.8300018310547,49.25,142.18499755859375,60.29499816894531,11.585000038146973,193.1999969482422,140.36000061035156,73.06999969482422,298.3800048828125,870.5399780273438,37.94499969482422,322.989990234375,305.739990234375,184.32000732421875,246.10000610351562,50.76499938964844,417.260009765625,456.7349853515625,243.0399932861328,296.42999267578125,32.92499923706055,77.02999877929688,931.9949951171875,232.48500061035156,500.2099914550781,333.7200012207031,309.3999938964844,86.91500091552734,577.2698974609375,238.28500366210938,121.04000091552734,167.2100067138672,372.6499938964844,43.939998626708984,18.729999542236328,102.88999938964844,176.77999877929688,144.63999938964844,91.45500183105469,62.439998626708984,156.35000610351562,28.19499969482422,143.52499389648438,196.10499572753906,211.67999267578125,174.07000732421875,46.28499984741211,127.12999725341797,764.989990234375,93.55000305175781,94.48999786376953,49.44499969482422,434.0350036621094,333.79998779296875,47.40999984741211,121.97000122070312,161.27499389648438,488.4150085449219,244.36749267578125,358.989990234375,198.13499450683594,282.82598876953125,53.32500076293945,303.57000732421875,241.1999969482422,438.739990234375,81.66999816894531,72.4000015258789,126.52999877929688,160.4949951171875
2026-04-06 14:30:00+00:00,259.25,206.97999572753906,243.63999938964844,349.239990234375,220.21499633789062,343.8999938964844,212.3800048828125,42.33000183105469,312.3999938964844,302.9849853515625,49.845001220703125,155.27499389648438,170.08999633789062,60.63999938964844,961.0599975585938,62.40999984741211,116.52999877929688,327.0950012207031,274.30999755859375,308.79998779296875,33.17499923706055,182.9600067138672,130.35000610351562,1016.4099731445312,184.9199981689453,79.55999755859375,34.4900016784668,73.62999725341797,197.41000366210938,123.31500244140625,191.35000610351562,49.310001373291016,142.52999877929688,60.279998779296875,11.600000381469727,193.27000427246094,139.52499389648438,73.1449966430664,297.4849853515625,864.760009765625,37.875,325.239990234375,305.0799865722656,183.57000732421875,244.9600067138672,50.384498596191406,415.1099853515625,453.5199890136719,242.11500549316406,295.7200012207031,32.89500045776367,77.04000091552734,925.7000122070312,233.9199981689453,499.79998779296875,335.0150146484375,309.0400085449219,86.31999969482422,576.8300170898438,239.6300048828125,120.5199966430664,166.47500610351562,371.3699951171875,43.80500030517578,18.7549991607666,101.93000030517578,176.48609924316406,144.28500366210938,91.4800033569336,62.68000030517578,155.88499450683594,28.099300384521484,143.00999450683594,195.89999389648438,211.63499450683594,174.80999755859375,45.915000915527344,126.52999877929688,762.2100219726562,93.36000061035156,94.33499908447266,49.51499938964844,432.6600036621094,332.23779296875,47.36000061035156,121.70999908447266,161.47000122070312,485.95001220703125,244.94000244140625,353.3800048828125,197.57000732421875,281.75,53.279998779296875,303.2749938964844,242.1699981689453,438.9100036621094,81.31999969482422,72.36499786376953,126.73999786376953,161.0500030517578
2026-04-06 15:30:00+00:00,259.0400085449219,206.6199951171875,243.85499572753906,349.69000244140625,220.47000122070312,343.3999938964844,212.77000427246094,42.511199951171875,312.4200134277344,303.92498779296875,49.904998779296875,154.92999267578125,172.14999389648438,60.55110168457031,964.4400024414062,62.47999954223633,116.72000122070312,326.5199890136719,274.54998779296875,309.70001220703125,33.185001373291016,183.16000366210938,130.60000610351562,1014.719970703125,185.3800048828125,79.62000274658203,34.54999923706055,73.62000274658203,197.8699951171875,123.56999969482422,191.48500061035156,49.40999984741211,142.7100067138672,60.25,11.609999656677246,193.48500061035156,139.9199981689453,73.55000305175781,298.8349914550781,865.5100708007812,37.775001525878906,325.2200012207031,306.0,182.8699951171875,245.7550048828125,50.250099182128906,414.760009765625,452.29998779296875,242.07000732421875,296.3900146484375,32.904998779296875,77.125,926.35498046875,234.50999450683594,500.57000732421875,336.4599914550781,309.2149963378906,86.5250015258789,579.1199951171875,240.9199981689453,120.69000244140625,166.8551025390625,372.0050048828125,44.064998626708984,18.7450008392334,102.66000366210938,177.15499877929688,144.72999572753906,91.66999816894531,62.79990005493164,156.0749969482422,28.15839958190918,142.33999633789062,196.0399932861328,212.17999267578125,175.69000244140625,45.850101470947266,126.43499755859375,763.760009765625,93.51000213623047,94.61000061035156,49.625,433.20001220703125,331.67498779296875,47.474998474121094,121.29000091552734,161.80999755859375,484.9150085449219,245.17750549316406,352.0802917480469,197.69000244140625,281.75,53.375,304.1499938964844,243.5500030517578,438.7699890136719,81.61499786376953,72.33000183105469,126.30000305175781,161.94000244140625
2026-04-06 16:30:00+00:00,258.7799987792969,206.4051971435547,244.27999877929688,350.8900146484375,219.74000549316406,342.44000244140625,211.89999389648438,42.959999084472656,312.4800109863281,303.6499938964844,49.875,155.02999877929688,173.52999877929688,60.73400115966797,962.0999755859375,62.41999816894531,116.55999755859375,325.5517883300781,274.8900146484375,310.0899963378906,33.275001525878906,181.89999389648438,131.47000122070312,1016.989990234375,185.76499938964844,79.70989990234375,34.70000076293945,73.56999969482422,198.66200256347656,123.625,192.02000427246094,49.625,143.2100067138672,60.459999084472656,11.550000190734863,194.0,139.66000366210938,73.12000274658203,299.2900085449219,862.385009765625,37.89500045776367,324.5199890136719,305.3900146484375,182.64500427246094,246.36000061035156,50.599998474121094,415.75,451.45001220703125,241.02000427246094,295.7200012207031,32.968299865722656,77.11499786376953,924.3300170898438,234.38909912109375,500.1650085449219,335.7587890625,309.32000732421875,86.58999633789062,577.0,241.7100067138672,120.31999969482422,166.5050048828125,372.2650146484375,43.959999084472656,18.795000076293945,102.5199966430664,176.93499755859375,144.77499389648438,91.96499633789062,63.0900993347168,155.97000122070312,28.024999618530273,142.07000732421875,195.94000244140625,211.60989379882812,176.22000122070312,45.69499969482422,125.83000183105469,760.6749877929688,93.85990142822266,94.3949966430664,49.679901123046875,433.5799865722656,331.9200134277344,47.400001525878906,121.43499755859375,161.96499633789062,486.260009765625,246.1750030517578,348.875,197.39500427246094,282.4700012207031,53.34000015258789,303.3100891113281,244.20010375976562,437.3699951171875,81.54010009765625,72.44999694824219,126.37999725341797,162.30999755859375
2026-04-06 17:30:00+00:00,259.2799987792969,205.47999572753906,244.61500549316406,351.14898681640625,220.0800018310547,341.9800109863281,212.02499389648438,42.89509963989258,313.44500732421875,304.32501220703125,50.05500030517578,154.92999267578125,174.8800048828125,60.625,962.77001953125,62.26499938964844,116.875,326.02099609375,276.0,309.4200134277344,33.57830047607422,182.5800018310547,131.52499389648438,1019.9849853515625,185.52999877929688,79.68000030517578,34.70000076293945,73.47000122070312,198.74000549316406,123.55500030517578,192.0399932861328,49.619998931884766,143.16000366210938,60.5,11.550000190734863,194.30999755859375,139.72000122070312,73.1449966430664,300.3399963378906,865.260009765625,37.8849983215332,325.4100036621094,306.70001220703125,183.19000244140625,247.2299041748047,50.53519821166992,417.55999755859375,451.5400085449219,240.89500427246094,296.5339050292969,32.98500061035156,77.00499725341797,921.25,234.92999267578125,501.5199890136719,338.1549987792969,309.7799987792969,86.3499984741211,578.0700073242188,241.47000122070312,120.625,166.8800048828125,372.92999267578125,43.939998626708984,18.829999923706055,102.6449966430664,176.98500061035156,145.83999633789062,92.16500091552734,63.07500076293945,156.13999938964844,27.885000228881836,142.1269989013672,195.6300048828125,212.72999572753906,176.43499755859375,45.775001525878906,125.62000274658203,760.4400024414062,94.23999786376953,94.31500244140625,49.665000915527344,433.7149963378906,331.3450012207031,47.625,121.73999786376953,162.03500366210938,485.67999267578125,245.77999877929688,348.3399963378906,198.4550018310547,281.5400085449219,53.540000915527344,304.25,244.66000366210938,436.0799865722656,81.83100128173828,72.44000244140625,126.58999633789062,162.47999572753906
2026-04-06 18:30:00+00:00,258.2499084472656,206.32000732421875,244.5800018310547,351.3299865722656,220.3699951171875,343.0400085449219,212.22000122070312,42.71500015258789,314.1199951171875,304.45989990234375,49.96500015258789,154.86000061035156,175.6199951171875,60.63999938964844,959.1799926757812,62.380001068115234,116.66999816894531,325.80999755859375,275.3299865722656,308.864990234375,33.474998474121094,183.11000061035156,131.35000610351562,1019.6950073242188,185.44000244140625,80.2499008178711,34.599998474121094,73.3499984741211,198.67999267578125,123.625,191.89999389648438,49.5,143.0399932861328,60.459999084472656,11.5600004196167,194.14999389648438,139.8300018310547,73.16000366210938,300.1000061035156,864.885009765625,37.834999084472656,325.29998779296875,306.6925048828125,182.9149932861328,246.14500427246094,50.75,417.92999267578125,451.239990234375,240.7449951171875,295.439697265625,33.07699966430664,77.19000244140625,925.0900268554688,234.72000122070312,500.3500061035156,336.7699890136719,310.0,86.1449966430664,576.8300170898438,241.0850067138672,120.66999816894531,166.1199951171875,372.4100036621094,43.9901008605957,18.799999237060547,102.3499984741211,177.2200927734375,145.5500030517578,92.19000244140625,62.979000091552734,156.47999572753906,27.875,142.4199981689453,195.80999755859375,212.23500061035156,176.2899932861328,45.779998779296875,125.43499755859375,761.8300170898438,94.11499786376953,92.98500061035156,49.625,433.2349853515625,331.3299865722656,47.48500061035156,122.05999755859375,162.0500030517578,485.2300109863281,245.31500244140625,351.70001220703125,198.0,281.0899963378906,53.44499969482422,303.2250061035156,244.49000549316406,434.54998779296875,81.58000183105469,72.51000213623047,126.61000061035156,162.5050048828125
2026-04-06 19:30:00+00:00,258.8869934082031,206.69000244140625,244.3300018310547,352.6199951171875,220.19000244140625,342.55999755859375,212.7899932861328,43.0099983215332,314.2909851074219,305.75,50.064998626708984,155.3000030517578,176.1999969482422,60.70000076293945,959.25,62.58000183105469,117.3499984741211,326.8500061035156,275.6400146484375,308.5799865722656,33.5,184.1999969482422,131.6300048828125,1018.8250122070312,185.00999450683594,80.44000244140625,34.70000076293945,73.2699966430664,198.92999267578125,125.0,192.1199951171875,49.63999938964844,143.08999633789062,60.41999816894531,11.600000381469727,194.3300018310547,140.14999389648438,73.41999816894531,300.02899169921875,866.25,37.82500076293945,326.6300048828125,306.8699951171875,182.77000427246094,246.72999572753906,50.76499938964844,417.3399963378906,452.5799865722656,240.8800048828125,295.6000061035156,33.189998626708984,77.23999786376953,926.8099975585938,235.1999969482422,501.4800109863281,338.0299987792969,309.7401123046875,86.29000091552734,573.02001953125,241.33999633789062,120.8949966430664,166.52000427246094,372.8609924316406,44.029998779296875,18.834999084472656,102.43000030517578,177.63999938964844,145.5399932861328,92.13999938964844,62.959999084472656,156.72000122070312,27.84000015258789,142.72999572753906,196.3699951171875,213.11000061035156,177.32000732421875,45.47999954223633,125.7300033569336,763.22998046875,94.79000091552734,92.97000122070312,49.779998779296875,434.1300048828125,332.3699951171875,47.63999938964844,122.20500183105469,161.82000732421875,487.5899963378906,245.66000366210938,352.7900085449219,199.41000366210938,281.4200134277344,53.45000076293945,303.4800109863281,245.5399932861328,434.2699890136719,81.84500122070312,72.58999633789062,126.80000305175781,163.36000061035156
2026-04-07 13:30:00+00:00,247.6699981689453,201.85000610351562,240.85499572753906,350.3999938964844,218.33999633789062,338.3399963378906,210.59010314941406,43.5099983215332,324.6099853515625,305.50750732421875,50.1349983215332,154.875,173.33999633789062,60.880001068115234,958.2000122070312,61.29999923706055,116.8550033569336,328.8999938964844,275.0199890136719,310.80010986328125,33.005001068115234,182.22999572753906,133.07000732421875,1010.8800048828125,184.17999267578125,80.28500366210938,35.19499969482422,76.7249984741211,203.3800048828125,122.08999633789062,190.44000244140625,50.345001220703125,145.82000732421875,60.369998931884766,11.494999885559082,198.07000732421875,138.53500366210938,72.45500183105469,300.3500061035156,860.3599853515625,37.94499969482422,319.9599914550781,306.6300048828125,192.27000427246094,243.8699951171875,51.880001068115234,414.260009765625,451.6000061035156,238.6999969482422,295.8900146484375,33.57569885253906,76.97000122070312,909.8400268554688,231.14549255371094,499.2550048828125,334.885009765625,307.94500732421875,86.19499969482422,569.9349975585938,245.38999938964844,118.08000183105469,167.72999572753906,369.7349853515625,42.709999084472656,19.260000228881836,101.37999725341797,175.0800018310547,142.0449981689453,91.87999725341797,63.52000045776367,155.14999389648438,27.024999618530273,142.42999267578125,196.7100067138672,213.38999938964844,175.6199951171875,45.025001525878906,123.9000015258789,754.5499877929688,94.61499786376953,92.0,50.029998779296875,434.9700012207031,331.22369384765625,47.630001068115234,119.93000030517578,159.55999755859375,481.82501220703125,252.0800018310547,341.8599853515625,196.3249969482422,304.2300109863281,53.68000030517578,303.69000244140625,252.9199981689453,427.3500061035156,81.5,73.77999877929688,123.79000091552734,164.8350067138672
2026-04-07 14:30:00+00:00,247.82000732421875,202.18499755859375,240.2899932861328,348.6650085449219,218.0399932861328,337.8900146484375,210.16000366210938,43.459999084472656,326.3900146484375,304.17999267578125,50.04499816894531,154.875,173.16000366210938,60.82500076293945,953.5700073242188,61.16999816894531,116.33999633789062,328.3699951171875,276.2200012207031,311.06500244140625,32.709999084472656,181.86000061035156,132.86000061035156,1012.344970703125,183.41000366210938,80.20999908447266,35.244998931884766,78.13500213623047,203.11000061035156,121.0999984741211,188.92999267578125,50.39500045776367,146.0,60.58000183105469,11.439900398254395,198.5800018310547,138.1300048828125,71.83999633789062,300.57000732421875,859.719970703125,38.10499954223633,318.3949890136719,304.875,194.3800048828125,242.8300018310547,52.25600051879883,412.739990234375,449.7900085449219,237.75999450683594,295.5,33.7599983215332,76.25,919.3300170898438,230.47500610351562,497.45001220703125,333.1300048828125,306.0799865722656,86.28500366210938,566.6799926757812,245.6999969482422,117.44000244140625,167.35000610351562,368.114990234375,42.44710159301758,19.310199737548828,100.16000366210938,175.01010131835938,141.10000610351562,91.54000091552734,63.29999923706055,154.0399932861328,26.885000228881836,141.72000122070312,196.43499755859375,213.25,176.71499633789062,45.01499938964844,122.88999938964844,750.4249877929688,94.13500213623047,92.08999633789062,49.810001373291016,430.239990234375,330.2250061035156,47.41999816894531,119.2249984741211,158.94000244140625,481.1700134277344,253.55999755859375,339.0299987792969,197.17999267578125,305.94000244140625,53.29999923706055,302.25,252.9949951171875,426.3599853515625,81.32499694824219,74.49009704589844,123.05999755859375,164.36000061035156
2026-04-07 15:30:00+00:00,250.1699981689453,204.22999572753906,240.52000427246094,352.9800109863281,219.02999877929688,337.8399963378906,211.69000244140625,43.02000045776367,329.42999267578125,305.6499938964844,50.01499938964844,154.55999755859375,172.6699981689453,60.630001068115234,955.9600219726562,61.310001373291016,116.52999877929688,328.7300109863281,277.1600036621094,312.3800048828125,32.8849983215332,181.94000244140625,131.90499877929688,1012.1199951171875,184.19500732421875,80.71990203857422,34.869998931884766,78.55000305175781,201.60000610351562,122.1500015258789,189.9499969482422,49.86000061035156,144.97000122070312,60.52000045776367,11.53499984741211,197.7899932861328,138.3300018310547,72.5,302.8399963378906,859.385009765625,37.96500015258789,318.2300109863281,302.8299865722656,197.52499389648438,244.14999389648438,52.45989990234375,415.05999755859375,451.0799865722656,238.13999938964844,295.9599914550781,33.595001220703125,76.24500274658203,930.4000244140625,230.74000549316406,499.1449890136719,330.5299987792969,306.4700012207031,86.55999755859375,569.0050048828125,245.32000732421875,117.12000274658203,167.64999389648438,370.7099914550781,42.84000015258789,19.2450008392334,100.94999694824219,175.41000366210938,142.9199981689453,91.57499694824219,62.689998626708984,154.13999938964844,26.860000610351562,141.83999633789062,196.15499877929688,213.2100067138672,175.72500610351562,45.224998474121094,123.2300033569336,753.6099853515625,94.65499877929688,92.32099914550781,49.6150016784668,430.8349914550781,331.75,47.5123291015625,119.36000061035156,158.8300018310547,484.19000244140625,252.27999877929688,341.7550048828125,198.69500732421875,310.260009765625,53.39500045776367,302.875,252.14999389648438,428.9100036621094,81.33999633789062,74.1448974609375,123.41999816894531,163.36000061035156
2026-04-07 16:30:00+00:00,251.5850067138672,204.58999633789062,240.16000366210938,352.1300048828125,218.38999938964844,339.54998779296875,212.02000427246094,43.23139953613281,331.19000244140625,305.2300109863281,49.994998931884766,154.52999877929688,172.2100067138672,61.10499954223633,957.530029296875,61.334999084472656,116.69000244140625,328.30499267578125,275.4800109863281,311.8800048828125,32.89500045776367,182.17999267578125,131.8699951171875,1009.2949829101562,183.67999267578125,80.5531005859375,34.95500183105469,78.29000091552734,201.4499969482422,122.18000030517578,190.41990661621094,49.994998931884766,145.3300018310547,60.65999984741211,11.529999732971191,197.27499389648438,138.69000244140625,72.4800033569336,302.7300109863281,860.8300170898438,38.224998474121094,317.2099914550781,302.55499267578125,197.8300018310547,243.72500610351562,52.56999969482422,412.6300048828125,450.6600036621094,237.67999267578125,295.95989990234375,33.57500076293945,75.9480972290039,926.5599975585938,230.66000366210938,497.590087890625,329.2200012207031,306.010009765625,86.41000366210938,568.2999877929688,245.24000549316406,118.33999633789062,167.89999389648438,370.3172912597656,42.654998779296875,19.440000534057617,100.38500213623047,175.38999938964844,142.57000732421875,91.19000244140625,62.8650016784668,153.75,27.114999771118164,141.5,197.20570373535156,213.35000610351562,175.25999450683594,45.11000061035156,123.23999786376953,757.4249877929688,94.81999969482422,92.83000183105469,50.01499938964844,429.9800109863281,331.30999755859375,47.69499969482422,119.44999694824219,158.3699951171875,485.9750061035156,251.44500732421875,341.8595886230469,198.19000244140625,309.875,53.40999984741211,302.1600036621094,252.00999450683594,428.347900390625,81.55500030517578,74.33999633789062,122.875,163.0850067138672
2026-04-07 17:30:00+00:00,251.32000732421875,205.24000549316406,239.66000366210938,349.8599853515625,218.5198974609375,341.1650085449219,212.41000366210938,43.150001525878906,331.1099853515625,305.4649963378906,50.154998779296875,155.43499755859375,173.63499450683594,61.11920166015625,956.47998046875,61.720001220703125,117.06500244140625,327.42999267578125,276.5799865722656,311.67498779296875,32.89500045776367,181.64500427246094,131.47999572753906,1007.7000122070312,183.39999389648438,80.49500274658203,34.9900016784668,77.9749984741211,200.57000732421875,122.16000366210938,190.47999572753906,50.09000015258789,144.97500610351562,60.439998626708984,11.524999618530273,196.36000061035156,138.98500061035156,72.46499633789062,302.93499755859375,862.52001953125,38.404998779296875,317.3599853515625,301.7699890136719,199.16000366210938,243.64439392089844,52.23500061035156,411.0799865722656,450.1499938964844,239.61000061035156,296.6600036621094,33.435001373291016,76.02999877929688,930.135009765625,230.9499969482422,496.30999755859375,329.4800109863281,305.885009765625,86.87000274658203,568.7899780273438,244.2449951171875,118.45999908447266,168.07000732421875,370.24951171875,42.54999923706055,19.43000030517578,100.21499633789062,175.69960021972656,143.0449981689453,91.49500274658203,62.939998626708984,153.94000244140625,27.31999969482422,141.77000427246094,197.52499389648438,213.84500122070312,174.11099243164062,44.94499969482422,123.38500213623047,759.7349853515625,94.86000061035156,93.09500122070312,50.06999969482422,428.6099853515625,332.760009765625,47.779998779296875,119.58999633789062,158.17010498046875,487.1199951171875,250.7899932861328,342.510009765625,199.0500030517578,311.12811279296875,53.5,301.9200134277344,250.66000366210938,431.6300964355469,81.62999725341797,73.80000305175781,122.9375,162.3000030517578
2026-04-07 18:30:00+00:00,251.9550018310547,205.17010498046875,240.36000061035156,349.4800109863281,218.74009704589844,339.67999267578125,212.5800018310547,43.349998474121094,330.54998779296875,305.7850036621094,50.27000045776367,155.52000427246094,173.0800018310547,61.255001068115234,958.0900268554688,61.79999923706055,117.15499877929688,327.8949890136719,277.1099853515625,311.7699890136719,32.994998931884766,181.6300048828125,131.6999969482422,1009.9550170898438,183.5800018310547,80.5250015258789,35.060001373291016,77.91500091552734,201.27000427246094,121.69499969482422,190.875,50.189998626708984,145.4499969482422,60.755001068115234,11.53499984741211,196.47500610351562,138.38499450683594,72.46499633789062,302.9599914550781,863.27001953125,38.665000915527344,317.0799865722656,301.239990234375,198.69500732421875,244.50999450683594,52.2504997253418,410.2900085449219,450.5249938964844,238.6699981689453,297.1300048828125,33.404998779296875,75.94999694824219,926.4749755859375,230.6925048828125,497.8599853515625,328.8599853515625,305.0450134277344,86.81999969482422,569.27001953125,245.10000610351562,118.70999908447266,168.0198974609375,370.8500061035156,42.78070068359375,19.594999313354492,100.33999633789062,176.2899932861328,142.91000366210938,91.52999877929688,63.310001373291016,153.0800018310547,27.19499969482422,141.24000549316406,197.67999267578125,214.53500366210938,174.14999389648438,44.970001220703125,123.48999786376953,754.8150024414062,94.76000213623047,93.12999725341797,50.29999923706055,429.2900085449219,332.5799865722656,48.02000045776367,119.4800033569336,157.9199981689453,488.57000732421875,251.16000366210938,342.2829895019531,199.13999938964844,308.4150085449219,53.60499954223633,302.20001220703125,251.4600067138672,430.5799865722656,81.7699966430664,74.05999755859375,122.55989837646484,163.02999877929688
2026-04-07 19:30:00+00:00,253.49000549316406,206.3800048828125,240.1300048828125,354.2799987792969,221.42999267578125,339.9949951171875,213.77999877929688,42.97999954223633,333.8500061035156,307.1000061035156,50.29999923706055,154.97000122070312,173.44000244140625,61.25,958.2899780273438,61.86000061035156,117.12999725341797,327.3599853515625,274.25,310.5400085449219,33.06999969482422,180.77000427246094,131.77000427246094,1013.2100219726562,182.99000549316406,80.69999694824219,34.935001373291016,78.20999908447266,201.50999450683594,121.20999908447266,191.05999755859375,49.95000076293945,144.24000549316406,60.689998626708984,11.53499984741211,195.49000549316406,138.85000610351562,72.7699966430664,305.45001220703125,864.47998046875,38.720001220703125,318.760009765625,302.0799865722656,197.1699981689453,245.07000732421875,52.93000030517578,410.1499938964844,452.95001220703125,238.44000244140625,297.4200134277344,33.29999923706055,75.91999816894531,930.9099731445312,231.69000244140625,498.2799987792969,330.92999267578125,304.8900146484375,86.41999816894531,574.9099731445312,245.6300048828125,119.3499984741211,168.41000366210938,372.2699890136719,42.70000076293945,19.56999969482422,100.54000091552734,178.09500122070312,143.1699981689453,91.36499786376953,62.91999816894531,153.2100067138672,27.114999771118164,141.27999877929688,196.8699951171875,213.9600067138672,174.6999969482422,44.869998931884766,124.02999877929688,759.8400268554688,95.22000122070312,93.33000183105469,50.375,430.04998779296875,332.17498779296875,47.83000183105469,119.52999877929688,157.6199951171875,489.32000732421875,251.0,346.55999755859375,199.72000122070312,307.7200012207031,53.70000076293945,302.5400085449219,251.47999572753906,431.70001220703125,81.75,74.04000091552734,122.51000213623047,163.8300018310547
2026-04-08 13:30:00+00:00,258.1300048828125,208.6300048828125,244.00999450683594,385.7149963378906,229.8291015625,345.4224853515625,221.2899932861328,38.189998626708984,346.5899963378906,319.4049987792969,51.654998779296875,158.5050048828125,183.19000244140625,62.310001373291016,1014.2999877929688,62.82500076293945,123.16999816894531,326.7300109863281,273.239990234375,303.1000061035156,34.04499816894531,192.1300048828125,123.66790008544922,1015.9199829101562,183.02740478515625,82.22000122070312,33.02000045776367,77.94609832763672,190.07000732421875,123.0,195.9149932861328,47.19499969482422,137.19000244140625,59.79999923706055,12.095000267028809,184.97500610351562,139.7449951171875,76.74500274658203,316.9700012207031,903.4500122070312,37.4900016784668,337.17999267578125,315.8299865722656,197.27999877929688,245.94500732421875,57.2599983215332,402.0199890136719,470.54998779296875,236.64999389648438,307.4800109863281,32.43000030517578,76.20999908447266,947.739990234375,245.1999969482422,508.0899963378906,348.760009765625,305.5400085449219,87.42749786376953,596.47998046875,232.8699951171875,120.13999938964844,176.47999572753906,378.69500732421875,43.66999816894531,19.059999465942383,101.95999908447266,181.8000030517578,145.4199981689453,92.56999969482422,58.06999969482422,152.97999572753906,27.079999923706055,143.81500244140625,198.43499755859375,220.58999633789062,166.25999450683594,46.060001373291016,127.36000061035156,762.4400024414062,96.58999633789062,96.2750015258789,51.814998626708984,438.2300109863281,338.1650085449219,49.505001068115234,121.55999755859375,160.27000427246094,502.9100036621094,239.67999267578125,347.860107421875,207.5800018310547,306.4949951171875,55.25,309.3500061035156,238.02499389648438,437.3800048828125,84.83000183105469,71.80500030517578,124.30500030517578,153.9600067138672
2026-04-08 14:30:00+00:00,257.510009765625,210.38499450683594,242.86500549316406,384.0249938964844,231.09500122070312,347.2799987792969,220.88999938964844,38.439998626708984,348.32501220703125,315.6549987792969,51.41999816894531,156.78500366210938,182.85000610351562,62.54999923706055,1010.1849975585938,62.35499954223633,122.02999877929688,327.42498779296875,273.5,302.5050048828125,34.1349983215332,190.8300018310547,123.56999969482422,1022.5499877929688,182.02999877929688,82.0199966430664,32.869998931884766,78.11580657958984,189.72999572753906,122.2300033569336,195.80999755859375,47.0099983215332,137.375,59.41999816894531,12.12600040435791,184.41000366210938,139.86500549316406,76.16000366210938,316.7099914550781,895.27001953125,37.084999084472656,335.6099853515625,314.739990234375,197.5,243.3000030517578,57.2400016784668,401.69000244140625,470.18499755859375,238.47999572753906,305.5249938964844,32.459999084472656,76.62999725341797,954.0,243.02000427246094,508.2300109863281,348.05999755859375,303.9551086425781,87.69999694824219,593.1799926757812,230.78500366210938,121.66500091552734,174.5225067138672,377.42999267578125,43.29999923706055,19.09000015258789,101.0,181.3000030517578,144.24000549316406,92.44499969482422,58.75,153.44500732421875,26.989999771118164,144.01499938964844,198.16000366210938,219.27999877929688,166.1750030517578,46.06769943237305,126.49500274658203,766.22998046875,96.48999786376953,95.36000061035156,51.709999084472656,439.3399963378906,337.1499938964844,49.19499969482422,121.26000213623047,159.75,501.010009765625,239.97000122070312,345.8900146484375,207.58009338378906,305.614990234375,54.83000183105469,309.29998779296875,238.7899932861328,439.7699890136719,84.37999725341797,71.9000015258789,125.36499786376953,154.19000244140625
2026-04-08 15:30:00+00:00,257.4280090332031,210.9550018310547,243.42999267578125,384.7850036621094,231.35000610351562,349.79998779296875,221.9250030517578,38.290000915527344,348.5400085449219,315.2799987792969,51.79499816894531,156.8350067138672,182.61000061035156,62.939998626708984,1008.2100219726562,62.19499969482422,123.0,328.6099853515625,274.7850036621094,303.0199890136719,34.03499984741211,191.4949951171875,124.16999816894531,1023.9000244140625,183.19500732421875,82.36499786376953,32.97999954223633,78.54000091552734,190.36000061035156,122.44499969482422,196.44000244140625,47.150001525878906,137.5,59.41999816894531,12.1003999710083,183.92999267578125,140.75999450683594,76.07499694824219,318.6300048828125,900.7999877929688,37.30229949951172,336.260009765625,315.7799987792969,197.88999938964844,243.08999633789062,58.09000015258789,403.3550109863281,467.4100036621094,239.32000732421875,307.090087890625,32.52000045776367,76.71499633789062,957.7449951171875,243.7899932861328,510.260009765625,348.05999755859375,304.2900085449219,87.99500274658203,621.3400268554688,230.00999450683594,122.2699966430664,175.60000610351562,378.0299987792969,43.224998474121094,19.1200008392334,100.90989685058594,181.4499969482422,144.57000732421875,92.66999816894531,58.84000015258789,153.5500030517578,27.125,144.84010314941406,197.7100067138672,219.6999969482422,165.92999267578125,46.130001068115234,126.66999816894531,774.7550048828125,96.5199966430664,95.8499984741211,51.7599983215332,440.0849914550781,338.2900085449219,49.404998779296875,121.7249984741211,160.7899932861328,501.739990234375,239.85000610351562,346.9400939941406,207.4600067138672,307.2799987792969,55.01250076293945,309.0249938964844,236.98500061035156,440.1600036621094,84.6802978515625,72.01000213623047,125.44000244140625,153.7100067138672
2026-04-08 16:30:00+00:00,257.510009765625,210.9499969482422,242.0449981689453,384.4599914550781,232.12989807128906,350.1499938964844,221.8000030517578,38.45000076293945,349.739990234375,315.66009521484375,51.69940185546875,156.49000549316406,181.25999450683594,63.060001373291016,1004.594970703125,62.25,123.0250015258789,329.5899963378906,274.5899963378906,301.2699890136719,33.959999084472656,191.08999633789062,124.4000015258789,1023.9199829101562,181.1699981689453,82.3550033569336,33.099998474121094,78.40499877929688,190.35000610351562,122.82499694824219,196.4250030517578,47.35499954223633,137.6699981689453,59.724998474121094,12.159899711608887,184.81210327148438,140.94500732421875,76.0999984741211,318.0950012207031,898.7490844726562,37.505001068115234,335.239990234375,316.5299987792969,197.2899932861328,241.6699981689453,58.57500076293945,399.0799865722656,462.75,239.72999572753906,306.7200012207031,32.71500015258789,76.79499816894531,956.7949829101562,243.75,511.239990234375,349.3299865722656,304.82501220703125,88.08999633789062,622.4099731445312,229.5399932861328,123.04499816894531,175.25999450683594,376.760009765625,42.90999984741211,19.104999542236328,99.66010284423828,181.44500732421875,145.14999389648438,92.63999938964844,59.064998626708984,153.72000122070312,27.21500015258789,144.55999755859375,197.67999267578125,219.11000061035156,166.26499938964844,46.119998931884766,125.88999938964844,772.9299926757812,96.45500183105469,95.83999633789062,51.869998931884766,437.3500061035156,336.8800048828125,49.165000915527344,121.76499938964844,160.92999267578125,501.6300048828125,240.4199981689453,347.4649963378906,206.6699981689453,307.010009765625,54.939998626708984,309.6199951171875,237.42999267578125,439.6400146484375,84.56999969482422,72.44000244140625,125.80500030517578,154.35000610351562
2026-04-08 17:30:00+00:00,257.239990234375,210.75,240.64999389648438,384.77099609375,232.36000061035156,349.45001220703125,221.76559448242188,38.369998931884766,351.3598937988281,316.1600036621094,51.810001373291016,156.5399932861328,182.35499572753906,63.08000183105469,1005.489990234375,62.53499984741211,123.4000015258789,330.9599914550781,275.57989501953125,303.45001220703125,33.85499954223633,191.75999450683594,124.2699966430664,1024.1300048828125,179.60000610351562,82.80500030517578,33.1150016784668,78.70500183105469,190.47000122070312,123.0999984741211,196.8240966796875,47.345001220703125,137.8000030517578,59.69499969482422,12.21500015258789,185.50999450683594,140.7899932861328,76.50499725341797,318.260009765625,901.0,37.48500061035156,335.75,316.6499938964844,198.8000030517578,241.80169677734375,58.6150016784668,396.42999267578125,463.9624938964844,239.85000610351562,307.2099914550781,32.72999954223633,76.83499908447266,957.010009765625,244.5,510.19000244140625,348.6600036621094,306.2699890136719,88.4000015258789,616.6140747070312,230.3699951171875,123.04830169677734,176.11500549316406,374.3999938964844,43.01499938964844,19.139999389648438,98.43009948730469,181.70030212402344,144.29550170898438,92.68000030517578,59.13999938964844,153.69000244140625,27.259899139404297,144.73500061035156,197.49000549316406,219.75,166.5,45.880001068115234,126.44999694824219,771.3499755859375,96.42500305175781,96.25,51.685001373291016,438.30999755859375,338.7699890136719,49.33000183105469,122.36000061035156,161.56500244140625,503.5899963378906,240.32000732421875,343.614990234375,207.9499969482422,306.1700134277344,55.10499954223633,309.29998779296875,238.0800018310547,439.79998779296875,84.7699966430664,72.63999938964844,126.5199966430664,153.77999877929688
2026-04-08 18:30:00+00:00,257.20001220703125,211.0,238.5449981689453,383.2699890136719,230.66000366210938,348.2799987792969,220.34080505371094,39.290000915527344,350.1300048828125,315.2799987792969,51.790000915527344,156.58999633789062,180.6999969482422,63.310001373291016,1004.9597778320312,62.46500015258789,122.87000274658203,331.2200012207031,275.3999938964844,303.6700134277344,33.76499938964844,191.32000732421875,125.7699966430664,1025.800048828125,176.375,82.86499786376953,33.53499984741211,78.55999755859375,192.91000366210938,122.22000122070312,195.88999938964844,47.97999954223633,139.13999938964844,60.224998474121094,12.169899940490723,186.74000549316406,140.68499755859375,76.29000091552734,317.0400085449219,898.8399047851562,37.875,334.44500732421875,316.44500732421875,197.8249969482422,242.07000732421875,58.43299865722656,388.0,460.9599914550781,240.5500030517578,306.9549865722656,32.959999084472656,77.0,948.9000244140625,243.5500030517578,508.69000244140625,347.4100036621094,307.15179443359375,88.33000183105469,610.1900024414062,232.3699951171875,123.22000122070312,175.69000244140625,371.4700012207031,42.8650016784668,19.264999389648438,97.1500015258789,181.7050018310547,143.29100036621094,92.51000213623047,59.89500045776367,153.85000610351562,27.3700008392334,144.61000061035156,197.64999389648438,219.4199981689453,168.6300048828125,45.69900131225586,126.61000061035156,769.7249755859375,96.43000030517578,96.30999755859375,52.11000061035156,436.3299865722656,338.0924987792969,49.255001068115234,122.40499877929688,161.1199951171875,501.92498779296875,244.05999755859375,341.5480041503906,207.64500427246094,305.70001220703125,55.09000015258789,308.4750061035156,241.0,439.3338928222656,84.48999786376953,73.07499694824219,126.62999725341797,155.8800048828125
2026-04-08 19:30:00+00:00,258.92999267578125,211.6699981689453,239.30999755859375,385.6199951171875,231.87899780273438,349.82000732421875,221.25,38.75,350.6400146484375,316.489990234375,51.89500045776367,157.0800018310547,181.0449981689453,63.18000030517578,1001.5800170898438,62.56999969482422,123.51000213623047,332.69000244140625,277.55999755859375,302.75,33.790000915527344,192.42999267578125,125.2300033569336,1030.3599853515625,176.35000610351562,83.70999908447266,33.470001220703125,78.75,192.88999938964844,123.05999755859375,196.24000549316406,47.92499923706055,139.05999755859375,60.189998626708984,12.194999694824219,186.49000549316406,141.52000427246094,76.75,317.25,905.52001953125,37.79999923706055,336.1400146484375,317.2900085449219,198.39999389648438,241.77999877929688,58.970001220703125,389.75,462.1400146484375,241.27999877929688,308.010009765625,32.96500015258789,77.31500244140625,953.3099975585938,243.6699981689453,507.20001220703125,348.5899963378906,307.05999755859375,88.6500015258789,612.6900024414062,231.97999572753906,123.22000122070312,176.05999755859375,374.29998779296875,43.119998931884766,19.149999618530273,97.48999786376953,182.10000610351562,143.7100067138672,93.05999755859375,59.7599983215332,154.7899932861328,27.475000381469727,144.9199981689453,198.0500030517578,220.8000030517578,168.02999877929688,45.849998474121094,127.51000213623047,775.5499877929688,97.22000122070312,96.72000122070312,51.88999938964844,436.989990234375,339.92999267578125,49.310001373291016,123.12000274658203,161.64999389648438,503.5199890136719,243.83999633789062,343.239990234375,208.91000366210938,305.8900146484375,55.369998931884766,308.94000244140625,239.6199951171875,443.7300109863281,84.66999816894531,73.0199966430664,127.29000091552734,156.22999572753906
2026-04-09 13:30:00+00:00,257.8399963378906,210.6699981689453,231.17999267578125,392.989990234375,232.3800048828125,354.1400146484375,224.5800018310547,39.48500061035156,353.0799865722656,313.010009765625,52.060001373291016,156.15499877929688,175.5449981689453,64.19000244140625,986.639892578125,60.9900016784668,123.01000213623047,334.1600036621094,277.7049865722656,302.3800048828125,33.68000030517578,192.25999450683594,127.12999725341797,1032.2449951171875,170.06500244140625,83.23999786376953,34.119998931884766,78.61499786376953,195.8000030517578,119.22000122070312,192.0800018310547,48.81999969482422,140.32000732421875,60.39500045776367,12.015000343322754,190.33999633789062,140.7899932861328,75.80000305175781,311.7200012207031,898.4349975585938,38.11000061035156,332.8374938964844,317.5249938964844,197.4499969482422,236.71499633789062,60.61000061035156,370.2449951171875,455.6199951171875,243.21499633789062,308.2300109863281,33.584999084472656,77.80509948730469,947.9349975585938,242.3000030517578,501.6094970703125,346.94000244140625,308.0400085449219,87.83499908447266,625.4949951171875,232.1999969482422,122.52999877929688,175.4250030517578,367.55999755859375,43.31010055541992,19.559999465942383,92.33499908447266,181.625,138.25999450683594,93.58499908447266,60.3849983215332,156.66000366210938,27.385000228881836,145.05999755859375,198.52000427246094,220.7899932861328,168.6699981689453,45.369998931884766,128.19000244140625,763.5850219726562,97.12999725341797,96.56999969482422,52.20000076293945,420.30499267578125,336.3450012207031,49.64500045776367,122.32499694824219,163.44000244140625,497.70001220703125,249.80999755859375,339.8399963378906,213.7550048828125,306.8999938964844,55.45500183105469,305.1300048828125,243.77000427246094,439.44000244140625,84.88999938964844,74.3499984741211,128.5,158.5399932861328
2026-04-09 14:30:00+00:00,257.54998779296875,211.3800048828125,228.91000366210938,393.3699951171875,234.385498046875,354.8699951171875,229.36000061035156,39.314998626708984,354.99749755859375,313.79998779296875,52.15999984741211,156.25999450683594,174.05999755859375,63.869998931884766,988.3350219726562,60.810001373291016,123.61499786376953,333.1400146484375,277.0874938964844,302.55499267578125,33.68000030517578,193.4250030517578,126.6050033569336,1029.3199462890625,168.6999969482422,82.81500244140625,34.060001373291016,78.63999938964844,194.13999938964844,118.53500366210938,192.1999969482422,48.744998931884766,139.50999450683594,60.33000183105469,12.125,189.86000061035156,141.47000122070312,76.4800033569336,315.2650146484375,899.2650146484375,37.91999816894531,333.3900146484375,316.3399963378906,196.6750030517578,235.09500122070312,60.429901123046875,365.3999938964844,453.87750244140625,242.35499572753906,308.6400146484375,33.29999923706055,77.71990203857422,954.3099975585938,242.71499633789062,500.510009765625,345.75,308.0,87.36000061035156,629.5999755859375,231.1999969482422,122.20999908447266,176.11880493164062,368.8699951171875,43.279998779296875,19.684999465942383,90.98500061035156,182.8350067138672,139.17999267578125,93.66000366210938,60.314998626708984,156.43499755859375,27.315000534057617,145.4499969482422,198.24000549316406,221.69000244140625,167.8699951171875,45.30500030517578,127.41999816894531,763.4099731445312,96.41500091552734,96.76000213623047,52.665000915527344,419.6000061035156,336.0849914550781,49.79499816894531,121.94999694824219,163.25,496.3800048828125,248.75,340.2300109863281,214.33999633789062,306.07501220703125,55.810001373291016,304.8299865722656,243.9499969482422,439.7900085449219,85.25,74.17500305175781,128.52000427246094,157.8800048828125
2026-04-09 15:30:00+00:00,259.1199951171875,212.39999389648438,229.49000549316406,395.2099914550781,235.32989501953125,356.510009765625,231.77000427246094,38.09000015258789,358.0799865722656,316.5556945800781,52.65999984741211,157.0500030517578,176.98500061035156,63.369998931884766,998.7000122070312,61.459999084472656,124.44000244140625,334.5,277.5950012207031,302.8999938964844,34.26499938964844,195.5,124.24490356445312,1032.2049560546875,168.10000610351562,83.15499877929688,33.34000015258789,79.08999633789062,190.95509338378906,119.41560363769531,194.38499450683594,47.685001373291016,136.1300048828125,59.880001068115234,12.225000381469727,185.60499572753906,142.24000549316406,77.09500122070312,318.739990234375,905.1699829101562,37.54499816894531,336.8800048828125,321.3999938964844,197.3542938232422,236.3699951171875,60.474998474121094,363.4750061035156,458.67999267578125,242.9499969482422,310.6600036621094,32.939998626708984,77.95999908447266,957.4600219726562,245.88999938964844,504.4800109863281,351.2300109863281,309.760009765625,88.18000030517578,634.9949951171875,225.38999938964844,122.8499984741211,178.07009887695312,371.30999755859375,43.82500076293945,19.56999969482422,90.48919677734375,183.53500366210938,138.68499755859375,94.02999877929688,58.779998779296875,157.14999389648438,27.450000762939453,146.2550048828125,199.4499969482422,223.64999389648438,163.8699951171875,45.7400016784668,127.94999694824219,765.010009765625,96.5199966430664,97.63999938964844,52.39500045776367,423.1050109863281,339.489990234375,50.275001525878906,122.56999969482422,163.9600067138672,502.75,244.82000732421875,347.9585876464844,214.8000030517578,306.82000732421875,56.404998779296875,308.80499267578125,236.08999633789062,442.1600036621094,85.94000244140625,73.19999694824219,129.3300018310547,154.67999267578125
2026-04-09 16:30:00+00:00,260.05499267578125,213.08999633789062,228.8800048828125,396.0400085449219,234.19000244140625,358.82000732421875,231.4250030517578,38.165000915527344,356.70001220703125,317.19000244140625,52.73500061035156,156.75,176.2100067138672,63.20000076293945,1004.739990234375,61.27000045776367,124.6449966430664,335.7550048828125,278.375,300.9549865722656,34.314998626708984,195.23500061035156,123.86000061035156,1034.925048828125,168.3699951171875,82.6500015258789,33.529998779296875,79.05999755859375,189.7899932861328,119.93000030517578,194.3800048828125,47.959999084472656,135.83590698242188,59.525001525878906,12.229999542236328,186.9949951171875,142.6300048828125,77.25,319.0199890136719,907.3400268554688,37.28499984741211,338.69500732421875,322.45989990234375,198.53500366210938,236.58009338378906,60.58000183105469,360.6099853515625,458.1000061035156,243.55499267578125,310.3500061035156,32.82500076293945,78.05999755859375,962.2100219726562,247.34500122070312,505.1200866699219,352.5849914550781,310.5799865722656,88.36499786376953,631.0999755859375,222.75999450683594,123.11000061035156,178.21890258789062,371.875,43.959999084472656,19.559999465942383,90.06999969482422,183.4600067138672,137.77999877929688,94.23999786376953,58.595001220703125,157.8300018310547,27.415000915527344,146.6649932861328,200.1999969482422,223.7899932861328,161.58999633789062,45.83000183105469,127.33000183105469,767.3200073242188,96.45999908447266,97.81500244140625,52.29499816894531,418.2300109863281,338.3299865722656,50.48500061035156,123.05500030517578,164.11000061035156,503.9750061035156,243.63250732421875,347.7300109863281,215.32000732421875,306.1600036621094,56.45000076293945,309.18499755859375,234.28500366210938,443.2099914550781,85.94999694824219,72.66500091552734,129.61000061035156,154.6999969482422
2026-04-09 17:30:00+00:00,259.625,212.75999450683594,227.82000732421875,394.67498779296875,235.1685028076172,356.80499267578125,231.64999389648438,38.505001068115234,355.510009765625,317.2300109863281,52.755001068115234,156.16000366210938,175.43499755859375,63.310001373291016,1002.77001953125,61.14500045776367,124.66999816894531,335.5091857910156,278.3399963378906,302.0400085449219,34.435001373291016,194.75,124.2699966430664,1034.5999755859375,169.2100067138672,83.0250015258789,33.5,79.23500061035156,190.9600067138672,119.54000091552734,194.1699981689453,47.935001373291016,136.44000244140625,59.779998779296875,12.199999809265137,187.63999938964844,142.38999938964844,76.62999725341797,318.1000061035156,907.10498046875,37.48500061035156,338.67999267578125,322.7749938964844,198.72999572753906,235.97500610351562,60.46500015258789,356.42999267578125,457.1499938964844,243.0500030517578,310.5350036621094,32.939998626708984,78.08499908447266,957.989990234375,247.22000122070312,504.07000732421875,352.4200134277344,310.8699951171875,88.22000122070312,628.1300048828125,224.47999572753906,123.05999755859375,178.10000610351562,369.57000732421875,43.93000030517578,19.59000015258789,89.23999786376953,183.10000610351562,136.1699981689453,94.43000030517578,58.744998931884766,157.77499389648438,27.375,146.66000366210938,199.9550018310547,223.85000610351562,162.52000427246094,45.849998474121094,127.3207015991211,764.6799926757812,96.88999938964844,97.38999938964844,52.505001068115234,422.4200134277344,337.9599914550781,50.474998474121094,123.43499755859375,164.3800048828125,501.4200134277344,244.4949951171875,345.69500732421875,214.8800048828125,306.7749938964844,56.32500076293945,308.19000244140625,236.48500061035156,442.4700012207031,85.91999816894531,72.9800033569336,129.4199981689453,155.24000549316406
2026-04-09 18:30:00+00:00,260.05999755859375,212.7550048828125,229.4300994873047,397.7850036621094,236.58999633789062,355.4574890136719,232.35000610351562,38.85499954223633,353.7550048828125,317.5450134277344,52.68000030517578,156.16000366210938,176.4949951171875,63.654998779296875,1003.02001953125,61.16999816894531,125.0199966430664,334.55999755859375,278.9800109863281,301.42498779296875,34.349998474121094,194.66000366210938,124.16000366210938,1033.3699951171875,170.36749267578125,83.34500122070312,33.5099983215332,79.13500213623047,191.41000366210938,119.94999694824219,193.8300018310547,47.974998474121094,136.6999969482422,59.5,12.234999656677246,187.1699981689453,142.40499877929688,76.78500366210938,318.4599914550781,907.9299926757812,37.6599006652832,339.80999755859375,322.635009765625,198.57000732421875,235.77000427246094,61.43000030517578,358.30999755859375,455.614990234375,241.42999267578125,310.6199951171875,32.92499923706055,78.08499908447266,956.5999755859375,248.3300018310547,504.6098937988281,353.0299987792969,310.19000244140625,88.26499938964844,629.0999755859375,224.61000061035156,122.5999984741211,178.6300048828125,372.2699890136719,43.97999954223633,19.625,89.22969818115234,183.64500427246094,136.85000610351562,94.37010192871094,58.845001220703125,157.3249969482422,27.21500015258789,146.61000061035156,199.51499938964844,223.4550018310547,161.9199981689453,45.94499969482422,127.46499633789062,768.4400024414062,97.01000213623047,97.31999969482422,52.744998931884766,423.3599853515625,337.94000244140625,50.46099853515625,123.5999984741211,165.08999633789062,503.82281494140625,245.30999755859375,345.6000061035156,215.10000610351562,306.5299987792969,56.35499954223633,308.3999938964844,237.46499633789062,445.2799987792969,85.94499969482422,72.98999786376953,129.3300018310547,155.9949951171875
2026-04-09 19:30:00+00:00,260.3900146484375,212.4199981689453,229.94000244140625,397.70001220703125,236.63999938964844,355.6099853515625,233.64999389648438,38.970001220703125,354.9100036621094,317.760009765625,52.70000076293945,155.44000244140625,176.64999389648438,63.40999984741211,1001.6099853515625,61.26499938964844,124.93000030517578,332.92999267578125,278.42999267578125,298.8800048828125,34.25,194.77000427246094,123.45999908447266,1032.1600341796875,170.82000732421875,83.18000030517578,33.46500015258789,78.81999969482422,190.38999938964844,119.69999694824219,192.89500427246094,47.88999938964844,136.60000610351562,59.47999954223633,12.244999885559082,186.2899932861328,142.08999633789062,76.72000122070312,318.45001220703125,903.739990234375,37.66999816894531,339.6000061035156,322.510009765625,197.30999755859375,237.1300048828125,61.68000030517578,361.6600036621094,454.9200134277344,241.27999877929688,310.3299865722656,32.959999084472656,78.17500305175781,955.1799926757812,247.82000732421875,503.6400146484375,352.94000244140625,309.5400085449219,87.87999725341797,628.25,223.47000122070312,122.66000366210938,178.16000366210938,373.010009765625,43.9900016784668,19.600000381469727,89.7699966430664,183.85000610351562,137.8300018310547,94.38999938964844,58.52000045776367,157.47000122070312,27.204999923706055,146.63999938964844,199.8800048828125,223.22000122070312,161.0399932861328,45.970001220703125,127.73999786376953,767.260009765625,96.91999816894531,97.2699966430664,52.540000915527344,424.2200012207031,339.04998779296875,50.470001220703125,124.01000213623047,165.0,500.5299987792969,244.80999755859375,345.5899963378906,214.9199981689453,307.04998779296875,56.31999969482422,308.2099914550781,235.0,446.7699890136719,86.01000213623047,72.81999969482422,129.13999938964844,155.02000427246094
2026-04-10 13:30:00+00:00,261.56500244140625,211.32000732421875,226.24000549316406,404.6449890136719,246.16000366210938,354.7250061035156,239.03379821777344,38.4900016784668,373.2349853515625,315.5899963378906,52.64500045776367,155.7375030517578,175.39999389648438,62.79999923706055,1002.1900024414062,61.58000183105469,124.8499984741211,327.9150085449219,276.739990234375,297.9750061035156,34.27000045776367,193.39500427246094,122.06500244140625,1009.2199096679688,165.3300018310547,82.25,32.97999954223633,78.97000122070312,187.17999267578125,115.55500030517578,192.35000610351562,47.19499969482422,135.11500549316406,58.40999984741211,12.240099906921387,186.75250244140625,140.97999572753906,77.05500030517578,319.42999267578125,904.2550048828125,37.474998474121094,339.885009765625,324.1099853515625,198.11500549316406,235.00750732421875,62.76499938964844,347.75,452.0450134277344,239.19500732421875,309.42498779296875,32.59000015258789,78.04499816894531,943.625,247.57000732421875,501.4800109863281,355.739990234375,307.38519287109375,87.87999725341797,635.2899780273438,218.7100067138672,121.72000122070312,176.80499267578125,372.95001220703125,43.17499923706055,19.645000457763672,83.2249984741211,187.8249969482422,136.53500366210938,93.25499725341797,57.89500045776367,157.63999938964844,27.135000228881836,146.07000732421875,197.22999572753906,222.25,158.01499938964844,45.76499938964844,130.1699981689453,761.510009765625,97.08999633789062,95.0999984741211,52.750301361083984,419.739990234375,342.9649963378906,50.36000061035156,122.87000274658203,161.99989318847656,501.8699951171875,239.4949951171875,346.55010986328125,215.13999938964844,308.8699951171875,56.040000915527344,306.4200134277344,232.47999572753906,444.5799865722656,85.68000030517578,71.91000366210938,127.25,152.6999969482422
2026-04-10 14:30:00+00:00,261.2900085449219,210.0500030517578,225.50999450683594,404.29998779296875,248.4600067138672,352.6499938964844,239.30999755859375,38.64929962158203,375.875,314.3800048828125,52.55500030517578,154.89500427246094,172.7050018310547,62.83000183105469,995.5349731445312,61.45000076293945,124.94999694824219,328.2200012207031,274.9599914550781,295.0899963378906,34.119998931884766,192.3800048828125,122.03500366210938,1001.72998046875,164.8699951171875,82.41999816894531,33.174800872802734,78.83000183105469,187.2449951171875,116.8499984741211,191.05999755859375,47.51499938964844,135.3699951171875,58.724998474121094,12.154999732971191,187.28500366210938,140.33999633789062,76.57499694824219,318.4277038574219,903.3161010742188,37.59000015258789,337.7099914550781,321.57000732421875,196.71499633789062,234.93499755859375,62.96500015258789,345.7799987792969,451.7900085449219,239.72000122070312,309.2099914550781,32.66999816894531,77.83499908447266,938.9949951171875,245.63999938964844,497.4599914550781,353.9599914550781,306.2749938964844,87.38999938964844,630.3800048828125,219.76499938964844,121.72000122070312,176.72500610351562,372.17999267578125,43.31999969482422,19.559999465942383,82.25,189.47999572753906,138.94500732421875,92.70999908447266,58.130001068115234,157.0800018310547,26.9950008392334,145.44000244140625,195.62750244140625,221.98500061035156,158.39500427246094,45.30500030517578,129.13999938964844,744.969970703125,96.33999633789062,94.45500183105469,52.53499984741211,413.7200012207031,339.0950012207031,50.03499984741211,122.63999938964844,161.39999389648438,499.7799987792969,241.42999267578125,345.55999755859375,214.27000427246094,309.0299987792969,55.98500061035156,305.32000732421875,234.4199981689453,437.5799865722656,85.4749984741211,72.17500305175781,126.81999969482422,152.94000244140625
2026-04-10 15:30:00+00:00,260.53509521484375,210.17999267578125,226.1999969482422,403.1000061035156,244.60000610351562,351.9200134277344,237.9250030517578,38.84510040283203,371.0799865722656,313.67498779296875,52.52000045776367,154.35499572753906,172.88499450683594,62.810001373291016,995.75,61.27000045776367,124.4749984741211,329.7149963378906,273.2900085449219,295.8699951171875,34.0099983215332,191.8000030517578,122.44000244140625,1002.7999877929688,165.32000732421875,82.39250183105469,33.52000045776367,78.66000366210938,187.3699951171875,116.51000213623047,190.35000610351562,47.959999084472656,136.0399932861328,58.85499954223633,12.095000267028809,188.63999938964844,140.56500244140625,76.2249984741211,317.3399963378906,901.0449829101562,37.650001525878906,336.19000244140625,321.1400146484375,195.35000610351562,232.9250030517578,62.43000030517578,346.0350036621094,450.20001220703125,239.36000061035156,308.885009765625,32.80500030517578,77.71710205078125,940.5,245.1999969482422,497.31500244140625,353.55499267578125,305.57501220703125,87.38999938964844,627.9400024414062,221.0800018310547,121.72000122070312,176.44000244140625,372.19000244140625,42.8650016784668,19.4950008392334,83.61000061035156,188.45469665527344,139.72999572753906,93.05999755859375,58.30500030517578,156.74000549316406,26.993600845336914,145.5850067138672,195.92999267578125,222.1199951171875,159.30999755859375,45.10499954223633,129.22999572753906,748.2025146484375,96.16000366210938,94.40950012207031,51.900001525878906,414.2099914550781,337.489990234375,49.939998626708984,122.44999694824219,161.46499633789062,499.30499267578125,242.94000244140625,344.0199890136719,214.66000366210938,308.0899963378906,55.84000015258789,304.25,235.75999450683594,436.7900085449219,85.4800033569336,72.375,127.12000274658203,152.94000244140625
2026-04-10 16:30:00+00:00,259.239990234375,208.8647003173828,225.0850067138672,402.2699890136719,245.45750427246094,352.24749755859375,238.63999938964844,38.810001373291016,371.44000244140625,314.260009765625,52.55500030517578,153.49000549316406,172.3800048828125,62.790000915527344,997.260009765625,61.314998626708984,124.66500091552734,328.7900085449219,272.5899963378906,296.0849914550781,33.974998474121094,192.13999938964844,121.94000244140625,997.5750122070312,165.53500366210938,82.0250015258789,33.459999084472656,78.5199966430664,187.75999450683594,116.1500015258789,189.7899932861328,47.869998931884766,136.33999633789062,58.845001220703125,12.096400260925293,188.24000549316406,139.22000122070312,76.33000183105469,316.69500732421875,900.9199829101562,37.744998931884766,336.4150085449219,322.44500732421875,193.85009765625,231.9398956298828,62.46989822387695,346.6099853515625,450.20001220703125,239.0,308.8900146484375,32.80500030517578,77.66500091552734,939.5900268554688,244.92999267578125,496.6600036621094,354.79998779296875,305.1650085449219,87.16020202636719,627.010009765625,221.2050018310547,121.6500015258789,176.9499969482422,370.92010498046875,42.78499984741211,19.4950008392334,82.58000183105469,188.1470947265625,139.33999633789062,93.30000305175781,58.15999984741211,156.94000244140625,26.899999618530273,145.3800048828125,195.439697265625,221.85499572753906,158.80999755859375,45.154998779296875,128.4499969482422,744.8400268554688,96.2300033569336,94.66999816894531,51.939998626708984,412.4150085449219,338.114990234375,49.81999969482422,121.91000366210938,162.0,498.67999267578125,242.86000061035156,343.989990234375,214.75999450683594,306.239990234375,55.77000045776367,304.2650146484375,236.30499267578125,437.08209228515625,85.375,72.48909759521484,126.54000091552734,152.5
2026-04-10 17:30:00+00:00,260.1199951171875,209.1699981689453,224.67999267578125,403.7099914550781,245.93499755859375,352.1000061035156,237.8800048828125,38.689998626708984,373.8399963378906,314.5805969238281,52.7599983215332,153.53500366210938,173.1999969482422,62.75,1000.22998046875,61.599998474121094,125.30000305175781,328.8900146484375,272.6300048828125,294.95001220703125,34.11000061035156,192.7899932861328,121.91999816894531,997.989990234375,164.06500244140625,81.81500244140625,33.45500183105469,78.74500274658203,187.50999450683594,115.83999633789062,189.625,47.8650016784668,136.2100067138672,58.779998779296875,12.175000190734863,187.98500061035156,138.94000244140625,76.6500015258789,316.8699951171875,907.6849975585938,37.744998931884766,336.7099914550781,323.92999267578125,193.88499450683594,230.85499572753906,62.8849983215332,346.875,450.1499938964844,238.35000610351562,310.07000732421875,32.76499938964844,77.61499786376953,938.52001953125,245.15499877929688,496.3900146484375,356.7300109863281,305.7200012207031,87.26000213623047,625.135009765625,222.15499877929688,121.29000091552734,178.10000610351562,370.3599853515625,42.55500030517578,19.440000534057617,81.49500274658203,188.5850067138672,138.00999450683594,93.25,58.04999923706055,157.13999938964844,26.899999618530273,145.62869262695312,193.67999267578125,222.36000061035156,158.8699951171875,45.119998931884766,128.77000427246094,743.13330078125,96.57499694824219,94.9749984741211,51.755001068115234,414.1875,339.20001220703125,49.91999816894531,122.1500015258789,162.19500732421875,497.8450012207031,242.75,346.9100036621094,215.3699951171875,305.54998779296875,55.900001525878906,304.1400146484375,236.98500061035156,435.6650085449219,85.74500274658203,72.4800033569336,126.57499694824219,152.47999572753906
2026-04-10 18:30:00+00:00,259.7200012207031,208.0749969482422,225.14999389648438,403.19500732421875,245.8101043701172,350.4599914550781,238.33999633789062,38.67499923706055,374.3900146484375,314.1449890136719,52.69029998779297,153.2899932861328,172.77999877929688,62.82500076293945,999.3699951171875,61.599998474121094,124.97750091552734,328.864990234375,271.9150085449219,294.92498779296875,34.05500030517578,192.8800048828125,122.16999816894531,996.89501953125,165.10000610351562,82.34500122070312,33.44499969482422,78.87999725341797,188.30999755859375,115.58999633789062,190.1699981689453,47.845001220703125,135.8800048828125,58.81999969482422,12.125,186.75,138.75999450683594,76.37999725341797,317.3999938964844,906.7650146484375,37.810001373291016,336.010009765625,322.95001220703125,193.8800048828125,231.47999572753906,63.08000183105469,349.4599914550781,450.1600036621094,238.22999572753906,310.1099853515625,32.8650016784668,77.56999969482422,937.0,243.97999572753906,497.2850036621094,355.12750244140625,305.3100891113281,87.26499938964844,627.6400146484375,221.9149932861328,121.18000030517578,178.03500366210938,371.4800109863281,42.584999084472656,19.46500015258789,82.6050033569336,189.38999938964844,137.86000061035156,93.05999755859375,57.88999938964844,156.42999267578125,26.815000534057617,145.18899536132812,193.86000061035156,222.4600067138672,158.57000732421875,45.314998626708984,128.27999877929688,744.4149780273438,96.32499694824219,95.12000274658203,52.1349983215332,415.1199951171875,339.69000244140625,49.880001068115234,122.07499694824219,161.4149932861328,496.7349853515625,243.3300018310547,346.0679931640625,215.5500030517578,304.5350036621094,55.98500061035156,304.3699951171875,236.63999938964844,436.7449951171875,85.80249786376953,72.88999938964844,126.48570251464844,152.33999633789062
2026-04-10 19:30:00+00:00,260.3800048828125,208.0399932861328,225.3300018310547,399.4700012207031,245.02000427246094,351.0199890136719,238.36000061035156,38.630001068115234,371.55999755859375,313.510009765625,52.5614013671875,154.25,173.52000427246094,62.84000015258789,999.5,61.77000045776367,124.37000274658203,327.9549865722656,271.29998779296875,295.30999755859375,34.099998474121094,192.97000122070312,122.54000091552734,998.7899780273438,164.9600067138672,82.22000122070312,33.415000915527344,79.33000183105469,188.5399932861328,115.72000122070312,189.6300048828125,47.81999969482422,136.22000122070312,58.68000030517578,12.1225004196167,188.1999969482422,139.02999877929688,76.40499877929688,317.25,908.1799926757812,37.595001220703125,337.30999755859375,323.42999267578125,192.14999389648438,230.74000549316406,62.369998931884766,351.0799865722656,450.55999755859375,238.38999938964844,309.8900146484375,32.689998626708984,77.4749984741211,939.5700073242188,244.33999633789062,498.75250244140625,354.1300048828125,305.6549987792969,87.18000030517578,629.8900146484375,222.63999938964844,121.43000030517578,177.5800018310547,370.8699951171875,42.625,19.489999771118164,82.98999786376953,188.63999938964844,138.11500549316406,93.02999877929688,57.994998931884766,157.0800018310547,26.90999984741211,145.17999267578125,194.19000244140625,221.2100067138672,159.24000549316406,45.244998931884766,128.0,748.8900146484375,96.61000061035156,94.80999755859375,51.95000076293945,415.4100036621094,339.1499938964844,49.61000061035156,121.91000366210938,161.61000061035156,496.1700134277344,243.13999938964844,348.8949890136719,214.64999389648438,304.4599914550781,55.665000915527344,304.5,238.88999938964844,436.2699890136719,85.41000366210938,72.76000213623047,126.79000091552734,152.3000030517578
2026-04-13 13:30:00+00:00,257.32000732421875,206.1750030517578,231.75,392.82000732421875,243.17999267578125,350.1650085449219,237.11000061035156,39.43000030517578,373.07000732421875,316.2650146484375,52.415000915527344,153.69500732421875,175.5800018310547,62.90999984741211,1004.364990234375,62.43000030517578,123.91500091552734,328.760009765625,269.8999938964844,298.9700012207031,34.10499954223633,192.0500030517578,123.6050033569336,992.0,171.38999938964844,81.76499938964844,33.42499923706055,78.06500244140625,190.44000244140625,116.66000366210938,191.30999755859375,47.790000915527344,136.63999938964844,58.310001373291016,11.949999809265137,189.5,138.11500549316406,75.43000030517578,317.81500244140625,876.4000244140625,38.27000045776367,333.92999267578125,321.7550048828125,191.44000244140625,233.85000610351562,63.625,361.760009765625,452.010009765625,237.50990295410156,308.94000244140625,32.505001068115234,76.68000030517578,936.6699829101562,242.38499450683594,500.0,350.93499755859375,303.8999938964844,86.8499984741211,627.0,223.38999938964844,120.56999969482422,178.0,377.43499755859375,42.369998931884766,19.6299991607666,87.97000122070312,188.41990661621094,147.6300048828125,93.02999877929688,58.4375,155.6999969482422,27.075000762939453,144.39010620117188,196.36500549316406,219.72500610351562,159.39010620117188,46.349998474121094,128.19000244140625,753.717529296875,96.12000274658203,95.41999816894531,52.119998931884766,422.7099914550781,341.9849853515625,49.20000076293945,118.63500213623047,160.07009887695312,501.7449951171875,243.57000732421875,351.75,213.49000549316406,306.7149963378906,55.32500076293945,304.5199890136719,240.22000122070312,442.9800109863281,84.9000015258789,72.40499877929688,125.61000061035156,152.89999389648438
2026-04-13 14:30:00+00:00,257.7099914550781,204.08999633789062,233.92999267578125,392.6400146484375,244.4499969482422,347.1724853515625,237.85000610351562,39.45500183105469,374.0299987792969,315.75,52.494998931884766,153.10499572753906,175.4199981689453,62.900001525878906,1001.2849731445312,62.029998779296875,124.12000274658203,327.70001220703125,269.92498779296875,299.3699951171875,34.224998474121094,192.7100067138672,124.19499969482422,982.9550170898438,171.41000366210938,81.59500122070312,33.349998474121094,77.79000091552734,191.17999267578125,116.41999816894531,191.07000732421875,47.720001220703125,136.8000030517578,58.04999923706055,12.0649995803833,188.85000610351562,137.18499755859375,76.04129791259766,318.77508544921875,875.9149780273438,38.30500030517578,335.7200012207031,321.95001220703125,192.75,232.41799926757812,64.19499969482422,363.17498779296875,449.95001220703125,235.93499755859375,308.989990234375,32.34000015258789,76.0999984741211,932.4500122070312,242.77000427246094,500.0899963378906,351.80999755859375,302.4599914550781,86.5199966430664,625.9450073242188,226.3000030517578,119.33499908447266,177.19000244140625,380.3999938964844,42.349998474121094,19.635000228881836,88.31500244140625,188.6107940673828,150.1300048828125,92.77010345458984,58.599998474121094,155.16000366210938,26.815000534057617,142.98500061035156,196.3625030517578,219.88499450683594,161.3699951171875,46.525001525878906,128.11000061035156,742.3099975585938,96.06880187988281,95.30000305175781,52.099998474121094,424.0299987792969,339.92999267578125,49.16999816894531,118.55999755859375,159.1300048828125,501.0799865722656,242.52000427246094,350.3125915527344,213.10989379882812,307.6199951171875,55.3849983215332,305.32000732421875,241.7050018310547,436.95001220703125,85.08000183105469,71.87000274658203,124.61499786376953,153.19000244140625
2026-04-13 15:30:00+00:00,257.7799987792969,203.5009002685547,237.91639709472656,391.67999267578125,245.4949951171875,347.20001220703125,238.88499450683594,39.70000076293945,374.3500061035156,317.885009765625,52.790000915527344,153.7100067138672,176.72000122070312,62.80500030517578,1010.1099853515625,62.22999954223633,125.08999633789062,327.30499267578125,271.8500061035156,299.864990234375,34.48500061035156,194.05999755859375,123.86499786376953,982.8099975585938,172.9499969482422,81.76000213623047,33.345001220703125,77.79499816894531,191.6300048828125,116.88500213623047,192.72000122070312,47.720001220703125,137.0800018310547,57.95500183105469,12.069999694824219,189.08999633789062,137.69000244140625,76.29000091552734,319.1499938964844,884.4000244140625,38.66999816894531,336.510009765625,322.875,194.67999267578125,235.25,64.79499816894531,368.875,452.6000061035156,235.69000244140625,310.32000732421875,32.224998474121094,75.9800033569336,930.4149780273438,243.42999267578125,501.3450012207031,353.885009765625,303.010009765625,86.97000122070312,629.2650146484375,227.2050018310547,119.19499969482422,178.44000244140625,381.4100036621094,42.599998474121094,19.645000457763672,88.63999938964844,188.44509887695312,152.17010498046875,93.13999938964844,58.5,155.62939453125,26.895000457763672,142.97000122070312,197.7205047607422,220.6750030517578,162.22000122070312,47.06010055541992,128.9199981689453,738.7550048828125,96.63999938964844,95.94499969482422,52.22999954223633,426.5249938964844,341.5574951171875,49.38999938964844,117.83999633789062,158.97999572753906,504.614990234375,243.1199951171875,353.07501220703125,214.3300018310547,309.489990234375,55.75,306.375,242.0500030517578,438.2799987792969,85.56999969482422,71.68000030517578,124.52999877929688,153.3350067138672
2026-04-13 16:30:00+00:00,257.864990234375,203.36000061035156,238.65499877929688,391.7300109863281,246.22000122070312,346.30999755859375,238.75,39.29999923706055,377.0115966796875,318.7799987792969,52.915000915527344,154.0399932861328,177.07000732421875,62.70000076293945,1014.4400024414062,62.79499816894531,125.30000305175781,327.93011474609375,272.9750061035156,299.125,34.775001525878906,195.10000610351562,123.1449966430664,985.260009765625,172.6699981689453,81.70500183105469,33.07500076293945,78.08999633789062,190.72000122070312,118.4749984741211,193.7899932861328,47.31999969482422,136.55999755859375,57.60499954223633,12.07759952545166,188.22000122070312,137.7902069091797,76.2698974609375,319.57501220703125,890.4299926757812,38.380001068115234,338.5050048828125,324.135009765625,197.63999938964844,236.5399932861328,65.27010345458984,368.7449951171875,455.3999938964844,235.86000061035156,311.1499938964844,32.064998626708984,75.875,929.635009765625,244.69000244140625,503.375,355.9100036621094,304.0299987792969,87.39759826660156,629.97998046875,225.86500549316406,119.4800033569336,179.10000610351562,381.69000244140625,42.814998626708984,19.59000015258789,88.79000091552734,188.2050018310547,153.71499633789062,93.76000213623047,58.060001373291016,156.0800018310547,26.90999984741211,143.19500732421875,198.0449981689453,221.16000366210938,160.10499572753906,47.38999938964844,129.36000061035156,742.2000122070312,96.91000366210938,96.1500015258789,52.154998779296875,427.2900085449219,343.82000732421875,49.45500183105469,118.2699966430664,158.25,507.9849853515625,241.82000732421875,354.4399108886719,214.92999267578125,311.5,55.935001373291016,307.2049865722656,239.6199951171875,438.4649963378906,85.7750015258789,71.51000213623047,124.80999755859375,152.5500030517578
2026-04-13 17:30:00+00:00,257.8800048828125,204.52499389648438,238.42999267578125,391.1700134277344,245.52000427246094,347.1600036621094,238.72500610351562,39.119998931884766,376.6763916015625,321.7099914550781,52.96500015258789,154.9600067138672,177.35499572753906,62.11000061035156,1016.0700073242188,62.935001373291016,125.3499984741211,327.9700012207031,273.5,298.95001220703125,34.595001220703125,196.31500244140625,122.6500015258789,984.6500244140625,172.5399932861328,81.38999938964844,32.92499923706055,77.94000244140625,190.64500427246094,118.87999725341797,194.5198974609375,47.125,135.98500061035156,57.51499938964844,12.095000267028809,187.77999877929688,138.63999938964844,76.27999877929688,319.2650146484375,888.5,38.285099029541016,339.57501220703125,323.2900085449219,197.97000122070312,237.25,64.625,369.07000732421875,456.435302734375,236.77999877929688,310.8999938964844,31.844999313354492,76.08999633789062,929.2899780273438,245.22909545898438,505.57000732421875,355.75,303.4100036621094,87.58000183105469,631.2650146484375,224.1300048828125,119.78500366210938,179.11000061035156,381.80999755859375,42.94499969482422,19.485000610351562,88.30999755859375,188.0198974609375,153.74009704589844,93.80999755859375,57.755001068115234,155.9250030517578,27.014999389648438,143.1699981689453,198.375,220.4499969482422,159.42999267578125,47.619998931884766,130.01499938964844,739.45751953125,97.01000213623047,96.04000091552734,51.88999938964844,428.43499755859375,344.6300048828125,49.5099983215332,118.38999938964844,158.36000061035156,510.19000244140625,240.3000030517578,352.1700134277344,215.61000061035156,312.0899963378906,55.915000915527344,308.0,239.09500122070312,440.1300048828125,85.91500091552734,71.0802001953125,124.37999725341797,151.66000366210938
2026-04-13 18:30:00+00:00,257.8500061035156,205.76499938964844,238.36500549316406,393.7308044433594,246.94000244140625,348.2008056640625,238.56500244140625,39.060001373291016,379.1600036621094,322.19000244140625,53.17499923706055,155.27499389648438,176.07000732421875,62.224998474121094,1020.1199951171875,62.9900016784668,125.81999969482422,328.8500061035156,274.010009765625,299.2749938964844,34.560001373291016,197.0,122.61000061035156,981.280029296875,172.6999969482422,81.61499786376953,32.85499954223633,78.0,190.55999755859375,119.05500030517578,194.97999572753906,47.01559829711914,136.0399932861328,57.470001220703125,12.104999542236328,188.50999450683594,139.02999877929688,76.41999816894531,320.44000244140625,894.6300048828125,38.1349983215332,339.1200866699219,325.1199951171875,197.3699951171875,236.9499969482422,65.125,367.92999267578125,456.5050048828125,237.83999633789062,312.1199951171875,31.905000686645508,76.31500244140625,929.97998046875,245.25,505.5274963378906,357.19000244140625,303.55999755859375,87.77999877929688,632.25,223.72999572753906,120.18000030517578,180.05999755859375,382.3500061035156,42.730201721191406,19.454999923706055,88.5250015258789,188.7050018310547,154.61000061035156,93.70999908447266,57.580101013183594,155.94500732421875,27.3700008392334,143.33999633789062,198.4199981689453,222.10000610351562,159.27999877929688,47.775001525878906,130.24000549316406,742.6099853515625,97.18000030517578,96.36499786376953,51.779998779296875,427.74700927734375,345.54998779296875,49.685001373291016,117.8499984741211,158.25,511.7950134277344,239.78500366210938,351.42498779296875,216.1999969482422,311.4700012207031,56.224998474121094,308.2749938964844,239.69000244140625,439.9800109863281,86.23500061035156,71.31999969482422,124.20999908447266,151.63999938964844
2026-04-13 19:30:00+00:00,259.2099914550781,206.47000122070312,240.11000061035156,395.6400146484375,246.77999877929688,349.80999755859375,239.86000061035156,39.48899841308594,379.6600036621094,323.95001220703125,53.33000183105469,155.3699951171875,177.25999450683594,62.560001373291016,1023.47998046875,63.150001525878906,126.2300033569336,329.94000244140625,275.0299987792969,300.5899963378906,34.59000015258789,197.50999450683594,123.56999969482422,980.6500244140625,172.82000732421875,82.33999633789062,33.02000045776367,78.06500244140625,191.72000122070312,119.26000213623047,195.8699951171875,47.255001068115234,136.94000244140625,57.70000076293945,12.15999984741211,189.10000610351562,139.0399932861328,76.81999969482422,321.3900146484375,890.6500244140625,38.599998474121094,341.1099853515625,327.2099914550781,198.14999389648438,237.82000732421875,65.16999816894531,369.4599914550781,458.95001220703125,237.80999755859375,313.29998779296875,32.04999923706055,76.40499877929688,929.1599731445312,247.0500030517578,508.510009765625,359.5799865722656,304.5,87.94499969482422,634.52001953125,225.2899932861328,120.12000274658203,181.05999755859375,384.3699951171875,42.89500045776367,19.6299991607666,89.05000305175781,189.2100067138672,155.64999389648438,94.0,58.03499984741211,155.8699951171875,27.31999969482422,143.57000732421875,199.60000610351562,223.00999450683594,160.41000366210938,47.51499938964844,131.17999267578125,745.9000244140625,97.45999908447266,96.78500366210938,51.904998779296875,429.95001220703125,347.19000244140625,50.0099983215332,117.87000274658203,159.27999877929688,514.25,240.41000366210938,352.4049987792969,216.69000244140625,312.9800109863281,56.5,309.30999755859375,242.0399932861328,440.010009765625,86.61000061035156,71.54000091552734,124.5250015258789,152.55999755859375
2026-04-14 13:30:00+00:00,259.3399963378906,207.44000244140625,240.38499450683594,394.0450134277344,248.94000244140625,349.82000732421875,245.8000030517578,37.310001373291016,378.7699890136719,326.30499267578125,53.025001525878906,155.5399932861328,180.79400634765625,61.9900016784668,1059.375,64.33999633789062,126.9749984741211,327.0050048828125,275.8299865722656,297.44000244140625,34.845001220703125,198.8000030517578,119.44000244140625,971.0,174.31080627441406,81.61499786376953,31.825000762939453,78.71890258789062,186.7100067138672,118.4800033569336,199.63999938964844,45.5,133.9600067138672,57.084999084472656,12.680000305175781,185.4250030517578,140.02000427246094,79.42990112304688,327.7950134277344,893.5,37.845001220703125,341.56500244140625,330.0450134277344,199.15499877929688,240.6699981689453,63.31999969482422,373.7550048828125,468.760009765625,238.24000549316406,311.0,31.594999313354492,76.49500274658203,937.3599853515625,247.4600067138672,509.239990234375,363.2300109863281,302.9429931640625,88.40499877929688,653.6456298828125,223.6699981689453,120.0,182.85000610351562,392.5538024902344,43.46500015258789,19.190000534057617,90.34500122070312,192.86000061035156,165.22999572753906,93.97000122070312,55.610801696777344,155.80499267578125,27.2450008392334,144.55999755859375,198.47999572753906,219.5500030517578,159.00999450683594,47.8849983215332,131.39999389648438,751.219970703125,98.80000305175781,98.7699966430664,51.599998474121094,430.0899963378906,351.3399963378906,49.220001220703125,118.12999725341797,159.4550018310547,525.6300048828125,237.97000122070312,362.989990234375,214.7449951171875,319.3999938964844,54.57500076293945,310.2475891113281,237.22000122070312,442.2325134277344,80.90499877929688,70.91999816894531,123.70999908447266,148.36000061035156
2026-04-14 14:30:00+00:00,258.0553894042969,208.42999267578125,239.4499969482422,393.0350036621094,251.07000732421875,350.56500244140625,247.35000610351562,37.369998931884766,378.8900146484375,327.7300109863281,53.36000061035156,155.77000427246094,181.4149932861328,61.93000030517578,1069.6099853515625,64.22000122070312,128.375,327.5799865722656,274.8450012207031,296.6099853515625,34.904998779296875,200.27999877929688,119.20999908447266,969.9722290039062,173.33999633789062,81.81999969482422,31.649999618530273,78.30000305175781,186.67999267578125,119.05000305175781,199.92999267578125,45.25,133.69500732421875,56.790000915527344,12.645000457763672,186.0050048828125,140.41000366210938,79.61000061035156,330.83990478515625,904.010009765625,37.83000183105469,342.20001220703125,330.29998779296875,198.86500549316406,239.72999572753906,62.935001373291016,370.5799865722656,468.875,241.11000061035156,312.25,31.825000762939453,76.51499938964844,934.0399780273438,248.05999755859375,512.6649780273438,365.44000244140625,301.9200134277344,88.55000305175781,660.2650146484375,224.35499572753906,120.23999786376953,183.86000061035156,391.6401062011719,43.635101318359375,19.235000610351562,89.31999969482422,193.44500732421875,162.69000244140625,93.94999694824219,55.529998779296875,155.74000549316406,27.2549991607666,144.2899932861328,198.08999633789062,221.14999389648438,159.2100067138672,47.939998626708984,131.7899932861328,755.2949829101562,98.80000305175781,98.9000015258789,51.869998931884766,427.6499938964844,350.4100036621094,49.6349983215332,118.30999755859375,159.63499450683594,527.9400024414062,239.9499969482422,362.82501220703125,217.13999938964844,318.1300048828125,55.83000183105469,310.5450134277344,237.85000610351562,441.17498779296875,82.23500061035156,71.25,124.11000061035156,148.6699981689453
2026-04-14 15:30:00+00:00,257.70001220703125,208.57000732421875,240.3153076171875,392.67999267578125,252.86000061035156,350.8599853515625,249.6721954345703,37.16999816894531,380.3800048828125,327.2799987792969,53.30500030517578,155.72999572753906,181.89999389648438,61.31999969482422,1069.0350341796875,64.33499908447266,129.78500366210938,325.7900085449219,274.18499755859375,296.3699951171875,34.90999984741211,199.58999633789062,118.6500015258789,973.4525146484375,173.90499877929688,81.61990356445312,31.520000457763672,78.13999938964844,185.86000061035156,119.9489974975586,199.3300018310547,45.08000183105469,133.21499633789062,56.81999969482422,12.635000228881836,185.3925018310547,140.7100067138672,79.75,332.79998779296875,907.7449951171875,37.654998779296875,341.6600036621094,330.3550109863281,197.91000366210938,240.1042022705078,62.5099983215332,371.3349914550781,470.9049987792969,240.9250030517578,310.4100036621094,31.764999389648438,76.19999694824219,938.2728881835938,247.40499877929688,513.1099853515625,364.9549865722656,302.4100036621094,88.53500366210938,664.9299926757812,224.6999969482422,119.8499984741211,184.02499389648438,394.3299865722656,43.755001068115234,19.145000457763672,89.82499694824219,194.79989624023438,164.1649932861328,93.83499908447266,55.375,155.61500549316406,27.219999313354492,144.47000122070312,197.49000549316406,221.19500732421875,158.6999969482422,48.13990020751953,131.67999267578125,756.25,98.62999725341797,98.83000183105469,51.43000030517578,427.6600036621094,349.9599914550781,49.54999923706055,118.88200378417969,159.75999450683594,527.4000244140625,238.62750244140625,367.2550048828125,216.4250030517578,316.7799987792969,55.92499923706055,310.8900146484375,237.8800048828125,440.92999267578125,82.2699966430664,71.13999938964844,124.25,148.3300018310547
2026-04-14 16:30:00+00:00,258.6600036621094,207.8300018310547,240.6199951171875,394.20001220703125,253.3800048828125,349.6910095214844,250.04849243164062,37.084999084472656,380.6499938964844,327.9800109863281,53.494998931884766,155.8800048828125,181.39999389648438,61.33000183105469,1059.93505859375,64.05500030517578,130.42999267578125,325.625,273.30999755859375,296.6400146484375,34.76499938964844,199.6999969482422,118.8550033569336,972.489990234375,173.0850067138672,81.92500305175781,31.625,78.25,185.5709991455078,120.05000305175781,198.6699981689453,45.224998474121094,133.59500122070312,56.71500015258789,12.625,185.72999572753906,140.3699951171875,79.62000274658203,332.8656005859375,908.3900146484375,37.685001373291016,341.2699890136719,330.125,197.13999938964844,240.22999572753906,62.77000045776367,369.1199951171875,469.6953125,241.60000610351562,311.6400146484375,31.604999542236328,76.1050033569336,935.1599731445312,246.88499450683594,512.2362670898438,364.8699951171875,301.989990234375,88.52999877929688,661.85498046875,223.8863067626953,119.5250015258789,184.17999267578125,394.1549987792969,43.81769943237305,19.125,89.31500244140625,194.72500610351562,164.1199951171875,93.47000122070312,55.309898376464844,155.6199951171875,27.254199981689453,144.30499267578125,197.69000244140625,221.47999572753906,158.25999450683594,48.20000076293945,132.11000061035156,753.4581909179688,98.25,98.63500213623047,51.42499923706055,427.375,349.29998779296875,49.685001373291016,118.8499984741211,159.41000366210938,527.77001953125,238.6199951171875,365.2099914550781,216.94500732421875,315.0400085449219,56.095001220703125,311.1000061035156,236.8800048828125,440.9800109863281,82.72000122070312,71.08999633789062,124.24500274658203,148.02999877929688
2026-04-14 17:30:00+00:00,258.7799987792969,208.9949951171875,235.4499969482422,396.82000732421875,253.42999267578125,350.364990234375,249.55499267578125,36.834999084472656,379.95001220703125,326.7950134277344,53.310001373291016,155.55999755859375,180.69500732421875,61.224998474121094,1056.780029296875,64.0199966430664,130.5,326.25,272.6099853515625,297.0199890136719,34.689998626708984,199.5800018310547,118.1500015258789,975.4500122070312,171.52000427246094,82.08509826660156,31.514999389648438,78.36499786376953,185.60499572753906,119.95500183105469,198.2100067138672,45.08000183105469,133.19000244140625,56.54999923706055,12.601099967956543,185.94000244140625,141.22999572753906,79.44499969482422,331.56500244140625,909.9600219726562,37.60499954223633,341.25,330.5299987792969,195.77000427246094,238.94500732421875,62.775001525878906,365.3800048828125,468.54998779296875,241.19500732421875,311.75,31.704999923706055,76.23500061035156,926.7949829101562,247.1999969482422,510.79998779296875,365.739990234375,302.1300048828125,88.16500091552734,660.0549926757812,223.0800018310547,119.58999633789062,183.66000366210938,391.2550048828125,43.665000915527344,19.1200008392334,87.58000183105469,194.5800018310547,162.33999633789062,93.55000305175781,55.1349983215332,155.93910217285156,27.229999542236328,144.42999267578125,197.64500427246094,221.02000427246094,158.02499389648438,47.970001220703125,131.77999877929688,753.5700073242188,98.04000091552734,98.7699966430664,51.290000915527344,425.0899963378906,347.94000244140625,49.665000915527344,119.04000091552734,158.98500061035156,526.9600219726562,237.83999633789062,363.614990234375,217.74000549316406,314.1499938964844,56.19499969482422,310.6600036621094,235.7899932861328,442.69000244140625,82.41999816894531,71.26499938964844,124.79499816894531,147.875
2026-04-14 18:30:00+00:00,258.32501220703125,209.2550048828125,235.8699951171875,396.8999938964844,255.1699981689453,350.4200134277344,249.48500061035156,37.1150016784668,380.1700134277344,327.42999267578125,53.345001220703125,155.85000610351562,181.14999389648438,61.279998779296875,1057.4300537109375,63.93000030517578,129.69000244140625,326.3800048828125,273.010009765625,297.5849914550781,34.92499923706055,200.24000549316406,118.51000213623047,976.97998046875,171.4499969482422,82.44999694824219,31.780000686645508,78.19000244140625,186.57000732421875,120.22000122070312,198.4199981689453,45.44900131225586,133.53500366210938,56.70000076293945,12.704999923706055,185.7050018310547,140.11000061035156,79.58999633789062,332.1900939941406,912.739990234375,37.595001220703125,341.8550109863281,331.19000244140625,196.63999938964844,240.0850067138672,63.53990173339844,365.9750061035156,468.6700134277344,240.72999572753906,312.2699890136719,31.7549991607666,76.28500366210938,925.1799926757812,247.90499877929688,512.0349731445312,366.6499938964844,302.9700012207031,88.26499938964844,661.4349975585938,223.55999755859375,119.83999633789062,184.02999877929688,392.2850036621094,43.935001373291016,19.125,87.83429718017578,196.20989990234375,162.35000610351562,93.41999816894531,55.525001525878906,156.42999267578125,27.2549991607666,144.5850067138672,197.8699951171875,221.2949981689453,158.51499938964844,48.06999969482422,132.44000244140625,755.2999877929688,98.43000030517578,98.65499877929688,51.46500015258789,426.1400146484375,348.20001220703125,49.71500015258789,119.45999908447266,159.47999572753906,526.4749755859375,238.57000732421875,365.5870056152344,219.24000549316406,314.95001220703125,56.26499938964844,311.32000732421875,236.0399932861328,443.4750061035156,82.30000305175781,71.5199966430664,125.06500244140625,148.80999755859375
2026-04-14 19:30:00+00:00,258.8550109863281,210.3300018310547,235.69000244140625,395.5299987792969,255.05999755859375,350.95001220703125,249.02999877929688,37.029998779296875,380.79998779296875,327.0899963378906,53.349998474121094,155.7100067138672,181.0500030517578,61.4900016784668,1055.0400390625,63.83000183105469,129.64999389648438,325.7699890136719,272.6600036621094,297.0199890136719,34.91999816894531,199.85000610351562,118.77999877929688,974.5900268554688,171.3300018310547,82.61000061035156,31.670000076293945,77.62999725341797,186.9499969482422,119.58000183105469,198.60000610351562,45.2599983215332,133.625,56.724998474121094,12.694999694824219,186.52000427246094,140.4499969482422,79.45500183105469,332.92999267578125,910.1099853515625,37.52000045776367,342.7099914550781,331.3699951171875,196.27000427246094,240.30999755859375,63.810001373291016,366.80999755859375,467.2099914550781,240.14999389648438,311.20001220703125,31.649999618530273,75.91000366210938,922.719970703125,248.47000122070312,513.1400146484375,366.7099914550781,303.2799987792969,88.12000274658203,662.5499877929688,223.85000610351562,119.95999908447266,183.41000366210938,393.1099853515625,44.19499969482422,19.104999542236328,87.80000305175781,196.49000549316406,163.06500244140625,93.51000213623047,55.380001068115234,155.6999969482422,27.1299991607666,144.38999938964844,196.61000061035156,221.16000366210938,158.77999877929688,47.97999954223633,132.83999633789062,755.469970703125,98.45999908447266,98.37999725341797,51.48500061035156,425.239990234375,345.8599853515625,49.54999923706055,119.55999755859375,160.2899932861328,527.7100219726562,239.27000427246094,364.1600036621094,218.86000061035156,314.2799987792969,56.099998474121094,311.42498779296875,235.5800018310547,444.239990234375,81.7300033569336,71.44999694824219,125.05000305175781,149.22000122070312
2026-04-15 13:30:00+00:00,260.67999267578125,207.8800048828125,242.58999633789062,386.2200012207031,256.1000061035156,348.4700012207031,247.92999267578125,36.540000915527344,395.0802917480469,329.4800109863281,54.359500885009766,154.85499572753906,184.7519989013672,60.689998626708984,1052.77001953125,64.61499786376953,131.89999389648438,326.0899963378906,267.1600036621094,296.510009765625,35.154998779296875,201.67999267578125,118.57499694824219,974.10498046875,176.36000061035156,81.46499633789062,31.584999084472656,75.3550033569336,185.50999450683594,119.45999908447266,199.25999450683594,45.130001068115234,133.02000427246094,56.529998779296875,12.550000190734863,186.25,139.4600067138672,78.4749984741211,334.6000061035156,910.4299926757812,37.560001373291016,338.7149963378906,327.92999267578125,194.18499755859375,243.82000732421875,64.53919982910156,382.2799987792969,470.6300048828125,239.05999755859375,308.8799133300781,31.524999618530273,74.9000015258789,924.4550170898438,244.52000427246094,515.0,361.8450012207031,305.42999267578125,86.95500183105469,674.7550048828125,221.44000244140625,118.29000091552734,193.35000610351562,406.0899963378906,45.345001220703125,18.93000030517578,93.37999725341797,199.24000549316406,171.0050048828125,93.47000122070312,55.790000915527344,153.7550048828125,27.229999542236328,142.86500549316406,198.0124969482422,222.0500030517578,157.9949951171875,48.869998931884766,133.44000244140625,748.469970703125,98.5250015258789,99.54000091552734,52.33000183105469,430.20001220703125,343.1549987792969,49.380001068115234,119.53500366210938,159.8249969482422,529.5700073242188,237.1374969482422,376.6700134277344,215.0,311.5150146484375,56.209999084472656,312.7499084472656,232.89999389648438,440.760009765625,81.06999969482422,70.87999725341797,123.69999694824219,148.22000122070312
2026-04-15 14:30:00+00:00,263.17999267578125,206.6999969482422,245.1300048828125,386.70001220703125,256.7349853515625,346.0899963378906,247.77000427246094,36.790000915527344,391.6400146484375,330.6099853515625,54.17499923706055,155.47500610351562,185.67999267578125,60.5,1051.280029296875,64.62000274658203,131.77000427246094,327.30499267578125,267.05499267578125,296.1300048828125,35.334999084472656,202.47999572753906,119.23999786376953,976.5900268554688,177.5500030517578,81.0,31.809999465942383,75.19499969482422,185.38999938964844,120.27999877929688,199.02999877929688,45.45500183105469,133.4499969482422,57.04999923706055,12.59000015258789,187.63999938964844,138.7100067138672,78.2750015258789,332.8699951171875,906.1599731445312,37.814998626708984,338.9100036621094,328.760009765625,195.48500061035156,244.50999450683594,65.32499694824219,385.29998779296875,470.0,238.08999633789062,306.4100036621094,31.594999313354492,75.08000183105469,910.8400268554688,244.7550048828125,517.3099975585938,362.8299865722656,304.9106140136719,86.81999969482422,673.719970703125,223.59500122070312,117.43000030517578,191.51499938964844,407.9100036621094,45.7400016784668,18.780000686645508,93.95500183105469,199.80999755859375,172.1649932861328,93.36000061035156,56.08000183105469,153.6699981689453,27.065000534057617,142.9600067138672,200.33999633789062,225.1199951171875,160.31948852539062,49.29499816894531,134.0,744.7249755859375,98.41000366210938,99.52999877929688,52.45000076293945,431.7200012207031,344.32000732421875,49.54999923706055,122.26000213623047,159.66000366210938,527.7000122070312,238.27000427246094,388.52490234375,214.2100067138672,313.20001220703125,56.584999084472656,313.510009765625,235.5500030517578,439.0899963378906,80.71499633789062,70.91000366210938,123.56999969482422,148.8000030517578
2026-04-15 15:30:00+00:00,264.5790100097656,206.1699981689453,244.3000030517578,386.114990234375,255.9199981689453,345.0799865722656,248.9550018310547,36.68000030517578,392.3999938964844,330.3949890136719,54.095001220703125,155.30499267578125,185.85000610351562,60.119998931884766,1050.699951171875,64.29499816894531,131.8000030517578,329.05999755859375,267.239990234375,295.9800109863281,35.3849983215332,203.93499755859375,119.1050033569336,976.7899780273438,177.27999877929688,81.08000183105469,31.7549991607666,75.05999755859375,185.3101043701172,120.73999786376953,198.60000610351562,45.415000915527344,133.10000610351562,56.72999954223633,12.65429973602295,186.97000122070312,138.50999450683594,78.2300033569336,334.989990234375,904.1799926757812,37.685001373291016,337.8500061035156,329.6499938964844,196.05999755859375,244.52000427246094,64.8302001953125,387.4200134277344,468.8399963378906,237.41000366210938,305.0199890136719,31.665000915527344,75.19000244140625,895.6599731445312,243.875,518.1500244140625,363.3399963378906,305.6099853515625,86.63999938964844,676.7100830078125,224.14500427246094,117.5,191.13999938964844,409.17999267578125,45.654998779296875,18.834999084472656,93.37000274658203,199.125,170.19500732421875,93.40499877929688,55.91999816894531,153.9199981689453,27.084999084472656,143.10000610351562,201.88999938964844,224.77999877929688,160.19500732421875,49.369998931884766,134.07989501953125,742.1599731445312,98.73999786376953,99.5,51.95500183105469,430.2250061035156,344.29998779296875,49.67499923706055,122.55000305175781,160.1199951171875,527.5599975585938,238.1699981689453,392.9599914550781,213.49000549316406,312.6199951171875,56.54999923706055,314.19000244140625,234.7100067138672,438.5,80.66999816894531,70.87000274658203,123.91999816894531,148.74989318847656
2026-04-15 16:30:00+00:00,264.94500732421875,207.3800048828125,244.1199951171875,383.2449951171875,253.89999389648438,346.55999755859375,248.44500732421875,36.875,391.8399963378906,330.82501220703125,54.474998474121094,154.97000122070312,186.125,60.369998931884766,1050.1500244140625,64.4800033569336,131.3000030517578,329.5799865722656,269.6000061035156,297.8699951171875,35.48500061035156,203.60000610351562,119.94499969482422,984.260009765625,177.32000732421875,81.71499633789062,31.895000457763672,75.33000183105469,185.89999389648438,121.5999984741211,198.32000732421875,45.59000015258789,133.7899932861328,56.785099029541016,12.65999984741211,188.60000610351562,139.4199981689453,78.20500183105469,335.25,904.1699829101562,37.73500061035156,337.3800048828125,329.760009765625,197.89500427246094,245.05999755859375,64.20030212402344,389.4049987792969,467.7300109863281,237.77000427246094,305.20001220703125,31.78499984741211,75.56999969482422,899.0900268554688,244.16000366210938,520.5,363.6600036621094,306.4750061035156,86.56999969482422,674.2899780273438,224.57000732421875,117.80500030517578,191.23500061035156,409.7349853515625,45.56999969482422,18.915000915527344,93.62000274658203,196.97000122070312,169.65499877929688,93.76499938964844,56.22999954223633,155.1199951171875,27.170000076293945,143.56500244140625,201.97999572753906,223.83999633789062,160.9600067138672,49.35499954223633,133.25,746.8499755859375,98.96499633789062,99.86000061035156,52.14500045776367,431.6099853515625,342.7300109863281,49.849998474121094,123.125,160.85499572753906,528.280029296875,239.9199981689453,387.3500061035156,213.0800018310547,313.6695861816406,56.54499816894531,315.4700012207031,235.75,439.79998779296875,80.50499725341797,71.08000183105469,124.875,149.5500030517578
2026-04-15 17:30:00+00:00,265.17999267578125,207.77499389648438,244.55499267578125,386.05999755859375,254.7449951171875,346.80999755859375,248.51060485839844,36.720001220703125,393.0580139160156,331.0450134277344,54.54029846191406,155.14999389648438,185.75,60.7599983215332,1051.800048828125,64.3949966430664,131.69000244140625,329.67999267578125,268.82501220703125,298.6199951171875,35.41999816894531,204.22999572753906,119.79000091552734,982.8599853515625,178.1699981689453,82.12000274658203,31.81999969482422,75.04000091552734,185.44000244140625,121.44999694824219,198.3000030517578,45.47999954223633,133.33999633789062,56.89500045776367,12.704999923706055,187.3699951171875,139.28500366210938,78.38500213623047,335.2850036621094,901.5900268554688,37.619998931884766,338.06500244140625,329.57000732421875,196.89329528808594,245.4250030517578,64.48999786376953,390.57000732421875,467.80499267578125,237.10499572753906,305.80499267578125,31.695999145507812,75.23139953613281,903.7100219726562,243.68484497070312,520.89501953125,364.04998779296875,305.67999267578125,87.25,672.5999755859375,224.36000061035156,118.13500213623047,191.69000244140625,412.4200134277344,45.685001373291016,19.0049991607666,94.125,196.9698944091797,170.63499450683594,93.26000213623047,56.165000915527344,154.7100067138672,27.239999771118164,143.343505859375,201.72000122070312,224.0399932861328,161.08999633789062,49.595001220703125,132.9499969482422,748.3400268554688,98.8375015258789,100.16000366210938,52.26499938964844,432.93499755859375,342.989990234375,49.79499816894531,123.18000030517578,160.63999938964844,530.0252075195312,239.5449981689453,390.07501220703125,213.64999389648438,313.04998779296875,56.61000061035156,315.7250061035156,235.9550018310547,442.1549987792969,80.44000244140625,70.80999755859375,124.69000244140625,149.56500244140625
2026-04-15 18:30:00+00:00,265.3399963378906,208.6999969482422,245.0500030517578,390.625,256.7650146484375,347.9700012207031,248.72999572753906,36.540000915527344,394.79998779296875,330.17999267578125,54.334999084472656,156.07000732421875,186.22000122070312,60.599998474121094,1052.719970703125,64.375,132.02000427246094,328.7200012207031,269.8699951171875,298.2300109863281,35.386600494384766,203.5050048828125,119.52999877929688,984.5650024414062,178.05999755859375,82.625,31.75,75.1875,185.28500366210938,121.19999694824219,198.49000549316406,45.380001068115234,133.02000427246094,56.6349983215332,12.734999656677246,186.8699951171875,139.97999572753906,78.49500274658203,335.80999755859375,900.3400268554688,37.685001373291016,338.5400085449219,330.1199951171875,197.50999450683594,245.19500732421875,64.5999984741211,389.5299987792969,468.8349914550781,238.10499572753906,305.9800109863281,31.71500015258789,75.37999725341797,907.8200073242188,244.02850341796875,521.22998046875,364.82501220703125,306.5799865722656,87.48999786376953,672.5900268554688,223.3300018310547,118.53500366210938,192.13999938964844,413.2200012207031,45.64500045776367,19.0049991607666,94.27999877929688,198.23989868164062,170.4199981689453,93.43000030517578,55.91999816894531,155.13999938964844,27.354999542236328,143.47999572753906,201.74000549316406,223.99000549316406,160.88999938964844,49.564998626708984,132.68499755859375,752.3900146484375,98.79499816894531,100.2750015258789,52.45009994506836,433.25,342.8575134277344,49.89500045776367,123.20500183105469,161.25999450683594,532.155029296875,239.05999755859375,392.5,214.92999267578125,314.4200134277344,56.595001220703125,316.1000061035156,235.1300048828125,444.8500061035156,80.79000091552734,70.83000183105469,125.03500366210938,149.4600067138672
2026-04-15 19:30:00+00:00,266.3699951171875,208.42999267578125,244.6699981689453,394.260009765625,258.1099853515625,348.0,248.41000366210938,36.58000183105469,396.6099853515625,329.0799865722656,54.31999969482422,155.5,185.63999938964844,60.060001373291016,1048.6099853515625,64.5999984741211,131.66000366210938,327.3699951171875,268.6199951171875,296.8900146484375,35.25,202.99000549316406,118.87000274658203,984.780029296875,177.60000610351562,82.30000305175781,31.600000381469727,74.98500061035156,184.8300018310547,121.56999969482422,198.0800018310547,45.21500015258789,132.39999389648438,56.779998779296875,12.699999809265137,185.89999389648438,139.72999572753906,77.77999877929688,337.1499938964844,899.469970703125,37.540000915527344,338.8500061035156,328.8599853515625,198.3699951171875,244.80999755859375,64.93499755859375,389.5899963378906,468.2200012207031,238.64999389648438,305.8599853515625,31.68000030517578,75.30999755859375,904.8499755859375,243.92999267578125,519.9299926757812,363.75,306.3299865722656,87.08999633789062,671.5599975585938,223.02999877929688,117.91500091552734,191.50999450683594,411.2727966308594,45.459999084472656,19.020000457763672,94.19999694824219,198.8677978515625,169.7899932861328,93.58999633789062,55.83000183105469,154.72999572753906,27.190000534057617,143.34500122070312,201.30999755859375,222.07000732421875,161.47999572753906,49.56999969482422,133.0500030517578,753.8499755859375,98.29000091552734,100.27999877929688,52.43000030517578,430.7900085449219,341.3500061035156,49.60499954223633,122.87000274658203,160.24000549316406,531.6599731445312,238.60000610351562,392.0299987792969,216.27999877929688,314.1099853515625,56.380001068115234,315.92999267578125,234.92999267578125,441.6400146484375,80.30000305175781,70.75499725341797,124.75,149.00999450683594
2026-04-16 13:30:00+00:00,262.05999755859375,208.72999572753906,246.60000610351562,386.6700134277344,266.9200134277344,349.3800048828125,245.55499267578125,37.16999816894531,397.3999938964844,325.7300109863281,54.189998626708984,154.41749572753906,185.9499969482422,60.47999954223633,1029.625,64.26000213623047,130.83999633789062,327.8800048828125,273.2300109863281,297.8699951171875,35.21500015258789,201.90499877929688,121.13999938964844,990.280029296875,179.35499572753906,82.82499694824219,31.90999984741211,75.81500244140625,187.22000122070312,124.01499938964844,194.86500549316406,45.6349983215332,133.3800048828125,57.68000030517578,12.611900329589844,186.08999633789062,139.16000366210938,77.91000366210938,336.7770080566406,901.8099975585938,37.79499816894531,337.0450134277344,329.7950134277344,197.5,246.5850067138672,66.24009704589844,390.0,461.0,235.02000427246094,308.7898864746094,31.905000686645508,75.66999816894531,909.25,242.90499877929688,517.9400024414062,364.6499938964844,307.32000732421875,86.41999816894531,670.02001953125,229.24000549316406,116.99500274658203,189.14999389648438,414.9100036621094,45.790000915527344,19.344999313354492,95.9749984741211,197.3699951171875,175.4398956298828,93.28500366210938,56.4900016784668,158.97999572753906,27.299999237060547,143.8699951171875,204.9199981689453,222.71499633789062,163.5449981689453,49.15999984741211,133.52999877929688,749.260009765625,98.82499694824219,94.83000183105469,52.10499954223633,437.67999267578125,339.4949951171875,49.439998626708984,121.83000183105469,158.5500030517578,524.280029296875,239.96499633789062,385.739990234375,221.0,313.69500732421875,55.32500076293945,314.9100036621094,241.42999267578125,440.57501220703125,81.65899658203125,71.2249984741211,125.04000091552734,150.8000946044922
2026-04-16 14:30:00+00:00,262.25,208.24000549316406,247.61000061035156,391.2099914550781,275.114990234375,347.1400146484375,247.6300048828125,37.40999984741211,396.80999755859375,326.2900085449219,53.87990188598633,154.1199951171875,186.11000061035156,60.86000061035156,1026.260009765625,64.44999694824219,129.60000610351562,326.9800109863281,272.48748779296875,296.8900146484375,35.21500015258789,202.48500061035156,121.18000030517578,988.0499877929688,180.0800018310547,83.26000213623047,31.985000610351562,75.75499725341797,187.06500244140625,123.88999938964844,194.57000732421875,45.709999084472656,133.86500549316406,58.06999969482422,12.524999618530273,187.74000549316406,138.6999969482422,77.58000183105469,336.55999755859375,902.3599853515625,38.02000045776367,338.1600036621094,330.07000732421875,197.99000549316406,248.5850067138672,67.48500061035156,388.05999755859375,459.54998779296875,233.80499267578125,307.4200134277344,31.729999542236328,75.37999725341797,912.7899780273438,243.6649932861328,519.8499755859375,364.3800048828125,307.7200012207031,86.51000213623047,673.25,229.16000366210938,115.95149993896484,187.7100067138672,416.57000732421875,46.310001373291016,19.575000762939453,96.27999877929688,199.00999450683594,176.1649932861328,93.38500213623047,56.5,157.9499969482422,27.235000610351562,143.5500030517578,203.72999572753906,221.22000122070312,163.9127960205078,49.470001220703125,134.72000122070312,749.094970703125,98.63500213623047,95.20500183105469,52.209999084472656,438.3900146484375,340.2699890136719,49.224998474121094,123.0,157.97000122070312,523.3499755859375,237.97000122070312,387.8949890136719,222.9949951171875,313.6700134277344,55.25,315.6300048828125,241.72500610351562,441.5799865722656,81.16000366210938,70.7699966430664,124.84500122070312,151.22000122070312
2026-04-16 15:30:00+00:00,264.0801086425781,209.05499267578125,247.9600067138672,389.75,277.7099914550781,347.510009765625,248.44500732421875,37.29999923706055,397.8901062011719,327.5899963378906,53.80509948730469,154.61500549316406,186.33999633789062,60.75,1020.9099731445312,64.33000183105469,129.97999572753906,326.2850036621094,272.55999755859375,297.2699890136719,35.290000915527344,203.1699981689453,121.36000061035156,987.0750122070312,180.63267517089844,83.51499938964844,32.05500030517578,75.56500244140625,187.35000610351562,123.86000061035156,194.5749969482422,45.82500076293945,134.08999633789062,57.91999816894531,12.545000076293945,186.80999755859375,138.6999969482422,77.80000305175781,337.9107971191406,907.6799926757812,38.13999938964844,338.57000732421875,330.44000244140625,198.98500061035156,250.52499389648438,67.91500091552734,389.010009765625,458.80999755859375,233.84500122070312,308.7300109863281,31.700000762939453,75.13999938964844,902.75,243.52999877929688,519.8200073242188,364.375,307.4750061035156,86.7300033569336,675.9400024414062,228.5800018310547,115.91999816894531,188.76499938964844,419.30999755859375,46.32500076293945,19.485000610351562,96.69010162353516,198.6199951171875,178.38999938964844,93.43499755859375,56.64500045776367,158.19500732421875,27.30500030517578,143.0050048828125,203.06500244140625,221.375,163.35000610351562,49.5099983215332,135.2899932861328,748.3300170898438,98.54090118408203,95.00700378417969,52.35499954223633,438.0,339.69000244140625,49.415000915527344,123.33999633789062,157.64999389648438,522.5800170898438,237.94720458984375,389.764404296875,223.13999938964844,315.0369873046875,55.79999923706055,316.1400146484375,240.92999267578125,441.3900146484375,81.6050033569336,70.5199966430664,124.84500122070312,151.83999633789062
2026-04-16 16:30:00+00:00,263.5199890136719,208.72250366210938,248.2100067138672,389.95001220703125,276.375,347.6000061035156,249.1300048828125,37.72010040283203,397.6099853515625,326.0199890136719,53.55500030517578,154.77999877929688,185.8699951171875,60.65999984741211,1012.125,63.75,129.5399932861328,326.385009765625,272.8599853515625,296.5899963378906,35.1150016784668,201.66000366210938,121.47000122070312,985.614990234375,180.36000061035156,83.7750015258789,32.099998474121094,75.58999633789062,188.1199951171875,123.66000366210938,194.34840393066406,45.89500045776367,134.14500427246094,57.94499969482422,12.475000381469727,186.8000030517578,138.47000122070312,77.44499969482422,335.9800109863281,903.760009765625,38.189998626708984,337.760009765625,329.4100036621094,199.25999450683594,250.75,67.71499633789062,388.43499755859375,455.0249938964844,233.47999572753906,307.54998779296875,31.7549991607666,74.9749984741211,903.5700073242188,242.63999938964844,519.9000244140625,362.2650146484375,307.14569091796875,86.25379943847656,674.489990234375,228.99000549316406,115.24500274658203,188.2050018310547,419.0849914550781,45.875,19.350000381469727,95.96499633789062,198.4149932861328,178.4499969482422,93.23999786376953,56.95000076293945,158.9499969482422,27.25,142.7384033203125,202.11500549316406,220.4600067138672,163.73500061035156,49.525001525878906,134.67999267578125,748.1300048828125,97.93000030517578,94.4749984741211,52.14500045776367,435.739990234375,337.3999938964844,49.34000015258789,123.16000366210938,157.0800018310547,520.60498046875,238.42999267578125,388.55499267578125,222.625,316.2449951171875,55.58000183105469,315.7950134277344,241.61500549316406,437.4075012207031,81.31999969482422,70.55000305175781,124.91999816894531,152.6649932861328
2026-04-16 17:30:00+00:00,263.5799865722656,209.0,247.15499877929688,387.3500061035156,272.69989013671875,347.4599914550781,248.57000732421875,37.650001525878906,396.4649963378906,327.25,53.724998474121094,154.91000366210938,185.85499572753906,60.32500076293945,1017.97998046875,63.959999084472656,129.55499267578125,327.30499267578125,273.7300109863281,298.0,35.066200256347656,201.77000427246094,121.26000213623047,982.7000122070312,180.3000030517578,83.68499755859375,32.064998626708984,75.87000274658203,187.81500244140625,123.69000244140625,194.05999755859375,45.83000183105469,133.77000427246094,57.997501373291016,12.46500015258789,186.7100067138672,138.14999389648438,77.45500183105469,334.9800109863281,904.6375122070312,37.904998779296875,337.6199951171875,330.0050048828125,200.0,249.875,67.18499755859375,386.8999938964844,456.4100036621094,234.47500610351562,308.8299865722656,31.725000381469727,75.08999633789062,903.7050170898438,242.71499633789062,521.10498046875,361.80999755859375,307.4849853515625,85.88500213623047,672.6199951171875,227.89999389648438,115.73500061035156,188.39999389648438,417.4849853515625,45.79499816894531,19.03499984741211,95.80999755859375,197.4949951171875,177.1300048828125,93.04499816894531,56.78499984741211,157.32000732421875,27.25,142.99000549316406,203.07009887695312,221.07000732421875,163.5050048828125,49.58000183105469,133.89999389648438,747.2515869140625,97.93000030517578,93.56999969482422,51.78499984741211,435.8599853515625,337.18499755859375,49.46500015258789,123.18000030517578,157.02999877929688,519.125,238.75,385.88720703125,222.4199981689453,317.2349853515625,55.810001373291016,316.1499938964844,241.50999450683594,433.4700012207031,81.4000015258789,70.66500091552734,124.5199966430664,152.47999572753906
2026-04-16 18:30:00+00:00,263.63409423828125,208.7563018798828,248.13999938964844,390.17999267578125,275.05999755859375,348.6000061035156,248.66000366210938,37.75,398.1499938964844,327.510009765625,53.67499923706055,155.34500122070312,185.72000122070312,60.5,1024.659912109375,63.779998779296875,129.67999267578125,327.54998779296875,275.1400146484375,297.7799987792969,34.9900016784668,201.63499450683594,121.41000366210938,985.030029296875,180.51499938964844,83.94499969482422,32.01499938964844,76.41999816894531,187.8000030517578,123.91000366210938,194.33999633789062,45.7599983215332,133.88999938964844,58.31999969482422,12.475000381469727,186.8800048828125,138.63999938964844,77.5250015258789,335.1199951171875,904.5700073242188,38.005001068115234,337.5,329.8399963378906,200.85499572753906,250.0,68.13809967041016,386.4649963378906,456.6499938964844,234.36749267578125,308.6400146484375,31.795000076293945,75.2300033569336,903.6500244140625,242.63999938964844,520.6300048828125,362.1499938964844,306.5899963378906,85.95999908447266,673.5,226.92999267578125,115.62999725341797,188.25999450683594,418.3500061035156,45.720001220703125,19.1200008392334,95.61000061035156,198.1199951171875,177.3300018310547,92.77999877929688,56.8650016784668,158.018798828125,27.235000610351562,143.42999267578125,203.1300048828125,220.77000427246094,163.4499969482422,49.61000061035156,134.44000244140625,745.7449951171875,98.23999786376953,92.4800033569336,51.845001220703125,436.32000732421875,338.0,49.42499923706055,123.7699966430664,156.97000122070312,518.6300048828125,240.00999450683594,387.3699951171875,223.15499877929688,316.8800048828125,55.720001220703125,316.1600036621094,241.6699981689453,434.260009765625,81.26000213623047,70.77999877929688,124.79499816894531,152.0500030517578
2026-04-16 19:30:00+00:00,263.3599853515625,208.97999572753906,248.15899658203125,389.82000732421875,278.260009765625,349.3900146484375,249.7100067138672,37.88999938964844,398.3599853515625,325.7099914550781,53.4900016784668,154.7899932861328,184.47999572753906,60.59000015258789,1024.3299560546875,63.41999816894531,129.31500244140625,328.4200134277344,276.3699951171875,296.2099914550781,35.06999969482422,200.6999969482422,121.54000091552734,987.2100219726562,181.25,84.5,31.969999313354492,76.76000213623047,188.14999389648438,123.45999908447266,193.52000427246094,45.75,134.07000732421875,58.38999938964844,12.4350004196167,186.66000366210938,138.49000549316406,78.04499816894531,335.989990234375,899.97998046875,38.130001068115234,337.1400146484375,330.3599853515625,200.72000122070312,251.0,68.4800033569336,387.0799865722656,458.1000061035156,234.5399932861328,309.8500061035156,31.799999237060547,75.16500091552734,903.4299926757812,242.41000366210938,518.530029296875,362.3699951171875,307.0,85.6500015258789,676.8099975585938,226.16000366210938,115.43499755859375,187.25999450683594,420.0450134277344,45.68000030517578,19.18000030517578,96.43000030517578,198.24000549316406,178.36000061035156,92.70999908447266,56.849998474121094,158.3699951171875,27.200000762939453,143.1199951171875,203.52999877929688,219.97999572753906,163.3000030517578,49.810001373291016,134.47000122070312,746.0390014648438,98.33999633789062,92.63999938964844,51.72999954223633,436.79998779296875,338.42999267578125,49.400001525878906,123.91000366210938,157.4499969482422,515.8499755859375,239.77000427246094,388.7900085449219,223.08999633789062,316.3900146484375,55.45000076293945,315.1300048828125,241.64999389648438,435.6400146484375,81.22899627685547,70.83999633789062,124.81999969482422,151.85000610351562
2026-04-17 13:30:00+00:00,268.5849914550781,211.82000732421875,250.27999877929688,393.760009765625,278.4949951171875,352.6000061035156,254.42999267578125,33.80500030517578,401.67999267578125,336.4849853515625,54.400001525878906,158.92999267578125,190.8300018310547,58.650001525878906,1051.7149658203125,64.625,132.14500427246094,328.9800109863281,276.6400146484375,288.04998779296875,36.48500061035156,209.17999267578125,113.33000183105469,984.0300903320312,186.35000610351562,85.16000366210938,29.704999923706055,76.83000183105469,179.42999267578125,125.41000366210938,196.30999755859375,42.41999816894531,125.93000030517578,56.70500183105469,12.979999542236328,172.3249969482422,137.6649932861328,81.625,337.1600036621094,922.2100219726562,36.18000030517578,351.2349853515625,341.875,203.03509521484375,253.90499877929688,69.61499786376953,392.6050109863281,469.2300109863281,234.42999267578125,313.0799865722656,31.3700008392334,75.6050033569336,927.760009765625,254.7449951171875,522.3599853515625,375.739990234375,311.2550048828125,86.8550033569336,682.405029296875,213.77999877929688,117.41999816894531,190.1300048828125,425.8450012207031,46.22999954223633,18.829999923706055,97.86499786376953,200.375,179.27499389648438,93.7750015258789,52.9099006652832,157.3000030517578,27.364999771118164,146.85499572753906,204.3800048828125,224.25999450683594,155.61000061035156,51.04999923706055,135.72999572753906,749.7550048828125,101.16000366210938,92.16500091552734,51.68000030517578,441.9599914550781,344.8399963378906,50.150001525878906,125.81999969482422,160.35000610351562,526.7100219726562,232.58999633789062,396.5306091308594,227.77999877929688,323.0199890136719,56.78499984741211,316.8900146484375,219.9250030517578,440.3999938964844,82.26000213623047,69.94999694824219,124.61499786376953,143.5
2026-04-17 14:30:00+00:00,271.94000244140625,210.55999755859375,247.72999572753906,393.1300048828125,277.5849914550781,354.0400085449219,254.0800018310547,34.54499816894531,402.8399963378906,337.32501220703125,54.04499816894531,159.28500366210938,191.3699951171875,59.7599983215332,1059.7950439453125,64.33000183105469,132.36500549316406,329.8500061035156,277.17999267578125,285.25,36.21500015258789,209.50999450683594,113.95999908447266,986.5999755859375,184.5800018310547,85.4000015258789,29.90999984741211,76.95999908447266,180.27000427246094,125.10070037841797,195.77999877929688,42.73500061035156,126.30000305175781,57.4900016784668,12.944999694824219,174.4250030517578,137.83999633789062,82.06999969482422,338.2200012207031,923.6500244140625,36.72999954223633,348.6400146484375,342.7250061035156,201.66000366210938,252.93499755859375,70.26000213623047,391.5799865722656,470.3456115722656,235.19000244140625,312.7200012207031,31.420000076293945,75.81500244140625,924.4724731445312,252.4600067138672,522.8200073242188,377.0,310.94000244140625,86.61499786376953,683.7000122070312,215.0800018310547,117.02999877929688,189.92999267578125,430.32000732421875,45.935001373291016,19.18000030517578,97.32499694824219,200.63999938964844,178.6999969482422,93.86499786376953,52.630001068115234,157.56500244140625,27.364999771118164,146.91000366210938,204.80499267578125,223.4550018310547,156.0449981689453,50.775001525878906,136.1179962158203,747.8099975585938,100.73500061035156,92.26000213623047,52.58000183105469,442.1700134277344,344.1199951171875,50.369998931884766,125.94499969482422,159.77499389648438,527.6950073242188,234.11000061035156,408.1300048828125,229.72689819335938,323.3500061035156,56.7400016784668,316.57501220703125,220.80999755859375,438.1700134277344,81.52999877929688,70.20999908447266,124.9000015258789,144.16000366210938
2026-04-17 15:30:00+00:00,271.54998779296875,210.25,246.26499938964844,395.45001220703125,278.6300048828125,355.2900085449219,253.2100067138672,34.439998626708984,402.8399963378906,337.7699890136719,54.39500045776367,159.6300048828125,191.63999938964844,60.06999969482422,1064.0849609375,64.50499725341797,133.02499389648438,331.614990234375,279.3399963378906,287.29998779296875,36.20000076293945,210.02000427246094,114.26000213623047,989.6400146484375,183.6649932861328,85.93499755859375,30.045000076293945,77.55999755859375,181.17999267578125,125.81999969482422,195.4499969482422,42.935001373291016,126.65499877929688,57.689998626708984,12.975000381469727,174.05999755859375,138.0,82.41999816894531,338.7799987792969,925.60498046875,37.06999969482422,349.5199890136719,343.5799865722656,203.7039031982422,252.85000610351562,69.36000061035156,391.79998779296875,472.4700012207031,234.9199981689453,313.4100036621094,31.625,75.88999938964844,923.510498046875,251.97000122070312,525.3400268554688,378.43499755859375,311.3500061035156,86.79000091552734,684.4498901367188,214.69500732421875,117.74500274658203,190.7734375,428.6099853515625,46.005001068115234,19.25,96.6050033569336,200.69000244140625,177.52499389648438,93.79000091552734,52.7400016784668,158.0399932861328,27.63599967956543,147.17999267578125,205.25999450683594,225.02999877929688,156.24000549316406,51.01499938964844,136.77000427246094,747.60498046875,100.79499816894531,92.4000015258789,53.31999969482422,444.010009765625,344.75,50.83549880981445,127.05000305175781,160.6199951171875,527.5150146484375,233.77499389648438,407.1199951171875,230.30999755859375,325.1199951171875,57.04999923706055,317.6400146484375,221.0500030517578,440.19000244140625,81.79000091552734,70.45999908447266,125.83000183105469,144.39999389648438
2026-04-17 16:30:00+00:00,270.5799865722656,209.94000244140625,244.6300048828125,391.7500915527344,278.5150146484375,355.44000244140625,253.68710327148438,35.125,402.3800048828125,335.625,54.33000183105469,158.90499877929688,190.9499969482422,60.279998779296875,1059.7750244140625,64.20600128173828,132.63999938964844,330.8500061035156,279.1199951171875,286.7650146484375,35.935001373291016,208.67999267578125,115.19999694824219,991.719970703125,182.50999450683594,85.95500183105469,30.565000534057617,77.5199966430664,182.50250244140625,126.2699966430664,195.52499389648438,43.71500015258789,127.47000122070312,58.15999984741211,12.899999618530273,178.5,137.7899932861328,82.03500366210938,339.55999755859375,923.9600219726562,37.38999938964844,349.4800109863281,342.20001220703125,203.58999633789062,251.88999938964844,68.63999938964844,390.375,471.614990234375,234.8800048828125,311.8800048828125,31.7450008392334,75.84500122070312,921.030029296875,252.5449981689453,523.9199829101562,376.6499938964844,311.4649963378906,86.63999938964844,683.27001953125,215.72250366210938,118.12999725341797,190.25999450683594,423.8500061035156,46.07500076293945,19.229999542236328,96.44509887695312,199.8800048828125,176.10000610351562,93.81999969482422,53.619998931884766,157.27499389648438,27.514999389648438,147.11500549316406,204.625,225.08999633789062,156.7100067138672,50.72999954223633,135.97000122070312,751.4299926757812,100.16999816894531,92.69000244140625,53.22999954223633,443.56500244140625,342.739990234375,50.959999084472656,127.16999816894531,161.0,526.8099975585938,235.7449951171875,401.5400085449219,229.5800018310547,323.69000244140625,57.01499938964844,316.7900085449219,222.72000122070312,440.6700134277344,81.55999755859375,70.81500244140625,126.31999969482422,145.61000061035156
2026-04-17 17:30:00+00:00,270.19000244140625,209.61000061035156,244.55999755859375,393.4175109863281,278.41009521484375,355.0,251.99949645996094,35.505001068115234,403.45928955078125,334.7149963378906,54.005001068115234,158.8300018310547,191.32000732421875,60.04499816894531,1061.5400390625,64.2300033569336,132.55999755859375,330.3550109863281,278.70001220703125,287.54998779296875,35.8849983215332,207.1199951171875,115.73999786376953,995.5999755859375,181.39999389648438,86.05999755859375,30.80500030517578,77.68000030517578,183.30999755859375,126.6500015258789,195.2899932861328,44.060001373291016,128.5,58.345001220703125,12.895000457763672,177.8699951171875,137.6649932861328,81.70999908447266,341.3999938964844,924.5700073242188,37.23500061035156,349.260009765625,340.92999267578125,203.41000366210938,251.88999938964844,67.9749984741211,391.1099853515625,469.17999267578125,235.22999572753906,311.3699951171875,31.920000076293945,75.93499755859375,921.27001953125,252.22999572753906,522.510009765625,375.69500732421875,311.81500244140625,86.20999908447266,683.3900146484375,214.4149932861328,118.23500061035156,189.8000030517578,420.92999267578125,45.95500183105469,19.110000610351562,96.30000305175781,200.64999389648438,173.96499633789062,93.2750015258789,53.6510009765625,157.10000610351562,27.530099868774414,147.13499450683594,203.875,224.39999389648438,156.5,50.654998779296875,135.98500061035156,749.25,100.30500030517578,92.23500061035156,52.8650016784668,442.82000732421875,343.0299987792969,50.44499969482422,127.06999969482422,160.55999755859375,525.5399780273438,236.0800018310547,400.6600036621094,229.02499389648438,323.4599914550781,56.93000030517578,316.69000244140625,223.4199981689453,440.9700012207031,81.16999816894531,71.29499816894531,127.16500091552734,146.16000366210938
2026-04-17 18:30:00+00:00,269.69500732421875,208.8800048828125,244.38999938964844,392.9049987792969,278.07501220703125,354.94000244140625,250.6300048828125,35.60499954223633,403.80999755859375,332.7250061035156,53.88999938964844,157.8000030517578,191.19000244140625,59.869998931884766,1052.010009765625,64.31500244140625,131.89500427246094,329.7550048828125,277.9200134277344,287.7950134277344,35.85499954223633,206.52000427246094,116.00499725341797,997.3800048828125,181.9600067138672,86.125,30.81999969482422,77.23500061035156,183.9149932861328,126.72000122070312,194.6199951171875,44.07500076293945,128.6699981689453,58.40999984741211,12.885000228881836,179.7100067138672,137.73500061035156,81.2750015258789,341.05999755859375,922.6300048828125,37.095001220703125,348.30999755859375,340.80999755859375,204.0399932861328,252.55999755859375,68.0199966430664,392.6600036621094,467.8324890136719,234.77000427246094,311.19000244140625,31.96500015258789,75.92500305175781,920.25,251.3800048828125,522.0250244140625,375.70001220703125,311.67999267578125,86.06500244140625,684.3709716796875,214.3000030517578,118.37999725341797,189.14500427246094,422.6449890136719,45.845001220703125,19.040000915527344,96.65499877929688,201.25999450683594,174.82000732421875,93.52999877929688,53.849998474121094,156.82000732421875,27.545000076293945,146.72000122070312,203.1750030517578,224.10499572753906,156.5800018310547,50.57500076293945,135.7899932861328,748.5050048828125,100.11000061035156,92.19000244140625,52.724998474121094,442.625,341.8500061035156,50.525001525878906,127.29000091552734,160.0449981689453,525.1400146484375,236.09249877929688,401.79998779296875,228.8000030517578,323.260009765625,56.79499816894531,317.0400085449219,224.55999755859375,440.489990234375,81.125,71.23999786376953,127.30000305175781,146.64999389648438
2026-04-17 19:30:00+00:00,270.18499755859375,208.3699951171875,244.4199981689453,396.95001220703125,278.2799987792969,355.2300109863281,250.47000122070312,35.724998474121094,406.45001220703125,331.760009765625,53.900001525878906,158.52999877929688,192.07000732421875,59.77000045776367,1052.4599609375,64.2300033569336,132.1750030517578,330.760009765625,278.57000732421875,287.67999267578125,35.82500076293945,206.50999450683594,116.04000091552734,999.6300048828125,182.13999938964844,86.26000213623047,30.889999389648438,77.29000091552734,183.97999572753906,126.68000030517578,194.74000549316406,44.20000076293945,128.42999267578125,58.474998474121094,12.869999885559082,180.27999877929688,137.6300048828125,81.30999755859375,341.6099853515625,925.9099731445312,37.130001068115234,349.3900146484375,341.010009765625,205.1300048828125,253.47999572753906,68.49500274658203,393.2900085449219,469.2099914550781,234.1699981689453,310.239990234375,32.025001525878906,75.73999786376953,926.72998046875,251.67999267578125,521.27001953125,377.9200134277344,311.3500061035156,86.18000030517578,688.72998046875,213.6199951171875,119.06999969482422,188.82000732421875,422.6000061035156,46.040000915527344,19.114999771118164,96.66000366210938,201.64999389648438,175.05499267578125,93.69000244140625,53.77000045776367,157.6699981689453,27.559999465942383,146.9199981689453,202.52999877929688,224.82000732421875,156.3300018310547,50.81999969482422,136.2100067138672,750.8200073242188,99.99500274658203,92.2699966430664,52.65999984741211,442.5899963378906,343.25,50.54999923706055,127.83999633789062,160.67999267578125,526.5599975585938,235.4600067138672,400.6600036621094,229.80999755859375,324.510009765625,56.900001525878906,317.0199890136719,223.63999938964844,441.239990234375,81.38500213623047,71.1500015258789,127.47000122070312,146.4199981689453
2026-04-20 13:30:00+00:00,273.3800048828125,205.74000549316406,249.30999755859375,394.94000244140625,276.67498779296875,353.55999755859375,247.1699981689453,36.244998931884766,399.27459716796875,331.05999755859375,53.584999084472656,158.67999267578125,190.89999389648438,60.119998931884766,1057.3699951171875,63.43000030517578,132.4499969482422,334.7449951171875,279.2799987792969,289.0,36.02000045776367,206.10000610351562,117.48500061035156,1003.5100708007812,186.4199981689453,87.31999969482422,31.440000534057617,77.0,185.61000061035156,125.4749984741211,194.97000122070312,44.98500061035156,129.03500366210938,57.88999938964844,12.827799797058105,184.00999450683594,137.35000610351562,80.82779693603516,339.70001220703125,931.8099975585938,37.56999969482422,346.0199890136719,341.69000244140625,208.01499938964844,255.42999267578125,66.24009704589844,396.80999755859375,469.9800109863281,233.69000244140625,314.8500061035156,32.2599983215332,76.04989624023438,924.4199829101562,250.20550537109375,521.219970703125,376.6400146484375,308.8299865722656,86.76000213623047,676.0823974609375,215.33999633789062,118.51000213623047,190.49000549316406,419.5,45.83000183105469,19.30500030517578,98.7699966430664,199.1300048828125,174.88999938964844,93.65499877929688,54.54899978637695,157.86000061035156,27.7549991607666,145.6699981689453,205.17999267578125,226.92999267578125,156.8000030517578,50.834999084472656,137.4600067138672,754.22998046875,98.99700164794922,93.2699966430664,52.97999954223633,442.739990234375,343.1099853515625,50.98500061035156,129.4199981689453,161.02000427246094,527.9149780273438,234.46499633789062,392.989990234375,232.21499633789062,322.4750061035156,57.45000076293945,315.2049865722656,227.375,441.5899963378906,81.83999633789062,71.58999633789062,128.02000427246094,148.44000244140625
2026-04-20 14:30:00+00:00,272.8800048828125,205.99000549316406,247.8699951171875,395.5350036621094,275.7950134277344,351.8949890136719,247.02000427246094,36.02000045776367,398.3299865722656,332.20001220703125,53.665000915527344,158.39999389648438,189.88999938964844,59.810001373291016,1054.1500244140625,62.88999938964844,132.63999938964844,332.8500061035156,278.67999267578125,288.010009765625,36.04999923706055,206.27000427246094,117.33999633789062,1005.5999755859375,185.38999938964844,87.55999755859375,31.479999542236328,76.83499908447266,184.27999877929688,125.87000274658203,193.6699981689453,45.0099983215332,128.9199981689453,57.47999954223633,12.8149995803833,184.63999938964844,136.5800018310547,80.73999786376953,339.07000732421875,932.9500122070312,37.375,347.7200012207031,342.7300109863281,209.00999450683594,253.92999267578125,65.95500183105469,396.75250244140625,468.80999755859375,233.38999938964844,315.1499938964844,32.22999954223633,76.03500366210938,929.0,251.47000122070312,518.3300170898438,377.82000732421875,308.7300109863281,86.69000244140625,673.5700073242188,214.86500549316406,118.6500015258789,190.0,418.1499938964844,46.070098876953125,19.295000076293945,98.83999633789062,199.27000427246094,175.3300018310547,93.44000244140625,54.435001373291016,157.59500122070312,27.774999618530273,145.5970001220703,204.85499572753906,227.0,156.28500366210938,50.625,137.9949951171875,751.0150146484375,99.5,93.12000274658203,52.630001068115234,441.75,341.19000244140625,50.939998626708984,129.50999450683594,161.24000549316406,526.7449951171875,234.63999938964844,393.25,232.65310668945312,321.0899963378906,57.415000915527344,314.3500061035156,226.4199981689453,440.7099914550781,81.91999816894531,71.75,128.27999877929688,148.58999633789062
2026-04-20 15:30:00+00:00,272.57000732421875,206.01499938964844,247.8800048828125,392.19000244140625,274.1050109863281,352.0350036621094,246.77000427246094,36.084999084472656,397.6700134277344,331.79998779296875,53.69499969482422,158.69000244140625,189.9550018310547,59.505001068115234,1051.364990234375,62.36000061035156,132.3865966796875,332.25,279.70001220703125,287.07000732421875,35.970001220703125,205.60000610351562,117.44499969482422,1001.3699951171875,185.30999755859375,87.99500274658203,31.459999084472656,76.76499938964844,184.13499450683594,125.47000122070312,193.8249969482422,44.9900016784668,129.09500122070312,57.529998779296875,12.78499984741211,185.10499572753906,136.5800018310547,80.54000091552734,338.69989013671875,933.1799926757812,37.03499984741211,347.55499267578125,342.125,210.02999877929688,253.2899932861328,65.76499938964844,397.1000061035156,467.4800109863281,233.1199951171875,314.75,32.255001068115234,75.98999786376953,926.1699829101562,251.42759704589844,517.510009765625,377.7449951171875,308.70001220703125,86.26000213623047,672.8250122070312,214.72999572753906,118.52999877929688,189.85499572753906,418.8500061035156,46.1150016784668,19.225000381469727,98.8635025024414,199.18499755859375,174.75999450683594,93.19000244140625,54.64099884033203,157.08309936523438,27.834999084472656,145.27999877929688,204.36500549316406,226.34500122070312,156.27000427246094,50.55500030517578,137.75999450683594,749.8300170898438,99.38999938964844,92.75,52.435001373291016,442.8900146484375,340.04998779296875,50.7400016784668,129.2050018310547,160.58999633789062,526.760009765625,234.0449981689453,392.45001220703125,232.52000427246094,324.1650085449219,57.18000030517578,313.43499755859375,226.47500610351562,438.8349914550781,81.6990966796875,71.70500183105469,128.25999450683594,148.9550018310547
2026-04-20 16:30:00+00:00,272.19000244140625,205.55999755859375,249.35000610351562,392.18499755859375,272.9700927734375,351.3399963378906,247.61000061035156,36.30500030517578,397.0299987792969,331.4649963378906,53.845001220703125,158.6300048828125,190.5399932861328,59.189998626708984,1052.8900146484375,61.9900016784668,132.74000549316406,331.8800048828125,279.79998779296875,288.1000061035156,35.96500015258789,206.0,117.66000366210938,1001.6849975585938,187.39500427246094,88.20999908447266,31.584999084472656,76.56890106201172,184.28500366210938,125.4800033569336,194.73500061035156,45.17509841918945,129.88499450683594,57.77000045776367,12.78499984741211,185.35499572753906,136.35000610351562,80.55999755859375,338.2699890136719,935.7650146484375,37.064998626708984,348.17999267578125,341.760009765625,209.3800048828125,253.64999389648438,65.18009948730469,401.4599914550781,468.07000732421875,232.5449981689453,315.6400146484375,32.22999954223633,75.68000030517578,926.5,252.08999633789062,516.6199951171875,377.31500244140625,307.8399963378906,86.0199966430664,672.6500244140625,215.25999450683594,118.16000366210938,190.60000610351562,419.16009521484375,46.15439987182617,19.270000457763672,99.41000366210938,199.5299072265625,175.8699951171875,93.1500015258789,54.79999923706055,156.4001007080078,27.774999618530273,144.49000549316406,204.2899932861328,226.8249969482422,156.49000549316406,50.744998931884766,137.33999633789062,750.0900268554688,99.37000274658203,93.05999755859375,52.5,443.07000732421875,339.5950012207031,50.76499938964844,129.32000732421875,160.5,527.7100219726562,233.36000061035156,391.9599914550781,232.16000366210938,324.05499267578125,57.21500015258789,313.44000244140625,226.41000366210938,439.2799987792969,81.9000015258789,71.5,128.4600067138672,149.24000549316406
2026-04-20 17:30:00+00:00,273.45001220703125,204.92999267578125,248.6199951171875,392.989990234375,274.3500061035156,352.45001220703125,247.80499267578125,36.415000915527344,397.06500244140625,330.2699890136719,53.814998626708984,158.55499267578125,190.57000732421875,59.400001525878906,1050.93994140625,61.60499954223633,132.71499633789062,330.8800048828125,278.8699951171875,288.2950134277344,35.8849983215332,205.3699951171875,117.41999816894531,1000.6400146484375,186.8300018310547,88.05500030517578,31.514999389648438,76.51499938964844,183.8699951171875,125.13999938964844,194.85499572753906,45.07500076293945,129.83999633789062,57.459999084472656,12.835000038146973,184.9250030517578,136.4949951171875,80.54000091552734,338.364990234375,934.594970703125,37.07500076293945,348.79998779296875,341.7250061035156,209.24000549316406,253.16009521484375,65.5,400.54998779296875,467.0400085449219,232.2100067138672,316.0,32.21500015258789,75.42500305175781,926.64501953125,252.16000366210938,516.719970703125,377.3800048828125,307.2650146484375,85.5,672.64501953125,215.18499755859375,117.87999725341797,190.6999969482422,418.6199951171875,46.23500061035156,19.25,99.43499755859375,200.58999633789062,176.22999572753906,92.86000061035156,54.790000915527344,156.30999755859375,27.670000076293945,143.9199981689453,204.27499389648438,227.22000122070312,156.4199981689453,51.0,137.71499633789062,751.125,99.40499877929688,93.22000122070312,52.5099983215332,442.4800109863281,338.17498779296875,50.720001220703125,129.42999267578125,160.26010131835938,526.6799926757812,233.2100067138672,392.9100036621094,233.4709930419922,323.0498962402344,57.22010040283203,312.9700012207031,226.27999877929688,439.4100036621094,81.93000030517578,71.37999725341797,128.10000610351562,148.84500122070312
2026-04-20 18:30:00+00:00,272.69000244140625,204.3800048828125,248.2899932861328,392.8900146484375,275.5299987792969,351.42999267578125,248.13999938964844,36.2400016784668,398.9200134277344,330.0199890136719,53.88999938964844,158.32749938964844,191.35499572753906,59.04999923706055,1047.1199951171875,61.15999984741211,132.94000244140625,329.375,280.4800109863281,287.2799987792969,35.76499938964844,205.5050048828125,116.75,996.739990234375,185.7100067138672,87.80000305175781,31.354999542236328,76.875,183.41000366210938,125.48999786376953,195.22999572753906,44.84000015258789,129.38999938964844,57.130001068115234,12.805000305175781,183.82000732421875,136.30999755859375,80.4000015258789,338.3598937988281,938.0999755859375,36.54999923706055,350.0299987792969,342.20001220703125,209.4499969482422,253.0,65.4999008178711,401.8299865722656,465.18499755859375,230.92999267578125,316.3699951171875,32.099998474121094,75.49500274658203,923.2899780273438,253.3925018310547,516.3699951171875,377.9599914550781,307.0,85.37000274658203,670.70751953125,214.77999877929688,117.51000213623047,190.5800018310547,417.3299865722656,46.3650016784668,19.19499969482422,98.84030151367188,201.1300048828125,176.5500030517578,92.97000122070312,54.4900016784668,156.4199981689453,27.57990074157715,143.9600067138672,203.52499389648438,227.5500030517578,155.92999267578125,51.150001525878906,137.5500030517578,749.489990234375,99.21499633789062,93.18840026855469,52.029998779296875,442.75250244140625,338.3900146484375,50.875,129.5399932861328,159.91000366210938,526.7100219726562,231.34249877929688,392.2699890136719,233.41000366210938,323.3599853515625,57.209999084472656,313.5150146484375,225.75,439.5299987792969,82.04000091552734,71.08000183105469,127.75990295410156,148.07000732421875
2026-04-20 19:30:00+00:00,272.92999267578125,203.71449279785156,248.65499877929688,391.55999755859375,274.9599914550781,350.0799865722656,248.2899932861328,35.96500015258789,399.8399963378906,329.8800048828125,53.939998626708984,158.64999389648438,192.02000427246094,59.16999816894531,1048.530029296875,60.9900016784668,133.0500030517578,330.010009765625,280.0,287.4200134277344,35.82500076293945,205.77000427246094,116.44000244140625,997.75,186.27999877929688,87.70999908447266,31.454999923706055,76.58000183105469,183.24000549316406,126.47000122070312,195.50999450683594,44.94499969482422,129.19000244140625,57.0099983215332,12.869999885559082,183.4499969482422,135.8699951171875,80.53500366210938,337.3900146484375,941.469970703125,36.67499923706055,350.9800109863281,342.8599853515625,210.39999389648438,253.72000122070312,65.71499633789062,404.8299865722656,465.67999267578125,230.60000610351562,317.0899963378906,31.950000762939453,75.50499725341797,920.4000244140625,253.6199951171875,516.8099975585938,378.79998779296875,306.92999267578125,85.0,670.9500122070312,214.1300048828125,117.11000061035156,190.7100067138672,418.1099853515625,46.505001068115234,19.149999618530273,99.70999908447266,202.11000061035156,177.57000732421875,92.83000183105469,54.470001220703125,156.97999572753906,27.520000457763672,144.47999572753906,203.8300018310547,227.07000732421875,155.83999633789062,51.47999954223633,137.50999450683594,750.27001953125,98.95999908447266,93.1500015258789,52.220001220703125,442.70001220703125,338.3399963378906,50.86000061035156,130.17999267578125,159.72000122070312,526.4500122070312,231.5399932861328,392.4599914550781,233.75999450683594,323.510009765625,57.0099983215332,313.9700012207031,226.27000427246094,439.25,81.9800033569336,70.91999816894531,127.94000244140625,147.67999267578125
2026-04-21 13:30:00+00:00,269.5801086425781,204.75999450683594,252.56500244140625,395.4800109863281,281.3599853515625,343.0,252.69000244140625,36.06999969482422,398.95001220703125,335.8299865722656,54.39500045776367,159.14999389648438,193.47000122070312,59.97999954223633,1062.050048828125,61.56999969482422,134.75999450683594,326.9200134277344,283.6050109863281,285.94000244140625,37.05500030517578,207.31500244140625,117.12999725341797,999.1500244140625,192.0800018310547,88.38500213623047,31.280000686645508,77.51000213623047,182.77000427246094,126.61000061035156,198.72999572753906,44.720001220703125,130.2050018310547,56.619998931884766,12.989999771118164,184.53500366210938,133.38999938964844,80.91999816894531,338.4949951171875,940.530029296875,38.1879997253418,350.1199951171875,342.3399963378906,222.83999633789062,256.5400085449219,66.75070190429688,415.1650085449219,464.1600036621094,226.39999389648438,318.0249938964844,31.594999313354492,74.84500122070312,897.1300048828125,255.22000122070312,516.6199951171875,378.1099853515625,304.7900085449219,84.91500091552734,674.6754760742188,214.8350067138672,113.5999984741211,191.7677001953125,425.125,46.685001373291016,19.665000915527344,103.26000213623047,201.88999938964844,182.72500610351562,92.80000305175781,54.900001525878906,155.41000366210938,27.434999465942383,143.4499969482422,205.74000549316406,229.2390899658203,156.35000610351562,51.95000076293945,137.52999877929688,741.1749877929688,98.20020294189453,93.01000213623047,52.874000549316406,452.3399963378906,338.7799987792969,51.474998474121094,132.7100067138672,159.8101043701172,536.1500244140625,231.77999877929688,392.2349853515625,233.7899932861328,355.0,57.47999954223633,313.79998779296875,226.97999572753906,436.6400146484375,82.7249984741211,70.5999984741211,128.55999755859375,146.66000366210938
2026-04-21 14:30:00+00:00,267.92999267578125,204.77999877929688,249.74749755859375,394.7699890136719,280.4700012207031,344.1600036621094,252.24989318847656,36.474998474121094,401.8349914550781,330.9800109863281,53.93000030517578,158.00999450683594,191.6699981689453,59.7599983215332,1053.2750244140625,60.84000015258789,132.74000549316406,327.9800109863281,279.2799987792969,285.04998779296875,36.525001525878906,203.9499969482422,117.98999786376953,999.39501953125,190.125,88.69999694824219,31.420000076293945,76.8499984741211,184.24000549316406,126.11000061035156,193.07000732421875,44.95069885253906,130.9499969482422,56.435001373291016,12.840100288391113,185.5800018310547,132.60000610351562,79.91000366210938,337.1400146484375,931.780029296875,38.224998474121094,347.614990234375,339.9599914550781,220.34500122070312,254.99000549316406,66.59500122070312,412.6700134277344,458.0,225.4199981689453,315.6700134277344,31.239999771118164,74.7249984741211,894.4625244140625,253.9199981689453,513.10498046875,374.05499267578125,303.56878662109375,83.91000366210938,672.344970703125,216.66749572753906,112.29499816894531,189.69000244140625,424.69500732421875,45.94499969482422,19.610000610351562,102.55000305175781,201.0500030517578,182.43710327148438,93.5999984741211,55.459999084472656,154.2100067138672,27.364999771118164,142.67999267578125,206.09249877929688,228.1029052734375,157.39039611816406,51.43000030517578,136.4499969482422,739.2999877929688,97.28500366210938,92.31999969482422,53.07500076293945,446.30999755859375,333.17999267578125,51.15999984741211,131.96499633789062,159.0800018310547,526.9500122070312,230.74000549316406,390.5249938964844,232.4600067138672,347.4175109863281,57.150001525878906,310.8949890136719,229.3300018310547,437.1300048828125,81.96499633789062,69.83999633789062,128.8426971435547,148.05999755859375
2026-04-21 15:30:00+00:00,265.8599853515625,205.75,249.88499450683594,396.1499938964844,282.7449951171875,346.9849853515625,251.9949951171875,36.775001525878906,402.114990234375,332.1199951171875,53.80500030517578,158.27999877929688,191.83999633789062,59.849998474121094,1050.18994140625,60.255001068115234,132.91000366210938,329.2099914550781,280.1549987792969,285.6600036621094,36.349998474121094,203.80499267578125,118.3550033569336,1001.5,189.30499267578125,89.06500244140625,31.496599197387695,77.56999969482422,184.4600067138672,126.20500183105469,192.7899932861328,45.05500030517578,130.97000122070312,56.959999084472656,12.84000015258789,186.47999572753906,132.8000030517578,80.0,334.8575134277344,929.780029296875,38.16699981689453,346.5799865722656,341.6199951171875,220.27000427246094,256.7099914550781,66.30500030517578,411.875,455.79998779296875,224.8800048828125,314.989990234375,31.454999923706055,74.80999755859375,900.7150268554688,253.58999633789062,511.6499938964844,375.32000732421875,303.68499755859375,83.05000305175781,670.57861328125,216.8300018310547,112.86000061035156,189.92999267578125,424.95001220703125,46.540000915527344,19.6299991607666,101.8499984741211,199.89500427246094,183.94000244140625,93.80999755859375,55.60499954223633,154.50999450683594,27.56999969482422,142.7899932861328,207.17999267578125,228.6699981689453,157.9499969482422,51.30500030517578,137.0,747.47998046875,97.36009979248047,92.5,53.0,445.6400146484375,331.2200012207031,51.1150016784668,132.46499633789062,160.19000244140625,526.2349853515625,231.59500122070312,388.3689880371094,233.16000366210938,351.70001220703125,57.13999938964844,309.6499938964844,229.8074951171875,437.6809997558594,81.91000366210938,70.11000061035156,129.11000061035156,148.24000549316406
2026-04-21 16:30:00+00:00,266.1600036621094,205.7050018310547,248.5399932861328,393.9599914550781,281.3349914550781,346.55999755859375,251.5800018310547,37.224998474121094,400.2976989746094,330.79998779296875,53.546199798583984,157.51499938964844,191.1779022216797,59.880001068115234,1043.1400146484375,60.209999084472656,132.13999938964844,330.44000244140625,278.9049987792969,284.9100036621094,35.875,203.19500732421875,119.11000061035156,1003.2150268554688,188.27999877929688,88.9749984741211,31.790000915527344,76.98999786376953,185.27000427246094,125.375,191.5399932861328,45.474998474121094,132.14999389648438,57.279998779296875,12.8149995803833,188.02999877929688,132.75,79.70999908447266,332.8399963378906,924.4199829101562,38.189998626708984,344.3450012207031,339.8699951171875,219.2100067138672,255.72500610351562,65.75,408.9750061035156,455.45001220703125,225.88999938964844,314.04998779296875,31.485000610351562,74.93499755859375,901.7050170898438,251.5850067138672,512.1199951171875,374.25,302.1000061035156,82.88999938964844,669.1900024414062,218.9199981689453,112.33499908447266,189.07000732421875,424.760009765625,46.25469970703125,19.649999618530273,100.96499633789062,199.32000732421875,182.89010620117188,93.38999938964844,56.185001373291016,154.89999389648438,27.5,142.75,207.7449951171875,227.72000122070312,158.9499969482422,50.9900016784668,136.36000061035156,746.1599731445312,97.08000183105469,92.29499816894531,52.86000061035156,444.8450012207031,330.614990234375,50.959999084472656,132.0500030517578,159.5,524.6875,232.36000061035156,385.8399963378906,232.8800048828125,350.7950134277344,56.959999084472656,310.010009765625,231.74000549316406,438.6700134277344,81.80500030517578,70.26000213623047,129.1699981689453,148.67999267578125
2026-04-21 17:30:00+00:00,266.375,204.9949951171875,248.74000549316406,394.0,284.2349853515625,344.989990234375,251.11000061035156,37.189998626708984,400.9800109863281,329.80499267578125,53.404998779296875,157.3300018310547,191.80999755859375,59.81999969482422,1044.6812744140625,59.98500061035156,132.28500366210938,330.79998779296875,277.0899963378906,284.4800109863281,36.06999969482422,202.9499969482422,119.22000122070312,1002.5599975585938,188.27000427246094,89.20999908447266,31.774999618530273,77.38999938964844,185.41000366210938,124.98500061035156,191.0449981689453,45.43000030517578,132.08999633789062,57.17499923706055,12.859000205993652,188.24000549316406,133.08999633789062,79.76499938964844,332.7900085449219,925.6649780273438,38.130001068115234,343.989990234375,339.8399963378906,220.30999755859375,256.2699890136719,66.01499938964844,406.1700134277344,454.4649963378906,225.60000610351562,313.5201110839844,31.579999923706055,75.11499786376953,902.4949951171875,251.53500366210938,511.5450134277344,374.54998779296875,302.1636047363281,82.6449966430664,670.8699951171875,219.22999572753906,112.45500183105469,189.36000061035156,425.7900085449219,46.40999984741211,19.520000457763672,100.50499725341797,199.93099975585938,183.5399932861328,93.5,56.125,155.25,27.454999923706055,142.86000061035156,208.0800018310547,227.9600067138672,158.9600067138672,50.95000076293945,136.42999267578125,747.7249755859375,97.30500030517578,92.43499755859375,52.80500030517578,444.4200134277344,329.17999267578125,50.9900016784668,132.2050018310547,159.27999877929688,523.5,232.875,389.05499267578125,233.75,351.8399963378906,57.03779983520508,310.260009765625,232.10000610351562,437.9674987792969,81.43840026855469,70.45500183105469,129.35000610351562,148.57000732421875
2026-04-21 18:30:00+00:00,267.9599914550781,205.45579528808594,248.6199951171875,395.3500061035156,285.5801086425781,345.4200134277344,251.4199981689453,37.22999954223633,402.2300109863281,331.3999938964844,53.64500045776367,157.97999572753906,192.47000122070312,60.02000045776367,1048.1650390625,59.775001525878906,132.8300018310547,331.2950134277344,278.56500244140625,284.1300048828125,36.185001373291016,204.60000610351562,119.75,1004.2501220703125,188.77000427246094,89.625,31.8700008392334,77.72000122070312,185.50999450683594,124.98999786376953,194.97999572753906,45.52000045776367,132.2100067138672,57.15999984741211,12.890000343322754,188.5399932861328,133.41000366210938,80.12000274658203,334.32501220703125,931.9749755859375,38.18000030517578,345.44500732421875,342.69000244140625,221.0800018310547,257.80999755859375,66.5250015258789,406.6499938964844,456.4200134277344,226.07000732421875,315.0,31.565000534057617,74.99500274658203,908.5800170898438,252.52999877929688,513.1699829101562,377.5400085449219,302.1000061035156,82.74500274658203,674.0,220.1699981689453,112.69999694824219,190.53500366210938,426.464111328125,46.53499984741211,19.594999313354492,100.8031997680664,200.95700073242188,184.52999877929688,93.45999908447266,56.18989944458008,155.11000061035156,27.485000610351562,142.75999450683594,207.61000061035156,228.91000366210938,159.6300048828125,51.31010055541992,136.35020446777344,749.239990234375,97.92500305175781,92.63999938964844,53.02000045776367,445.55499267578125,329.8999938964844,51.334999084472656,132.48500061035156,159.27499389648438,528.8599853515625,233.0850067138672,390.06500244140625,234.8209991455078,348.375,57.18899917602539,310.5199890136719,232.44000244140625,438.80999755859375,81.9800033569336,70.45999908447266,129.64999389648438,147.80499267578125
2026-04-21 19:30:00+00:00,266.2200012207031,205.1300048828125,247.1199951171875,394.3800048828125,284.4200134277344,344.8599853515625,249.9499969482422,37.61000061035156,402.25,329.7300109863281,53.470001220703125,156.74000549316406,190.8800048828125,60.25,1043.3299560546875,59.494998931884766,131.6750030517578,329.45001220703125,276.70001220703125,284.2300109863281,36.03499984741211,202.6999969482422,120.25,1005.8099975585938,187.14999389648438,89.7300033569336,31.860000610351562,77.3499984741211,185.9949951171875,124.04000091552734,194.4199981689453,45.595001220703125,132.42999267578125,56.869998931884766,12.779999732971191,189.8300018310547,133.2899932861328,79.04000091552734,332.2799987792969,926.3900146484375,38.13999938964844,343.92999267578125,340.25,217.4499969482422,255.72000122070312,66.30000305175781,404.94000244140625,451.42999267578125,226.14999389648438,313.010009765625,31.559999465942383,74.70999908447266,903.02001953125,251.25999450683594,511.239990234375,375.5899963378906,301.8500061035156,82.0,668.9000244140625,220.47000122070312,112.55999755859375,189.30999755859375,424.25,46.435001373291016,19.594999313354492,100.1500015258789,199.91000366210938,181.1699981689453,93.81999969482422,56.31999969482422,154.94000244140625,27.31999969482422,142.35000610351562,207.4600067138672,228.0399932861328,159.3800048828125,50.89500045776367,135.57000732421875,747.6400146484375,97.80999755859375,91.95500183105469,52.77000045776367,444.739990234375,327.239990234375,51.06999969482422,132.1199951171875,159.24000549316406,524.8699951171875,232.60000610351562,386.4800109863281,233.1699981689453,346.0199890136719,56.849998474121094,309.9049987792969,233.44000244140625,436.6300048828125,81.5250015258789,70.41999816894531,129.60000610351562,148.3699951171875
2026-04-22 13:30:00+00:00,271.94000244140625,204.375,257.7300109863281,396.4700012207031,295.1817932128906,346.9100036621094,253.19500732421875,37.810001373291016,411.19000244140625,333.55499267578125,53.51499938964844,156.27999877929688,186.22999572753906,61.869998931884766,1059.2099609375,64.7750015258789,131.24000549316406,326.29998779296875,280.3399963378906,279.3900146484375,35.349998474121094,202.08999633789062,121.66000366210938,1003.9299926757812,190.10000610351562,90.04000091552734,32.529998779296875,77.66000366210938,187.36000061035156,123.01499938964844,189.74000549316406,46.53499984741211,132.83999633789062,58.32500076293945,12.760000228881836,191.52999877929688,133.3350067138672,79.42500305175781,338.29998779296875,936.135009765625,39.02000045776367,342.8699951171875,339.1549987792969,216.89999389648438,255.83999633789062,66.34500122070312,412.1600036621094,490.32000732421875,226.2100067138672,313.7698059082031,31.780000686645508,75.2750015258789,920.6500244140625,248.7449951171875,510.739990234375,373.739990234375,302.07000732421875,83.44999694824219,675.739990234375,219.19009399414062,112.75,191.30999755859375,431.125,46.419898986816406,19.854999542236328,104.23500061035156,200.36000061035156,187.74000549316406,94.43000030517578,56.2599983215332,156.00999450683594,26.885000228881836,142.78900146484375,206.72999572753906,228.16000366210938,160.1699981689453,51.22999954223633,136.7299041748047,753.1199951171875,98.52999877929688,92.41000366210938,54.47999954223633,453.68499755859375,334.3800048828125,51.26499938964844,130.92999267578125,158.87939453125,523.3200073242188,235.81500244140625,392.75830078125,236.01649475097656,355.4100036621094,56.970001220703125,310.54998779296875,232.4550018310547,440.5050048828125,81.47000122070312,71.1500015258789,129.39999389648438,149.41000366210938
2026-04-22 14:30:00+00:00,272.40008544921875,203.61000061035156,254.67999267578125,397.7900085449219,297.8500061035156,345.7250061035156,253.0,37.79999923706055,416.2900085449219,332.56500244140625,53.38999938964844,155.33999633789062,182.89999389648438,61.93989944458008,1057.0550537109375,64.47000122070312,130.8699951171875,324.5450134277344,278.4100036621094,279.79998779296875,35.22999954223633,200.50999450683594,122.19000244140625,1006.72998046875,189.9600067138672,89.52999877929688,32.57500076293945,77.33000183105469,187.375,122.94999694824219,187.9600067138672,46.61000061035156,131.91000366210938,58.79499816894531,12.729999542236328,192.35000610351562,132.7100067138672,79.13999938964844,337.42999267578125,938.8599853515625,39.26499938964844,341.6499938964844,337.5299987792969,214.84750366210938,253.9499969482422,66.08999633789062,406.3800048828125,488.7099914550781,224.99000549316406,312.8500061035156,31.850000381469727,75.01499938964844,917.9099731445312,247.97500610351562,508.4200134277344,371.6199951171875,302.3500061035156,83.33999633789062,675.0698852539062,220.6649932861328,112.37000274658203,191.6649932861328,432.135009765625,45.939998626708984,19.81999969482422,103.05000305175781,201.6009063720703,187.1699981689453,94.44000244140625,56.41999816894531,156.50999450683594,26.864999771118164,142.82000732421875,205.59500122070312,228.27000427246094,160.38999938964844,50.959999084472656,136.35000610351562,750.3800048828125,99.13999938964844,92.38999938964844,54.529998779296875,450.94000244140625,333.1000061035156,51.250301361083984,130.8000030517578,159.0500030517578,517.6900024414062,235.5399932861328,389.614990234375,234.9600067138672,356.6400146484375,56.904998779296875,309.66009521484375,234.07000732421875,437.57989501953125,81.12000274658203,70.97000122070312,130.0493927001953,148.6750030517578
2026-04-22 15:30:00+00:00,272.69000244140625,202.66000366210938,256.7300109863281,400.0700988769531,296.1400146484375,345.0899963378906,252.9998016357422,37.84000015258789,419.05999755859375,332.8699951171875,53.06999969482422,155.5,180.81500244140625,61.84000015258789,1055.22998046875,64.98999786376953,130.27000427246094,324.375,277.9100036621094,280.5450134277344,35.165000915527344,199.92999267578125,122.38999938964844,1004.2150268554688,190.6750030517578,89.76499938964844,32.435001373291016,77.05500030517578,186.93099975585938,122.27999877929688,187.72000122070312,46.400001525878906,131.92999267578125,58.220001220703125,12.6850004196167,192.19000244140625,132.51499938964844,79.18000030517578,336.82000732421875,933.0499877929688,39.275001525878906,339.6199951171875,335.17999267578125,214.69000244140625,252.875,65.42500305175781,408.69000244140625,487.5799865722656,224.2899932861328,312.20001220703125,31.875,74.7300033569336,919.0900268554688,246.10000610351562,506.6300048828125,369.1499938964844,300.6099853515625,82.91999816894531,674.0050048828125,220.25999450683594,112.7300033569336,191.5,431.7099914550781,45.810001373291016,19.895000457763672,103.19499969482422,201.09500122070312,188.5,93.72000122070312,56.54499816894531,155.1699981689453,26.80500030517578,142.2799072265625,204.55999755859375,226.5399932861328,160.52000427246094,50.97999954223633,136.3000030517578,748.4450073242188,98.56500244140625,92.06999969482422,54.435001373291016,450.6549987792969,331.635009765625,51.04999923706055,130.77999877929688,158.7899932861328,517.1199951171875,235.1999969482422,389.8999938964844,235.1699981689453,356.0899963378906,56.70000076293945,309.2099914550781,233.7100067138672,437.70001220703125,80.88500213623047,70.83999633789062,129.47999572753906,148.2899932861328
2026-04-22 16:30:00+00:00,273.2099914550781,201.99000549316406,254.8000030517578,402.2200012207031,300.44000244140625,345.04998779296875,253.27000427246094,38.095001220703125,419.1300048828125,332.3999938964844,53.20989990234375,155.28500366210938,180.27000427246094,62.220001220703125,1057.489990234375,64.7699966430664,130.3350067138672,325.489990234375,278.19000244140625,280.0,35.16999816894531,200.14999389648438,122.83999633789062,1005.010009765625,189.8300018310547,90.08999633789062,32.619998931884766,77.20999908447266,187.19000244140625,122.55500030517578,186.6999969482422,46.67499923706055,132.77999877929688,58.494998931884766,12.6850004196167,192.64999389648438,132.13999938964844,79.16999816894531,336.80999755859375,934.9299926757812,39.26499938964844,340.1400146484375,334.92999267578125,214.6999969482422,249.63999938964844,65.65499877929688,404.0801086425781,485.25,224.3300018310547,312.81500244140625,31.774999618530273,74.91999816894531,920.75,246.3000030517578,506.57000732421875,368.5400085449219,301.1099853515625,83.02999877929688,675.2000122070312,221.42999267578125,112.70999908447266,191.80999755859375,431.30999755859375,45.88999938964844,19.825000762939453,102.58999633789062,201.7449951171875,187.32000732421875,93.80999755859375,56.775001525878906,154.96499633789062,26.8799991607666,142.8699951171875,203.8000030517578,226.5050048828125,160.97000122070312,51.025001525878906,136.1999969482422,744.4700927734375,98.66999816894531,92.08499908447266,54.33000183105469,447.2200012207031,330.57000732421875,51.08000183105469,131.2550048828125,159.30999755859375,515.864990234375,235.36000061035156,390.4649963378906,236.64999389648438,354.3800048828125,56.775001525878906,308.92999267578125,234.72000122070312,437.0849914550781,80.92500305175781,70.80999755859375,130.27999877929688,148.80999755859375
2026-04-22 17:30:00+00:00,272.68499755859375,201.5800018310547,254.21499633789062,400.989990234375,300.0799865722656,344.57000732421875,253.875,38.07590103149414,419.6499938964844,331.79998779296875,53.03499984741211,154.99000549316406,178.89999389648438,62.55500030517578,1056.6099853515625,64.68499755859375,129.7550048828125,325.7650146484375,276.9200134277344,282.4949951171875,35.03499984741211,199.38999938964844,122.80000305175781,1002.5999755859375,189.1999969482422,89.99500274658203,32.685001373291016,76.8499984741211,187.25999450683594,121.66999816894531,185.76589965820312,46.76100158691406,133.24000549316406,58.529998779296875,12.604999542236328,192.97000122070312,131.6300048828125,78.87999725341797,338.0799865722656,933.739990234375,39.41999816894531,338.9700012207031,335.1650085449219,215.19000244140625,249.57000732421875,65.43009948730469,402.7900085449219,486.614990234375,224.0399932861328,312.6600036621094,31.889999389648438,74.71499633789062,919.0900268554688,245.30499267578125,505.8550109863281,368.4200134277344,300.6400146484375,83.01499938964844,675.7650146484375,220.6199951171875,112.70999908447266,191.44000244140625,430.7799987792969,45.564998626708984,19.809999465942383,102.75,201.6649932861328,187.13499450683594,93.68499755859375,56.84000015258789,153.5959014892578,26.834999084472656,142.5050048828125,203.4499969482422,226.41000366210938,160.60000610351562,51.084999084472656,135.7050018310547,745.739990234375,98.73999786376953,92.05500030517578,54.42499923706055,446.5799865722656,330.04998779296875,50.95500183105469,130.14999389648438,158.5399932861328,515.2650146484375,235.5399932861328,388.42498779296875,235.19000244140625,352.4800109863281,56.64500045776367,308.67999267578125,233.72000122070312,436.8900146484375,80.86750030517578,70.9749984741211,129.55999755859375,149.16510009765625
2026-04-22 18:30:00+00:00,272.7099914550781,200.80999755859375,255.08999633789062,403.1000061035156,302.46051025390625,343.8900146484375,254.52000427246094,38.1349983215332,419.6050109863281,332.7200012207031,53.095001220703125,155.23500061035156,178.69000244140625,62.310001373291016,1059.864990234375,64.66999816894531,129.85000610351562,325.92999267578125,276.92999267578125,284.2699890136719,35.10499954223633,199.3000030517578,122.98999786376953,1004.6799926757812,189.7899932861328,90.05500030517578,32.91999816894531,76.77999877929688,187.05999755859375,122.76000213623047,185.1649932861328,47.125,133.44000244140625,58.970001220703125,12.600000381469727,194.0449981689453,131.88999938964844,78.8009033203125,339.2049865722656,932.280029296875,39.17499923706055,339.30999755859375,335.18499755859375,216.34500122070312,249.52999877929688,65.41500091552734,405.0450134277344,483.1600036621094,225.0050048828125,312.95001220703125,31.94499969482422,74.74500274658203,918.9400024414062,244.86000061035156,509.4100036621094,368.3500061035156,300.5799865722656,83.0,675.864990234375,221.40499877929688,112.9000015258789,191.07000732421875,431.9049987792969,45.654998779296875,19.7450008392334,103.16000366210938,201.6750030517578,187.77999877929688,94.11000061035156,57.02000045776367,154.1999969482422,26.905000686645508,142.75999450683594,203.60000610351562,225.7449951171875,160.91000366210938,51.28030014038086,136.3699951171875,745.5399780273438,99.22000122070312,91.76499938964844,54.439998626708984,448.5,329.6700134277344,50.92499923706055,130.82000732421875,158.66000366210938,517.5750122070312,235.59500122070312,389.2388000488281,235.97000122070312,353.9150085449219,56.6349983215332,310.5199890136719,234.39500427246094,437.44000244140625,80.59500122070312,71.1500015258789,129.80999755859375,149.5679931640625
2026-04-22 19:30:00+00:00,273.19000244140625,200.4499969482422,255.92999267578125,403.4700012207031,303.44000244140625,345.8800048828125,255.33999633789062,38.060001373291016,422.6000061035156,332.8699951171875,53.095001220703125,155.65499877929688,179.35000610351562,62.529998779296875,1062.0400390625,64.87000274658203,129.69000244140625,325.5199890136719,274.7049865722656,285.5899963378906,35.09000015258789,199.44000244140625,122.61000061035156,1003.469970703125,189.75,89.77999877929688,32.935001373291016,76.43000030517578,186.32000732421875,123.18000030517578,183.97000122070312,47.130001068115234,133.0,58.72999954223633,12.619999885559082,193.83999633789062,132.89999389648438,78.9800033569336,339.3699951171875,934.52001953125,39.11000061035156,339.4150085449219,333.75,217.3800048828125,252.0,65.23999786376953,408.55999755859375,483.42999267578125,226.0800018310547,312.9700012207031,31.81999969482422,74.62999725341797,921.280029296875,245.11500549316406,510.20001220703125,367.1789855957031,300.0799865722656,83.21499633789062,674.6699829101562,222.02999877929688,112.875,190.97999572753906,432.67999267578125,45.689998626708984,19.780000686645508,103.19000244140625,202.4199981689453,187.5,93.93000030517578,57.04499816894531,153.77999877929688,26.780000686645508,142.83999633789062,202.66000366210938,225.02000427246094,160.6699981689453,51.20000076293945,136.02999877929688,746.5399780273438,99.48999786376953,91.66500091552734,54.380001068115234,448.93499755859375,329.44000244140625,50.939998626708984,130.60000610351562,158.47000122070312,514.1400146484375,236.74000549316406,387.20001220703125,236.39999389648438,353.4100036621094,56.595001220703125,311.25,234.32000732421875,437.6600036621094,80.56500244140625,71.08000183105469,129.9600067138672,149.47999572753906
2026-04-23 13:30:00+00:00,273.9049987792969,201.25,236.4149932861328,411.0350036621094,305.8500061035156,348.6400146484375,255.69000244140625,38.06999969482422,425.5899963378906,325.1700134277344,53.43000030517578,156.1699981689453,178.08999633789062,64.30999755859375,1062.8199462890625,65.6050033569336,129.6999969482422,329.239990234375,278.32000732421875,283.44500732421875,34.70500183105469,199.5399932861328,124.1500015258789,1011.75,173.4149932861328,89.0199966430664,33.22999954223633,77.59500122070312,186.57000732421875,122.2300033569336,177.8300018310547,47.53499984741211,133.43499755859375,58.400001525878906,12.62720012664795,195.25,133.625,78.29499816894531,339.57000732421875,940.39501953125,39.95000076293945,340.32501220703125,335.9150085449219,216.92999267578125,228.55999755859375,66.9000015258789,379.5799865722656,483.2300109863281,228.86000061035156,314.3699951171875,31.295000076293945,76.2750015258789,921.75,247.0800018310547,504.739990234375,370.5849914550781,304.04998779296875,84.05999755859375,663.8699951171875,221.30499267578125,114.11000061035156,191.18499755859375,418.81500244140625,45.07500076293945,20.3799991607666,84.74140167236328,201.76010131835938,177.7100067138672,93.36000061035156,57.08000183105469,155.67999267578125,26.565000534057617,144.8699951171875,205.3249969482422,226.85000610351562,159.36000061035156,49.88999938964844,135.5,752.260009765625,100.27999877929688,90.81999969482422,54.91999816894531,440.4800109863281,332.0799865722656,51.57500076293945,130.42999267578125,159.85000610351562,472.1199951171875,238.63999938964844,369.0899963378906,274.6549987792969,354.3800048828125,57.20000076293945,307.7200012207031,231.9499969482422,437.1099853515625,81.21499633789062,71.73999786376953,131.3000030517578,149.8699951171875
2026-04-23 14:30:00+00:00,273.67999267578125,201.30999755859375,237.5500030517578,409.2099914550781,308.80999755859375,348.05999755859375,257.3500061035156,38.130001068115234,428.1300048828125,322.614990234375,53.314998626708984,155.5,178.07000732421875,64.38500213623047,1062.1400146484375,65.79000091552734,129.67999267578125,328.6499938964844,277.94000244140625,282.6199951171875,34.724998474121094,198.08999633789062,124.52999877929688,1009.844970703125,173.2899932861328,89.54000091552734,33.345001220703125,78.03500366210938,185.77000427246094,121.91000366210938,175.89999389648438,47.709999084472656,133.24000549316406,58.970001220703125,12.545000076293945,194.36000061035156,133.0500030517578,78.23999786376953,340.91119384765625,943.4400024414062,39.82500076293945,339.42498779296875,335.54998779296875,215.5500030517578,231.85000610351562,67.56990051269531,379.1199951171875,479.7699890136719,229.59939575195312,313.9045104980469,31.147499084472656,76.21499633789062,919.3400268554688,245.85000610351562,500.7974853515625,370.17999267578125,303.5199890136719,83.45989990234375,668.2249755859375,220.75999450683594,113.93000030517578,191.48500061035156,422.5,44.93000030517578,20.3700008392334,85.80069732666016,202.5084991455078,180.15109252929688,92.54000091552734,57.060001373291016,155.67999267578125,26.510000228881836,145.14990234375,205.39999389648438,226.5800018310547,158.42999267578125,49.85969924926758,134.74000549316406,760.5999755859375,99.94999694824219,90.7699966430664,55.185001373291016,438.9100036621094,329.0,51.41999816894531,130.2899932861328,158.05999755859375,462.8699951171875,238.2570037841797,377.4750061035156,280.260009765625,354.875,56.95000076293945,306.7200012207031,231.24000549316406,439.0,81.24500274658203,71.50499725341797,131.16000366210938,148.85000610351562
2026-04-23 15:30:00+00:00,273.6000061035156,200.7899932861328,237.2899932861328,408.20001220703125,308.92498779296875,349.8999938964844,256.9599914550781,38.26499938964844,428.0799865722656,320.4100036621094,53.125,155.3350067138672,179.22000122070312,65.19000244140625,1060.6600341796875,65.87000274658203,129.27499389648438,329.2099914550781,277.0950012207031,281.1300048828125,34.82500076293945,198.13499450683594,124.5999984741211,1013.2999877929688,173.0299072265625,89.44999694824219,33.47999954223633,78.0,186.2550048828125,121.58999633789062,177.52999877929688,47.900001525878906,133.61500549316406,59.040000915527344,12.555000305175781,195.82000732421875,133.32000732421875,78.375,340.4049987792969,940.75,39.82500076293945,339.9599914550781,335.7799987792969,214.98500061035156,229.0,67.98500061035156,376.07000732421875,481.4200134277344,230.01499938964844,313.7300109863281,31.274999618530273,76.31500244140625,914.4849853515625,246.7100067138672,502.0450134277344,370.69000244140625,303.125,83.18499755859375,665.1699829101562,221.91000366210938,113.76000213623047,190.85000610351562,417.92999267578125,44.63092803955078,20.40999984741211,85.11000061035156,201.10629272460938,178.4600067138672,92.44000244140625,57.27000045776367,155.41000366210938,26.405000686645508,145.14999389648438,205.10989379882812,225.73500061035156,158.75999450683594,49.78499984741211,134.50999450683594,762.5599975585938,100.17500305175781,90.25,55.14500045776367,436.07000732421875,328.4649963378906,51.42499923706055,130.60009765625,158.13999938964844,460.5050048828125,239.63999938964844,379.25,282.0950012207031,354.82000732421875,56.834999084472656,307.0899963378906,231.2100067138672,438.8399963378906,81.08000183105469,71.69000244140625,132.28500366210938,149.32000732421875
2026-04-23 16:30:00+00:00,272.239990234375,200.64999389648438,236.8800048828125,403.3349914550781,303.80999755859375,347.9617004394531,254.74000549316406,38.72999954223633,421.55999755859375,315.9649963378906,52.46500015258789,154.47000122070312,176.58999633789062,64.80000305175781,1051.2149658203125,65.75,127.62999725341797,329.95001220703125,276.8681945800781,282.6700134277344,34.369998931884766,194.6925048828125,124.91999816894531,1011.5374755859375,171.68499755859375,88.66999816894531,33.65999984741211,78.26499938964844,186.77999877929688,121.20099639892578,177.22999572753906,48.154998779296875,134.25,58.900001525878906,12.484999656677246,197.07000732421875,133.4250030517578,77.6500015258789,337.7300109863281,930.375,39.994998931884766,338.2099914550781,332.9849853515625,214.52000427246094,228.17999267578125,67.41000366210938,377.5050048828125,478.69000244140625,230.38999938964844,310.44000244140625,31.2450008392334,76.31999969482422,912.0499877929688,245.16749572753906,499.31500244140625,367.4700012207031,301.9949951171875,83.06999969482422,658.3049926757812,221.7675018310547,114.23999786376953,188.48500061035156,415.20001220703125,44.429298400878906,20.375,84.37000274658203,199.43499755859375,175.89010620117188,92.52999877929688,57.65999984741211,155.55999755859375,26.46500015258789,145.2550048828125,205.16000366210938,223.77000427246094,159.56500244140625,49.47999954223633,132.98500061035156,759.0549926757812,99.76000213623047,88.16000366210938,55.17499923706055,434.4200134277344,325.94000244140625,50.93000030517578,129.72000122070312,157.72000122070312,457.6199951171875,239.69000244140625,372.8999938964844,280.7349853515625,353.05999755859375,56.35176467895508,305.5474853515625,233.41000366210938,436.4849853515625,80.37999725341797,71.58000183105469,131.9199981689453,149.9250030517578
2026-04-23 17:30:00+00:00,273.6600036621094,200.8300018310547,238.66000366210938,402.80999755859375,304.4150085449219,349.6199951171875,255.3300018310547,38.72999954223633,421.2099914550781,316.95001220703125,52.5099983215332,155.3699951171875,176.0399932861328,65.1449966430664,1053.72998046875,65.95500183105469,128.13999938964844,332.0799865722656,278.885009765625,285.8349914550781,34.18000030517578,195.59500122070312,125.0,1013.6849975585938,173.25999450683594,89.00499725341797,33.83000183105469,79.08999633789062,187.77999877929688,121.04000091552734,178.52999877929688,48.38999938964844,134.22999572753906,59.42499923706055,12.494999885559082,197.25999450683594,133.99000549316406,78.31999969482422,340.3500061035156,932.6500244140625,40.26499938964844,339.32501220703125,333.6300048828125,214.74000549316406,230.72999572753906,67.63999938964844,381.30999755859375,481.7850036621094,230.9199981689453,311.3399963378906,31.31999969482422,76.55500030517578,917.6849975585938,245.91000366210938,503.1499938964844,367.385009765625,304.0,83.81999969482422,658.4099731445312,222.3699951171875,114.68000030517578,188.97000122070312,415.090087890625,44.70500183105469,20.375,84.95999908447266,199.13999938964844,176.2100067138672,93.16999816894531,57.81999969482422,156.13999938964844,26.514999389648438,145.75979614257812,206.6750030517578,224.99000549316406,160.89500427246094,49.80500030517578,133.77000427246094,758.4949951171875,99.9800033569336,88.4000015258789,55.36970138549805,437.6050109863281,328.0799865722656,51.2599983215332,130.18499755859375,158.02000427246094,461.3399963378906,240.55999755859375,374.0799865722656,279.3399963378906,353.70001220703125,56.67499923706055,307.8999938964844,234.72999572753906,436.5199890136719,80.625,71.68499755859375,132.41000366210938,150.10000610351562
2026-04-23 18:30:00+00:00,274.1700134277344,201.5399932861328,239.55999755859375,400.7200012207031,303.8999938964844,350.20001220703125,255.64999389648438,38.650001525878906,419.9700012207031,317.1600036621094,52.474998474121094,155.55499267578125,176.02499389648438,64.37999725341797,1057.27001953125,65.86000061035156,127.9800033569336,332.19000244140625,279.8699951171875,286.1099853515625,33.904998779296875,196.07000732421875,124.69000244140625,1011.7899780273438,174.24000549316406,89.04000091552734,33.665000915527344,79.31999969482422,187.5399932861328,121.5,179.5,48.165000915527344,133.99000549316406,59.310001373291016,12.515000343322754,195.69000244140625,134.05999755859375,78.46499633789062,339.364990234375,930.9425048828125,39.85499954223633,339.55999755859375,332.92999267578125,214.33999633789062,232.4550018310547,66.6093978881836,384.8599853515625,479.8399963378906,231.0803985595703,311.94488525390625,31.454999923706055,76.55850219726562,919.6099853515625,246.01620483398438,504.260009765625,367.625,303.251708984375,83.92070007324219,659.6699829101562,221.1300048828125,114.81999969482422,188.6199951171875,416.3363037109375,44.79679870605469,20.235000610351562,85.55500030517578,199.11000061035156,176.1699981689453,93.18499755859375,57.72999954223633,156.36000061035156,26.56999969482422,145.73939514160156,206.13999938964844,225.50999450683594,160.13999938964844,49.88999938964844,133.5800018310547,760.77001953125,99.63999938964844,88.62999725341797,54.95500183105469,440.0249938964844,329.659912109375,51.380001068115234,129.9600067138672,158.1699981689453,464.5899963378906,240.86500549316406,373.9599914550781,278.125,353.17999267578125,56.70500183105469,308.6600036621094,233.4949951171875,435.1050109863281,80.59850311279297,71.54000091552734,132.05999755859375,150.24000549316406
2026-04-23 19:30:00+00:00,273.44000244140625,200.99000549316406,239.00999450683594,403.9100036621094,305.239990234375,348.6199951171875,255.1199951171875,38.65999984741211,419.9800109863281,318.3900146484375,52.435001373291016,154.84500122070312,176.73939514160156,64.5,1053.3599853515625,65.68000030517578,128.4600067138672,332.8800048828125,279.65899658203125,285.5199890136719,33.894500732421875,196.58999633789062,124.37999725341797,1014.3599853515625,173.1999969482422,88.5999984741211,33.654998779296875,78.86000061035156,187.58999633789062,122.06999969482422,178.55999755859375,48.16999816894531,133.8699951171875,58.95000076293945,12.475000381469727,195.61000061035156,133.6199951171875,78.5,339.0,931.239990234375,39.654998779296875,340.1400146484375,334.2699890136719,214.9499969482422,231.0,66.8499984741211,383.32000732421875,478.82000732421875,230.6300048828125,311.70001220703125,31.729999542236328,76.30500030517578,917.219970703125,246.5399932861328,502.3999938964844,368.2300109863281,302.5400085449219,83.78500366210938,659.3300170898438,221.08999633789062,114.62000274658203,188.6300048828125,415.75,44.77000045776367,20.219999313354492,84.91000366210938,199.7100067138672,176.27999877929688,93.23999786376953,57.83000183105469,155.6999969482422,26.656999588012695,145.72000122070312,205.32000732421875,225.10000610351562,159.50999450683594,49.7599983215332,133.94000244140625,766.3049926757812,99.54000091552734,88.90499877929688,54.779998779296875,439.0,329.7235107421875,51.400001525878906,130.16000366210938,158.3300018310547,466.70001220703125,239.89999389648438,373.6300048828125,282.4100036621094,354.5199890136719,56.630001068115234,308.8299865722656,233.8300018310547,435.17999267578125,80.4800033569336,71.6500015258789,132.02999877929688,150.5399932861328
2026-04-24 13:30:00+00:00,272.07000732421875,199.16000366210938,240.32290649414062,413.79998779296875,346.3399963378906,346.55999755859375,260.7449951171875,37.86000061035156,413.80999755859375,315.1520080566406,52.275001525878906,154.5500030517578,179.98500061035156,67.63999938964844,1050.7149658203125,63.39500045776367,127.68000030517578,329.0899963378906,277.239990234375,282.2950134277344,33.974998474121094,193.32000732421875,122.79000091552734,1011.6799926757812,175.50999450683594,88.44999694824219,33.439998626708984,77.95999908447266,185.5800018310547,120.69000244140625,178.2899932861328,47.83000183105469,133.3800048828125,58.52000045776367,12.34000015258789,195.75,130.67999267578125,77.29000091552734,338.19830322265625,920.8699951171875,39.73500061035156,339.44000244140625,337.07501220703125,213.61000061035156,226.4499969482422,82.26499938964844,383.94000244140625,475.2799987792969,228.58999633789062,309.6099853515625,31.594999313354492,76.87000274658203,878.27001953125,246.6750030517578,501.3800048828125,368.17498779296875,301.1600036621094,83.27999877929688,665.0800170898438,223.6699981689453,112.58000183105469,187.6199951171875,417.64990234375,45.17499923706055,20.405000686645508,85.48999786376953,202.60499572753906,171.7449951171875,93.43000030517578,57.369998931884766,155.69500732421875,26.985000610351562,149.82000732421875,201.94000244140625,222.02000427246094,161.68499755859375,49.85499954223633,145.1699981689453,742.8250122070312,99.08190155029297,89.47000122070312,55.55699920654297,437.4100036621094,326.8500061035156,50.974998474121094,129.30499267578125,157.01499938964844,471.260009765625,238.24000549316406,373.67999267578125,274.010009765625,354.3599853515625,56.189998626708984,306.8599853515625,233.25,430.2699890136719,80.06559753417969,71.55999755859375,130.6300048828125,148.80999755859375
2026-04-24 14:30:00+00:00,270.67999267578125,197.6750030517578,239.90499877929688,416.1499938964844,347.6199951171875,344.7900085449219,261.4100036621094,37.599998474121094,414.739990234375,313.125,52.2401008605957,152.88999938964844,179.9550018310547,67.06500244140625,1053.326171875,62.939998626708984,127.93000030517578,328.7799987792969,274.3500061035156,282.70001220703125,33.915000915527344,192.0,121.70500183105469,1010.5800170898438,175.09010314941406,88.84500122070312,33.404998779296875,77.86499786376953,184.56500244140625,119.95500183105469,176.94000244140625,47.810001373291016,132.99000549316406,58.459999084472656,12.375,193.4600067138672,130.7050018310547,77.91999816894531,339.989990234375,921.1950073242188,39.650001525878906,338.7049865722656,337.1600036621094,212.02499389648438,226.21499633789062,82.62989807128906,386.20098876953125,477.30999755859375,227.75,309.46990966796875,31.344999313354492,76.69499969482422,880.47998046875,245.7899932861328,500.5899963378906,367.4100036621094,300.31500244140625,82.9000015258789,672.4500122070312,224.17999267578125,111.63999938964844,187.80999755859375,419.8800048828125,44.94499969482422,20.350000381469727,86.61499786376953,208.9158935546875,172.2899932861328,93.12000274658203,57.025001525878906,155.5601043701172,26.71500015258789,149.57000732421875,201.13999938964844,221.4600067138672,161.86000061035156,49.83000183105469,146.0,740.02001953125,98.7300033569336,89.4000015258789,54.59000015258789,435.4898986816406,325.739990234375,50.8650016784668,128.44000244140625,156.39999389648438,469.19000244140625,238.47000122070312,375.9800109863281,276.2799987792969,353.1400146484375,55.96775436401367,306.7300109863281,233.36000061035156,430.05999755859375,79.7699966430664,71.3949966430664,130.19000244140625,147.92999267578125
2026-04-24 15:30:00+00:00,270.989990234375,198.08999633789062,241.0225067138672,419.6199951171875,351.0,345.30999755859375,262.3500061035156,37.459999084472656,420.5199890136719,313.4700012207031,52.06999969482422,153.36000061035156,181.42999267578125,67.48999786376953,1053.719970703125,62.4900016784668,128.03500366210938,327.95001220703125,273.1099853515625,283.44000244140625,34.084999084472656,191.8699951171875,120.94999694824219,1009.2100219726562,175.14999389648438,89.3499984741211,33.279998779296875,77.66999816894531,184.38999938964844,120.87999725341797,178.5,47.625,132.42999267578125,58.40999984741211,12.354999542236328,193.50999450683594,130.4600067138672,77.8499984741211,343.30999755859375,926.3599853515625,39.904998779296875,337.489990234375,336.5450134277344,212.3699951171875,225.44500732421875,81.29340362548828,387.0,477.3999938964844,227.875,308.6000061035156,31.325000762939453,76.70500183105469,882.880126953125,245.08999633789062,502.9800109863281,367.0199890136719,300.44000244140625,83.20999908447266,675.27001953125,223.49989318847656,112.15499877929688,188.2050018310547,418.7699890136719,45.02000045776367,20.46500015258789,86.52529907226562,209.5749969482422,170.8000030517578,93.25,56.720001220703125,155.30999755859375,26.84000015258789,149.44000244140625,201.11500549316406,221.1750030517578,160.86000061035156,50.029998779296875,148.91000366210938,745.72998046875,99.27899932861328,89.38999938964844,55.900001525878906,435.8999938964844,326.2799987792969,50.88999938964844,129.16000366210938,156.88999938964844,471.95001220703125,237.6199951171875,374.0299987792969,276.6650085449219,351.7200012207031,55.91999816894531,307.5199890136719,233.93499755859375,430.7699890136719,79.69999694824219,71.37999725341797,130.2899932861328,147.39999389648438
2026-04-24 16:30:00+00:00,270.06500244140625,198.3800048828125,242.05499267578125,417.4200134277344,346.5950012207031,346.30999755859375,262.6499938964844,37.30500030517578,418.9200134277344,314.57000732421875,52.060001373291016,153.0800018310547,180.8000030517578,68.94000244140625,1054.8299560546875,62.92499923706055,128.36000061035156,327.3399963378906,273.1600036621094,284.3949890136719,34.064998626708984,192.33999633789062,120.73500061035156,1009.780029296875,175.44000244140625,89.55000305175781,33.23500061035156,77.62999725341797,183.86500549316406,120.54000091552734,178.58999633789062,47.564998626708984,132.30999755859375,58.599998474121094,12.345000267028809,193.76499938964844,130.36500549316406,77.80000305175781,342.7900085449219,926.3200073242188,40.244998931884766,336.5199890136719,336.5400085449219,213.16000366210938,227.22000122070312,80.8499984741211,387.989990234375,480.3949890136719,228.22000122070312,308.5199890136719,31.575000762939453,76.70989990234375,881.094970703125,244.40499877929688,504.19000244140625,366.4700012207031,300.8550109863281,83.36000061035156,677.2100219726562,222.88400268554688,112.01000213623047,188.08999633789062,418.82000732421875,44.92499923706055,20.4950008392334,87.625,209.3300018310547,170.9499969482422,93.29000091552734,56.63399887084961,155.27000427246094,26.89069938659668,149.35000610351562,201.14999389648438,220.3699951171875,160.98500061035156,50.17499923706055,148.6699981689453,747.385009765625,99.08999633789062,89.41999816894531,56.720001220703125,435.0299987792969,326.989990234375,50.7599983215332,128.75999450683594,156.6300048828125,473.9200134277344,238.63040161132812,375.55999755859375,278.19500732421875,352.6000061035156,55.755001068115234,308.67999267578125,233.75999450683594,432.1300048828125,79.51000213623047,71.58999633789062,130.1649932861328,147.52000427246094
2026-04-24 17:30:00+00:00,269.9599914550781,198.19000244140625,243.99000549316406,418.32000732421875,346.014892578125,346.81109619140625,263.1650085449219,37.560001373291016,421.0718078613281,314.77679443359375,52.10499954223633,152.27000427246094,180.94000244140625,69.13500213623047,1051.3900146484375,62.915000915527344,128.27999877929688,326.7699890136719,272.8349914550781,285.1700134277344,34.1150016784668,192.01499938964844,120.53500366210938,1008.6099853515625,176.92039489746094,89.49500274658203,33.29999923706055,77.61499786376953,184.2100067138672,120.12000274658203,178.27999877929688,47.654998779296875,132.2100067138672,58.470001220703125,12.345000267028809,194.0399932861328,130.3000030517578,77.83999633789062,343.30999755859375,925.148681640625,40.12900161743164,335.489990234375,335.57000732421875,213.63999938964844,230.17999267578125,80.91000366210938,390.9800109863281,479.5299987792969,227.6750030517578,308.57000732421875,31.594999313354492,76.43499755859375,878.1254272460938,243.99000549316406,504.8349914550781,365.3900146484375,300.69000244140625,83.17510223388672,674.9249877929688,223.16000366210938,111.89129638671875,188.02000427246094,422.0,44.845001220703125,20.399999618530273,88.88999938964844,208.1927032470703,172.875,92.74500274658203,56.814998626708984,155.1699981689453,26.969999313354492,148.82000732421875,201.3800048828125,220.07000732421875,161.22509765625,50.3849983215332,148.00999450683594,745.719970703125,99.19999694824219,89.18000030517578,56.27000045776367,436.614990234375,327.4200134277344,50.72999954223633,128.68499755859375,156.8699951171875,471.15130615234375,239.02999877929688,375.18890380859375,277.5799865722656,353.3900146484375,55.69499969482422,308.7799987792969,234.1300048828125,431.79998779296875,79.36499786376953,71.80999755859375,129.77000427246094,147.85000610351562
2026-04-24 18:30:00+00:00,270.0899963378906,198.4600067138672,244.75999450683594,417.260009765625,346.32000732421875,346.2900085449219,263.9599914550781,37.77000045776367,422.57000732421875,314.7799987792969,52.025001525878906,152.50999450683594,180.63999938964844,69.41000366210938,1044.8599853515625,62.540000915527344,127.9749984741211,325.864990234375,274.20001220703125,285.70001220703125,34.130001068115234,191.85000610351562,120.83000183105469,1010.8200073242188,177.77000427246094,89.24500274658203,33.459999084472656,77.65499877929688,184.1999969482422,120.33000183105469,177.5,47.875,132.69500732421875,58.790000915527344,12.375,194.36000061035156,130.2100067138672,77.79000091552734,344.42999267578125,925.02001953125,40.314998626708984,335.7300109863281,335.510009765625,214.49000549316406,230.86000061035156,80.62999725341797,394.43499755859375,480.5799865722656,228.05499267578125,308.25,31.69099998474121,76.43000030517578,885.5800170898438,243.64999389648438,504.7149963378906,366.19000244140625,300.20001220703125,83.16999816894531,677.380126953125,223.31500244140625,112.0,187.91009521484375,423.6099853515625,44.70000076293945,20.4950008392334,89.2750015258789,208.51800537109375,174.32000732421875,93.05500030517578,57.02000045776367,154.94000244140625,27.020000457763672,148.14999389648438,201.30999755859375,219.6699981689453,161.64500427246094,50.529998779296875,148.4199981689453,749.8200073242188,98.96499633789062,88.93000030517578,56.400001525878906,436.2699890136719,327.7099914550781,50.625,128.52000427246094,156.99000549316406,468.760009765625,240.1999969482422,376.70001220703125,276.6000061035156,353.7799987792969,55.564998626708984,308.75,234.72000122070312,430.9200134277344,79.48999786376953,72.08499908447266,130.01499938964844,148.2100067138672
2026-04-24 19:30:00+00:00,271.05999755859375,198.63999938964844,245.36000061035156,416.9200134277344,347.760009765625,344.7699890136719,263.8800048828125,37.72999954223633,422.75,313.9100036621094,52.040000915527344,152.1300048828125,180.25,68.94000244140625,1044.81005859375,62.064998626708984,127.97000122070312,326.1000061035156,275.6600036621094,284.9700012207031,34.20500183105469,191.39999389648438,121.66000366210938,1010.6400146484375,178.12049865722656,88.98999786376953,33.52000045776367,77.91999816894531,185.11000061035156,120.68000030517578,177.24000549316406,47.93000030517578,133.125,58.91999816894531,12.380000114440918,194.80999755859375,130.2899932861328,78.04000091552734,344.2900085449219,926.9400024414062,40.34000015258789,335.9100036621094,335.7099914550781,215.17999267578125,231.73500061035156,82.55999755859375,395.95001220703125,482.2099914550781,227.4550018310547,308.2900085449219,31.719999313354492,76.62999725341797,884.27001953125,244.44000244140625,504.1600036621094,367.0899963378906,299.45001220703125,83.33499908447266,674.8900146484375,224.17999267578125,111.86000061035156,188.0500030517578,424.5799865722656,44.69499969482422,20.5,90.16999816894531,208.19000244140625,173.28990173339844,93.1050033569336,57.10499954223633,155.41000366210938,26.985000610351562,148.11000061035156,200.8699951171875,219.77999877929688,162.75999450683594,50.459999084472656,149.0,751.5900268554688,98.6500015258789,88.48999786376953,56.16999816894531,436.8699951171875,327.5,50.709999084472656,129.25,157.0399932861328,469.6099853515625,240.77000427246094,376.1600036621094,277.1600036621094,354.8999938964844,55.560001373291016,309.4200134277344,235.77999877929688,430.4599914550781,79.41000366210938,72.16999816894531,129.91000366210938,148.86000061035156
2026-04-27 13:30:00+00:00,267.3599853515625,199.63250732421875,243.22500610351562,403.6600036621094,334.7699890136719,344.6200866699219,262.19500732421875,38.06999969482422,416.8800048828125,315.6099853515625,52.650001525878906,152.38250732421875,180.13999938964844,69.1500015258789,1049.8599853515625,61.18000030517578,128.36000061035156,327.82501220703125,283.1499938964844,284.4700012207031,33.915000915527344,191.88999938964844,122.09500122070312,1010.7100219726562,184.22000122070312,89.02999877929688,33.85499954223633,77.82499694824219,186.64999389648438,119.12000274658203,179.8719940185547,48.43000030517578,134.5399932861328,60.10300064086914,12.520000457763672,197.8699951171875,129.27999877929688,78.13999938964844,350.75,933.4199829101562,40.30500030517578,332.8999938964844,333.5799865722656,219.38999938964844,229.8350067138672,84.35009765625,395.5450134277344,479.42498779296875,225.92999267578125,310.7699890136719,31.475000381469727,76.0999984741211,878.469970703125,243.22000122070312,506.9700012207031,362.3399963378906,295.8500061035156,83.33999633789062,676.1599731445312,229.0,111.82499694824219,188.9499969482422,424.6182861328125,45.185001373291016,20.549999237060547,93.98999786376953,208.69500732421875,171.02499389648438,92.93000030517578,57.3650016784668,155.38499450683594,27.060100555419922,148.72000122070312,203.28500366210938,220.97000122070312,165.6199951171875,49.95000076293945,148.2100067138672,750.905029296875,97.97000122070312,89.86000061035156,55.720001220703125,439.3900146484375,328.3999938964844,51.47999954223633,129.61000061035156,157.61000061035156,469.67999267578125,241.6923065185547,367.25,268.0299987792969,351.8699951171875,56.16999816894531,310.260009765625,239.77999877929688,431.6400146484375,80.06999969482422,71.94999694824219,128.4949951171875,150.13999938964844
2026-04-27 14:30:00+00:00,267.1099853515625,199.69000244140625,242.1072998046875,401.3349914550781,333.6000061035156,343.6000061035156,261.31500244140625,38.189998626708984,416.5450134277344,316.2300109863281,52.540000915527344,151.9600067138672,179.4499969482422,68.58000183105469,1050.5238037109375,61.029998779296875,128.27000427246094,329.6050109863281,283.7200012207031,283.510009765625,34.0099983215332,192.5,121.5199966430664,1008.3400268554688,182.47000122070312,87.98500061035156,33.63999938964844,77.95999908447266,185.47500610351562,118.51000213623047,180.6699981689453,48.125,134.0,59.540000915527344,12.454999923706055,196.63999938964844,128.36000061035156,77.71499633789062,350.2950134277344,929.239990234375,40.275001525878906,333.9549865722656,333.8900146484375,219.71499633789062,228.89999389648438,83.25,393.1700134277344,476.614990234375,225.52999877929688,310.2349853515625,31.19499969482422,75.9749984741211,880.60498046875,243.30999755859375,507.614990234375,362.6000061035156,295.1000061035156,83.30999755859375,676.510009765625,228.50999450683594,111.44499969482422,188.57000732421875,422.8900146484375,45.15999984741211,20.48509979248047,92.76000213623047,209.8800048828125,171.92999267578125,92.98030090332031,57.33000183105469,155.69500732421875,26.94499969482422,148.75,204.2449951171875,221.11000061035156,164.77499389648438,50.099998474121094,148.3800048828125,749.3200073242188,98.63500213623047,90.05999755859375,55.525001525878906,437.7149963378906,327.82501220703125,51.290000915527344,129.96499633789062,157.42999267578125,470.7300109863281,241.69000244140625,365.95001220703125,270.8450012207031,349.7550048828125,56.20500183105469,310.1300048828125,237.19500732421875,430.8399963378906,80.1050033569336,71.86000061035156,128.38999938964844,149.09500122070312
2026-04-27 15:30:00+00:00,266.2950134277344,199.57000732421875,240.97999572753906,401.4750061035156,332.9798889160156,343.7200012207031,263.07000732421875,37.9900016784668,416.4800109863281,316.0400085449219,52.53499984741211,151.30999755859375,179.3000030517578,68.69999694824219,1052.35498046875,61.18000030517578,128.4499969482422,328.739990234375,282.44000244140625,283.6199951171875,34.005001068115234,193.1199951171875,121.05999755859375,1006.7100219726562,182.1999969482422,87.98500061035156,33.5099983215332,78.2750015258789,184.25,118.62000274658203,180.72000122070312,47.935001373291016,133.25999450683594,58.88999938964844,12.475000381469727,196.36000061035156,128.50999450683594,77.45500183105469,351.65008544921875,932.6199951171875,40.314998626708984,334.7699890136719,334.4100036621094,219.63999938964844,227.84500122070312,83.2699966430664,393.1499938964844,476.114990234375,226.00010681152344,310.5450134277344,30.915000915527344,76.28500366210938,881.7680053710938,243.2100067138672,507.68499755859375,363.2200012207031,294.1449890136719,83.33000183105469,675.2650146484375,227.41000366210938,111.5999984741211,189.22000122070312,423.6199951171875,45.099998474121094,20.575000762939453,92.05799865722656,211.4550018310547,171.52999877929688,93.34500122070312,57.11000061035156,155.5,26.950000762939453,148.47000122070312,203.89999389648438,221.42999267578125,163.5850067138672,50.0099983215332,149.00999450683594,749.9550170898438,98.25,90.59500122070312,55.51499938964844,437.29998779296875,327.8599853515625,51.27000045776367,130.23890686035156,158.4199981689453,468.614990234375,240.3300018310547,371.7900085449219,269.2900085449219,349.9700012207031,56.040000915527344,310.1650085449219,236.97000122070312,430.0,80.08000183105469,71.27999877929688,128.30999755859375,148.33999633789062
2026-04-27 16:30:00+00:00,266.8399963378906,198.63999938964844,240.38999938964844,400.5899963378906,335.1050109863281,344.1400146484375,262.75,38.189998626708984,415.9800109863281,315.75,52.4900016784668,151.0850067138672,179.22999572753906,68.62999725341797,1057.489990234375,60.85499954223633,128.4600067138672,326.4100036621094,280.8999938964844,284.0249938964844,34.04499816894531,193.5749969482422,120.55999755859375,1006.02001953125,182.24000549316406,87.80500030517578,33.59000015258789,77.98750305175781,184.0800018310547,117.98500061035156,181.25999450683594,48.04999923706055,133.27999877929688,58.45000076293945,12.444999694824219,197.30999755859375,128.3800048828125,77.37999725341797,352.2749938964844,933.5,40.46500015258789,334.3399963378906,331.18499755859375,219.76499938964844,228.58999633789062,83.01499938964844,391.4800109863281,474.57000732421875,225.52999877929688,310.6600036621094,30.895000457763672,76.09500122070312,880.8300170898438,242.75,506.6000061035156,361.635009765625,293.9800109863281,82.98500061035156,680.0449829101562,228.69500732421875,111.30000305175781,189.21499633789062,425.0799865722656,45.060001373291016,20.645000457763672,91.50499725341797,213.61000061035156,172.97999572753906,93.2699966430664,57.244998931884766,154.91000366210938,26.889999389648438,148.47000122070312,203.3249969482422,221.42999267578125,164.77000427246094,49.894500732421875,148.860107421875,746.260009765625,98.32250213623047,90.49500274658203,55.52000045776367,436.2900085449219,328.0899963378906,51.209999084472656,129.91000366210938,158.3000030517578,468.6099853515625,241.22000122070312,377.6492919921875,268.9700012207031,350.4700012207031,55.93000030517578,309.4649963378906,238.89999389648438,428.69000244140625,80.13500213623047,71.45500183105469,128.1116943359375,148.40499877929688
2026-04-27 17:30:00+00:00,266.34991455078125,197.42999267578125,241.22500610351562,401.7900085449219,336.07000732421875,341.3900146484375,261.7300109863281,38.255001068115234,415.9259948730469,315.29998779296875,52.474998474121094,150.74000549316406,179.22999572753906,68.61000061035156,1054.375,60.41999816894531,128.375,326.5249938964844,281.3599853515625,283.5,33.779998779296875,193.1300048828125,121.49500274658203,1006.8300170898438,181.89999389648438,87.81500244140625,33.67499923706055,78.26000213623047,185.3350067138672,117.87000274658203,180.5399932861328,48.185001373291016,133.50369262695312,58.89399337768555,12.454999923706055,196.5500030517578,128.00999450683594,77.19499969482422,352.67498779296875,933.3099975585938,40.4359016418457,333.5,330.885009765625,221.44000244140625,228.42999267578125,83.66500091552734,391.7049865722656,471.8900146484375,225.7899932861328,310.7900085449219,30.875,75.9749984741211,877.1199951171875,242.7550048828125,506.2250061035156,359.3349914550781,292.5150146484375,82.99500274658203,678.9099731445312,229.30999755859375,110.95899963378906,189.3000030517578,426.6400146484375,45.005001068115234,20.700000762939453,91.64250183105469,215.6999969482422,173.1699981689453,92.93499755859375,57.3849983215332,154.46499633789062,26.864999771118164,148.3800048828125,203.30999755859375,221.4199981689453,164.77000427246094,49.845001220703125,149.8300018310547,744.8049926757812,97.95500183105469,90.6449966430664,55.494998931884766,436.82000732421875,328.5050048828125,51.19089889526367,129.10000610351562,158.19000244140625,467.1875,242.02999877929688,378.7699890136719,268.8500061035156,352.3900146484375,55.94499969482422,309.3599853515625,239.5,428.20001220703125,80.15499877929688,71.63999938964844,127.87999725341797,148.6699981689453
2026-04-27 18:30:00+00:00,267.1499938964844,197.55999755859375,240.3300018310547,403.2300109863281,336.8699951171875,340.2799987792969,261.0199890136719,38.5,416.5849914550781,318.1300048828125,52.775001525878906,150.3699951171875,178.2899932861328,68.66500091552734,1057.2149658203125,60.380001068115234,129.27000427246094,326.05999755859375,282.3599853515625,282.4100036621094,33.77000045776367,194.625,121.88999938964844,1003.0999755859375,180.97999572753906,88.03500366210938,33.78499984741211,78.33499908447266,185.27999877929688,117.45500183105469,181.21499633789062,48.3400993347168,133.64999389648438,58.77000045776367,12.475000381469727,196.9149932861328,127.76000213623047,77.62000274658203,352.489990234375,939.4000244140625,40.314998626708984,333.0299987792969,332.3900146484375,224.14999389648438,228.1999969482422,83.94989776611328,389.2099914550781,471.7200012207031,225.47999572753906,312.32000732421875,30.864999771118164,75.81999969482422,874.0700073242188,242.35000610351562,506.67999267578125,360.2699890136719,291.3399963378906,83.0,678.6400146484375,228.5800018310547,110.62999725341797,190.42999267578125,424.6600036621094,45.01499938964844,20.815000534057617,90.81999969482422,215.49000549316406,172.8699951171875,92.41000366210938,57.400001525878906,154.27000427246094,26.860000610351562,148.52999877929688,203.08999633789062,222.66000366210938,164.7100067138672,49.834999084472656,149.91000366210938,744.1400146484375,98.25,90.93499755859375,55.33000183105469,437.3525085449219,329.5899963378906,51.525001525878906,129.1699981689453,158.1999969482422,467.5599060058594,241.80999755859375,379.05999755859375,270.0,354.3999938964844,56.255001068115234,309.3999938964844,238.74000549316406,427.7445983886719,80.65750122070312,71.73999786376953,127.66999816894531,148.6999969482422
2026-04-27 19:30:00+00:00,267.67999267578125,197.39999389648438,239.39999389648438,404.8399963378906,334.4800109863281,340.04998779296875,261.0799865722656,38.43000030517578,418.32000732421875,318.8800048828125,52.63999938964844,150.1699981689453,177.50999450683594,68.41999816894531,1057.1199951171875,59.939998626708984,129.16000366210938,324.6400146484375,282.6300048828125,281.94000244140625,33.63999938964844,194.10000610351562,121.69999694824219,998.0390014648438,180.27000427246094,88.2699966430664,33.66999816894531,78.36000061035156,184.8800048828125,117.33999633789062,180.63999938964844,48.19499969482422,133.22000122070312,58.66999816894531,12.496199607849121,196.42999267578125,127.7300033569336,77.95999908447266,350.3399963378906,938.02001953125,40.119998931884766,332.260009765625,332.3599853515625,223.77999877929688,228.0500030517578,84.99500274658203,389.92999267578125,470.94000244140625,225.33999633789062,311.7300109863281,30.950000762939453,75.44999694824219,868.239990234375,242.49000549316406,506.54998779296875,360.6300048828125,290.239990234375,82.91999816894531,678.4600219726562,227.27999877929688,110.23999786376953,190.17999267578125,425.05999755859375,45.16999816894531,20.825000762939453,90.45999908447266,216.6300048828125,172.98500061035156,91.97000122070312,57.26499938964844,154.10000610351562,26.81049919128418,148.38999938964844,201.97999572753906,221.3300018310547,164.1300048828125,49.779998779296875,150.25999450683594,744.6500244140625,97.87000274658203,90.7750015258789,55.244998931884766,437.2799987792969,329.1099853515625,51.2400016784668,129.7100067138672,157.53500366210938,468.0299987792969,241.25999450683594,378.70001220703125,269.4800109863281,354.7300109863281,55.98500061035156,309.7099914550781,238.27000427246094,426.010009765625,80.58499908447266,71.5999984741211,127.56999969482422,148.19000244140625
2026-04-28 13:30:00+00:00,271.2799072265625,197.97000122070312,242.5,384.1600036621094,323.95001220703125,342.0899963378906,259.9800109863281,38.540000915527344,402.80999755859375,318.2149963378906,52.724998474121094,148.6999969482422,177.2100067138672,68.4000015258789,1050.6099853515625,58.9900016784668,128.59500122070312,328.3800048828125,285.9800109863281,284.17999267578125,33.10020065307617,192.5850067138672,122.79000091552734,994.4749755859375,183.0800018310547,87.49500274658203,34.34000015258789,80.69000244140625,188.19000244140625,115.40499877929688,177.80999755859375,49.099998474121094,134.5449981689453,59.459999084472656,12.352399826049805,197.02000427246094,128.77999877929688,76.30999755859375,351.7699890136719,927.594970703125,40.275001525878906,329.04998779296875,327.1499938964844,227.7949981689453,231.9199981689453,82.81990051269531,400.07000732421875,465.07000732421875,229.86000061035156,312.57000732421875,31.44499969482422,79.76499938964844,872.7098999023438,241.11500549316406,512.8350830078125,359.0,291.55499267578125,82.54499816894531,672.760009765625,228.9600067138672,111.30000305175781,189.2899932861328,426.3901062011719,44.935001373291016,20.264999389648438,92.11000061035156,212.375,166.4149932861328,91.80999755859375,58.119998931884766,156.16990661621094,26.424999237060547,149.86000061035156,202.16000366210938,221.27499389648438,165.92999267578125,49.86000061035156,147.49000549316406,746.2100219726562,97.12000274658203,90.44999694824219,55.8849983215332,447.4599914550781,323.45001220703125,51.35499954223633,127.91000366210938,156.15499877929688,466.4100036621094,244.78500366210938,377.79998779296875,266.489990234375,360.9949951171875,56.28499984741211,312.3399963378906,239.44000244140625,428.239990234375,81.2699966430664,72.58999633789062,127.58000183105469,150.44000244140625
2026-04-28 14:30:00+00:00,270.32501220703125,198.9600067138672,244.0200958251953,380.4649963378906,319.69989013671875,343.31988525390625,259.5400085449219,39.1150016784668,396.8500061035156,317.875,52.8650016784668,149.17999267578125,176.75,68.94000244140625,1052.8299560546875,58.95000076293945,128.44000244140625,331.4800109863281,288.57501220703125,285.17999267578125,33.064998626708984,192.4600067138672,123.9000015258789,997.030029296875,182.13999938964844,87.1500015258789,34.685001373291016,81.24500274658203,189.57000732421875,116.41999816894531,177.9199981689453,49.630001068115234,135.69000244140625,59.810001373291016,12.345000267028809,200.0,129.6199951171875,76.40499877929688,351.010009765625,929.260009765625,40.60499954223633,329.4129943847656,327.20001220703125,228.2050018310547,231.80499267578125,81.91000366210938,396.9200134277344,465.8500061035156,230.00999450683594,312.9800109863281,31.71500015258789,80.17500305175781,871.5499877929688,241.05999755859375,516.0399780273438,360.20001220703125,294.0950012207031,82.33000183105469,667.4149780273438,228.83999633789062,111.73500061035156,189.60499572753906,425.8002014160156,44.90999984741211,20.309999465942383,91.43499755859375,209.10000610351562,165.6999969482422,92.01000213623047,58.619998931884766,157.24000549316406,26.774999618530273,150.77999877929688,203.58999633789062,221.92999267578125,165.57000732421875,49.7400016784668,147.47999572753906,749.0999755859375,96.95999908447266,90.93499755859375,56.154998779296875,448.114990234375,323.57000732421875,51.40999984741211,129.62669372558594,157.7100067138672,468.92498779296875,246.97999572753906,374.989990234375,266.6650085449219,365.07501220703125,56.529998779296875,312.9949951171875,238.99000549316406,431.0299987792969,81.71499633789062,72.9000015258789,128.3800048828125,151.88999938964844
2026-04-28 15:30:00+00:00,269.5159912109375,197.97000122070312,243.86000061035156,382.5950012207031,320.54998779296875,342.4549865722656,260.1600036621094,38.790000915527344,396.6499938964844,318.3599853515625,52.904998779296875,149.36000061035156,177.0800018310547,68.58999633789062,1053.050048828125,58.650001525878906,128.62010192871094,332.023193359375,287.6499938964844,284.92999267578125,33.17499923706055,192.8300018310547,123.95999908447266,997.4000244140625,182.61000061035156,86.69000244140625,34.599998474121094,81.23500061035156,189.22999572753906,116.68499755859375,178.36000061035156,49.494998931884766,135.71499633789062,59.90999984741211,12.295000076293945,199.63999938964844,129.19500732421875,76.63999938964844,349.2200012207031,929.2449951171875,40.64500045776367,330.1400146484375,328.7650146484375,230.60499572753906,231.4499969482422,82.24849700927734,398.75439453125,465.9100036621094,228.9199981689453,312.8399963378906,31.834999084472656,80.23999786376953,867.0900268554688,241.61500549316406,513.4600219726562,360.8500061035156,294.510009765625,82.06330108642578,669.3381958007812,230.4499969482422,111.11000061035156,189.41000366210938,428.4949951171875,45.025001525878906,20.325000762939453,90.68499755859375,210.11000061035156,166.7100067138672,91.91000366210938,58.8849983215332,157.9674072265625,26.774999618530273,150.8300018310547,204.17999267578125,222.1999969482422,165.90499877929688,49.849998474121094,148.11000061035156,742.3699951171875,97.16500091552734,90.69999694824219,55.9900016784668,446.2449951171875,322.6300048828125,51.52000045776367,129.39540100097656,157.74000549316406,468.9100036621094,248.14999389648438,375.0899963378906,266.9800109863281,368.75,56.59000015258789,311.69000244140625,239.5399932861328,429.56500244140625,81.87000274658203,73.28500366210938,128.18499755859375,151.72999572753906
2026-04-28 16:30:00+00:00,269.8699951171875,197.07000732421875,245.2050018310547,379.70001220703125,322.6401062011719,339.1700134277344,258.0,38.78499984741211,397.260009765625,319.0400085449219,52.875,149.16000366210938,177.39999389648438,68.1050033569336,1051.7650146484375,58.5099983215332,128.82000732421875,330.7699890136719,286.5199890136719,285.69000244140625,33.20500183105469,192.8000030517578,124.00499725341797,996.5449829101562,183.3699951171875,86.25499725341797,34.63999938964844,81.13999938964844,188.97000122070312,116.81999969482422,178.85000610351562,49.54499816894531,135.3000030517578,59.88999938964844,12.369999885559082,199.5126953125,128.66000366210938,77.90499877929688,348.9049987792969,928.6599731445312,40.625,329.0299987792969,327.1499938964844,232.4600067138672,232.69000244140625,82.5199966430664,401.2099914550781,464.5899963378906,226.71499633789062,312.4501037597656,31.68000030517578,79.62999725341797,865.1500244140625,240.80999755859375,512.3599853515625,359.56500244140625,293.67999267578125,81.88999938964844,670.2200927734375,230.58009338378906,110.47000122070312,189.7949981689453,428.7300109863281,45.09000015258789,20.450000762939453,91.41999816894531,210.7899932861328,166.9499969482422,91.61000061035156,58.724998474121094,157.23500061035156,26.600000381469727,150.0850067138672,203.9499969482422,221.5399932861328,165.88999938964844,49.935001373291016,150.78500366210938,735.9949951171875,96.58000183105469,91.43000030517578,55.790000915527344,443.7650146484375,321.8699951171875,51.36000061035156,128.97000122070312,157.77000427246094,469.510009765625,247.6999969482422,376.30999755859375,266.9800109863281,368.45001220703125,56.5,311.5,239.3000030517578,428.6199951171875,81.80999755859375,73.05999755859375,127.5999984741211,151.4199981689453
2026-04-28 17:30:00+00:00,270.5,196.91000366210938,243.3249969482422,386.30999755859375,325.9599914550781,338.1000061035156,259.69000244140625,38.724998474121094,400.55999755859375,317.5400085449219,52.724998474121094,148.69500732421875,176.97000122070312,68.13999938964844,1050.469970703125,58.310001373291016,128.9600067138672,328.0,285.79998779296875,284.92999267578125,32.92499923706055,192.64999389648438,124.04000091552734,987.6699829101562,182.14999389648438,85.81999969482422,34.70500183105469,81.3385009765625,188.28500366210938,116.1500015258789,178.9600067138672,49.6349983215332,135.16009521484375,59.6349983215332,12.385000228881836,199.6199951171875,128.92999267578125,78.6449966430664,349.94000244140625,928.8900146484375,40.724998474121094,328.05999755859375,326.4125061035156,233.02000427246094,232.34500122070312,84.26000213623047,399.1199951171875,464.125,226.74000549316406,311.5299987792969,31.674999237060547,78.8550033569336,866.0,239.99000549316406,509.17999267578125,358.94000244140625,291.760009765625,81.59500122070312,671.7479858398438,231.89500427246094,110.30000305175781,190.27000427246094,426.6099853515625,44.83000183105469,20.524999618530273,90.6449966430664,212.84500122070312,166.99000549316406,91.33999633789062,58.564998626708984,156.22999572753906,26.5049991607666,148.77499389648438,202.6300048828125,220.63999938964844,165.61000061035156,49.665000915527344,150.7899932861328,736.0499877929688,96.87999725341797,91.19999694824219,55.67499923706055,443.0199890136719,322.260009765625,51.185001373291016,127.91999816894531,157.26499938964844,469.9200134277344,247.7899932861328,377.510009765625,265.9599914550781,368.07000732421875,56.23500061035156,310.0199890136719,240.2449951171875,428.66241455078125,81.44000244140625,72.95999908447266,126.9000015258789,150.94500732421875
2026-04-28 18:30:00+00:00,270.2250061035156,197.5399932861328,243.05499267578125,384.8999938964844,324.6203918457031,339.0950012207031,259.5400085449219,38.54999923706055,400.8999938964844,317.1099853515625,52.67499923706055,148.27000427246094,176.64999389648438,67.80000305175781,1049.9300537109375,58.13999938964844,128.30999755859375,328.5799865722656,284.6650085449219,286.0,32.77000045776367,192.33999633789062,124.12999725341797,990.4099731445312,182.02999877929688,86.5250015258789,34.599998474121094,81.01000213623047,188.13999938964844,115.84500122070312,179.5,49.44499969482422,135.41000366210938,59.7400016784668,12.350000381469727,199.9199981689453,128.82000732421875,78.68000030517578,349.75,928.4600219726562,40.665000915527344,328.0400085449219,324.5799865722656,230.0800018310547,233.26499938964844,83.56999969482422,401.7550048828125,466.1299133300781,227.5449981689453,311.6000061035156,31.767499923706055,78.4749984741211,872.2750244140625,239.50999450683594,508.489990234375,357.6199951171875,291.42999267578125,81.44000244140625,670.5,232.86000061035156,109.92500305175781,190.02999877929688,428.9949951171875,44.89500045776367,20.239999771118164,90.86000061035156,214.06500244140625,167.05499267578125,91.41000366210938,58.58000183105469,156.1199951171875,26.405000686645508,148.53500366210938,202.2899932861328,220.57000732421875,165.44000244140625,49.58000183105469,150.33999633789062,732.8599853515625,96.84500122070312,90.93000030517578,55.45000076293945,440.9200134277344,320.94000244140625,51.02000045776367,127.51000213623047,156.76499938964844,470.5199890136719,248.50999450683594,377.3399963378906,265.3550109863281,367.8299865722656,56.16999816894531,309.6199951171875,240.86000061035156,429.82000732421875,81.33499908447266,73.08999633789062,127.04000091552734,150.8000030517578
2026-04-28 19:30:00+00:00,270.760009765625,197.69000244140625,243.0800018310547,381.0400085449219,323.1099853515625,339.57000732421875,259.7699890136719,38.65999984741211,399.8299865722656,314.9800109863281,52.68000030517578,149.5,173.27000427246094,67.6709976196289,1049.780029296875,58.45500183105469,128.52999877929688,330.3500061035156,285.0400085449219,284.5299987792969,32.869998931884766,192.10000610351562,124.33000183105469,994.0,181.3699951171875,86.8499984741211,34.63999938964844,81.0,188.35499572753906,115.80999755859375,179.00999450683594,49.5,135.7899932861328,59.43000030517578,12.399999618530273,200.0800018310547,129.22999572753906,78.94999694824219,349.8349914550781,926.5499877929688,40.80500030517578,329.0799865722656,323.3699951171875,229.86000061035156,233.0,84.52999877929688,400.3900146484375,466.6199951171875,227.77999877929688,311.5199890136719,31.790000915527344,78.38999938964844,874.4299926757812,240.2899932861328,507.67999267578125,358.2799987792969,292.42498779296875,81.9000015258789,671.22998046875,232.60000610351562,110.05000305175781,190.3800048828125,429.3599853515625,45.02000045776367,20.309999465942383,90.50499725341797,213.14999389648438,165.97999572753906,91.55000305175781,58.60499954223633,156.27999877929688,26.479999542236328,149.1699981689453,203.0399932861328,220.9600067138672,165.10000610351562,49.63999938964844,150.00999450683594,731.9199829101562,97.29000091552734,90.8550033569336,55.65999984741211,433.44000244140625,321.45001220703125,51.15999984741211,127.13999938964844,157.2100067138672,470.2200012207031,248.3699951171875,375.95001220703125,264.95098876953125,366.739990234375,56.224998474121094,309.42999267578125,240.27000427246094,430.1300048828125,81.5,73.05000305175781,127.58999633789062,150.60499572753906
2026-04-29 13:30:00+00:00,269.3999938964844,198.03500366210938,240.99000549316406,382.80999755859375,326.8399963378906,334.1050109863281,265.4825134277344,39.599998474121094,401.3900146484375,317.4440002441406,52.4900016784668,146.22000122070312,174.6300048828125,68.16000366210938,1041.52001953125,57.189998626708984,128.27999877929688,325.20001220703125,288.67498779296875,282.32000732421875,33.0,193.1425018310547,125.19999694824219,987.6599731445312,180.0500030517578,87.55999755859375,35.06999969482422,81.76000213623047,190.0500030517578,113.22000122070312,178.6300048828125,50.165000915527344,137.0050048828125,59.84000015258789,12.270000457763672,204.02999877929688,128.08999633789062,76.43000030517578,353.6099853515625,915.219970703125,41.06999969482422,321.3349914550781,315.0199890136719,229.14500427246094,229.4600067138672,90.85910034179688,392.7749938964844,452.8699951171875,224.88999938964844,310.2749938964844,31.709999084472656,78.41000366210938,858.0499877929688,234.0399932861328,526.3300170898438,352.0,290.3299865722656,79.91000366210938,671.969970703125,240.22500610351562,109.51000213623047,188.0500030517578,425.20001220703125,44.369300842285156,20.549999237060547,88.01000213623047,211.11000061035156,163.9499969482422,90.7750015258789,59.04999923706055,153.97000122070312,26.259899139404297,146.3800048828125,201.52499389648438,220.16000366210938,173.0,49.93000030517578,155.92999267578125,685.0900268554688,104.76000213623047,90.11499786376953,55.970001220703125,429.2900085449219,312.92999267578125,51.01499938964844,126.91500091552734,155.5800018310547,469.2049865722656,249.72999572753906,373.39990234375,269.5033874511719,369.19000244140625,56.064998626708984,338.489990234375,247.6999969482422,421.17999267578125,81.30000305175781,73.23699951171875,126.38500213623047,152.02000427246094
2026-04-29 14:30:00+00:00,268.8399963378906,203.11000061035156,241.30499267578125,382.39471435546875,328.19500732421875,338.55499267578125,263.94000244140625,39.617000579833984,400.6300048828125,315.3599853515625,52.47999954223633,145.3800048828125,174.17999267578125,68.16470336914062,1035.7349853515625,56.78900146484375,127.63999938964844,324.3900146484375,288.95001220703125,285.3599853515625,32.897178649902344,191.0,125.70999908447266,990.2550048828125,179.98500061035156,88.62000274658203,35.130001068115234,82.13990020751953,190.75999450683594,113.63999938964844,178.44000244140625,50.24509811401367,137.52000427246094,59.279998779296875,12.239899635314941,203.85499572753906,129.36500549316406,76.23999786376953,351.80999755859375,908.7349853515625,41.11724853515625,320.67999267578125,312.0199890136719,230.44000244140625,230.52999877929688,93.1500015258789,393.5400085449219,451.2850036621094,226.9600067138672,308.8399963378906,31.780000686645508,78.74500274658203,856.7750244140625,232.47000122070312,527.1799926757812,349.8599853515625,291.29998779296875,79.81500244140625,671.7849731445312,242.5800018310547,110.38999938964844,187.35400390625,424.3583068847656,44.255001068115234,20.344999313354492,87.81999969482422,210.8000030517578,163.75,90.52999877929688,59.525001525878906,155.0753936767578,26.375,146.65499877929688,201.25,218.8800048828125,175.05499267578125,49.90299987792969,153.49249267578125,692.280029296875,106.25,90.7249984741211,55.35499954223633,428.8399963378906,313.2099914550781,50.819801330566406,127.43000030517578,155.85000610351562,467.16009521484375,249.11000061035156,374.1400146484375,270.6099853515625,367.94000244140625,55.73500061035156,337.125,249.34327697753906,425.2200012207031,81.12989807128906,73.08999633789062,126.94999694824219,152.55999755859375
2026-04-29 15:30:00+00:00,269.82501220703125,204.3300018310547,241.25,378.7300109863281,328.0799865722656,338.52508544921875,261.30999755859375,40.290000915527344,397.8599853515625,315.17999267578125,52.42499923706055,146.92999267578125,172.34500122070312,68.7249984741211,1036.35498046875,56.96500015258789,126.80000305175781,325.25,289.739990234375,286.1600036621094,32.78499984741211,190.0399932861328,126.83000183105469,994.3499755859375,180.3350067138672,88.80500030517578,35.33000183105469,82.77999877929688,192.33999633789062,114.19000244140625,178.85000610351562,50.525001525878906,138.5399932861328,59.63999938964844,12.211000442504883,205.38009643554688,129.2949981689453,76.44000244140625,349.3699951171875,902.7000122070312,41.48500061035156,320.8450012207031,314.3299865722656,237.47000122070312,229.10499572753906,92.12999725341797,393.7099914550781,452.1099853515625,228.35000610351562,307.8949890136719,31.889999389648438,79.18000030517578,854.989990234375,232.47000122070312,529.0,350.75,292.3599853515625,80.08499908447266,669.1199951171875,243.77999877929688,110.7300033569336,185.6999969482422,422.010009765625,44.20500183105469,20.626216888427734,87.55999755859375,209.6699981689453,162.59500122070312,90.9000015258789,60.56990051269531,156.0200958251953,26.441999435424805,147.4600067138672,201.59500122070312,218.5749969482422,176.35000610351562,49.95500183105469,153.9600067138672,691.610107421875,106.18000030517578,90.51499938964844,55.665000915527344,431.0,315.29998779296875,50.68000030517578,127.17250061035156,155.52000427246094,468.07000732421875,250.02000427246094,371.55499267578125,269.67999267578125,368.7699890136719,55.747501373291016,337.8324890136719,249.8300018310547,425.6300048828125,81.16000366210938,73.37999725341797,127.2699966430664,154.48500061035156
2026-04-29 16:30:00+00:00,270.20001220703125,203.86000061035156,240.65499877929688,378.9599914550781,333.2950134277344,336.92999267578125,262.0899963378906,39.85900115966797,398.45001220703125,315.2699890136719,52.58000183105469,146.2050018310547,173.40499877929688,68.68000030517578,1037.880126953125,56.35499954223633,127.12999725341797,325.0,290.1300048828125,286.385009765625,32.67499923706055,190.5,126.66999816894531,995.6300048828125,180.08999633789062,88.71499633789062,35.43989944458008,82.76499938964844,191.86000061035156,113.91999816894531,178.06500244140625,50.654998779296875,137.9499969482422,59.369998931884766,12.1899995803833,204.63499450683594,128.7050018310547,76.20999908447266,349.07000732421875,903.0900268554688,41.42499923706055,322.0150146484375,316.0199890136719,236.5850067138672,230.13499450683594,93.06999969482422,391.239990234375,450.8299865722656,227.94500732421875,308.4700012207031,31.815000534057617,78.92500305175781,852.4650268554688,232.7550048828125,529.426025390625,352.5,291.1199951171875,79.56500244140625,670.6699829101562,243.7899932861328,110.47000122070312,186.19000244140625,423.1600036621094,44.56999969482422,20.575000762939453,87.51499938964844,209.43699645996094,162.91000366210938,91.0199966430664,60.369998931884766,155.60000610351562,26.30500030517578,147.0,201.33749389648438,218.72000122070312,175.67999267578125,49.89500045776367,155.57000732421875,675.6500244140625,105.37000274658203,90.59500122070312,55.54499816894531,431.54998779296875,312.5899963378906,50.67499923706055,127.25499725341797,155.92999267578125,466.17498779296875,249.08999633789062,373.20001220703125,268.510009765625,368.0849914550781,55.790000915527344,336.6050109863281,250.49000549316406,422.75,81.2300033569336,73.33000183105469,127.81009674072266,154.42999267578125
2026-04-29 17:30:00+00:00,269.739990234375,204.1999969482422,242.3300018310547,378.5299987792969,335.7749938964844,337.55999755859375,263.44000244140625,39.900001525878906,398.32000732421875,314.4549865722656,52.650001525878906,145.5399932861328,173.2550048828125,68.79000091552734,1036.0799560546875,56.290000915527344,126.88999938964844,325.0,291.1549987792969,285.92999267578125,32.7599983215332,190.08999633789062,126.92500305175781,994.125,180.7550048828125,88.73930358886719,35.48500061035156,82.93499755859375,191.5800018310547,113.56500244140625,177.8350067138672,50.755001068115234,137.97999572753906,59.07500076293945,12.149999618530273,204.3300018310547,128.7949981689453,76.24500274658203,349.1600036621094,902.6749877929688,41.459999084472656,320.6600036621094,313.7099914550781,238.1699981689453,228.7449951171875,93.46499633789062,391.402587890625,451.0799865722656,227.63999938964844,308.2200012207031,31.725000381469727,78.8499984741211,852.2349853515625,231.4600067138672,529.219970703125,351.7850036621094,290.17999267578125,79.2300033569336,670.655029296875,241.57000732421875,110.58999633789062,186.23500061035156,423.6549987792969,44.3484992980957,20.53499984741211,88.41999816894531,208.0449981689453,162.22999572753906,91.22000122070312,60.244998931884766,155.27499389648438,26.264999389648438,146.54510498046875,200.9499969482422,218.16659545898438,172.69000244140625,50.61000061035156,156.49000549316406,673.4299926757812,106.12000274658203,90.7300033569336,55.404998779296875,432.79998779296875,312.1499938964844,50.52510070800781,127.30500030517578,155.6300048828125,464.07501220703125,249.74000549316406,371.4150085449219,268.25,367.57000732421875,55.834999084472656,337.04620361328125,249.6199951171875,423.79998779296875,81.3499984741211,73.125,127.58499908447266,154.15980529785156
2026-04-29 18:30:00+00:00,270.2799987792969,204.47999572753906,243.3300018310547,382.94000244140625,339.3500061035156,338.2799987792969,262.6000061035156,40.1349983215332,403.8399963378906,314.9800109863281,52.904998779296875,144.7899932861328,173.13999938964844,68.4749984741211,1040.81005859375,56.400001525878906,127.57499694824219,325.0350036621094,292.6400146484375,286.739990234375,32.584999084472656,190.35000610351562,127.76000213623047,994.875,181.2899932861328,89.16999816894531,35.744998931884766,83.5999984741211,191.8350067138672,114.37000274658203,178.72999572753906,51.119998931884766,138.77999877929688,59.20000076293945,12.154999732971191,204.77999877929688,128.88999938964844,76.31999969482422,351.32000732421875,906.4400024414062,41.56100082397461,321.8699951171875,313.760009765625,242.25,228.42999267578125,93.80999755859375,393.1400146484375,452.05999755859375,226.99989318847656,309.5400085449219,31.690000534057617,78.81500244140625,852.0900268554688,231.8800048828125,527.52001953125,352.2799987792969,289.4800109863281,78.98999786376953,673.4000244140625,242.03500366210938,110.87999725341797,187.25,424.9800109863281,44.334999084472656,20.604999542236328,88.75499725341797,209.3249969482422,163.2899932861328,91.05000305175781,60.57500076293945,155.25,26.250099182128906,146.0399932861328,200.5800018310547,218.6300048828125,173.44500732421875,51.06999969482422,156.83999633789062,687.5599975585938,105.19499969482422,90.83999633789062,55.48500061035156,431.9599914550781,313.05999755859375,50.66999816894531,127.30999755859375,155.94000244140625,464.3500061035156,250.16000366210938,373.92999267578125,270.1199951171875,369.54998779296875,56.17499923706055,335.56500244140625,251.47999572753906,423.9700012207031,81.63500213623047,73.0999984741211,127.62999725341797,154.21249389648438
2026-04-29 19:30:00+00:00,270.19000244140625,204.1300048828125,243.5,382.44000244140625,337.07000732421875,337.9599914550781,263.2699890136719,40.310001373291016,405.5799865722656,315.6400146484375,52.88999938964844,145.32000732421875,173.99000549316406,68.80000305175781,1039.5799560546875,57.165000915527344,127.63999938964844,325.75,292.489990234375,287.2799987792969,32.98500061035156,190.85000610351562,128.25,998.8200073242188,181.24000549316406,89.58999633789062,35.68000030517578,83.91000366210938,192.2100067138672,114.18000030517578,178.7899932861328,51.060001373291016,139.10000610351562,59.1150016784668,12.265000343322754,205.3300018310547,128.8699951171875,76.62999725341797,350.20001220703125,905.8300170898438,41.81999969482422,322.80999755859375,314.5,243.6699981689453,227.0500030517578,94.77999877929688,395.1099853515625,453.79998779296875,227.3300018310547,309.2799987792969,31.829999923706055,78.88999938964844,851.3200073242188,233.52000427246094,525.1699829101562,353.95001220703125,290.0899963378906,79.375,669.9400024414062,241.85000610351562,111.01000213623047,187.10000610351562,424.6400146484375,44.385459899902344,20.774999618530273,88.88999938964844,209.31500244140625,163.83999633789062,91.66999816894531,60.767799377441406,155.27999877929688,26.270000457763672,146.4600067138672,200.75,218.75,173.49000549316406,50.939998626708984,156.11000061035156,686.8300170898438,105.47000122070312,91.18000030517578,55.70000076293945,433.2799987792969,315.1099853515625,50.66999816894531,127.8949966430664,156.11000061035156,466.45001220703125,250.13999938964844,372.79998779296875,269.30999755859375,370.7099914550781,56.185001373291016,334.8500061035156,251.3249969482422,423.44000244140625,81.5199966430664,73.31999969482422,128.0500030517578,154.6699981689453
2026-04-30 13:30:00+00:00,271.91900634765625,214.06500244140625,239.7050018310547,385.7349853515625,343.1099853515625,347.4800109863281,259.04998779296875,39.875,407.6099853515625,319.114990234375,53.255001068115234,147.57000732421875,169.97000122070312,69.33000183105469,1057.375,56.64500045776367,128.41000366210938,328.0,287.385009765625,288.25,34.21500015258789,190.94000244140625,126.0,1013.9199829101562,175.63999938964844,89.93000030517578,35.45500183105469,83.36000061035156,191.64999389648438,115.41500091552734,179.38999938964844,50.70000076293945,138.80499267578125,59.724998474121094,11.895000457763672,204.86500549316406,131.66000366210938,77.91999816894531,369.0799865722656,915.2150268554688,41.810001373291016,327.9649963378906,324.5299987792969,241.10000610351562,227.9499969482422,92.59089660644531,383.57000732421875,453.0,230.99000549316406,313.0199890136719,32.59000015258789,79.04000091552734,925.9500122070312,237.3524932861328,508.7099914550781,362.4599914550781,294.01080322265625,79.7249984741211,602.2899169921875,242.125,111.66999816894531,188.0,401.6499938964844,43.86000061035156,20.559999465942383,86.66000366210938,200.61500549316406,161.6300048828125,98.69499969482422,59.619998931884766,158.33999633789062,26.834999084472656,147.07000732421875,199.5850067138672,221.9199981689453,174.68499755859375,49.84000015258789,176.94500732421875,701.1500244140625,105.45999908447266,91.75499725341797,55.880001068115234,431.6400146484375,317.0899963378906,51.25,128.80999755859375,157.4600067138672,473.0400085449219,255.8000030517578,370.5050048828125,275.1000061035156,366.57501220703125,56.72999954223633,329.55999755859375,247.52000427246094,427.7950134277344,82.24500274658203,75.9000015258789,131.11000061035156,154.1999969482422
2026-04-30 14:30:00+00:00,271.5199890136719,212.99000549316406,242.77999877929688,389.7900085449219,348.1600036621094,347.8500061035156,258.2099914550781,40.209999084472656,411.8399963378906,320.8699951171875,53.42499923706055,147.7899932861328,169.03500366210938,69.3499984741211,1063.2850341796875,57.006500244140625,128.80999755859375,326.4599914550781,292.135009765625,286.760009765625,34.3650016784668,191.860107421875,127.23500061035156,1008.7000122070312,177.50999450683594,90.51000213623047,35.755001068115234,83.31999969482422,193.4600067138672,114.33999633789062,179.48500061035156,51.13999938964844,140.08999633789062,60.2400016784668,11.850000381469727,206.5,131.72999572753906,76.86000061035156,375.8299865722656,921.8200073242188,42.11000061035156,328.2300109863281,323.1700134277344,239.61500549316406,229.67999267578125,94.38999938964844,388.4200134277344,454.1600036621094,229.22999572753906,312.7550048828125,32.744998931884766,78.45999908447266,921.14501953125,236.2449951171875,506.010009765625,361.0400085449219,292.81500244140625,80.08000183105469,606.4400024414062,245.67999267578125,110.42500305175781,189.0800018310547,403.04998779296875,44.165000915527344,20.735000610351562,87.66500091552734,201.3209991455078,162.3699951171875,97.66999816894531,60.369998931884766,157.6999969482422,26.71500015258789,146.7899932861328,199.42999267578125,222.6199951171875,176.5449981689453,50.34000015258789,184.7550048828125,704.989990234375,104.75,91.93000030517578,56.3650016784668,430.19000244140625,317.5299987792969,51.33000183105469,128.02999877929688,156.22000122070312,476.0899963378906,259.125,378.4700012207031,277.114990234375,368.8999938964844,56.59000015258789,329.57000732421875,251.39999389648438,428.614990234375,81.93000030517578,76.25,131.0800018310547,155.0800018310547
2026-04-30 15:30:00+00:00,273.05999755859375,212.35000610351562,242.08999633789062,391.3299865722656,349.4800109863281,349.17999267578125,259.135009765625,40.29499816894531,413.7101135253906,322.489990234375,53.505001068115234,148.1999969482422,168.1699981689453,69.5199966430664,1063.4849853515625,57.239898681640625,128.6649932861328,327.8299865722656,289.260009765625,287.6050109863281,34.125,191.63999938964844,128.07000732421875,1012.3699951171875,175.9600067138672,91.08999633789062,35.86989974975586,83.29000091552734,193.92999267578125,115.1500015258789,179.9199981689453,51.29999923706055,140.6750030517578,60.41999816894531,11.925000190734863,206.6999969482422,131.98500061035156,76.96499633789062,376.56500244140625,925.2305297851562,42.275001525878906,326.5899963378906,323.8999938964844,237.58999633789062,229.74000549316406,93.56999969482422,385.4200134277344,455.30999755859375,230.18499755859375,313.7900085449219,32.73500061035156,78.53009796142578,933.3049926757812,235.82000732421875,505.114990234375,361.57501220703125,292.9700012207031,80.44999694824219,608.8101196289062,246.8000030517578,110.50499725341797,189.3800048828125,400.93499755859375,43.97309875488281,20.7549991607666,87.08999633789062,200.13999938964844,162.55999755859375,98.25,60.540000915527344,157.91000366210938,26.7549991607666,147.0500030517578,200.13499450683594,222.83999633789062,177.07000732421875,50.095001220703125,181.39999389648438,707.2000122070312,104.9000015258789,92.12000274658203,56.65999984741211,429.0849914550781,317.67498779296875,51.375,128.8800048828125,156.38499450683594,476.5899963378906,258.9100036621094,377.67999267578125,278.0450134277344,369.9150085449219,56.54499816894531,330.07501220703125,251.77000427246094,430.57000732421875,82.19999694824219,76.19999694824219,131.85009765625,155.35000610351562
2026-04-30 16:30:00+00:00,272.7850036621094,212.36000061035156,242.27000427246094,393.3299865722656,352.07470703125,347.8399963378906,259.9299011230469,40.28499984741211,414.54998779296875,321.2950134277344,53.40999984741211,148.13999938964844,167.9600067138672,69.38999938964844,1059.0400390625,57.650001525878906,128.27999877929688,326.7799987792969,289.6700134277344,287.25,33.82500076293945,191.19000244140625,126.97000122070312,1013.9600219726562,175.24000549316406,90.96499633789062,35.75,83.16000366210938,193.08999633789062,114.87000274658203,179.4499969482422,51.095001220703125,140.1300048828125,60.34000015258789,11.9399995803833,204.83999633789062,131.3699951171875,77.01000213623047,383.9200134277344,923.9349975585938,42.165000915527344,326.6099853515625,324.30999755859375,236.8699951171875,229.75,93.96499633789062,384.19000244140625,455.8450012207031,229.85000610351562,313.1000061035156,32.78499984741211,78.46499633789062,939.2449951171875,235.9499969482422,501.2200012207031,361.5799865722656,292.6700134277344,80.44499969482422,607.5449829101562,245.8350067138672,110.43499755859375,189.7899932861328,401.0199890136719,44.03499984741211,20.71500015258789,87.12999725341797,200.47999572753906,162.0399932861328,98.11000061035156,60.279998779296875,157.89999389648438,26.700000762939453,146.5500030517578,200.17999267578125,222.69500732421875,175.73500061035156,50.05500030517578,178.44000244140625,707.6400146484375,105.06999969482422,91.95500183105469,56.59000015258789,429.0350036621094,316.8399963378906,51.22999954223633,129.0800018310547,156.64999389648438,477.0400085449219,258.239990234375,378.52508544921875,279.1600036621094,370.34619140625,56.560001373291016,330.8900146484375,250.60000610351562,430.3599853515625,82.11499786376953,76.02999877929688,131.6199951171875,154.2899932861328
2026-04-30 17:30:00+00:00,273.6000061035156,211.97000122070312,243.80499267578125,393.30999755859375,351.99090576171875,347.42999267578125,262.39990234375,40.36000061035156,415.6400146484375,322.57501220703125,53.53499984741211,147.9250030517578,169.10000610351562,69.33000183105469,1062.9300537109375,57.6150016784668,128.38999938964844,327.1400146484375,290.9100036621094,286.5400085449219,34.02989959716797,191.3350067138672,126.4000015258789,1013.5700073242188,176.58999633789062,91.19000244140625,35.71500015258789,82.97000122070312,193.30999755859375,115.27999877929688,179.52999877929688,51.060001373291016,140.42999267578125,60.0099983215332,11.96500015258789,203.8800048828125,131.2913055419922,77.05500030517578,384.6199951171875,926.0999755859375,42.01499938964844,328.6700134277344,323.3999938964844,237.1699981689453,231.1300048828125,94.57990264892578,387.0199890136719,455.1300048828125,229.30999755859375,313.7099914550781,32.6349983215332,78.4749984741211,940.4299926757812,237.91000366210938,503.70001220703125,361.95001220703125,293.625,80.58000183105469,616.0700073242188,246.88999938964844,110.12999725341797,190.10000610351562,406.1549987792969,44.36000061035156,20.55500030517578,87.48999786376953,200.77499389648438,162.57000732421875,98.16000366210938,60.2400016784668,158.0800018310547,26.647199630737305,147.17999267578125,200.27999877929688,222.9949951171875,176.09500122070312,50.07500076293945,179.3800048828125,703.4500122070312,105.66999816894531,92.13999938964844,56.439998626708984,430.57000732421875,316.635009765625,51.39500045776367,129.0800018310547,156.89500427246094,477.4750061035156,257.6000061035156,381.1499938964844,280.760009765625,367.9078063964844,56.76499938964844,330.8800048828125,250.6999969482422,429.0799865722656,82.37999725341797,75.94000244140625,131.68499755859375,154.25999450683594
2026-04-30 18:30:00+00:00,274.489990234375,212.67010498046875,246.27000427246094,393.5,352.75,347.0950012207031,265.6000061035156,40.44499969482422,415.5400085449219,323.42919921875,53.64500045776367,148.75,169.16000366210938,69.5999984741211,1064.1500244140625,57.20000076293945,128.1999969482422,326.92999267578125,289.95001220703125,287.6099853515625,33.720001220703125,191.9499969482422,126.43000030517578,1014.9650268554688,177.75,91.6050033569336,35.755001068115234,83.18000030517578,193.0500030517578,115.80000305175781,179.25,51.099998474121094,140.0399932861328,60.01499938964844,12.0600004196167,203.38499450683594,131.1300048828125,77.23999786376953,381.32000732421875,926.7449951171875,42.21500015258789,329.0199890136719,324.6199951171875,238.52000427246094,230.8300018310547,92.43499755859375,389.739990234375,456.1199951171875,229.5399932861328,313.8599853515625,32.79999923706055,78.54499816894531,939.9199829101562,238.50999450683594,504.94000244140625,361.8135986328125,293.4150085449219,80.63999938964844,617.0800170898438,246.64999389648438,109.23999786376953,190.5800018310547,408.3399963378906,44.790000915527344,20.5049991607666,88.23999786376953,200.82000732421875,161.76499938964844,98.20999908447266,60.29010009765625,158.3699951171875,26.649999618530273,147.50999450683594,200.60000610351562,224.1649932861328,176.3000030517578,50.17499923706055,179.4499969482422,704.260009765625,105.5999984741211,92.41999816894531,56.814998626708984,430.9800109863281,314.4949951171875,51.54999923706055,129.52999877929688,157.10499572753906,478.04998779296875,259.2200012207031,383.95001220703125,279.9150085449219,369.3999938964844,56.90999984741211,330.9599914550781,248.7899932861328,427.80999755859375,82.5199966430664,76.30500030517578,131.80999755859375,154.72000122070312
2026-04-30 19:30:00+00:00,271.3599853515625,211.3300018310547,246.0500030517578,394.3599853515625,354.3500061035156,346.0899963378906,265.0299987792969,40.709999084472656,417.44000244140625,322.9800109863281,53.47999954223633,149.10000610351562,168.32000732421875,69.66999816894531,1065.5999755859375,57.599998474121094,127.97000122070312,326.989990234375,290.5299987792969,287.8399963378906,33.96500015258789,191.3000030517578,125.79000091552734,1014.27001953125,176.5225067138672,91.47000122070312,35.90999984741211,83.29000091552734,193.33999633789062,115.86000061035156,178.91000366210938,51.35499954223633,140.57000732421875,60.07500076293945,12.079999923706055,205.64999389648438,130.83999633789062,76.9000015258789,385.1199951171875,923.5999755859375,42.29499816894531,328.80999755859375,324.0849914550781,236.61000061035156,230.97000122070312,94.4749984741211,388.42999267578125,457.6300048828125,229.86000061035156,313.2699890136719,32.86000061035156,78.7699966430664,934.3099975585938,238.8000030517578,502.8800048828125,361.57000732421875,293.6000061035156,80.95999908447266,611.4000244140625,248.1999969482422,109.16999816894531,190.5500030517578,407.7799987792969,44.36000061035156,20.475000381469727,88.30000305175781,199.52999877929688,161.3699951171875,99.4000015258789,60.57500076293945,158.4499969482422,26.700000762939453,147.13999938964844,201.3300018310547,223.0500030517578,179.13499450683594,50.13999938964844,179.60000610351562,706.8300170898438,105.31999969482422,91.63999938964844,56.880001068115234,431.2099914550781,315.05999755859375,51.474998474121094,129.72000122070312,156.75,479.1300048828125,260.07000732421875,381.5299987792969,281.0249938964844,370.489990234375,56.68000030517578,330.0400085449219,252.6300048828125,427.2900085449219,82.26000213623047,76.31999969482422,131.89999389648438,154.38999938964844
2026-05-01 13:30:00+00:00,285.3399963378906,209.5050048828125,245.58999633789062,394.3949890136719,352.2149963378906,329.2950134277344,271.3999938964844,39.58000183105469,420.6700134277344,322.3500061035156,53.904998779296875,148.8800048828125,169.75999450683594,69.5,1078.3599853515625,57.790000915527344,129.64999389648438,330.80999755859375,285.3699951171875,289.1000061035156,33.685001373291016,192.9250030517578,124.12999725341797,1027.5999755859375,180.1300048828125,92.62999725341797,35.10499954223633,83.04000091552734,191.3300018310547,115.04499816894531,176.22000122070312,50.20000076293945,137.89999389648438,58.470001220703125,11.954999923706055,203.0050048828125,131.36000061035156,76.95999908447266,385.1499938964844,931.864990234375,41.564998626708984,327.51690673828125,324.05999755859375,233.82000732421875,232.38999938964844,99.33989715576172,390.5899963378906,460.322509765625,229.35000610351562,315.2998962402344,32.724998474121094,79.41500091552734,973.25,236.9600067138672,503.18499755859375,362.4700012207031,292.92999267578125,80.43000030517578,611.3150024414062,243.0500030517578,113.77999877929688,192.36500549316406,412.2950134277344,44.625,19.979999542236328,88.98030090332031,199.3000030517578,169.4346923828125,98.26000213623047,58.7599983215332,159.0699005126953,26.485000610351562,148.85000610351562,201.67999267578125,223.1699981689453,174.43499755859375,50.51499938964844,172.42999267578125,708.9099731445312,106.8499984741211,92.63999938964844,57.09000015258789,430.6099853515625,305.6700134277344,51.28499984741211,130.92999267578125,157.75,473.4100036621094,254.2899932861328,388.0950012207031,279.20001220703125,368.8247985839844,56.970001220703125,333.1300048828125,244.3000030517578,425.239990234375,82.04000091552734,75.55999755859375,132.7050018310547,153.0749969482422
2026-05-01 14:30:00+00:00,283.95001220703125,208.2100067138672,248.99000549316406,393.1700134277344,353.9450988769531,327.2099914550781,269.4607849121094,39.93000030517578,421.80999755859375,321.989990234375,53.775001525878906,148.60000610351562,169.7050018310547,69.1500015258789,1072.6624755859375,57.63999938964844,128.77999877929688,329.010009765625,283.9800109863281,289.8349914550781,33.435001373291016,192.84500122070312,123.95999908447266,1022.6599731445312,182.22000122070312,92.66500091552734,35.150001525878906,82.93000030517578,191.22999572753906,115.1500015258789,174.82000732421875,50.279998779296875,138.35499572753906,58.599998474121094,11.925000190734863,203.23500061035156,130.52000427246094,76.41000366210938,385.3599853515625,930.25,41.70500183105469,325.7200012207031,323.80999755859375,235.0399932861328,232.2899932861328,99.36109924316406,395.6700134277344,460.92999267578125,228.52999877929688,314.2250061035156,32.834999084472656,78.95500183105469,965.030029296875,235.4600067138672,499.8399963378906,361.8599853515625,291.30999755859375,80.18000030517578,614.4255981445312,245.47000122070312,112.93499755859375,192.0500030517578,414.5899963378906,44.47999954223633,19.649999618530273,90.55860137939453,198.92999267578125,172.13999938964844,97.23999786376953,58.84000015258789,158.94500732421875,26.454999923706055,148.43499755859375,200.75,222.25,175.8699951171875,50.70000076293945,172.88999938964844,705.3400268554688,106.44000244140625,92.53500366210938,56.82500076293945,431.260009765625,301.4800109863281,51.080101013183594,130.60000610351562,157.64999389648438,470.04998779296875,254.3000030517578,392.6549987792969,280.4200134277344,369.5,56.72999954223633,332.885009765625,245.77499389648438,424.5899963378906,81.80000305175781,75.94000244140625,132.5500030517578,153.22500610351562
2026-05-01 15:30:00+00:00,283.9549865722656,208.11500549316406,250.88999938964844,390.4599914550781,356.54998779296875,326.19000244140625,269.0,40.119998931884766,419.9599914550781,320.1600036621094,53.189998626708984,149.36500549316406,170.11000061035156,69.23999786376953,1069.1300048828125,57.29999923706055,126.95500183105469,328.0400085449219,284.0799865722656,290.2049865722656,33.345001220703125,191.1300048828125,124.05000305175781,1016.2000122070312,182.95860290527344,92.34590148925781,35.36000061035156,83.13999938964844,190.23500061035156,114.04000091552734,175.30999755859375,50.564998626708984,138.6699981689453,58.849998474121094,11.835000038146973,204.56500244140625,130.72999572753906,75.81999969482422,384.5249938964844,923.219970703125,41.64500045776367,325.4599914550781,321.3399963378906,236.9199981689453,232.6649932861328,99.30010223388672,399.7099914550781,459.0950012207031,228.42999267578125,312.5350036621094,32.60499954223633,78.59500122070312,963.6799926757812,235.4199981689453,497.25,360.1499938964844,290.1499938964844,80.40499877929688,612.1624755859375,245.4499969482422,112.59500122070312,190.76499938964844,414.32501220703125,44.60770034790039,19.725000381469727,90.70999908447266,198.65499877929688,173.6649932861328,96.91000366210938,59.099998474121094,158.55999755859375,26.420000076293945,147.64999389648438,200.80499267578125,221.30999755859375,176.2899932861328,50.665000915527344,176.4600067138672,704.0900268554688,105.97010040283203,92.4000015258789,56.58000183105469,431.1199951171875,300.7699890136719,50.849998474121094,130.52499389648438,156.72999572753906,470.43499755859375,254.8699951171875,395.4750061035156,279.44000244140625,370.8955078125,56.369998931884766,333.5899963378906,246.22999572753906,424.7200012207031,81.4000015258789,75.6082992553711,131.88999938964844,152.36000061035156
2026-05-01 16:30:00+00:00,282.80999755859375,207.99000549316406,251.1199951171875,391.5,359.8399963378906,327.25,269.385009765625,40.0099983215332,421.3900146484375,321.4700012207031,53.42499923706055,149.22500610351562,170.06100463867188,69.54000091552734,1068.425048828125,57.099998474121094,127.58999633789062,327.7099914550781,282.4200134277344,288.92999267578125,33.32500076293945,191.4949951171875,123.86000061035156,1015.2849731445312,183.50999450683594,92.22000122070312,35.255001068115234,82.43000030517578,190.25,114.75,174.97000122070312,50.41999816894531,138.77999877929688,58.88999938964844,11.845000267028809,205.7050018310547,131.22000122070312,75.7249984741211,386.20001220703125,924.5050048828125,41.64500045776367,324.5799865722656,320.81500244140625,236.6199951171875,233.53500366210938,98.6449966430664,399.2550048828125,459.43499755859375,228.0,313.7200012207031,32.625,78.36000061035156,962.5499877929688,234.6750030517578,496.70001220703125,359.9800109863281,289.3599853515625,80.43499755859375,615.614990234375,244.77999877929688,112.71499633789062,191.02499389648438,414.4800109863281,44.45000076293945,19.645000457763672,90.77999877929688,199.85000610351562,173.55990600585938,96.43000030517578,58.75,157.5850067138672,26.44499969482422,147.27999877929688,200.0399932861328,222.24000549316406,176.08999633789062,50.720001220703125,178.78500366210938,705.4500122070312,106.57499694824219,92.23999786376953,56.70000076293945,429.364990234375,302.7250061035156,51.099998474121094,130.16000366210938,156.6199951171875,470.2500915527344,254.46499633789062,395.2200012207031,280.6000061035156,370.5799865722656,56.625,332.92498779296875,245.14999389648438,424.9200134277344,81.94999694824219,75.58000183105469,131.74000549316406,152.47000122070312
2026-05-01 17:30:00+00:00,281.2300109863281,207.38999938964844,250.33999633789062,390.9049987792969,360.6600036621094,327.67999267578125,269.6098937988281,40.220001220703125,422.4800109863281,320.5625,53.361000061035156,149.80999755859375,169.42999267578125,69.24500274658203,1065.300048828125,56.90999984741211,127.5,326.30999755859375,283.614990234375,289.5299987792969,33.040000915527344,192.00999450683594,123.5,1009.3599853515625,183.9550018310547,92.1500015258789,35.22999954223633,82.58000183105469,190.8000030517578,114.18499755859375,175.33999633789062,50.369998931884766,138.78500366210938,58.54999923706055,11.875,206.17999267578125,131.99000549316406,75.91999816894531,384.9200134277344,924.405029296875,41.599998474121094,323.9150085449219,319.75,237.6750030517578,233.3300018310547,98.76480102539062,398.9700012207031,458.3550109863281,228.13499450683594,313.31500244140625,32.584999084472656,78.125,966.3200073242188,233.55999755859375,492.92999267578125,358.2900085449219,286.9200134277344,80.56999969482422,611.8499755859375,244.75999450683594,112.56999969482422,190.72000122070312,415.5867919921875,44.33000183105469,19.725000381469727,91.30999755859375,199.13009643554688,172.42999267578125,95.9800033569336,58.84000015258789,156.57000732421875,26.44499969482422,146.5800018310547,199.9499969482422,221.99000549316406,176.39999389648438,50.76499938964844,176.69000244140625,702.260009765625,105.75749969482422,92.16000366210938,56.724998474121094,428.9800109863281,299.6199951171875,51.064998626708984,129.5800018310547,156.8000030517578,471.0,254.8300018310547,396.3800048828125,280.0950012207031,370.3599853515625,56.5099983215332,329.29998779296875,244.89999389648438,424.2300109863281,81.5999984741211,75.48999786376953,131.24899291992188,153.07000732421875
2026-05-01 18:30:00+00:00,280.34991455078125,205.77000427246094,250.50999450683594,391.8699951171875,361.114990234375,328.20001220703125,268.8500061035156,40.40999984741211,422.7699890136719,319.9949951171875,53.44499969482422,149.2100067138672,170.7550048828125,69.41000366210938,1063.4599609375,56.91569900512695,127.66999816894531,328.1499938964844,283.9700012207031,290.32000732421875,32.970001220703125,191.9600067138672,123.80999755859375,1011.27001953125,183.97000122070312,92.21499633789062,35.470001220703125,82.38999938964844,190.59500122070312,113.5199966430664,175.22500610351562,50.7400016784668,139.00999450683594,58.79999923706055,11.890000343322754,207.0,131.97500610351562,75.80000305175781,385.3999938964844,924.7000122070312,41.88999938964844,324.7200012207031,319.2099914550781,234.63999938964844,232.08999633789062,99.88500213623047,398.2099914550781,458.5400085449219,228.0,314.2799987792969,32.67499923706055,78.69000244140625,961.7999877929688,233.83999633789062,494.4549865722656,357.45001220703125,287.0950012207031,80.47000122070312,611.2750244140625,246.27000427246094,112.08000183105469,190.75010681152344,416.2300109863281,44.296600341796875,20.0049991607666,91.11000061035156,199.71499633789062,171.77999877929688,96.33999633789062,59.040000915527344,157.7550048828125,26.405000686645508,147.48500061035156,199.75999450683594,221.4499969482422,175.6199951171875,50.65999984741211,177.3800048828125,702.9199829101562,105.50499725341797,91.94000244140625,57.11000061035156,427.05999755859375,298.1300048828125,51.029998779296875,128.84500122070312,157.25,469.5899963378906,254.89999389648438,394.3999938964844,281.44500732421875,369.82000732421875,56.46500015258789,328.6449890136719,245.81500244140625,424.9100036621094,81.3949966430664,75.80999755859375,131.7899932861328,153.44000244140625
2026-05-01 19:30:00+00:00,280.1499938964844,206.60000610351562,250.75,389.05999755859375,360.54998779296875,329.8999938964844,268.3399963378906,40.13999938964844,421.2799987792969,319.6499938964844,53.224998474121094,149.2899932861328,169.61000061035156,69.11000061035156,1062.1400146484375,56.5099983215332,127.41999816894531,326.2699890136719,282.9200134277344,289.6199951171875,32.9900016784668,191.88999938964844,123.16999816894531,1011.7000122070312,183.77999877929688,91.86000061035156,35.375,82.07499694824219,190.6199951171875,114.43000030517578,175.13999938964844,50.560001373291016,138.97999572753906,58.68000030517578,11.869999885559082,207.61000061035156,131.64999389648438,75.7699966430664,385.69000244140625,923.4199829101562,41.654998779296875,323.8800048828125,318.6000061035156,233.60000610351562,232.22000122070312,99.66999816894531,399.010009765625,457.82501220703125,227.1999969482422,312.4599914550781,32.53499984741211,78.57499694824219,963.7100219726562,233.35000610351562,495.4100036621094,355.0400085449219,286.6400146484375,79.99500274658203,608.7449951171875,246.16000366210938,112.16000366210938,190.1699981689453,414.510009765625,44.404998779296875,19.864999771118164,91.125,198.4199981689453,171.86000061035156,96.68000030517578,58.724998474121094,157.41000366210938,26.334999084472656,147.27000427246094,199.30999755859375,220.7100067138672,176.1999969482422,50.43000030517578,177.0399932861328,701.25,105.9000015258789,91.5199966430664,56.939998626708984,426.0299987792969,294.67999267578125,50.939998626708984,128.88999938964844,156.85000610351562,469.1199951171875,254.27999877929688,390.6600036621094,281.07000732421875,368.8299865722656,56.29999923706055,328.0299987792969,246.86000061035156,423.9989929199219,80.80999755859375,75.55999755859375,131.60000610351562,152.7899932861328
