Datetime,AAPL,ABBV,ADBE,AMD,AMZN,AXP,AZN,BAC,BP,C,COP,CVX,DHR,EQNR,GOOGL,GS,INTC,JNJ,JPM,LLY,MA,META,MRK,MS,MSFT,NVDA,NVO,PBR,PFE,PYPL,SHEL,SLB,TMO,TSLA,TTE,UNH,V,VLO,WFC,XOM
2026-04-27 13:30:00+00:00,266.1499938964844,198.97999572753906,240.1649932861328,338.80108642578125,262.8349914550781,316.44500732421875,189.55999755859375,52.69499969482422,46.86000061035156,128.86000061035156,122.94000244140625,187.5,177.8000030517578,38.43000030517578,342.760009765625,939.4299926757812,85.02580261230469,227.1875,310.1549987792969,882.6799926757812,502.260009765625,675.0,112.20999908447266,189.47000122070312,418.5799865722656,210.84869384765625,40.69990158081055,21.399999618530273,26.989999771118164,50.0099983215332,89.29000091552734,56.16999816894531,468.8949890136719,368.9849853515625,90.43000030517578,353.4849853515625,307.29998779296875,239.0050048828125,80.31999969482422,150.36500549316406
2026-04-27 13:35:00+00:00,267.19989013671875,199.2449951171875,242.47999572753906,334.5849914550781,263.20001220703125,317.1700134277344,189.88499450683594,52.88909912109375,46.79999923706055,128.99000549316406,122.93499755859375,187.33999633789062,180.0,38.36000061035156,344.7799987792969,939.1400146484375,84.5199966430664,226.8000030517578,310.2200012207031,889.0,505.6300048828125,676.344970703125,112.37999725341797,189.99000549316406,420.1400146484375,210.60499572753906,41.029998779296875,21.415000915527344,27.100000381469727,50.279998779296875,88.91999816894531,55.95000076293945,472.9649963378906,368.8399963378906,90.2699966430664,353.0400085449219,309.57000732421875,239.7899932861328,80.31999969482422,150.4499969482422
2026-04-27 13:40:00+00:00,267.4849853515625,200.8625030517578,244.2100067138672,333.5450134277344,262.0849914550781,316.25,190.47999572753906,52.70500183105469,46.73249816894531,128.36000061035156,122.44000244140625,186.85000610351562,180.1199951171875,38.399898529052734,345.92999267578125,934.0700073242188,85.32990264892578,226.82000732421875,309.5899963378906,890.6950073242188,506.3800048828125,677.47998046875,112.5,189.27000427246094,420.6499938964844,209.7899932861328,41.2400016784668,21.450000762939453,27.209999084472656,50.150001525878906,88.77999877929688,55.34000015258789,474.1300048828125,369.114990234375,90.30989837646484,352.5,309.8800048828125,240.22500610351562,80.0999984741211,150.5500030517578
2026-04-27 13:45:00+00:00,267.9700012207031,200.8699951171875,245.1999969482422,331.0899963378906,261.1391906738281,314.7799987792969,190.1999969482422,52.6150016784668,46.61000061035156,127.81999969482422,122.08000183105469,187.08999633789062,180.2949981689453,38.31999969482422,346.2699890136719,930.469970703125,85.22879791259766,226.83999633789062,309.3949890136719,888.02001953125,508.2099914550781,675.760009765625,112.5,188.14999389648438,420.5400085449219,210.0,41.279998779296875,21.479999542236328,27.315000534057617,49.834999084472656,88.26499938964844,55.20000076293945,473.2049865722656,366.92999267578125,90.26000213623047,352.2218017578125,310.0249938964844,239.9600067138672,79.83999633789062,150.7100067138672
2026-04-27 13:50:00+00:00,267.9100036621094,200.44000244140625,243.60499572753906,333.56500244140625,261.4700012207031,315.29998779296875,190.3000030517578,52.755001068115234,46.56999969482422,128.0399932861328,121.91999816894531,186.98500061035156,180.39999389648438,38.275001525878906,347.3699951171875,933.6300048828125,84.75,227.25,309.7850036621094,887.135009765625,506.8500061035156,677.4500122070312,112.47000122070312,188.8699951171875,421.0899963378906,209.92999267578125,41.29999923706055,21.485000610351562,27.239999771118164,49.755001068115234,88.37000274658203,55.56999969482422,474.2799987792969,367.20001220703125,90.20999908447266,352.0799865722656,309.67999267578125,239.91000366210938,80.0250015258789,150.5135040283203
2026-04-27 13:55:00+00:00,268.1300048828125,200.5800018310547,241.6699981689453,335.8699951171875,261.17999267578125,315.2699890136719,190.50999450683594,52.717498779296875,46.564998626708984,127.94989776611328,122.05000305175781,187.10000610351562,179.8000030517578,38.310001373291016,348.6549987792969,932.3800048828125,86.62999725341797,227.3800048828125,309.32000732421875,886.3175048828125,504.42999267578125,672.4149780273438,112.5,188.67999267578125,419.95001220703125,210.36000061035156,41.209999084472656,21.454999923706055,27.225000381469727,49.47999954223633,88.15499877929688,55.790000915527344,471.2900085449219,365.7049865722656,90.2300033569336,351.0899963378906,308.6650085449219,239.5399932861328,80.09500122070312,150.72999572753906
2026-04-27 14:00:00+00:00,267.2580871582031,200.31500244140625,242.5,334.8999938964844,261.4599914550781,315.7298889160156,190.1649932861328,52.619998931884766,46.32500076293945,128.10000610351562,121.9000015258789,186.5399932861328,180.41000366210938,38.16999816894531,349.4599914550781,933.3900146484375,86.87999725341797,227.46009826660156,309.92498779296875,886.4650268554688,505.072509765625,672.2100219726562,112.2300033569336,188.6699981689453,420.6698913574219,210.22999572753906,41.439998626708984,21.43000030517578,27.2549991607666,49.589900970458984,87.60250091552734,55.81999969482422,472.4100036621094,366.69000244140625,89.93000030517578,350.760009765625,309.1400146484375,239.77000427246094,80.05000305175781,149.9199981689453
2026-04-27 14:05:00+00:00,267.489990234375,200.4600067138672,241.77999877929688,335.4967956542969,261.6098937988281,315.2550048828125,190.2100067138672,52.70000076293945,46.400001525878906,128.30999755859375,121.96499633789062,186.92449951171875,180.47000122070312,38.27000045776367,350.32000732421875,933.010009765625,86.08000183105469,227.83999633789062,310.125,885.7899780273438,504.95001220703125,672.4600219726562,112.2699966430664,188.5500030517578,420.1199951171875,210.1750030517578,41.34000015258789,21.44499969482422,27.252599716186523,49.650001525878906,87.8499984741211,55.869998931884766,471.7900085449219,365.4599914550781,90.05000305175781,351.2099914550781,309.2799987792969,240.2100067138672,80.08499908447266,150.3800048828125
2026-04-27 14:10:00+00:00,267.3900146484375,199.88999938964844,241.77999877929688,337.8507995605469,261.05999755859375,315.375,190.1300048828125,52.69499969482422,46.540000915527344,128.38479614257812,122.30000305175781,186.9600067138672,180.16000366210938,38.33000183105469,348.5899963378906,933.469970703125,86.55999755859375,227.1199951171875,310.2300109863281,882.8599853515625,505.0799865722656,674.9000244140625,112.16999816894531,188.5800018310547,420.5799865722656,210.39999389648438,41.564998626708984,21.415000915527344,27.17180061340332,49.7599983215332,88.08000183105469,56.04999923706055,471.239990234375,366.2799987792969,90.31999969482422,350.8039855957031,309.2300109863281,240.3300018310547,80.01000213623047,150.57000732421875
2026-04-27 14:15:00+00:00,267.6600036621094,199.43499755859375,242.25,336.6997985839844,261.1199951171875,315.4100036621094,189.80999755859375,52.71500015258789,46.529998779296875,128.52499389648438,122.30000305175781,186.97000122070312,180.01499938964844,38.38999938964844,348.6199951171875,933.7199096679688,85.87999725341797,226.72500610351562,310.8900146484375,882.375,505.7200012207031,674.7999877929688,112.20500183105469,188.69000244140625,420.99859619140625,209.22000122070312,41.56999969482422,21.415000915527344,27.145000457763672,49.935001373291016,88.19999694824219,56.209999084472656,470.5299987792969,365.6300048828125,90.4000015258789,351.2099914550781,309.7099914550781,241.0850067138672,80.11499786376953,150.5500030517578
2026-04-27 14:20:00+00:00,267.42999267578125,199.3300018310547,242.64999389648438,336.8550109863281,261.3900146484375,315.81500244140625,189.6199951171875,52.724998474121094,46.494998931884766,128.5800018310547,122.0999984741211,186.72999572753906,179.82000732421875,38.369998931884766,350.3299865722656,934.219970703125,85.75,226.01499938964844,311.0823059082031,879.5999755859375,506.3800048828125,675.3800048828125,112.05000305175781,189.10000610351562,422.5899963378906,209.11279296875,41.439998626708984,21.420000076293945,27.084999084472656,49.90999984741211,88.2300033569336,56.095001220703125,470.1199951171875,366.0700988769531,90.41000366210938,351.0799865722656,310.06500244140625,240.69500732421875,80.13500213623047,150.39999389648438
2026-04-27 14:25:00+00:00,267.3599853515625,199.63250732421875,243.22500610351562,334.7699890136719,262.19500732421875,315.6099853515625,189.39500427246094,52.650001525878906,46.4900016784668,128.36000061035156,122.09500122070312,186.64999389648438,179.8719940185547,38.36000061035156,350.75,933.4199829101562,84.35009765625,225.92999267578125,310.7699890136719,878.469970703125,506.9700012207031,676.1599731445312,111.82499694824219,188.9499969482422,424.6182861328125,208.69500732421875,41.39509963989258,21.360000610351562,27.060100555419922,49.95000076293945,88.08000183105469,55.720001220703125,469.67999267578125,367.25,90.30000305175781,351.8699951171875,310.260009765625,239.77999877929688,80.06999969482422,150.13999938964844
2026-04-27 14:30:00+00:00,267.55999755859375,199.88499450683594,243.00999450683594,335.6700134277344,262.5,315.635009765625,189.36000061035156,52.71500015258789,46.474998474121094,128.55999755859375,121.91999816894531,186.58999633789062,180.03750610351562,38.29499816894531,349.9700012207031,934.6400146484375,84.11499786376953,226.25999450683594,311.1050109863281,879.02001953125,506.94000244140625,677.1900024414062,111.81999969482422,188.9199981689453,423.340087890625,208.41000366210938,41.3202018737793,21.329999923706055,27.084999084472656,49.90999984741211,87.91000366210938,55.8650016784668,470.489990234375,367.260009765625,90.25499725341797,352.4750061035156,309.8599853515625,239.36500549316406,80.17510223388672,149.80999755859375
2026-04-27 14:35:00+00:00,267.3699951171875,199.80499267578125,242.69000244140625,335.30450439453125,262.4100036621094,316.07000732421875,189.53509521484375,52.71500015258789,46.4900016784668,128.77499389648438,121.56999969482422,186.2550048828125,180.24000549316406,38.2400016784668,351.510009765625,935.2550048828125,84.76000213623047,226.66000366210938,311.2300109863281,880.072509765625,506.92999267578125,677.8150024414062,111.95500183105469,189.11000061035156,422.989990234375,209.10499572753906,41.31999969482422,21.309999465942383,27.1200008392334,50.040000915527344,87.8499984741211,55.625,469.9100036621094,368.2699890136719,90.23200225830078,352.45001220703125,310.0450134277344,239.5850067138672,80.30500030517578,149.64500427246094
2026-04-27 14:40:00+00:00,267.18499755859375,200.0500030517578,242.85499572753906,335.9100036621094,262.4700012207031,316.3299865722656,189.69000244140625,52.7400016784668,46.345001220703125,128.8350067138672,121.20999908447266,185.44000244140625,180.49620056152344,38.029998779296875,350.92999267578125,935.7449951171875,84.83000183105469,226.52000427246094,311.4750061035156,881.239990234375,507.3299865722656,677.905029296875,111.94000244140625,189.23500061035156,423.41729736328125,209.24440002441406,41.4099006652832,21.2549991607666,27.059999465942383,50.119998931884766,87.77999877929688,55.505001068115234,470.6199951171875,368.7213134765625,90.0,352.05499267578125,310.1650085449219,238.16000366210938,80.375,149.19000244140625
2026-04-27 14:45:00+00:00,267.0849914550781,200.3000030517578,243.0749969482422,335.7550048828125,262.67498779296875,316.010009765625,189.8300018310547,52.744998931884766,46.38999938964844,128.8000030517578,121.17500305175781,185.52000427246094,180.38250732421875,38.07500076293945,350.5,933.989990234375,84.41999816894531,226.36749267578125,311.7900085449219,882.639892578125,507.625,679.77001953125,111.83999633789062,189.17999267578125,423.3500061035156,209.33999633789062,41.474998474121094,21.21500015258789,27.045000076293945,50.029998779296875,87.75,55.41999816894531,471.2300109863281,368.0838928222656,89.98999786376953,350.75,310.3351135253906,238.19749450683594,80.26499938964844,149.1595001220703
2026-04-27 14:50:00+00:00,266.7900085449219,200.38999938964844,243.27000427246094,335.1700134277344,262.6000061035156,316.4150085449219,189.9499969482422,52.70000076293945,46.3849983215332,128.6999969482422,121.0199966430664,185.57000732421875,180.67999267578125,38.09000015258789,350.489990234375,932.780029296875,84.06999969482422,226.4499969482422,311.67999267578125,882.4199829101562,507.760009765625,681.260009765625,111.82499694824219,189.0500030517578,423.17999267578125,209.3699951171875,41.44499969482422,21.209999084472656,27.030000686645508,50.119998931884766,87.86000061035156,55.532501220703125,471.94000244140625,366.4049987792969,90.0199966430664,349.80499267578125,310.44000244140625,237.6300048828125,80.29499816894531,149.27000427246094
2026-04-27 14:55:00+00:00,267.1600036621094,200.33999633789062,243.65499877929688,335.5,262.8699951171875,316.0,189.61000061035156,52.65999984741211,46.3650016784668,128.44000244140625,121.08499908447266,185.6649932861328,180.60000610351562,38.12799835205078,350.94500732421875,930.2999877929688,84.27999877929688,226.1699981689453,311.2049865722656,882.1099853515625,507.3550109863281,681.4199829101562,111.69750213623047,188.85000610351562,423.75,209.38999938964844,41.384498596191406,21.209999084472656,26.96500015258789,50.119998931884766,87.86499786376953,55.70500183105469,471.1700134277344,366.3550109863281,90.0,349.6000061035156,310.3699951171875,237.5,80.2249984741211,149.30999755859375
2026-04-27 15:00:00+00:00,267.2099914550781,200.4199981689453,242.86500549316406,333.1000061035156,261.94000244140625,315.3699951171875,189.8000030517578,52.540401458740234,46.459999084472656,128.1999969482422,121.44999694824219,186.11000061035156,180.3699951171875,38.2400016784668,349.9549865722656,927.1900024414062,84.44999694824219,226.2050018310547,310.2850036621094,881.1400146484375,506.7699890136719,679.969970703125,111.7300033569336,188.36000061035156,422.5400085449219,209.27000427246094,41.29999923706055,21.239999771118164,26.975000381469727,49.9900016784668,88.0,55.61000061035156,469.8999938964844,364.8904113769531,90.05999755859375,349.1000061035156,309.385009765625,237.60000610351562,80.05500030517578,149.55999755859375
2026-04-27 15:05:00+00:00,267.0799865722656,200.53500366210938,241.84849548339844,335.625,261.8301086425781,315.17999267578125,189.76499938964844,52.51020050048828,46.3849983215332,128.18499755859375,121.21499633789062,185.6199951171875,180.16000366210938,38.19499969482422,350.875,928.0,83.9800033569336,225.77499389648438,310.17999267578125,882.0499877929688,505.7900085449219,680.280029296875,111.69999694824219,188.201904296875,422.44000244140625,209.5919952392578,41.44029998779297,21.21500015258789,26.96500015258789,49.95000076293945,87.87000274658203,55.560001373291016,469.80999755859375,364.90509033203125,89.9800033569336,349.5199890136719,308.989990234375,236.90499877929688,80.06999969482422,149.17999267578125
2026-04-27 15:10:00+00:00,266.8900146484375,200.7550048828125,241.875,334.489990234375,261.3999938964844,315.57000732421875,189.77000427246094,52.560001373291016,46.42499923706055,128.35000610351562,121.45500183105469,185.63999938964844,180.2550048828125,38.224998474121094,350.9649963378906,929.780029296875,83.6500015258789,225.9499969482422,310.45001220703125,881.3250122070312,506.510009765625,678.2100219726562,111.55500030517578,188.38999938964844,421.8999938964844,209.47500610351562,41.49789810180664,21.204999923706055,26.9950008392334,50.0099983215332,87.78500366210938,55.494998931884766,469.94000244140625,365.53009033203125,89.99800109863281,349.6300048828125,309.4549865722656,237.32000732421875,80.16500091552734,149.27000427246094
2026-04-27 15:15:00+00:00,266.7900085449219,200.3800048828125,241.9600067138672,334.9501037597656,261.30499267578125,316.0899963378906,189.69000244140625,52.56999969482422,46.46989822387695,128.35000610351562,121.625,185.55999755859375,180.4149932861328,38.209999084472656,351.0899963378906,929.639892578125,83.88500213623047,225.71499633789062,310.3500061035156,880.1749877929688,507.17999267578125,677.7899780273438,111.41000366210938,188.32000732421875,422.1400146484375,209.7100067138672,41.41999816894531,21.19499969482422,26.954999923706055,50.02000045776367,87.7699966430664,55.564998626708984,470.1300048828125,365.0,89.9749984741211,349.3699951171875,309.84991455078125,237.41000366210938,80.16500091552734,149.18499755859375
2026-04-27 15:20:00+00:00,266.9949951171875,200.28250122070312,242.0399932861328,333.2850036621094,260.94500732421875,316.19000244140625,189.67999267578125,52.54499816894531,46.540000915527344,128.24000549316406,121.62999725341797,185.6999969482422,180.53250122070312,38.26499938964844,350.17498779296875,928.6900024414062,83.18000030517578,225.5800018310547,310.3550109863281,879.7000122070312,507.6499938964844,676.5599975585938,111.41999816894531,188.3249969482422,422.4320068359375,209.47000122070312,41.345001220703125,21.21500015258789,26.950000762939453,50.06999969482422,88.0,55.619998931884766,470.9200134277344,364.8797912597656,90.0250015258789,349.7349853515625,310.3399963378906,237.70750427246094,80.16999816894531,149.38999938964844
2026-04-27 15:25:00+00:00,267.1099853515625,199.69000244140625,242.1072998046875,333.6000061035156,261.31500244140625,316.2300109863281,189.77000427246094,52.540000915527344,46.48500061035156,128.27000427246094,121.5199966430664,185.47500610351562,180.6699981689453,38.22999954223633,350.2950134277344,929.239990234375,83.25,225.52999877929688,310.2349853515625,880.60498046875,507.614990234375,676.510009765625,111.44499969482422,188.57000732421875,422.8900146484375,209.8800048828125,41.345001220703125,21.18000030517578,26.94499969482422,50.099998474121094,87.94999694824219,55.525001525878906,470.7300109863281,365.95001220703125,89.98999786376953,349.7550048828125,310.1300048828125,237.19500732421875,80.1050033569336,149.09500122070312
2026-04-27 15:30:00+00:00,267.0,199.74000549316406,241.5,333.2550048828125,261.5350036621094,315.5150146484375,189.2449951171875,52.525001525878906,46.45000076293945,128.16000366210938,121.58000183105469,185.49000549316406,180.7100067138672,38.220001220703125,350.7749938964844,929.875,83.33979797363281,225.3300018310547,310.1499938964844,880.4299926757812,507.2449951171875,674.530029296875,111.61000061035156,188.5010986328125,422.17498779296875,210.20590209960938,41.320701599121094,21.184999465942383,26.940000534057617,50.03499984741211,87.91000366210938,55.525001525878906,471.0400085449219,366.6700134277344,89.98999786376953,349.8399963378906,309.8900146484375,237.27499389648438,80.04499816894531,149.02999877929688
2026-04-27 15:35:00+00:00,267.260009765625,199.3699951171875,240.93499755859375,333.20001220703125,261.4649963378906,315.2650146484375,189.13999938964844,52.505001068115234,46.439998626708984,128.16000366210938,121.52999877929688,185.35000610351562,180.5,38.20009994506836,350.69500732421875,930.0900268554688,83.64009857177734,225.4250030517578,310.1449890136719,880.1950073242188,506.5899963378906,673.97998046875,111.48500061035156,188.50999450683594,422.2900085449219,210.52000427246094,41.314998626708984,21.21500015258789,26.929899215698242,49.970001220703125,87.77999877929688,55.5099983215332,470.31500244140625,366.90509033203125,90.02999877929688,349.6676940917969,309.25,237.2899932861328,79.95999908447266,148.875
2026-04-27 15:40:00+00:00,267.6400146484375,199.58999633789062,240.77000427246094,333.5249938964844,261.260009765625,315.3299865722656,189.09500122070312,52.57500076293945,46.34000015258789,128.32000732421875,121.37999725341797,184.89999389648438,180.36000061035156,38.119998931884766,350.39898681640625,932.0650024414062,83.79000091552734,225.57749938964844,310.4549865722656,880.5599975585938,506.3500061035156,673.7550048828125,111.58499908447266,188.69000244140625,422.510009765625,210.3699951171875,41.39500045776367,21.197099685668945,26.915000915527344,50.0099983215332,87.44000244140625,55.599998474121094,470.30999755859375,366.9150085449219,89.93000030517578,350.0400085449219,309.3500061035156,237.08009338378906,80.01000213623047,148.5399932861328
2026-04-27 15:45:00+00:00,267.0299987792969,199.6999969482422,239.9600067138672,333.6000061035156,261.1300048828125,315.2799987792969,188.99000549316406,52.60499954223633,46.27000045776367,128.36000061035156,121.22000122070312,184.7100067138672,180.46499633789062,38.09000015258789,349.9750061035156,932.114990234375,83.57499694824219,225.6999969482422,310.6098937988281,881.6599731445312,506.4549865722656,674.719970703125,111.58000183105469,188.60499572753906,422.47650146484375,210.61500549316406,41.350101470947266,21.209999084472656,26.924999237060547,50.02000045776367,87.09500122070312,55.55500030517578,469.8399963378906,367.2300109863281,89.6500015258789,349.6449890136719,309.53009033203125,237.2899932861328,80.08499908447266,148.4499969482422
2026-04-27 15:50:00+00:00,267.0299987792969,199.63999938964844,240.2100067138672,332.79840087890625,261.0899963378906,315.6499938964844,188.72999572753906,52.6150016784668,46.22999954223633,128.41000366210938,121.11000061035156,184.7100067138672,180.30999755859375,38.06999969482422,350.2900085449219,932.3499755859375,83.52999877929688,225.69500732421875,310.7099914550781,881.2650146484375,506.8399963378906,674.8493041992188,111.56999969482422,188.77499389648438,422.010009765625,210.5800018310547,41.42499923706055,21.209999084472656,26.924999237060547,50.09000015258789,87.23500061035156,55.55500030517578,469.0,367.2149963378906,89.66000366210938,349.95001220703125,309.6650085449219,237.13999938964844,80.08499908447266,148.47999572753906
2026-04-27 15:55:00+00:00,266.7900085449219,200.07000732421875,240.22999572753906,332.7049865722656,261.2398986816406,315.44500732421875,188.94000244140625,52.599998474121094,46.279998779296875,128.39500427246094,121.05999755859375,184.80999755859375,180.38999938964844,38.099998474121094,351.4700012207031,932.1400146484375,83.20500183105469,225.91000366210938,310.6600036621094,882.2899780273438,506.70001220703125,674.6900024414062,111.58000183105469,188.80999755859375,422.3500061035156,210.66000366210938,41.5099983215332,21.21500015258789,26.940000534057617,50.09000015258789,87.41000366210938,55.411399841308594,468.5899963378906,368.25,89.7300033569336,349.64990234375,309.4624938964844,237.27999877929688,80.04000091552734,148.52000427246094
2026-04-27 16:00:00+00:00,266.8800048828125,199.9499969482422,240.5399932861328,331.8399963378906,261.5450134277344,315.67999267578125,188.83999633789062,52.630001068115234,46.27009963989258,128.49000549316406,121.0199966430664,184.83900451660156,180.41000366210938,38.084999084472656,351.4700012207031,933.10498046875,83.04000091552734,226.0800018310547,310.8699035644531,882.7750244140625,507.1210021972656,675.0,111.51000213623047,189.0399932861328,422.7923889160156,210.82000732421875,41.56999969482422,21.174999237060547,26.934999465942383,50.095001220703125,87.30999755859375,55.36000061035156,468.80999755859375,369.1000061035156,89.63999938964844,349.4100036621094,310.2099914550781,237.1750030517578,80.08999633789062,148.44000244140625
2026-04-27 16:05:00+00:00,266.81500244140625,199.69000244140625,240.63999938964844,332.3999938964844,261.9150085449219,315.69000244140625,188.8800048828125,52.6150016784668,46.29999923706055,128.4600067138672,121.18000030517578,184.8000030517578,180.4949951171875,38.07500076293945,351.0299987792969,932.5399780273438,83.30500030517578,225.9700927734375,310.875,881.5399780273438,506.9100036621094,675.0,111.4000015258789,189.0800018310547,423.0450134277344,211.27000427246094,41.57500076293945,21.19499969482422,26.915000915527344,50.09000015258789,87.12000274658203,55.400001525878906,468.5299987792969,370.2099914550781,89.58000183105469,349.6549987792969,310.05499267578125,237.375,80.08499908447266,148.42999267578125
2026-04-27 16:10:00+00:00,266.8450012207031,199.80990600585938,240.5500030517578,332.8999938964844,262.25,315.6600036621094,188.85499572753906,52.55080032348633,46.34000015258789,128.4949951171875,121.36000061035156,184.97999572753906,180.77499389648438,38.095001220703125,351.6000061035156,933.0700073242188,83.53510284423828,226.0500030517578,310.8500061035156,881.97998046875,507.260009765625,674.9600219726562,111.43000030517578,189.36000061035156,423.42999267578125,211.07000732421875,41.564998626708984,21.21500015258789,26.915000915527344,50.060001373291016,87.22000122070312,55.540000915527344,469.1300048828125,371.32501220703125,89.62999725341797,350.3399963378906,310.06500244140625,237.56500244140625,80.05000305175781,148.61500549316406
2026-04-27 16:15:00+00:00,266.7099914550781,199.60000610351562,240.49000549316406,335.6300048828125,262.4601135253906,315.6499938964844,188.72000122070312,52.57500076293945,46.244998931884766,128.4600067138672,121.21499633789062,184.5800018310547,180.60000610351562,38.029998779296875,351.30999755859375,933.6500244140625,83.4977035522461,225.9499969482422,310.78326416015625,881.2899780273438,507.1400146484375,674.8049926757812,111.43000030517578,189.36000061035156,423.92999267578125,211.5500030517578,41.51499938964844,21.174999237060547,26.924800872802734,50.02000045776367,87.13500213623047,55.564998626708984,469.19000244140625,371.1351013183594,89.5999984741211,349.8699951171875,309.9750061035156,237.1300048828125,80.05500030517578,148.31500244140625
2026-04-27 16:20:00+00:00,266.3900146484375,199.6300048828125,240.57000732421875,334.5199890136719,262.77490234375,315.8999938964844,188.72999572753906,52.55590057373047,46.244998931884766,128.49000549316406,121.13999938964844,184.57000732421875,180.52000427246094,38.08000183105469,351.3299865722656,933.2899780273438,83.25,226.01499938964844,310.67999267578125,881.7100219726562,507.6000061035156,675.0999755859375,111.5,189.1999969482422,423.760009765625,211.2449951171875,41.5099983215332,21.155000686645508,26.934999465942383,50.040000915527344,87.3499984741211,55.584999084472656,468.8500061035156,370.9479064941406,89.59500122070312,349.6499938964844,310.1400146484375,237.35000610351562,80.08000183105469,148.4499969482422
2026-04-27 16:25:00+00:00,266.2950134277344,199.57000732421875,240.97999572753906,332.9798889160156,263.07000732421875,316.0400085449219,188.72000122070312,52.53499984741211,46.20000076293945,128.4499969482422,121.05999755859375,184.25,180.72000122070312,38.040000915527344,351.65008544921875,932.6199951171875,83.2699966430664,226.00010681152344,310.5450134277344,881.7680053710938,507.68499755859375,675.2650146484375,111.5999984741211,189.22000122070312,423.6199951171875,211.4550018310547,41.55500030517578,21.165000915527344,26.950000762939453,50.0099983215332,87.0999984741211,55.51499938964844,468.614990234375,371.7900085449219,89.5199966430664,349.9700012207031,310.1650085449219,236.97000122070312,80.08000183105469,148.33999633789062
2026-04-27 16:30:00+00:00,266.44000244140625,199.47999572753906,240.50999450683594,332.9100036621094,262.67999267578125,315.92498779296875,188.74000549316406,52.529998779296875,46.165000915527344,128.4499969482422,120.87000274658203,184.2050018310547,180.6300048828125,38.04999923706055,352.0799865722656,932.8499755859375,83.63009643554688,226.0399932861328,310.7200012207031,882.8499755859375,507.17999267578125,676.3300170898438,111.53500366210938,189.25,423.2799987792969,212.54989624023438,41.54999923706055,21.165000915527344,26.94499969482422,49.91999816894531,87.13999938964844,55.51499938964844,468.7099914550781,372.4551086425781,89.49500274658203,349.875,310.0249938964844,236.87249755859375,80.09500122070312,148.23019409179688
2026-04-27 16:35:00+00:00,266.4100036621094,199.0850067138672,240.6699981689453,333.2950134277344,262.5899963378906,315.9100036621094,188.6999969482422,52.57500076293945,46.130001068115234,128.4600067138672,120.72000122070312,184.05999755859375,180.52000427246094,38.0,351.9100036621094,933.114990234375,84.12000274658203,225.77999877929688,310.760009765625,882.0900268554688,507.17999267578125,676.3400268554688,111.43499755859375,189.32000732421875,423.87811279296875,213.42999267578125,41.584999084472656,21.110000610351562,26.934999465942383,49.904998779296875,86.82499694824219,55.459999084472656,468.55999755859375,372.56500244140625,89.45989990234375,350.1199951171875,310.07000732421875,237.2050018310547,80.1050033569336,148.0399932861328
2026-04-27 16:40:00+00:00,266.5851135253906,198.9199981689453,240.88499450683594,334.0899963378906,262.760009765625,315.5799865722656,188.64999389648438,52.5099983215332,46.1349983215332,128.35000610351562,120.83999633789062,184.2050018310547,180.64999389648438,38.0,352.19000244140625,933.10498046875,84.11499786376953,225.55999755859375,310.59820556640625,881.0499877929688,507.30999755859375,677.0599975585938,111.27010345458984,189.1999969482422,423.8299865722656,213.02369689941406,41.540000915527344,21.094999313354492,26.915000915527344,49.88999938964844,86.80999755859375,55.5,467.80999755859375,373.0201110839844,89.43000030517578,350.364990234375,310.239990234375,237.68499755859375,80.01499938964844,148.26499938964844
2026-04-27 16:45:00+00:00,266.5199890136719,198.98500061035156,240.75,334.5150146484375,263.17999267578125,315.8349914550781,188.6699981689453,52.52000045776367,46.14500045776367,128.38999938964844,120.75499725341797,184.33999633789062,180.86000061035156,38.03499984741211,352.29998779296875,933.6900024414062,84.19999694824219,225.50999450683594,310.69000244140625,881.1500244140625,507.1000061035156,677.0850219726562,111.25,189.27999877929688,423.9100036621094,213.1199951171875,41.55929946899414,21.084999084472656,26.90999984741211,49.8650016784668,86.83000183105469,55.52000045776367,468.3450012207031,373.2900085449219,89.43000030517578,350.67999267578125,310.114990234375,237.97999572753906,80.07499694824219,148.25999450683594
2026-04-27 16:50:00+00:00,266.4700012207031,199.0,241.0399932861328,334.3500061035156,262.6600036621094,315.75,188.56500244140625,52.55500030517578,46.125,128.35000610351562,120.75499725341797,184.27999877929688,181.08999633789062,38.01499938964844,352.05999755859375,933.3900146484375,84.0999984741211,225.67080688476562,310.69000244140625,880.43798828125,506.9200134277344,677.844970703125,111.30000305175781,189.24729919433594,423.9800109863281,212.69000244140625,41.595001220703125,21.05500030517578,26.94499969482422,49.869998931884766,86.63999938964844,55.494998931884766,468.510009765625,373.489990234375,89.41000366210938,350.7950134277344,310.1199951171875,238.00999450683594,80.1050033569336,148.18499755859375
2026-04-27 16:55:00+00:00,266.4200134277344,199.05999755859375,240.85000610351562,334.1199035644531,262.6099853515625,315.8500061035156,188.5699005126953,52.54999923706055,46.150001525878906,128.3800048828125,120.7300033569336,184.2899932861328,180.80499267578125,38.029998779296875,351.57000732421875,933.6599731445312,83.73989868164062,225.72000122070312,310.8392028808594,880.239990234375,506.6199951171875,677.6699829101562,111.27999877929688,189.24000549316406,424.3949890136719,212.75,41.6150016784668,21.075000762939453,26.934999465942383,49.86000061035156,86.87000274658203,55.51499938964844,468.4100036621094,373.82000732421875,89.45999908447266,350.5899963378906,309.8500061035156,238.10000610351562,80.12999725341797,148.34500122070312
2026-04-27 17:00:00+00:00,266.54998779296875,199.05999755859375,240.61500549316406,334.1199951171875,262.7799072265625,315.489990234375,188.5500030517578,52.5099983215332,46.06999969482422,128.3249969482422,120.5,184.07000732421875,180.61000061035156,38.0,351.5849914550781,933.6599731445312,83.55999755859375,225.875,310.7449951171875,881.6500244140625,506.1700134277344,677.3250122070312,111.2750015258789,189.11500549316406,424.4750061035156,213.10009765625,41.60499954223633,21.06999969482422,26.934999465942383,49.834999084472656,86.83999633789062,55.505001068115234,468.1400146484375,374.1549987792969,89.31500244140625,350.6700134277344,309.57501220703125,237.97500610351562,80.07499694824219,148.07000732421875
2026-04-27 17:05:00+00:00,266.6050109863281,198.9425048828125,240.80499267578125,334.1499938964844,262.59490966796875,315.42999267578125,188.46499633789062,52.48500061035156,46.06999969482422,128.27000427246094,120.5999984741211,184.10499572753906,180.92999267578125,38.0,351.8500061035156,932.75,83.87999725341797,225.6699981689453,310.4949951171875,881.090087890625,505.8399963378906,678.72998046875,111.28500366210938,188.94000244140625,424.32000732421875,213.4700927734375,41.60499954223633,21.059999465942383,26.915000915527344,49.855098724365234,86.77999877929688,55.404998779296875,468.0849914550781,375.2900085449219,89.20999908447266,350.7149963378906,309.3699951171875,238.08250427246094,80.04499816894531,148.02000427246094
2026-04-27 17:10:00+00:00,266.4495849609375,198.69000244140625,240.52000427246094,334.489990234375,262.689697265625,315.44500732421875,188.1999969482422,52.46500015258789,46.1349983215332,128.2899932861328,120.63999938964844,184.25509643554688,180.7949981689453,38.06990051269531,352.19500732421875,932.6199951171875,83.76499938964844,225.52999877929688,310.4800109863281,880.9949951171875,505.6300048828125,678.6849975585938,111.16000366210938,188.92999267578125,424.8695068359375,214.01499938964844,41.619998931884766,21.03499984741211,26.899999618530273,49.85499954223633,86.81999969482422,55.39500045776367,467.8999938964844,376.2449951171875,89.25499725341797,350.5400085449219,309.1199951171875,238.3350067138672,80.05999755859375,148.31500244140625
2026-04-27 17:15:00+00:00,266.739990234375,198.77000427246094,240.53500366210938,334.3299865722656,262.4700012207031,315.5,188.05999755859375,52.494998931884766,46.15999984741211,128.30999755859375,120.86000061035156,184.55999755859375,181.02000427246094,38.130001068115234,351.875,932.5399780273438,83.05000305175781,225.64999389648438,310.4700927734375,880.6199951171875,506.20001220703125,677.9450073242188,111.20500183105469,188.97000122070312,424.82000732421875,213.5050048828125,41.45000076293945,21.05500030517578,26.905000686645508,49.88999938964844,86.87999725341797,55.474998474121094,468.32501220703125,375.389892578125,89.3949966430664,350.6199951171875,309.1700134277344,239.0,80.09500122070312,148.6699981689453
2026-04-27 17:20:00+00:00,266.7898864746094,198.6699981689453,240.50999450683594,334.3900146484375,262.3800048828125,315.6300048828125,188.10000610351562,52.494998931884766,46.065101623535156,128.36000061035156,120.55500030517578,184.32000732421875,181.19500732421875,38.064998626708984,352.0249938964844,933.1799926757812,82.74500274658203,225.55999755859375,310.55999755859375,880.4299926757812,506.42999267578125,678.5900268554688,111.25,189.110107421875,424.70599365234375,213.92999267578125,41.45500183105469,21.03499984741211,26.905000686645508,49.89500045776367,86.67500305175781,55.439998626708984,468.7250061035156,377.29998779296875,89.33000183105469,350.2701110839844,309.4100036621094,238.75,80.11499786376953,148.2949981689453
2026-04-27 17:25:00+00:00,266.8399963378906,198.63999938964844,240.38999938964844,335.1050109863281,262.75,315.75,188.0800018310547,52.4900016784668,46.095001220703125,128.4600067138672,120.55999755859375,184.0800018310547,181.25999450683594,38.08000183105469,352.2749938964844,933.5,83.01499938964844,225.52999877929688,310.6600036621094,880.8300170898438,506.6000061035156,680.0449829101562,111.30000305175781,189.21499633789062,425.0799865722656,213.61000061035156,41.44499969482422,21.075000762939453,26.889999389648438,49.894500732421875,86.68499755859375,55.52000045776367,468.6099853515625,377.6492919921875,89.2300033569336,350.4700012207031,309.4649963378906,238.89999389648438,80.13500213623047,148.40499877929688
2026-04-27 17:30:00+00:00,266.9700012207031,198.5200958251953,240.16000366210938,335.7200012207031,262.94500732421875,315.9599914550781,188.1999969482422,52.55500030517578,46.07500076293945,128.69500732421875,120.37000274658203,183.96499633789062,181.05250549316406,38.060001373291016,352.69000244140625,934.780029296875,83.33000183105469,225.53500366210938,311.1600036621094,880.2650756835938,506.739990234375,680.2999877929688,111.33000183105469,189.4600067138672,425.54998779296875,214.2899932861328,41.439998626708984,21.049999237060547,26.895000457763672,49.8849983215332,86.66999816894531,55.4900016784668,468.1300048828125,379.45001220703125,89.26010131835938,351.18719482421875,309.67999267578125,239.0850067138672,80.27020263671875,148.2449951171875
2026-04-27 17:35:00+00:00,266.8900146484375,198.47000122070312,240.3699951171875,335.2799987792969,261.9700012207031,315.6050109863281,188.0399932861328,52.5099983215332,46.04499816894531,128.58999633789062,120.69000244140625,183.9199981689453,180.7449951171875,38.099998474121094,352.5400085449219,933.739990234375,83.31500244140625,225.46499633789062,310.8599853515625,879.469970703125,506.260009765625,679.89501953125,111.2249984741211,189.40499877929688,425.5299987792969,214.3300018310547,41.3849983215332,21.09000015258789,26.885000228881836,49.845001220703125,86.79000091552734,55.470001220703125,467.5799865722656,378.9599914550781,89.26499938964844,351.0,309.42498779296875,239.14500427246094,80.19499969482422,148.25
2026-04-27 17:40:00+00:00,266.8599853515625,198.25999450683594,240.47999572753906,335.6199951171875,262.090087890625,315.56500244140625,187.9600067138672,52.51499938964844,46.10499954223633,128.64999389648438,120.54499816894531,183.8000030517578,180.51499938964844,38.084999084472656,352.9901123046875,933.530029296875,83.70500183105469,225.53199768066406,310.9949951171875,877.760009765625,506.1000061035156,680.469970703125,111.12999725341797,189.39500427246094,425.739990234375,214.31500244140625,41.33000183105469,21.045000076293945,26.8799991607666,49.834999084472656,86.59500122070312,55.474998474121094,466.6300048828125,378.5350036621094,89.22000122070312,351.2349853515625,309.25830078125,239.04200744628906,80.19999694824219,148.1999969482422
2026-04-27 17:45:00+00:00,266.5000915527344,198.07000732421875,240.4199981689453,336.7149963378906,262.0199890136719,315.3999938964844,187.97999572753906,52.4900016784668,46.07979965209961,128.52999877929688,120.36000061035156,183.7100067138672,180.4499969482422,38.08000183105469,352.8450012207031,933.0900268554688,83.69999694824219,225.60000610351562,310.739990234375,877.988525390625,505.7900085449219,679.5700073242188,111.13999938964844,189.25,425.6700134277344,215.04010009765625,41.310001373291016,21.020000457763672,26.864999771118164,49.81999969482422,86.41000366210938,55.44499969482422,466.9100036621094,378.0,89.1500015258789,350.94000244140625,309.0450134277344,239.1374969482422,80.11000061035156,148.05999755859375
2026-04-27 17:50:00+00:00,266.4100036621094,198.05499267578125,240.36000061035156,335.7250061035156,262.0526123046875,315.3999938964844,187.88499450683594,52.47999954223633,46.005001068115234,128.4810028076172,120.25,183.75,180.4149932861328,38.025001525878906,352.95001220703125,932.6950073242188,83.53500366210938,225.58999633789062,310.8500061035156,877.635009765625,505.7250061035156,679.155029296875,111.1449966430664,189.22500610351562,425.7099914550781,215.00999450683594,41.279998779296875,21.020000457763672,26.8700008392334,49.81999969482422,86.30000305175781,55.44499969482422,466.7349853515625,378.9150085449219,89.0199966430664,351.5199890136719,309.1050109863281,238.89999389648438,80.13500213623047,148.0500030517578
2026-04-27 17:55:00+00:00,266.4800109863281,198.0,240.36500549316406,335.0899963378906,262.1050109863281,315.5599060058594,187.9499969482422,52.51499938964844,45.979801177978516,128.485107421875,120.25,183.69000244140625,180.3000030517578,38.005001068115234,353.1050109863281,933.2999877929688,83.3395004272461,225.55999755859375,310.9599914550781,878.4550170898438,505.9606018066406,679.2750244140625,111.1050033569336,189.27999877929688,425.7101135253906,215.13499450683594,41.279998779296875,21.014999389648438,26.8700008392334,49.78499984741211,86.23500061035156,55.505001068115234,466.9049987792969,379.5299987792969,88.97000122070312,351.5,309.1199951171875,238.66000366210938,80.17510223388672,148.0399932861328
2026-04-27 18:00:00+00:00,266.260009765625,197.77000427246094,240.4425048828125,335.07958984375,261.7449951171875,315.07000732421875,187.88499450683594,52.45500183105469,46.07500076293945,128.38999938964844,121.04000091552734,184.48500061035156,180.22999572753906,38.09700012207031,352.9150085449219,932.5,83.16000366210938,225.6999969482422,310.80999755859375,878.510009765625,505.7799987792969,678.635009765625,110.87999725341797,189.17999267578125,425.7699890136719,215.42010498046875,41.29999923706055,21.06999969482422,26.854999542236328,49.7400016784668,86.25,55.564998626708984,466.573486328125,380.1400146484375,89.06500244140625,351.4549865722656,309.1700134277344,239.22999572753906,80.11499786376953,148.4600067138672
2026-04-27 18:05:00+00:00,266.4200134277344,197.6999969482422,240.7100067138672,335.43499755859375,261.80999755859375,314.7550048828125,187.8300018310547,52.435001373291016,46.099998474121094,128.23500061035156,121.18000030517578,184.65499877929688,180.23500061035156,38.1150016784668,353.0350036621094,932.3599853515625,83.5198974609375,225.64500427246094,310.6448974609375,878.0399780273438,505.6600036621094,679.22998046875,110.91000366210938,189.10989379882812,426.2449951171875,215.50999450683594,41.290000915527344,21.084999084472656,26.844192504882812,49.73500061035156,86.22000122070312,55.400001525878906,466.3399963378906,378.9549865722656,88.95999908447266,351.6164245605469,308.9700012207031,239.26499938964844,80.10189819335938,148.47999572753906
2026-04-27 18:10:00+00:00,266.53009033203125,197.71499633789062,241.1649932861328,335.20001220703125,261.79998779296875,315.0899963378906,187.6300048828125,52.470001220703125,46.119998931884766,128.30999755859375,121.38500213623047,184.9499969482422,180.4600067138672,38.125,352.92498779296875,933.14501953125,83.51499938964844,225.61000061035156,310.79998779296875,877.9000244140625,506.2799987792969,679.3499755859375,110.93499755859375,189.22999572753906,426.5400085449219,215.2899932861328,41.25,21.100000381469727,26.864999771118164,49.80500030517578,86.37999725341797,55.439998626708984,466.7099914550781,379.1700134277344,88.93000030517578,352.125,309.4100036621094,239.38999938964844,80.1449966430664,148.61000061035156
2026-04-27 18:15:00+00:00,266.2900085449219,197.60499572753906,241.08999633789062,335.80499267578125,261.69000244140625,315.19500732421875,187.50999450683594,52.45000076293945,46.099998474121094,128.3300018310547,121.55000305175781,185.17919921875,180.5,38.1349983215332,352.875,933.5549926757812,83.51000213623047,225.72999572753906,310.92999267578125,877.5599975585938,506.2850036621094,678.8300170898438,111.00499725341797,189.34500122070312,425.9649963378906,216.2050018310547,41.2400016784668,21.104999542236328,26.860000610351562,49.82500076293945,86.42500305175781,55.5,467.06500244140625,380.1000061035156,88.93499755859375,352.20001220703125,309.3999938964844,239.68499755859375,80.1449966430664,148.6199951171875
2026-04-27 18:20:00+00:00,266.114990234375,197.55499267578125,241.0399932861328,336.4200134277344,261.4700012207031,315.2749938964844,187.39999389648438,52.45500183105469,46.10499954223633,128.3699951171875,121.52999877929688,185.3800048828125,180.4600067138672,38.150001525878906,352.625,933.780029296875,83.68009948730469,225.6300048828125,310.8699951171875,876.97998046875,506.4100036621094,679.2150268554688,110.93499755859375,189.3000030517578,426.2099914550781,216.07000732421875,41.23500061035156,21.145000457763672,26.859899520874023,49.89500045776367,86.66999816894531,55.505001068115234,467.1600036621094,380.0177001953125,89.0199966430664,352.3599853515625,309.3399963378906,239.72000122070312,80.16999816894531,148.6699981689453
2026-04-27 18:25:00+00:00,266.34991455078125,197.42999267578125,241.22500610351562,336.07000732421875,261.7300109863281,315.29998779296875,187.4949951171875,52.474998474121094,46.165000915527344,128.375,121.49500274658203,185.3350067138672,180.5399932861328,38.16999816894531,352.67498779296875,933.3099975585938,83.66500091552734,225.7899932861328,310.7900085449219,877.1199951171875,506.2250061035156,678.9099731445312,110.95899963378906,189.3000030517578,426.6400146484375,215.6999969482422,41.21979904174805,21.135000228881836,26.864999771118164,49.845001220703125,86.61000061035156,55.494998931884766,467.1875,378.7699890136719,89.16500091552734,352.3900146484375,309.3599853515625,239.5,80.15499877929688,148.6699981689453
2026-04-27 18:30:00+00:00,266.2900085449219,197.5,240.92999267578125,336.8399963378906,261.8399963378906,315.5199890136719,187.31500244140625,52.505001068115234,46.15999984741211,128.4600067138672,121.62000274658203,185.47999572753906,180.46499633789062,38.185001373291016,352.57000732421875,934.2000122070312,83.4760971069336,225.50999450683594,310.8999938964844,877.7750244140625,506.5199890136719,679.3800048828125,110.91999816894531,189.4499969482422,426.3599853515625,216.0500030517578,41.220001220703125,21.135000228881836,26.854999542236328,49.849998474121094,86.66999816894531,55.505001068115234,467.0249938964844,377.9549865722656,89.18000030517578,352.1400146484375,309.3299865722656,239.4600067138672,80.16999816894531,148.6999969482422
2026-04-27 18:35:00+00:00,266.3700866699219,197.64500427246094,240.8350067138672,336.9599914550781,261.939697265625,315.65301513671875,187.35499572753906,52.529998779296875,46.20500183105469,128.52999877929688,121.76000213623047,185.57000732421875,180.5800018310547,38.220001220703125,352.32000732421875,934.9400024414062,83.51000213623047,225.66000366210938,310.8999938964844,877.47998046875,506.31500244140625,678.9600219726562,110.88500213623047,189.55999755859375,426.54998779296875,215.4550018310547,41.165000915527344,21.104999542236328,26.8700008392334,49.86000061035156,86.94999694824219,55.560001373291016,467.7950134277344,378.1700134277344,89.31500244140625,352.8500061035156,309.135009765625,239.51499938964844,80.15499877929688,148.8699951171875
2026-04-27 18:40:00+00:00,266.17999267578125,197.77499389648438,240.77000427246094,337.1199951171875,261.6000061035156,315.7799987792969,187.38999938964844,52.5,46.23500061035156,128.5,121.69000244140625,185.58999633789062,180.51499938964844,38.2599983215332,352.3349914550781,934.3200073242188,83.5999984741211,225.52999877929688,310.8800048828125,876.8400268554688,506.25,679.5449829101562,110.83000183105469,189.4550018310547,426.739990234375,215.47999572753906,41.154998779296875,21.094999313354492,26.850000381469727,49.82500076293945,87.12000274658203,55.53499984741211,467.885009765625,378.3301086425781,89.3550033569336,352.8800048828125,308.8999938964844,239.85499572753906,80.15499877929688,148.80999755859375
2026-04-27 18:45:00+00:00,266.1650085449219,197.6699981689453,240.76499938964844,337.2250061035156,261.44500732421875,316.2049865722656,187.57000732421875,52.599998474121094,46.25,128.69000244140625,121.98999786376953,185.88999938964844,180.72276306152344,38.25,352.60009765625,935.4199829101562,83.24500274658203,225.22999572753906,311.1816101074219,877.760009765625,506.489990234375,679.4949951171875,110.91000366210938,189.72000122070312,425.80999755859375,215.15499877929688,41.17499923706055,21.09000015258789,26.875,49.845001220703125,87.05500030517578,55.54499816894531,468.2049865722656,378.05999755859375,89.44000244140625,353.29998779296875,309.018310546875,239.8800048828125,80.31500244140625,149.0
2026-04-27 18:50:00+00:00,266.4949951171875,197.73989868164062,240.25,336.0400085449219,261.44000244140625,316.5799865722656,187.49000549316406,52.625,46.290000915527344,128.75999450683594,122.0999984741211,185.92999267578125,180.90499877929688,38.26499938964844,352.0098876953125,936.3250122070312,83.13999938964844,225.19000244140625,311.5,878.239990234375,506.81500244140625,677.739990234375,110.91000366210938,189.88710021972656,425.67498779296875,214.91000366210938,41.15599822998047,21.09000015258789,26.895000457763672,49.875,87.02739715576172,55.66999816894531,468.2699890136719,377.8550109863281,89.43000030517578,353.17999267578125,309.3999938964844,239.89999389648438,80.30500030517578,149.1699981689453
2026-04-27 18:55:00+00:00,266.4200134277344,197.77499389648438,240.13499450683594,337.20001220703125,261.4649963378906,316.43499755859375,187.52999877929688,52.625,46.23500061035156,128.77999877929688,122.0,185.8199005126953,180.74000549316406,38.220001220703125,352.1400146484375,936.3300170898438,83.26139831542969,225.17999267578125,311.4403991699219,877.6649780273438,506.45001220703125,678.4099731445312,110.91000366210938,189.91000366210938,425.8949890136719,215.08999633789062,41.14500045776367,21.05500030517578,26.889999389648438,49.83000183105469,87.16999816894531,55.54499816894531,467.8550109863281,378.3500061035156,89.43990325927734,352.7200012207031,309.32501220703125,239.6699981689453,80.30500030517578,148.9949951171875
2026-04-27 19:00:00+00:00,266.3800048828125,197.60000610351562,239.6475067138672,336.92999267578125,261.375,316.69000244140625,187.73500061035156,52.665000915527344,46.244998931884766,128.91000366210938,121.9800033569336,185.94000244140625,180.97999572753906,38.2599983215332,352.4700012207031,936.5349731445312,83.44000244140625,225.38499450683594,311.7149963378906,877.1400146484375,506.43499755859375,677.135009765625,110.94499969482422,189.89999389648438,425.05499267578125,215.6649932861328,41.1349983215332,21.024999618530273,26.875,49.834999084472656,87.125,55.54999923706055,467.8999938964844,378.54010009765625,89.41999816894531,352.8900146484375,309.3299865722656,239.6750030517578,80.36499786376953,149.13999938964844
2026-04-27 19:05:00+00:00,266.4599914550781,197.77000427246094,239.52000427246094,336.29998779296875,261.30999755859375,316.8949890136719,187.57000732421875,52.66999816894531,46.224998474121094,128.9600067138672,121.83999633789062,185.625,180.97500610351562,38.27000045776367,352.1499938964844,936.6799926757812,83.55999755859375,225.52499389648438,311.760009765625,876.510009765625,505.9750061035156,677.0,110.91000366210938,189.9600067138672,424.45989990234375,215.73500061035156,41.1349983215332,21.030000686645508,26.889999389648438,49.834999084472656,87.0199966430664,55.51499938964844,467.3900146484375,378.2650146484375,89.30010223388672,353.1300048828125,309.1086120605469,239.07000732421875,80.375,148.91000366210938
2026-04-27 19:10:00+00:00,266.6300964355469,197.82000732421875,239.63999938964844,336.8399963378906,261.260009765625,317.1299133300781,187.85000610351562,52.69499969482422,46.16999816894531,129.1999969482422,121.7300033569336,185.44000244140625,181.01499938964844,38.224998474121094,352.3550109863281,937.5700073242188,83.70010375976562,225.82000732421875,312.1124572753906,876.5,505.8956298828125,677.3099975585938,110.87999725341797,190.0850067138672,424.45001220703125,215.875,41.154998779296875,21.024999618530273,26.915000915527344,49.845001220703125,86.97000122070312,55.46500015258789,467.625,379.4400939941406,89.25,352.9599914550781,309.05615234375,238.8800048828125,80.49134063720703,148.67999267578125
2026-04-27 19:15:00+00:00,266.67999267578125,197.74000549316406,239.86000061035156,336.57000732421875,261.2099914550781,317.3900146484375,187.75,52.744998931884766,46.150001525878906,129.3000030517578,121.66999816894531,185.25999450683594,180.97500610351562,38.22999954223633,351.92999267578125,937.8900146484375,83.90679931640625,225.84500122070312,312.2349853515625,875.510009765625,506.0899963378906,677.469970703125,110.65499877929688,190.2050018310547,425.0,215.97279357910156,41.14500045776367,21.014999389648438,26.88159942626953,49.86000061035156,87.01000213623047,55.45500183105469,467.04998779296875,379.6549987792969,89.2699966430664,353.0,309.2200012207031,238.44000244140625,80.58000183105469,148.58999633789062
2026-04-27 19:20:00+00:00,266.74609375,197.5500030517578,240.20599365234375,335.6300048828125,261.2200012207031,317.7799987792969,187.66510009765625,52.78499984741211,46.189998626708984,129.3300018310547,121.87000274658203,185.28500366210938,181.17999267578125,38.220001220703125,352.0050048828125,938.594970703125,83.68000030517578,225.5850067138672,312.489990234375,874.6699829101562,506.5050048828125,677.9600219726562,110.62750244140625,190.43499755859375,425.0199890136719,215.70989990234375,41.165000915527344,21.014999389648438,26.889999389648438,49.904998779296875,87.13999938964844,55.380001068115234,467.3999938964844,379.2749938964844,89.23999786376953,352.9100036621094,309.4200134277344,238.52999877929688,80.66999816894531,148.6300048828125
2026-04-27 19:25:00+00:00,267.1499938964844,197.55999755859375,240.3300018310547,336.8699951171875,261.0199890136719,318.1300048828125,187.74000549316406,52.775001525878906,46.185001373291016,129.27000427246094,121.88999938964844,185.27999877929688,181.21499633789062,38.224998474121094,352.489990234375,939.4000244140625,83.94989776611328,225.47999572753906,312.32000732421875,874.0700073242188,506.67999267578125,678.6400146484375,110.62999725341797,190.42999267578125,424.6600036621094,215.49000549316406,41.150001525878906,21.024999618530273,26.860000610351562,49.834999084472656,87.19000244140625,55.33000183105469,467.5599060058594,379.05999755859375,89.2699966430664,354.3999938964844,309.3999938964844,238.74000549316406,80.65750122070312,148.6999969482422
2026-04-27 19:30:00+00:00,267.44000244140625,197.80999755859375,240.4499969482422,336.44000244140625,261.114990234375,317.7900085449219,187.6699981689453,52.76380157470703,46.095001220703125,129.26499938964844,121.66999816894531,185.05999755859375,181.02499389648438,38.16999816894531,352.2799987792969,937.9199829101562,84.01000213623047,225.2100067138672,312.2049865722656,873.4349975585938,506.6000061035156,678.6500244140625,110.45999908447266,190.35000610351562,425.5299987792969,215.75999450683594,41.17228317260742,20.954999923706055,26.844999313354492,49.70000076293945,86.88999938964844,55.23500061035156,467.2900085449219,379.57000732421875,89.19000244140625,354.6700134277344,309.4800109863281,238.32000732421875,80.69999694824219,148.41000366210938
2026-04-27 19:35:00+00:00,267.3949890136719,197.69000244140625,240.32000732421875,336.4200134277344,260.9049987792969,317.7149963378906,187.6300048828125,52.7400016784668,46.095001220703125,129.2100067138672,121.73500061035156,184.89999389648438,181.11500549316406,38.15999984741211,351.7300109863281,937.9000244140625,84.33000183105469,225.02499389648438,312.04010009765625,872.8400268554688,506.7850036621094,678.7899780273438,110.48500061035156,190.3300018310547,426.114990234375,215.7550048828125,41.239898681640625,20.969999313354492,26.860000610351562,49.755001068115234,86.91999816894531,55.3650016784668,467.54998779296875,379.4339904785156,89.13500213623047,355.3299865722656,309.489990234375,238.11500549316406,80.69969940185547,148.4208984375
2026-04-27 19:40:00+00:00,267.70001220703125,197.67999267578125,240.39999389648438,335.6449890136719,260.94000244140625,317.8999938964844,187.64999389648438,52.70500183105469,46.1150016784668,129.02499389648438,121.73999786376953,184.86000061035156,181.0800018310547,38.16999816894531,351.6650085449219,937.780029296875,84.44499969482422,224.85000610351562,312.0799865722656,872.010009765625,506.8900146484375,679.3499755859375,110.5,190.30999755859375,425.8299865722656,215.7550048828125,41.2400016784668,20.989999771118164,26.8799991607666,49.79499816894531,86.91999816894531,55.314998626708984,468.00201416015625,379.44000244140625,89.05999755859375,355.19500732421875,309.3949890136719,237.9600067138672,80.5999984741211,148.39500427246094
2026-04-27 19:45:00+00:00,267.5870056152344,197.5,240.27999877929688,335.3800048828125,261.0,318.1199951171875,187.69000244140625,52.72999954223633,46.1349983215332,129.05499267578125,121.91999816894531,184.91000366210938,181.16000366210938,38.18000030517578,351.239990234375,937.7000122070312,84.222900390625,225.22500610351562,311.9599914550781,871.4000244140625,506.92999267578125,678.510009765625,110.55500030517578,190.32000732421875,425.489990234375,216.44009399414062,41.22999954223633,21.0,26.849899291992188,49.814998626708984,87.0,55.3650016784668,468.4049987792969,379.32501220703125,89.19499969482422,355.7550048828125,309.4599914550781,238.02999877929688,80.65499877929688,148.5500030517578
2026-04-27 19:50:00+00:00,267.5400085449219,196.83999633789062,239.6300048828125,335.489990234375,261.1348876953125,318.6400146484375,187.47000122070312,52.70000076293945,46.1349983215332,129.18499755859375,122.06500244140625,185.09500122070312,180.82000732421875,38.20500183105469,350.6700134277344,938.9000244140625,84.37999725341797,225.06500244140625,312.05999755859375,869.5,506.57501220703125,678.5050048828125,110.19000244140625,190.4250030517578,424.44000244140625,216.31500244140625,41.224998474121094,21.0049991607666,26.834999084472656,49.755001068115234,86.94999694824219,55.45500183105469,467.7950134277344,379.30499267578125,89.12000274658203,355.25,309.17498779296875,238.38999938964844,80.78500366210938,148.84500122070312
2026-04-27 19:55:00+00:00,267.67999267578125,197.39999389648438,239.39999389648438,334.4800109863281,261.0799865722656,318.8800048828125,187.5,52.63999938964844,45.959999084472656,129.16000366210938,121.69999694824219,184.8800048828125,180.63999938964844,38.05500030517578,350.3399963378906,938.02001953125,84.99500274658203,225.33999633789062,311.7300109863281,868.239990234375,506.54998779296875,678.4600219726562,110.23999786376953,190.17999267578125,425.05999755859375,216.6300048828125,41.18000030517578,20.969999313354492,26.81049919128418,49.779998779296875,86.88500213623047,55.244998931884766,468.0299987792969,378.70001220703125,88.77999877929688,354.7300109863281,309.7099914550781,238.27000427246094,80.58499908447266,148.19000244140625
2026-04-28 13:30:00+00:00,269.12188720703125,197.76499938964844,242.64999389648438,319.8244934082031,257.54998779296875,322.2200012207031,187.27499389648438,53.04999923706055,46.209999084472656,130.33250427246094,123.42500305175781,188.14500427246094,181.17999267578125,38.650001525878906,346.2099914550781,940.469970703125,81.83000183105469,227.89999389648438,313.7449951171875,873.489990234375,513.5399780273438,672.0,111.36000061035156,191.26499938964844,422.2550048828125,210.27000427246094,41.34000015258789,21.149999618530273,27.170000076293945,50.11000061035156,88.26000213623047,56.31999969482422,469.17498779296875,377.6199951171875,91.19999694824219,356.4574890136719,312.3699951171875,240.0399932861328,81.16000366210938,151.07000732421875
2026-04-28 13:35:00+00:00,269.8500061035156,197.1199951171875,241.60000610351562,321.9200134277344,257.8500061035156,321.67999267578125,187.375,53.33000183105469,46.3650016784668,131.11000061035156,123.20999908447266,187.75,179.8800048828125,38.83000183105469,348.8299865722656,943.0,82.93000030517578,228.42999267578125,314.5,874.6599731445312,512.9400024414062,674.219970703125,111.4000015258789,191.7655029296875,422.7025146484375,211.39999389648438,41.34000015258789,21.190000534057617,27.125,49.920101165771484,88.48999786376953,56.560001373291016,466.4200134277344,378.3800048828125,91.4000015258789,356.4100036621094,311.81500244140625,239.02000427246094,81.53500366210938,150.85000610351562
2026-04-28 13:40:00+00:00,269.75,197.875,242.0800018310547,323.82000732421875,258.7699890136719,321.07000732421875,187.86500549316406,53.14500045776367,46.564998626708984,130.85000610351562,122.93499755859375,187.27000427246094,180.1999969482422,38.810001373291016,348.0400085449219,941.02001953125,82.88980102539062,228.67999267578125,313.4599914550781,873.6500244140625,513.1599731445312,674.7000122070312,111.43000030517578,191.68499755859375,423.8500061035156,211.77999877929688,41.439998626708984,21.225000381469727,27.125,50.150001525878906,88.44999694824219,56.650001525878906,467.4200134277344,377.4036865234375,91.55999755859375,357.42999267578125,312.42999267578125,240.64999389648438,81.58999633789062,150.3249969482422
2026-04-28 13:45:00+00:00,270.43218994140625,197.72500610351562,243.48500061035156,322.7900085449219,259.80999755859375,319.760009765625,187.63999938964844,52.97999954223633,46.654998779296875,130.4199981689453,122.77999877929688,187.05999755859375,179.63999938964844,38.724998474121094,349.0350036621094,938.010009765625,82.76499938964844,228.37010192871094,312.7799987792969,871.594970703125,513.4000244140625,676.6849975585938,111.44499969482422,191.33999633789062,426.05499267578125,212.02000427246094,41.459999084472656,21.25,26.9950008392334,50.429901123046875,88.26499938964844,56.279998779296875,468.0799865722656,378.0,91.51000213623047,360.25,312.5299987792969,240.58999633789062,81.44000244140625,150.38999938964844
2026-04-28 13:50:00+00:00,270.0950012207031,198.0699005126953,243.11000061035156,321.60699462890625,259.57000732421875,320.57000732421875,187.6999969482422,53.150001525878906,46.41999816894531,130.4600067138672,122.6500015258789,186.8699951171875,179.74000549316406,38.529998779296875,347.8399963378906,937.5499877929688,82.72000122070312,228.9095001220703,313.9949951171875,874.0,512.8400268554688,676.0,111.6312026977539,191.0,426.1499938964844,211.6199951171875,41.470001220703125,21.184999465942383,27.045000076293945,50.150001525878906,87.83599853515625,56.5099983215332,469.0199890136719,377.7799987792969,90.91000366210938,360.3299865722656,311.5799865722656,240.02000427246094,81.7699966430664,149.9600067138672
2026-04-28 13:55:00+00:00,269.9049987792969,198.0,241.9949951171875,322.9549865722656,259.32000732421875,319.2799987792969,187.72999572753906,52.915000915527344,46.43000030517578,129.6750030517578,122.93000030517578,187.60910034179688,178.5850067138672,38.65999984741211,348.57000732421875,933.5075073242188,83.0199966430664,228.88499450683594,313.1400146484375,873.9199829101562,511.5,672.219970703125,111.53250122070312,190.22999572753906,426.67999267578125,212.2100067138672,41.45500183105469,21.219999313354492,27.030000686645508,49.95500183105469,87.87000274658203,56.349998474121094,466.4599914550781,378.84051513671875,91.08999633789062,360.2200012207031,311.54998779296875,240.1199951171875,81.47000122070312,150.52000427246094
2026-04-28 14:00:00+00:00,269.7500915527344,198.25,241.99000549316406,322.3900146484375,259.8900146484375,319.3900146484375,187.36000061035156,52.900001525878906,46.380001068115234,129.52000427246094,122.75,187.52499389648438,178.8000030517578,38.59000015258789,349.0950927734375,932.1099853515625,83.19000244140625,228.72999572753906,312.8500061035156,874.3599853515625,513.375,673.3499755859375,111.72000122070312,189.97999572753906,425.739990234375,212.41000366210938,41.474998474121094,21.2450008392334,27.03499984741211,50.029998779296875,87.88999938964844,56.0099983215332,466.8800048828125,379.7789001464844,91.11000061035156,360.3500061035156,311.989990234375,240.40499877929688,81.5199966430664,150.17999267578125
2026-04-28 14:05:00+00:00,270.2250061035156,198.08999633789062,242.22000122070312,324.54998779296875,259.9800109863281,319.07501220703125,187.54629516601562,52.875,46.55500030517578,129.47999572753906,123.0999984741211,188.19500732421875,178.7100067138672,38.66999816894531,350.14990234375,931.2449951171875,83.72000122070312,228.6300048828125,312.94989013671875,875.7999877929688,513.4249877929688,674.169921875,111.5199966430664,190.3300018310547,426.45001220703125,213.2100067138672,41.5099983215332,21.28499984741211,26.975000381469727,50.019901275634766,88.08999633789062,56.17499923706055,467.0,381.79998779296875,91.30000305175781,361.2300109863281,312.1199951171875,240.47999572753906,81.5250015258789,150.25
2026-04-28 14:10:00+00:00,270.2950134277344,197.7050018310547,242.0800018310547,325.3399963378906,260.57000732421875,318.010009765625,187.33999633789062,52.7599983215332,46.69499969482422,128.88999938964844,122.9999008178711,188.38999938964844,178.25999450683594,38.60499954223633,350.2300109863281,928.760009765625,83.625,228.5449981689453,312.260009765625,874.6099853515625,511.6000061035156,672.915283203125,111.37999725341797,189.7100067138672,425.4949951171875,213.14500427246094,41.654998779296875,21.309999465942383,26.985000610351562,49.93989944458008,88.11000061035156,55.959999084472656,465.760009765625,381.07000732421875,91.4000015258789,361.739990234375,311.80999755859375,240.2899932861328,81.32499694824219,150.3800048828125
2026-04-28 14:15:00+00:00,270.7200012207031,197.7100067138672,241.9199981689453,326.1000061035156,260.2799987792969,318.1300048828125,187.3699951171875,52.79499816894531,46.8849983215332,128.82000732421875,123.06999969482422,187.9593963623047,177.41000366210938,38.65999984741211,351.69500732421875,928.3499755859375,83.37000274658203,228.74000549316406,312.4049987792969,873.469970703125,511.4750061035156,671.77001953125,111.31999969482422,189.58999633789062,425.2699890136719,212.6300048828125,41.54999923706055,21.31999969482422,26.864999771118164,49.810001373291016,88.27999877929688,55.83000183105469,464.20001220703125,378.8299865722656,91.52999877929688,361.4100036621094,311.760009765625,239.81100463867188,81.37000274658203,150.50999450683594
2026-04-28 14:20:00+00:00,270.7900085449219,197.8300018310547,242.17999267578125,324.1630859375,260.2049865722656,318.4700012207031,187.7100067138672,52.820098876953125,46.77000045776367,129.00999450683594,122.7699966430664,187.91000366210938,178.10000610351562,38.70000076293945,351.4150085449219,929.8499755859375,82.82659912109375,228.9199981689453,312.81500244140625,875.4600219726562,512.385009765625,671.6199951171875,111.48999786376953,189.7935028076172,425.8999938964844,212.1800994873047,41.564998626708984,21.200000762939453,26.712200164794922,49.88999938964844,88.05500030517578,55.91999816894531,466.92498779296875,377.8800048828125,91.3499984741211,362.0,312.17999267578125,239.2899932861328,81.43000030517578,150.33999633789062
2026-04-28 14:25:00+00:00,271.2799072265625,197.97000122070312,242.5,323.95001220703125,259.9800109863281,318.2149963378906,187.36000061035156,52.724998474121094,46.7599983215332,128.59500122070312,122.79000091552734,188.19000244140625,177.80999755859375,38.67499923706055,351.7699890136719,927.594970703125,82.81990051269531,229.86000061035156,312.57000732421875,872.7098999023438,512.8350830078125,672.760009765625,111.30000305175781,189.2899932861328,426.3901062011719,212.375,41.5,21.18000030517578,26.424999237060547,49.86000061035156,87.96499633789062,55.8849983215332,466.4100036621094,377.79998779296875,91.33999633789062,360.9949951171875,312.3399963378906,239.44000244140625,81.2699966430664,150.44000244140625
2026-04-28 14:30:00+00:00,271.44500732421875,197.89999389648438,242.41000366210938,322.2099914550781,259.9700012207031,318.5,187.1300048828125,52.709999084472656,46.564998626708984,128.40499877929688,122.80000305175781,188.4499969482422,177.64999389648438,38.66999816894531,352.0950012207031,926.8250122070312,82.125,229.84500122070312,312.4100036621094,872.6649780273438,513.4400024414062,672.219970703125,111.23999786376953,189.1750030517578,426.5148010253906,212.22999572753906,41.5,21.139999389648438,26.520099639892578,49.88999938964844,87.94000244140625,55.76499938964844,466.68499755859375,377.6383056640625,91.30000305175781,361.1300964355469,312.57000732421875,239.3800048828125,81.33999633789062,150.5800018310547
2026-04-28 14:35:00+00:00,271.05999755859375,198.4600067138672,242.52999877929688,319.3399963378906,259.8450012207031,318.92999267578125,187.14500427246094,52.744998931884766,46.63999938964844,128.32000732421875,123.12000274658203,189.1699981689453,177.91000366210938,38.72999954223633,350.8599853515625,926.72998046875,81.4749984741211,230.23500061035156,312.4800109863281,873.4077758789062,514.3350219726562,669.2449951171875,111.55500030517578,188.77999877929688,425.8099060058594,210.6199951171875,41.61069869995117,21.125,26.475000381469727,49.880001068115234,88.11499786376953,55.849998474121094,467.0950012207031,375.6000061035156,91.41999816894531,362.3399963378906,313.2099914550781,240.5500030517578,81.44999694824219,150.99000549316406
2026-04-28 14:40:00+00:00,271.2349853515625,198.52499389648438,242.44000244140625,320.20989990234375,259.92999267578125,318.4849853515625,187.40499877929688,52.709999084472656,46.32500076293945,128.1300048828125,122.9000015258789,188.66000366210938,178.13999938964844,38.599998474121094,352.2049865722656,927.2899780273438,81.71980285644531,230.11000061035156,312.5950012207031,873.978515625,514.4149780273438,669.9749755859375,111.62999725341797,188.86000061035156,425.5614929199219,210.4499053955078,41.599998474121094,21.069799423217773,26.565000534057617,49.85609817504883,87.88999938964844,55.86000061035156,467.8299865722656,375.7383117675781,91.16999816894531,362.8399963378906,312.7699890136719,240.10000610351562,81.41999816894531,150.77789306640625
2026-04-28 14:45:00+00:00,271.3900146484375,198.5749969482422,243.30999755859375,317.760009765625,259.9150085449219,317.8399963378906,187.8699951171875,52.7599983215332,46.564998626708984,128.18499755859375,123.19000244140625,189.2449951171875,177.8800048828125,38.689998626708984,351.364990234375,925.5850219726562,81.41500091552734,230.91000366210938,312.8599853515625,876.6099853515625,515.7493896484375,668.7150268554688,111.72000122070312,188.9499969482422,425.1650085449219,209.81500244140625,41.625,21.079999923706055,26.735000610351562,49.86000061035156,88.08999633789062,55.935001373291016,468.7950134277344,374.3599853515625,91.33999633789062,362.9700012207031,313.0400085449219,239.60499572753906,81.48987579345703,151.1699981689453
2026-04-28 14:50:00+00:00,271.4849853515625,199.10499572753906,243.32000732421875,316.9700012207031,259.9649963378906,317.6199951171875,187.47999572753906,52.79999923706055,46.54999923706055,128.25999450683594,123.33999633789062,189.08790588378906,177.72000122070312,38.689998626708984,350.8900146484375,925.7537841796875,81.0999984741211,230.72000122070312,313.1600036621094,876.0700073242188,515.4874877929688,667.5700073242188,111.82499694824219,189.11000061035156,425.443115234375,208.6300048828125,41.56999969482422,21.075000762939453,26.774999618530273,49.810001373291016,88.197998046875,55.85499954223633,468.42999267578125,373.7598876953125,91.33000183105469,362.8399963378906,313.2300109863281,239.98500061035156,81.54499816894531,151.27499389648438
2026-04-28 14:55:00+00:00,271.1300048828125,198.86000061035156,242.67990112304688,319.7900085449219,260.05999755859375,317.375,187.4199981689453,52.79999923706055,46.5099983215332,128.31500244140625,123.18000030517578,188.46499633789062,177.3800048828125,38.64500045776367,350.92999267578125,927.5,81.92980194091797,230.27999877929688,313.3800048828125,874.1300048828125,515.030029296875,668.3499755859375,111.69999694824219,189.4600067138672,425.8500061035156,209.7655029296875,41.4900016784668,21.020000457763672,26.71500015258789,49.75,88.1050033569336,55.974998474121094,467.9599914550781,375.67999267578125,91.26000213623047,363.25,312.7099914550781,239.28500366210938,81.54000091552734,150.92999267578125
2026-04-28 15:00:00+00:00,271.5400085449219,198.96499633789062,242.82989501953125,320.2300109863281,260.3500061035156,317.8999938964844,187.61000061035156,52.88999938964844,46.55500030517578,128.2899932861328,123.0199966430664,188.3000030517578,177.89500427246094,38.625,350.6700134277344,928.5050048828125,81.69999694824219,230.14500427246094,313.510009765625,873.6699829101562,515.22998046875,668.5850219726562,111.73999786376953,189.65499877929688,426.42999267578125,209.66600036621094,41.564998626708984,21.040000915527344,26.764999389648438,49.7400016784668,88.20500183105469,55.77000045776367,468.6799011230469,375.5972900390625,91.27999877929688,364.7248840332031,312.989990234375,238.69000244140625,81.75499725341797,150.72999572753906
2026-04-28 15:05:00+00:00,271.65020751953125,198.8800048828125,243.1699981689453,319.8299865722656,259.9649963378906,318.0299987792969,187.55999755859375,52.8849983215332,46.6349983215332,128.27000427246094,123.0999984741211,188.75999450683594,178.125,38.625,350.3089904785156,928.2999877929688,81.3949966430664,230.1750030517578,313.6099853515625,872.4257202148438,515.2000122070312,666.75,111.75,189.64999389648438,425.92498779296875,209.25999450683594,41.665000915527344,21.094999313354492,26.759899139404297,49.724998474121094,88.4000015258789,55.80500030517578,469.3550109863281,376.0,91.33999633789062,364.6499938964844,313.0249938964844,239.0749969482422,81.7249984741211,150.97999572753906
2026-04-28 15:10:00+00:00,271.55499267578125,198.7899932861328,244.8800048828125,321.0899963378906,260.6050109863281,318.2200012207031,187.10499572753906,52.86980056762695,46.75,128.25999450683594,123.3499984741211,188.9499969482422,177.85989379882812,38.79499816894531,351.3999938964844,928.489990234375,81.58499908447266,229.5850067138672,313.04998779296875,871.97998046875,515.2050170898438,667.8499755859375,111.59500122070312,189.8800048828125,426.61248779296875,209.85000610351562,41.769901275634766,21.15999984741211,26.70800018310547,49.810001373291016,88.61000061035156,55.814998626708984,468.8599853515625,376.9100036621094,91.47000122070312,364.2799987792969,313.125,238.89999389648438,81.61000061035156,151.25999450683594
2026-04-28 15:15:00+00:00,270.9750061035156,198.82000732421875,244.39500427246094,321.0299987792969,260.2200012207031,317.6440124511719,187.19000244140625,52.82500076293945,46.790000915527344,128.2949981689453,123.5999984741211,189.2550048828125,177.60499572753906,38.79999923706055,351.1400146484375,929.239990234375,81.88999938964844,229.9199981689453,312.7106018066406,871.3699951171875,514.9349975585938,667.7100219726562,111.72000122070312,189.74000549316406,426.45001220703125,209.91000366210938,41.89500045776367,21.229999542236328,26.774999618530273,49.73500061035156,88.73999786376953,56.04499816894531,468.32501220703125,376.7633056640625,91.52999877929688,364.4681091308594,312.6650085449219,238.88499450683594,81.56500244140625,151.6699981689453
2026-04-28 15:20:00+00:00,271.2200012207031,199.00999450683594,244.72999572753906,319.4849853515625,259.3599853515625,318.0050048828125,187.24000549316406,52.84000015258789,46.77119827270508,128.4499969482422,123.75,189.49000549316406,177.99000549316406,38.849998474121094,350.9049987792969,928.22998046875,81.80999755859375,230.1999969482422,313.0434875488281,871.3300170898438,515.9000244140625,667.97998046875,111.77999877929688,189.60000610351562,426.0299987792969,209.2100067138672,41.77000045776367,21.274999618530273,26.819900512695312,49.77009963989258,88.66500091552734,56.165000915527344,468.79998779296875,374.9198913574219,91.61000061035156,364.54998779296875,313.1400146484375,239.0050048828125,81.68499755859375,151.88999938964844
2026-04-28 15:25:00+00:00,270.32501220703125,198.9600067138672,244.0200958251953,319.69989013671875,259.5400085449219,317.875,187.27000427246094,52.8650016784668,46.834999084472656,128.44000244140625,123.9000015258789,189.57000732421875,177.9199981689453,38.84000015258789,351.010009765625,929.260009765625,81.91000366210938,230.00999450683594,312.9800109863281,871.5499877929688,516.0399780273438,667.4149780273438,111.73500061035156,189.60499572753906,425.8002014160156,209.10000610351562,41.665000915527344,21.31100082397461,26.774999618530273,49.7400016784668,88.66999816894531,56.154998779296875,468.92498779296875,374.989990234375,91.58999633789062,365.07501220703125,312.9949951171875,238.99000549316406,81.71499633789062,151.88999938964844
2026-04-28 15:30:00+00:00,270.2300109863281,198.89999389648438,243.5850067138672,318.8399963378906,259.510009765625,318.07000732421875,187.4600067138672,52.900001525878906,46.814998626708984,128.5500030517578,124.12000274658203,189.86000061035156,177.94000244140625,38.904998779296875,350.6099853515625,929.0574951171875,81.91000366210938,230.25999450683594,313.239990234375,871.8400268554688,516.5900268554688,668.1849975585938,111.80999755859375,189.5800018310547,426.1600036621094,209.02000427246094,41.64500045776367,21.34000015258789,26.770000457763672,49.70500183105469,88.67500305175781,56.2599983215332,468.6549987792969,375.0199890136719,91.5,365.1600036621094,313.5400085449219,239.27999877929688,81.7750015258789,152.19000244140625
2026-04-28 15:35:00+00:00,270.1700134277344,198.38999938964844,244.11749267578125,318.9200134277344,259.7449951171875,318.0799865722656,187.58999633789062,52.904998779296875,46.79499816894531,128.3800048828125,124.18000030517578,189.7949981689453,178.0399932861328,38.849998474121094,350.1400146484375,928.8400268554688,81.88999938964844,229.97999572753906,313.18499755859375,870.260009765625,516.52001953125,668.7000122070312,111.4303970336914,189.52999877929688,426.4649963378906,209.17999267578125,41.65010070800781,21.344999313354492,26.700000762939453,49.77000045776367,88.52999877929688,56.29499816894531,468.8399963378906,375.1499938964844,91.3125,365.0899963378906,313.2149963378906,239.5,81.78500366210938,152.22999572753906
2026-04-28 15:40:00+00:00,269.92999267578125,198.44500732421875,243.36000061035156,318.43499755859375,259.5299072265625,318.1199951171875,187.25999450683594,52.87009811401367,46.83000183105469,128.3300018310547,124.18000030517578,189.6999969482422,177.9499969482422,38.814998626708984,350.0299987792969,928.1400146484375,82.08000183105469,229.9499969482422,313.0299987792969,871.125,516.1900024414062,669.280029296875,111.44999694824219,189.33999633789062,426.2749938964844,209.48989868164062,41.584999084472656,21.359699249267578,26.70009994506836,49.755001068115234,88.47730255126953,56.22999954223633,469.0350036621094,374.7799987792969,91.29000091552734,364.1600036621094,313.1050109863281,238.84500122070312,81.79000091552734,152.1699981689453
2026-04-28 15:45:00+00:00,269.79010009765625,198.5,243.43499755859375,318.5199890136719,259.3699951171875,317.9100036621094,187.1999969482422,52.8650016784668,46.79499816894531,128.2899932861328,124.12999725341797,189.4499969482422,178.24000549316406,38.810001373291016,349.80999755859375,928.4268798828125,81.72000122070312,230.00010681152344,312.989990234375,871.719970703125,516.1500244140625,668.6981811523438,111.41999816894531,189.30499267578125,426.7799987792969,209.02999877929688,41.48500061035156,21.3700008392334,26.764999389648438,49.77000045776367,88.44999694824219,56.095001220703125,469.6199951171875,374.3550109863281,91.36000061035156,364.3100891113281,312.75,239.24000549316406,81.74500274658203,151.96009826660156
2026-04-28 15:50:00+00:00,269.68499755859375,198.44000244140625,243.44500732421875,319.2550048828125,259.67999267578125,318.2416076660156,187.27000427246094,52.88029861450195,46.720001220703125,128.35499572753906,124.03500366210938,189.16000366210938,178.3800048828125,38.744998931884766,349.4794006347656,927.7750244140625,81.70999908447266,229.88999938964844,313.2200012207031,871.030029296875,516.2625122070312,668.2999877929688,111.51000213623047,189.4499969482422,427.3999938964844,209.5800018310547,41.52000045776367,21.344999313354492,26.790000915527344,49.83000183105469,88.44000244140625,56.09000015258789,470.29998779296875,374.7554931640625,91.1592025756836,364.9945068359375,312.9599914550781,238.76499938964844,81.80999755859375,151.72999572753906
2026-04-28 15:55:00+00:00,269.6400146484375,198.42999267578125,243.2100067138672,319.8999938964844,259.8299865722656,318.0950012207031,187.23500061035156,52.85499954223633,46.625,128.39999389648438,124.07499694824219,189.2449951171875,178.27830505371094,38.70000076293945,349.19500732421875,928.030029296875,81.7750015258789,229.8350067138672,313.0350036621094,870.2100219726562,516.2160034179688,668.8200073242188,111.38999938964844,189.42999267578125,427.68548583984375,209.75050354003906,41.509300231933594,21.343599319458008,26.78499984741211,49.849998474121094,88.20999908447266,56.255001068115234,469.6650085449219,375.2900085449219,91.16020202636719,365.44000244140625,312.79998779296875,238.72999572753906,81.7750015258789,151.7550048828125
2026-04-28 16:00:00+00:00,269.9949951171875,198.27000427246094,243.53500366210938,320.3999938964844,260.44000244140625,318.0849914550781,187.03500366210938,52.89500045776367,46.6150016784668,128.50999450683594,124.13999938964844,189.17999267578125,178.13999938964844,38.69499969482422,348.8999938964844,929.5653076171875,82.20500183105469,229.52000427246094,313.0199890136719,867.969970703125,515.1099853515625,667.5,111.29000091552734,189.52000427246094,427.739990234375,209.80499267578125,41.44499969482422,21.354999542236328,26.774999618530273,49.81999969482422,88.12999725341797,56.20000076293945,468.04998779296875,375.3599853515625,91.125,366.69000244140625,312.2900085449219,238.7534942626953,81.84980010986328,151.7100067138672
2026-04-28 16:05:00+00:00,269.94000244140625,198.27000427246094,243.75,321.0950012207031,260.19000244140625,318.1400146484375,186.88999938964844,52.88999938964844,46.6150016784668,128.55999755859375,124.09500122070312,189.21499633789062,178.29299926757812,38.779998779296875,348.9599914550781,929.4199829101562,82.48999786376953,228.89999389648438,312.9200134277344,868.159912109375,514.5800170898438,667.239990234375,111.34500122070312,189.48500061035156,427.7611999511719,209.8699951171875,41.42499923706055,21.364999771118164,26.795000076293945,49.8650016784668,88.07499694824219,56.244998931884766,468.0299987792969,375.61920166015625,91.12000274658203,367.20001220703125,311.7300109863281,238.80499267578125,81.86000061035156,151.75
2026-04-28 16:10:00+00:00,269.8699951171875,198.35000610351562,243.9199981689453,320.55499267578125,260.239990234375,318.260009765625,186.8000030517578,52.915000915527344,46.55500030517578,128.55999755859375,124.20500183105469,189.33999633789062,178.39999389648438,38.75,348.8597106933594,929.739990234375,82.42880249023438,229.15499877929688,313.1000061035156,868.0,514.5599975585938,667.6699829101562,111.29000091552734,189.61500549316406,427.7699890136719,209.9949951171875,41.435001373291016,21.364999771118164,26.78499984741211,49.904998779296875,88.09500122070312,56.185001373291016,468.9599914550781,375.010009765625,91.16999816894531,367.8374938964844,312.0375061035156,239.38999938964844,81.82499694824219,151.8699951171875
2026-04-28 16:15:00+00:00,269.6700134277344,198.1699981689453,243.72000122070312,320.95001220703125,260.4849853515625,318.1549987792969,186.52999877929688,52.91999816894531,46.6150016784668,128.55999755859375,124.0999984741211,189.3300018310547,178.3350067138672,38.73500061035156,349.4700012207031,929.4299926757812,82.47000122070312,229.0500030517578,312.8500061035156,867.2100219726562,513.77001953125,669.0449829101562,111.16000366210938,189.49000549316406,427.69000244140625,210.01010131835938,41.37139892578125,21.334999084472656,26.764999389648438,49.88999938964844,88.11000061035156,56.09000015258789,468.82501220703125,375.54998779296875,91.14420318603516,368.4599914550781,311.6549987792969,239.51499938964844,81.91000366210938,151.86000061035156
2026-04-28 16:20:00+00:00,269.3900146484375,198.0800018310547,243.8699951171875,321.1650085449219,260.072998046875,318.3800048828125,186.51499938964844,52.94499969482422,46.57500076293945,128.7248992919922,123.91999816894531,189.1300048828125,178.3350067138672,38.685001373291016,349.260009765625,929.8200073242188,82.41999816894531,228.85000610351562,313.04998779296875,867.405029296875,513.4000244140625,669.0349731445312,111.19000244140625,189.50999450683594,428.1449890136719,210.42999267578125,41.435001373291016,21.325000762939453,26.75,49.869998931884766,88.01000213623047,56.005001068115234,469.0425109863281,375.6299133300781,91.05999755859375,368.43499755859375,311.760009765625,239.50999450683594,81.93499755859375,151.6768035888672
2026-04-28 16:25:00+00:00,269.5159912109375,197.97000122070312,243.86000061035156,320.54998779296875,260.1600036621094,318.3599853515625,186.6649932861328,52.904998779296875,46.53499984741211,128.62010192871094,123.95999908447266,189.22999572753906,178.36000061035156,38.70500183105469,349.2200012207031,929.2449951171875,82.24849700927734,228.9199981689453,312.8399963378906,867.0900268554688,513.4600219726562,669.3381958007812,111.11000061035156,189.41000366210938,428.4949951171875,210.11000061035156,41.415000915527344,21.325000762939453,26.774999618530273,49.849998474121094,87.95999908447266,55.9900016784668,468.9100036621094,375.0899963378906,91.01000213623047,368.75,311.69000244140625,239.5399932861328,81.87000274658203,151.72999572753906
2026-04-28 16:30:00+00:00,269.57000732421875,197.72000122070312,243.52000427246094,319.8949890136719,260.1449890136719,318.3550109863281,186.4250030517578,52.8650016784668,46.53499984741211,128.63499450683594,123.90499877929688,189.27999877929688,178.39500427246094,38.67499923706055,348.7300109863281,929.27001953125,81.69000244140625,228.60000610351562,312.8699951171875,867.2750244140625,512.1799926757812,669.0001220703125,111.05999755859375,189.41000366210938,427.7300109863281,210.0500030517578,41.39500045776367,21.30500030517578,26.729999542236328,49.849998474121094,87.9800033569336,55.974998474121094,467.8699951171875,375.0050048828125,91.0,368.8999938964844,311.30999755859375,239.85000610351562,81.82859802246094,151.80999755859375
2026-04-28 16:35:00+00:00,269.79998779296875,197.7100067138672,243.57009887695312,319.3999938964844,259.9200134277344,318.3999938964844,186.4149932861328,52.86000061035156,46.560001373291016,128.5800018310547,123.9000015258789,189.30499267578125,178.4499969482422,38.65999984741211,349.3299865722656,928.1199951171875,81.73500061035156,228.35000610351562,312.67999267578125,866.2249755859375,512.1699829101562,669.4099731445312,110.94000244140625,189.38150024414062,427.8900146484375,209.51499938964844,41.43000030517578,21.30500030517578,26.690000534057617,49.84000015258789,87.9800033569336,56.02000045776367,468.3599853515625,375.3450012207031,91.01000213623047,369.0950012207031,310.7799987792969,239.71499633789062,81.76499938964844,151.7100067138672
2026-04-28 16:40:00+00:00,269.6549987792969,197.30999755859375,243.39999389648438,320.4932861328125,259.5899963378906,318.7799987792969,186.17999267578125,52.875,46.54999923706055,128.74000549316406,123.87999725341797,189.32000732421875,178.46499633789062,38.63999938964844,349.20001220703125,928.89501953125,81.93499755859375,228.00999450683594,312.55999755859375,865.9400024414062,511.9200134277344,668.3701171875,110.75,189.375,427.8800048828125,209.96499633789062,41.43600082397461,21.310100555419922,26.690000534057617,49.80500030517578,87.92500305175781,56.064998626708984,467.92999267578125,375.92999267578125,90.99500274658203,368.5799865722656,310.9700012207031,239.5,81.73500061035156,151.6199951171875
2026-04-28 16:45:00+00:00,269.81500244140625,197.34500122070312,243.5749969482422,321.0799865722656,259.2099914550781,318.6099853515625,186.3000030517578,52.84400177001953,46.560001373291016,128.60000610351562,123.81999969482422,189.30999755859375,178.52999877929688,38.665000915527344,349.1700134277344,928.52001953125,82.06500244140625,227.7100067138672,312.3349914550781,865.8043212890625,512.0999755859375,669.0999755859375,110.7300033569336,189.38999938964844,427.9649963378906,210.24549865722656,41.45000076293945,21.315000534057617,26.670000076293945,49.814998626708984,87.97000122070312,56.02000045776367,468.07000732421875,376.3900146484375,91.05000305175781,367.7650146484375,311.05999755859375,239.36000061035156,81.68499755859375,151.60000610351562
2026-04-28 16:50:00+00:00,269.91900634765625,197.1999969482422,243.60000610351562,322.1199951171875,259.44000244140625,318.4649963378906,186.28500366210938,52.849998474121094,46.61000061035156,128.71499633789062,123.91000366210938,189.32000732421875,178.50999450683594,38.685001373291016,349.6499938964844,929.239990234375,82.42500305175781,227.46499633789062,312.3349914550781,865.155029296875,511.9200134277344,670.219970703125,110.66999816894531,189.4499969482422,428.7349853515625,210.7718048095703,41.48500061035156,21.309999465942383,26.645000457763672,49.82500076293945,87.95999908447266,55.959999084472656,468.1650085449219,376.8904113769531,91.12000274658203,367.260009765625,310.9800109863281,239.5800018310547,81.69499969482422,151.69000244140625
2026-04-28 16:55:00+00:00,269.94000244140625,196.55999755859375,244.40499877929688,322.2099914550781,259.3999938964844,318.55999755859375,185.92999267578125,52.880001068115234,46.540000915527344,128.67999267578125,123.83499908447266,189.08999633789062,178.4550018310547,38.630001068115234,349.5,929.9000244140625,82.41500091552734,227.0800018310547,312.4200134277344,864.1400146484375,512.4500122070312,670.239990234375,110.5,189.63999938964844,428.5249938964844,210.69090270996094,41.45000076293945,21.315000534057617,26.610000610351562,49.834999084472656,87.80999755859375,56.02000045776367,467.9599914550781,376.9100036621094,91.05999755859375,367.07000732421875,311.2300109863281,239.5449981689453,81.7406997680664,151.5500030517578
2026-04-28 17:00:00+00:00,269.9750061035156,196.97500610351562,244.25,321.681884765625,258.9999084472656,318.5199890136719,185.9550018310547,52.8650016784668,46.525001525878906,128.64999389648438,123.86000061035156,189.02000427246094,178.36000061035156,38.625,348.6600036621094,929.530029296875,82.41000366210938,226.8800048828125,312.2099914550781,864.6099853515625,511.82000732421875,669.7360229492188,110.54000091552734,189.625,428.0299987792969,210.3350067138672,41.419898986816406,21.315000534057617,26.594999313354492,49.845001220703125,87.8550033569336,56.005001068115234,467.29998779296875,376.45001220703125,90.9800033569336,367.92999267578125,311.1650085449219,239.4199981689453,81.72000122070312,151.63999938964844
2026-04-28 17:05:00+00:00,269.8599853515625,196.9600067138672,244.32000732421875,321.82000732421875,258.8399963378906,318.5050048828125,186.0,52.87099838256836,46.5,128.6300048828125,123.9000015258789,188.92999267578125,178.5500030517578,38.625,348.79998779296875,929.4249877929688,82.49500274658203,226.75999450683594,312.375,864.72998046875,511.70001220703125,669.9149780273438,110.58000183105469,189.6699981689453,427.75,210.59500122070312,41.40999984741211,21.290000915527344,26.600000381469727,49.8849983215332,87.83499908447266,55.970001220703125,468.010009765625,376.19500732421875,90.91000366210938,368.2699890136719,311.2799987792969,239.16859436035156,81.7750015258789,151.39500427246094
2026-04-28 17:10:00+00:00,269.70001220703125,196.97500610351562,244.593505859375,321.6809997558594,258.5392150878906,318.6499938964844,185.9949951171875,52.904998779296875,46.57500076293945,128.6999969482422,124.0,189.0,178.69000244140625,38.64500045776367,348.7900085449219,929.3099975585938,82.49009704589844,226.6999969482422,312.6199951171875,865.02001953125,512.1400146484375,669.4949951171875,110.6500015258789,189.75,427.9700012207031,210.56500244140625,41.415000915527344,21.280000686645508,26.604999542236328,49.880001068115234,88.0,56.0099983215332,468.54998779296875,375.9800109863281,90.98500061035156,368.43499755859375,311.3800048828125,239.38999938964844,81.79000091552734,151.41000366210938
2026-04-28 17:15:00+00:00,269.5950012207031,197.17999267578125,244.77999877929688,321.6000061035156,258.1993103027344,318.8078918457031,185.9001007080078,52.88750076293945,46.53499984741211,128.59500122070312,124.05000305175781,189.02999877929688,178.7550048828125,38.64500045776367,348.6449890136719,928.5900268554688,82.37000274658203,226.67999267578125,312.43499755859375,865.197021484375,512.3800048828125,669.6599731445312,110.52999877929688,189.55999755859375,428.5,210.27000427246094,41.375,21.299999237060547,26.58989906311035,49.94499969482422,88.00499725341797,55.96500015258789,468.4100036621094,375.7799987792969,90.94000244140625,367.8699951171875,311.614990234375,239.5225067138672,81.75499725341797,151.60000610351562
2026-04-28 17:20:00+00:00,269.69000244140625,197.0800018310547,244.71499633789062,321.9501037597656,258.0533142089844,318.8399963378906,185.8699951171875,52.8650016784668,46.54499816894531,128.8000030517578,123.98500061035156,188.89500427246094,178.8699951171875,38.625,348.75,928.375,82.47419738769531,226.47999572753906,312.3999938964844,865.0599975585938,512.4349975585938,669.569580078125,110.54000091552734,189.5800018310547,428.8399963378906,210.52999877929688,41.35499954223633,21.270000457763672,26.59000015258789,49.939998626708984,87.95500183105469,55.869998931884766,468.94000244140625,375.88958740234375,91.05999755859375,368.1000061035156,311.4800109863281,239.5399932861328,81.76000213623047,151.4550018310547
2026-04-28 17:25:00+00:00,269.8699951171875,197.07000732421875,245.2050018310547,322.6401062011719,258.0,319.0400085449219,185.97500610351562,52.875,46.54999923706055,128.82000732421875,124.00499725341797,188.97000122070312,178.85000610351562,38.64500045776367,348.9049987792969,928.6599731445312,82.5199966430664,226.71499633789062,312.4501037597656,865.1500244140625,512.3599853515625,670.2200927734375,110.47000122070312,189.7949981689453,428.7300109863281,210.7899932861328,41.404998779296875,21.2549991607666,26.600000381469727,49.935001373291016,87.93000030517578,55.790000915527344,469.510009765625,376.30999755859375,91.1240005493164,368.45001220703125,311.5,239.3000030517578,81.80999755859375,151.4199981689453
2026-04-28 17:30:00+00:00,269.9549865722656,197.2100067138672,244.94000244140625,323.8999938964844,258.29998779296875,319.2799987792969,185.94000244140625,52.90999984741211,46.60499954223633,128.84500122070312,123.83499908447266,188.91000366210938,179.0399932861328,38.59000015258789,348.94000244140625,930.1849975585938,82.78500366210938,226.8300018310547,312.6050109863281,865.47998046875,512.7999877929688,670.2000122070312,110.38999938964844,190.0399932861328,428.4800109863281,211.02999877929688,41.39500045776367,21.260000228881836,26.610000610351562,49.935001373291016,87.83000183105469,55.80500030517578,470.4100036621094,376.3699035644531,91.05000305175781,368.7200012207031,311.54998779296875,239.0749969482422,81.86000061035156,151.33999633789062
2026-04-28 17:35:00+00:00,270.0010070800781,197.24000549316406,244.3000030517578,323.7300109863281,258.3800048828125,319.05999755859375,186.1649932861328,52.89500045776367,46.6150016784668,129.36000061035156,123.83999633789062,188.8249969482422,179.1649932861328,38.57500076293945,349.0199890136719,930.3699951171875,83.07009887695312,226.97999572753906,312.6300048828125,864.5700073242188,512.6300048828125,670.0399780273438,110.43499755859375,190.0399932861328,428.05999755859375,211.2299041748047,41.39500045776367,21.2450008392334,26.594999313354492,49.89500045776367,87.75,55.814998626708984,471.57000732421875,376.1861877441406,91.04499816894531,368.70001220703125,311.4493103027344,238.7449951171875,81.86499786376953,151.25999450683594
2026-04-28 17:40:00+00:00,270.07000732421875,197.13999938964844,244.5,324.0199890136719,258.29998779296875,319.010009765625,186.02999877929688,52.8650016784668,46.58000183105469,129.39999389648438,123.77999877929688,188.75,179.15499877929688,38.54999923706055,349.05999755859375,930.0499877929688,83.35009765625,227.15499877929688,312.4700012207031,864.9749755859375,512.60498046875,670.260009765625,110.44999694824219,190.1999969482422,427.79998779296875,211.29010009765625,41.435001373291016,21.24410057067871,26.59000015258789,49.900001525878906,87.83000183105469,55.834999084472656,471.4700012207031,376.135009765625,91.06999969482422,369.4200134277344,311.55499267578125,238.65499877929688,81.83000183105469,151.1300048828125
2026-04-28 17:45:00+00:00,270.32000732421875,197.25999450683594,244.6999969482422,324.2200012207031,258.2799987792969,319.010009765625,186.1300048828125,52.85499954223633,46.474998474121094,129.35000610351562,123.7699966430664,188.67050170898438,179.18499755859375,38.51499938964844,349.3492126464844,929.344970703125,83.55000305175781,227.1300048828125,312.3900146484375,865.7100219726562,512.2349853515625,670.5800170898438,110.57499694824219,190.13499450683594,427.8399963378906,211.27999877929688,41.43659973144531,21.239999771118164,26.610000610351562,49.869998931884766,87.81999969482422,55.74769973754883,471.4599914550781,376.0201110839844,91.01499938964844,369.0799865722656,311.5899963378906,238.57000732421875,81.77999877929688,151.17999267578125
2026-04-28 17:50:00+00:00,270.5299987792969,197.1999969482422,244.81500244140625,324.6400146484375,258.4100036621094,318.92498779296875,185.99000549316406,52.845001220703125,46.45000076293945,129.35000610351562,123.63999938964844,188.40989685058594,179.38999938964844,38.470001220703125,349.2799987792969,929.22998046875,83.53009796142578,227.03500366210938,312.42999267578125,866.1400146484375,512.280029296875,670.8099975585938,110.51000213623047,190.08999633789062,427.9200134277344,211.3101043701172,41.415000915527344,21.225000381469727,26.594999313354492,49.89500045776367,87.72000122070312,55.71500015258789,471.5,375.4549865722656,90.91999816894531,368.260009765625,311.31500244140625,238.16744995117188,81.68000030517578,150.97999572753906
2026-04-28 17:55:00+00:00,270.5199890136719,197.23500061035156,244.7050018310547,324.8399963378906,258.7301025390625,318.8699951171875,186.01010131835938,52.845001220703125,46.45000076293945,129.33999633789062,123.69000244140625,188.33999633789062,179.27490234375,38.46500015258789,349.17999267578125,929.4500122070312,83.63999938964844,226.97000122070312,312.4200134277344,866.3945922851562,512.1699829101562,670.3699951171875,110.56999969482422,190.0,427.864990234375,211.76499938964844,41.45000076293945,21.209999084472656,26.58009910583496,49.88779830932617,87.66999816894531,55.70500183105469,471.9800109863281,375.8999938964844,90.98999786376953,368.17498779296875,311.19000244140625,238.57000732421875,81.66999816894531,150.9774932861328
2026-04-28 18:00:00+00:00,270.3949890136719,197.3000030517578,244.24000549316406,324.7250061035156,258.989990234375,318.6600036621094,186.13999938964844,52.790000915527344,46.46500015258789,129.22000122070312,123.58000183105469,188.10000610351562,179.42999267578125,38.46500015258789,349.4800109863281,929.1099853515625,83.63999938964844,226.8800048828125,312.07000732421875,866.489990234375,512.1176147460938,670.3499755859375,110.59529876708984,190.0399932861328,427.1499938964844,211.75,41.474998474121094,21.200000762939453,26.584999084472656,49.904998779296875,87.7699966430664,55.654998779296875,471.7900085449219,375.95001220703125,90.97000122070312,368.6300048828125,311.25,238.8800048828125,81.6449966430664,150.91000366210938
2026-04-28 18:05:00+00:00,270.3800048828125,197.17999267578125,243.3699951171875,325.07000732421875,259.3900146484375,318.3949890136719,186.10000610351562,52.790000915527344,46.369998931884766,129.19000244140625,123.4800033569336,188.16000366210938,179.47500610351562,38.45500183105469,349.9200134277344,929.1900024414062,83.52999877929688,227.14999389648438,312.1050109863281,866.3800048828125,511.2699890136719,671.1799926757812,110.5199966430664,190.32510375976562,426.8160095214844,211.97999572753906,41.46500015258789,21.15999984741211,26.542699813842773,49.779998779296875,87.62000274658203,55.64500045776367,471.3500061035156,376.2149963378906,90.9800033569336,368.70001220703125,311.07000732421875,238.67999267578125,81.60009765625,150.89999389648438
2026-04-28 18:10:00+00:00,270.5199890136719,197.26499938964844,243.5749969482422,324.7200012207031,259.3169860839844,318.2379150390625,186.13999938964844,52.7599983215332,46.404998779296875,129.02999877929688,123.69999694824219,188.2899932861328,179.5399932861328,38.47999954223633,349.6700134277344,929.2999877929688,83.93000030517578,227.1649932861328,311.9849853515625,867.13037109375,511.20001220703125,671.033203125,110.54000091552734,190.24000549316406,426.79998779296875,212.1967010498047,41.44499969482422,21.19499969482422,26.565000534057617,49.75,87.69999694824219,55.584999084472656,471.1199951171875,376.0,91.02999877929688,367.989990234375,310.7449951171875,239.02000427246094,81.54000091552734,150.99000549316406
2026-04-28 18:15:00+00:00,270.6199951171875,197.26400756835938,243.58999633789062,324.9649963378906,259.4700012207031,318.04998779296875,186.0800018310547,52.777099609375,46.474998474121094,129.1300048828125,123.88999938964844,188.25,179.0,38.53499984741211,350.1099853515625,930.1199951171875,84.37000274658203,227.14999389648438,312.05999755859375,866.6900024414062,510.68499755859375,670.969970703125,110.50499725341797,190.4499969482422,426.7698974609375,212.4199981689453,41.45500183105469,21.21500015258789,26.540000915527344,49.75,87.80000305175781,55.630001068115234,470.7900085449219,376.5098876953125,91.11000061035156,367.3900146484375,310.7250061035156,239.6199951171875,81.55999755859375,151.09500122070312
2026-04-28 18:20:00+00:00,270.590087890625,197.14999389648438,243.27000427246094,325.8900146484375,259.5299987792969,317.79998779296875,185.91000366210938,52.775001525878906,46.435001373291016,129.11500549316406,123.83999633789062,188.16990661621094,178.97000122070312,38.474998474121094,349.7699890136719,930.1300048828125,84.31500244140625,226.875,311.7749938964844,865.52001953125,509.7099914550781,671.3699951171875,110.41000366210938,190.2899932861328,426.67120361328125,212.9250030517578,41.314998626708984,21.219999313354492,26.53499984741211,49.68259811401367,87.68000030517578,55.6150016784668,470.3299865722656,376.8999938964844,91.1050033569336,368.0400085449219,310.135009765625,239.72000122070312,81.54000091552734,150.91000366210938
2026-04-28 18:25:00+00:00,270.5,196.91000366210938,243.3249969482422,325.9599914550781,259.69000244140625,317.5400085449219,185.90499877929688,52.724998474121094,46.474998474121094,128.9600067138672,124.04000091552734,188.28500366210938,178.9600067138672,38.564998626708984,349.94000244140625,928.8900146484375,84.26000213623047,226.74000549316406,311.5299987792969,866.0,509.17999267578125,671.7479858398438,110.30000305175781,190.27000427246094,426.6099853515625,212.84500122070312,41.30500030517578,21.249900817871094,26.5049991607666,49.665000915527344,87.80000305175781,55.67499923706055,469.9200134277344,377.510009765625,91.08000183105469,368.07000732421875,310.0199890136719,240.2449951171875,81.44000244140625,150.94500732421875
2026-04-28 18:30:00+00:00,270.5,196.88499450683594,243.2899932861328,325.0199890136719,259.30999755859375,317.5050048828125,185.82000732421875,52.70000076293945,46.45000076293945,128.8800048828125,124.05999755859375,188.39999389648438,178.88999938964844,38.584999084472656,349.6000061035156,928.3300170898438,84.36000061035156,226.8699951171875,311.6400146484375,866.030029296875,509.25,671.1699829101562,110.2300033569336,190.17999267578125,426.1695861816406,212.7801055908203,41.26499938964844,21.2549991607666,26.4950008392334,49.6349983215332,87.86000061035156,55.57500076293945,469.7099914550781,377.0199890136719,91.16000366210938,368.3299865722656,310.1780090332031,240.5399932861328,81.43499755859375,150.88999938964844
2026-04-28 18:35:00+00:00,270.3699951171875,196.85000610351562,243.49000549316406,324.9649963378906,259.31500244140625,317.8299865722656,185.44500732421875,52.68989944458008,46.45500183105469,128.94000244140625,124.05000305175781,188.36500549316406,179.0399932861328,38.584999084472656,349.5299987792969,929.0900268554688,84.41999816894531,226.5491943359375,311.54998779296875,865.1054077148438,509.0,671.5999755859375,110.08000183105469,190.2100067138672,426.55999755859375,213.3800048828125,41.275001525878906,21.2549991607666,26.47719955444336,49.689998626708984,87.76000213623047,55.525001525878906,469.2449951171875,376.6499938964844,91.08999633789062,368.1900939941406,310.0400085449219,240.57000732421875,81.34230041503906,150.8000030517578
2026-04-28 18:40:00+00:00,270.2300109863281,196.80999755859375,243.44500732421875,325.2749938964844,259.1600036621094,317.9200134277344,185.77000427246094,52.67499923706055,46.404998779296875,128.97000122070312,124.02999877929688,188.2646026611328,179.30999755859375,38.51499938964844,349.6700134277344,930.3099975585938,84.37999725341797,226.6199951171875,311.42999267578125,865.2152709960938,509.1000061035156,671.6699829101562,109.95999908447266,190.27000427246094,426.69000244140625,213.89990234375,41.33000183105469,21.219999313354492,26.422300338745117,49.65999984741211,87.58000183105469,55.415000915527344,469.7650146484375,378.1050109863281,91.11000061035156,369.0899963378906,310.0450134277344,240.44000244140625,81.38500213623047,150.7050018310547
2026-04-28 18:45:00+00:00,270.2101135253906,197.05499267578125,243.81500244140625,324.864990234375,259.0799865722656,317.9997863769531,186.2550048828125,52.71500015258789,46.404998779296875,128.94000244140625,124.08000183105469,188.10000610351562,179.49000549316406,38.45500183105469,349.6600036621094,930.3499755859375,84.19999694824219,226.80999755859375,311.45001220703125,865.280029296875,509.5,671.5599975585938,110.00499725341797,190.3000030517578,426.8599853515625,213.61000061035156,41.345001220703125,21.20210075378418,26.3799991607666,49.69499969482422,87.41999816894531,55.474998474121094,470.2749938964844,378.20001220703125,91.08000183105469,368.739990234375,310.32501220703125,240.6649932861328,81.3949966430664,150.63999938964844
2026-04-28 18:50:00+00:00,270.06500244140625,197.2100067138672,243.74249267578125,324.7998962402344,258.9849853515625,317.8500061035156,186.50999450683594,52.73500061035156,46.345001220703125,128.97999572753906,124.0,188.0,179.52999877929688,38.400001525878906,349.9100036621094,931.5599975585938,84.24500274658203,227.0,311.474609375,865.0,509.2749938964844,672.5,109.9000015258789,190.4949951171875,427.5,213.83999633789062,41.310001373291016,21.174999237060547,26.364999771118164,49.730098724365234,87.47000122070312,55.474998474121094,470.6400146484375,378.0400085449219,91.04000091552734,368.75,310.2149963378906,240.1300048828125,81.40070343017578,150.4199981689453
2026-04-28 18:55:00+00:00,270.0600891113281,197.4149932861328,243.5,325.75,259.0400085449219,317.6300048828125,186.5500030517578,52.70000076293945,46.345001220703125,128.8000030517578,123.9800033569336,188.04029846191406,179.44000244140625,38.38999938964844,349.8299865722656,930.010009765625,84.0999984741211,227.00999450683594,311.3299865722656,864.22998046875,508.8500061035156,671.3350219726562,110.0,190.32000732421875,427.6437072753906,214.06500244140625,41.29999923706055,21.19499969482422,26.424999237060547,49.67499923706055,87.54000091552734,55.59000015258789,470.364990234375,377.7699890136719,91.02999877929688,368.1000061035156,309.8500061035156,239.51499938964844,81.33499908447266,150.47000122070312
2026-04-28 19:00:00+00:00,270.135009765625,197.02999877929688,243.19540405273438,326.4100036621094,259.260009765625,317.32501220703125,186.52000427246094,52.709999084472656,46.279998779296875,128.57000732421875,123.94000244140625,187.86000061035156,179.4149932861328,38.349998474121094,350.1300048828125,929.6500244140625,84.0999984741211,227.22500610351562,311.2900085449219,865.7100219726562,508.260009765625,669.655029296875,110.04000091552734,190.08999633789062,427.2300109863281,214.19000244140625,41.290000915527344,21.18000030517578,26.44499969482422,49.599998474121094,87.47000122070312,55.665000915527344,470.3699951171875,377.989990234375,91.06990051269531,367.7149963378906,309.67999267578125,239.46499633789062,81.36759948730469,150.39010620117188
2026-04-28 19:05:00+00:00,270.2250061035156,197.33999633789062,243.22000122070312,326.07501220703125,259.54998779296875,317.4649963378906,186.72500610351562,52.730098724365234,46.314998626708984,128.61000061035156,123.97000122070312,187.88999938964844,179.49000549316406,38.3849983215332,350.2699890136719,929.280029296875,84.12989807128906,227.30999755859375,311.44500732421875,866.9000244140625,508.42999267578125,670.739990234375,110.1500015258789,190.14999389648438,427.8999938964844,214.60499572753906,41.32500076293945,21.170000076293945,26.44499969482422,49.572601318359375,87.46499633789062,55.64500045776367,470.7099914550781,377.9200134277344,91.04010009765625,367.5299987792969,309.6000061035156,239.55499267578125,81.41500091552734,150.50999450683594
2026-04-28 19:10:00+00:00,270.45001220703125,197.5500030517578,243.22999572753906,325.5199890136719,259.6000061035156,317.5299987792969,186.72500610351562,52.73500061035156,46.32500076293945,128.50999450683594,124.08499908447266,188.0800018310547,179.52499389648438,38.369998931884766,350.1549987792969,928.9000244140625,84.04989624023438,227.39500427246094,311.43499755859375,868.8250122070312,508.8550109863281,670.4749755859375,110.12000274658203,190.08999633789062,427.6600036621094,214.1699981689453,41.31999969482422,21.190000534057617,26.3799991607666,49.56999969482422,87.5,55.6349983215332,470.5799865722656,377.8500061035156,91.04000091552734,367.57000732421875,309.6724853515625,239.61000061035156,81.4113998413086,150.6300048828125
2026-04-28 19:15:00+00:00,270.4599914550781,197.91000366210938,243.13999938964844,324.7412109375,259.55999755859375,317.489990234375,186.9199981689453,52.755001068115234,46.36000061035156,128.49000549316406,124.0999984741211,188.08999633789062,179.72999572753906,38.3650016784668,349.8800048828125,929.2999877929688,83.76349639892578,227.58999633789062,311.6499938964844,870.77001953125,508.5299987792969,670.489990234375,110.13500213623047,190.19000244140625,427.8172912597656,213.66000366210938,41.314998626708984,21.18000030517578,26.434999465942383,49.56999969482422,87.5999984741211,55.564998626708984,471.239990234375,377.31500244140625,91.06999969482422,367.3599853515625,309.6700134277344,239.22999572753906,81.49500274658203,150.6699981689453
2026-04-28 19:20:00+00:00,270.375,197.7050018310547,242.91000366210938,324.80499267578125,259.5299987792969,317.3399963378906,186.92999267578125,52.689998626708984,46.3849983215332,128.3800048828125,124.08999633789062,188.08900451660156,179.63499450683594,38.38999938964844,349.6600036621094,928.4749755859375,83.66280364990234,227.57000732421875,311.5950012207031,871.97998046875,508.7099914550781,670.6599731445312,110.12999725341797,190.07000732421875,428.2900085449219,214.02999877929688,41.28499984741211,21.190000534057617,26.434999465942383,49.540000915527344,87.67250061035156,55.4900016784668,470.8999938964844,377.0450134277344,91.05500030517578,367.93499755859375,309.6700134277344,240.02499389648438,81.40499877929688,150.69000244140625
2026-04-28 19:25:00+00:00,270.2250061035156,197.5399932861328,243.05499267578125,324.6203918457031,259.5400085449219,317.1099853515625,186.93499755859375,52.67499923706055,46.46500015258789,128.30999755859375,124.12999725341797,188.13999938964844,179.5,38.494998931884766,349.75,928.4600219726562,83.56999969482422,227.5449981689453,311.6000061035156,872.2750244140625,508.489990234375,670.5,109.92500305175781,190.02999877929688,428.9949951171875,214.06500244140625,41.275001525878906,21.235000610351562,26.405000686645508,49.58000183105469,87.80999755859375,55.45000076293945,470.5199890136719,377.3399963378906,91.30000305175781,367.8299865722656,309.6199951171875,240.86000061035156,81.33499908447266,150.8000030517578
2026-04-28 19:30:00+00:00,270.0299987792969,197.28500366210938,242.9949951171875,324.42999267578125,259.409912109375,316.44000244140625,186.74000549316406,52.630001068115234,46.5,128.1199951171875,124.32499694824219,188.11500549316406,179.08999633789062,38.470001220703125,349.739990234375,926.5800170898438,83.88500213623047,227.12109375,311.4700012207031,872.719970703125,508.5199890136719,669.4700927734375,109.70999908447266,189.8249969482422,429.2799987792969,214.22000122070312,41.224998474121094,21.270000457763672,26.325000762939453,49.48500061035156,87.63999938964844,55.47999954223633,471.1400146484375,377.0150146484375,91.34500122070312,368.1400146484375,309.4599914550781,241.2449951171875,81.26100158691406,150.7899932861328
2026-04-28 19:35:00+00:00,270.42010498046875,197.35000610351562,243.16000366210938,323.8349914550781,259.3500061035156,316.3999938964844,186.99000549316406,52.66999816894531,46.494998931884766,128.25999450683594,124.2699966430664,188.3000030517578,179.22999572753906,38.459999084472656,350.2799987792969,926.4099731445312,83.86499786376953,227.38999938964844,311.635009765625,873.030029296875,508.42999267578125,670.2000122070312,109.89199829101562,189.82000732421875,429.36370849609375,213.90989685058594,41.20500183105469,21.2450008392334,26.354999542236328,49.58000183105469,87.56999969482422,55.474998474121094,471.3550109863281,376.7550048828125,91.41999816894531,367.1000061035156,309.4049987792969,241.07000732421875,81.35099792480469,150.6750030517578
2026-04-28 19:40:00+00:00,270.5400085449219,197.1649932861328,243.01499938964844,324.1614990234375,259.54998779296875,316.69000244140625,187.0500030517578,52.70500183105469,46.375,128.35000610351562,124.23999786376953,188.13499450683594,179.32000732421875,38.439998626708984,350.30499267578125,927.02001953125,83.79000091552734,227.47500610351562,311.8599853515625,874.0999755859375,508.2900085449219,670.3900146484375,109.93000030517578,190.02999877929688,429.1499938964844,213.67999267578125,41.14500045776367,21.219999313354492,26.385000228881836,49.529998779296875,87.54000091552734,55.4900016784668,471.4599914550781,376.5,91.58999633789062,367.42999267578125,309.5,240.78500366210938,81.37000274658203,150.7050018310547
2026-04-28 19:45:00+00:00,270.6099853515625,197.3249969482422,243.1699981689453,323.875,259.6199951171875,316.739990234375,187.0500030517578,52.689998626708984,46.3849983215332,128.36500549316406,124.1449966430664,188.24000549316406,179.49000549316406,38.439998626708984,350.32000732421875,926.7625122070312,83.91000366210938,227.32000732421875,311.739990234375,872.6699829101562,508.1099853515625,670.6099853515625,109.91000366210938,189.99000549316406,429.4200134277344,213.4355010986328,41.150299072265625,21.239999771118164,26.385000228881836,49.540000915527344,87.5999984741211,55.494998931884766,472.04998779296875,376.1596984863281,91.6500015258789,367.3299865722656,309.6400146484375,240.58999633789062,81.39009857177734,150.77000427246094
2026-04-28 19:50:00+00:00,270.6099853515625,197.94500732421875,243.6300048828125,322.9800109863281,259.4309997558594,316.8599853515625,186.9250030517578,52.685001373291016,46.369998931884766,128.44500732421875,124.08499908447266,187.97000122070312,179.27999877929688,38.44499969482422,349.8599853515625,926.6300048828125,84.16999816894531,227.60009765625,311.7099914550781,874.2949829101562,508.07000732421875,671.4124755859375,110.16999816894531,190.125,428.8599853515625,213.52999877929688,41.17499923706055,21.204999923706055,26.434999465942383,49.525001525878906,87.6449966430664,55.474998474121094,472.8450012207031,376.3699951171875,91.22000122070312,366.625,309.4800109863281,239.82000732421875,81.44000244140625,150.55999755859375
2026-04-28 19:55:00+00:00,270.760009765625,197.69000244140625,243.0800018310547,323.1099853515625,259.7699890136719,314.9800109863281,186.75999450683594,52.68000030517578,46.35499954223633,128.52999877929688,124.33000183105469,188.35499572753906,179.00999450683594,38.5099983215332,349.8349914550781,926.5499877929688,84.52999877929688,227.77999877929688,311.5199890136719,874.4299926757812,507.67999267578125,671.22998046875,110.05000305175781,190.3800048828125,429.3599853515625,213.14999389648438,41.16999816894531,21.219999313354492,26.479999542236328,49.63999938964844,87.58000183105469,55.65999984741211,470.2200012207031,375.95001220703125,91.05000305175781,366.739990234375,309.42999267578125,240.27000427246094,81.5,150.60499572753906
2026-04-29 13:30:00+00:00,268.19500732421875,198.38999938964844,240.69500732421875,321.16400146484375,258.2698974609375,315.7749938964844,183.8000030517578,52.310001373291016,46.790000915527344,127.61000061035156,126.19499969482422,190.35000610351562,178.76499938964844,39.79999923706055,346.29998779296875,919.260009765625,87.86399841308594,225.7899932861328,309.6300048828125,863.7999877929688,529.1799926757812,665.5700073242188,109.22370147705078,188.28500366210938,422.3800048828125,211.02999877929688,40.595001220703125,21.53499984741211,26.485000610351562,49.54999923706055,88.62999725341797,56.29100036621094,473.4700012207031,375.0881042480469,91.8499984741211,365.44500732421875,338.8999938964844,243.66000366210938,81.01000213623047,152.47549438476562
2026-04-29 13:35:00+00:00,268.625,196.57000732421875,241.10000610351562,319.7699890136719,259.1210021972656,315.06500244140625,183.43499755859375,52.150001525878906,46.61000061035156,127.23999786376953,125.55879974365234,190.0399932861328,178.09500122070312,39.625,347.8699951171875,915.0700073242188,87.51319885253906,225.69500732421875,309.3999938964844,863.2449951171875,527.9149780273438,666.3499755859375,109.23999786376953,187.47999572753906,423.1499938964844,211.7050018310547,40.4900016784668,21.530000686645508,26.489999771118164,49.47999954223633,88.55000305175781,55.880001068115234,472.5299987792969,373.0050048828125,91.83000183105469,366.9599914550781,339.6499938964844,243.05999755859375,81.15499877929688,151.89999389648438
2026-04-29 13:40:00+00:00,268.5000915527344,197.125,240.55999755859375,321.1199951171875,260.6199951171875,314.8900146484375,182.2899932861328,51.93000030517578,46.66999816894531,127.11000061035156,125.4000015258789,189.97999572753906,178.07000732421875,39.61000061035156,348.7200012207031,907.1699829101562,87.80999755859375,225.7100067138672,307.9599914550781,860.1799926757812,527.5,664.8699951171875,108.91999816894531,186.18499755859375,424.489990234375,211.00100708007812,40.165000915527344,21.485000610351562,26.469999313354492,49.38999938964844,88.69999694824219,55.70500183105469,470.0574951171875,373.42999267578125,91.94989776611328,367.6300048828125,339.2300109863281,242.31500244140625,80.9000015258789,151.55999755859375
2026-04-29 13:45:00+00:00,269.3450012207031,197.875,241.89999389648438,320.1300048828125,260.9700012207031,314.510009765625,182.35499572753906,51.98500061035156,46.5099983215332,127.15499877929688,125.28500366210938,189.77000427246094,178.56500244140625,39.480098724365234,350.1000061035156,910.010009765625,87.38150024414062,225.69000244140625,307.8900146484375,863.3300170898438,524.0850219726562,667.530029296875,109.04000091552734,186.77999877929688,425.05499267578125,210.51499938964844,40.189998626708984,21.485000610351562,26.44499969482422,49.459999084472656,88.28500366210938,55.45000076293945,469.82501220703125,374.989990234375,91.61000061035156,369.3699951171875,336.0450134277344,243.2949981689453,80.875,151.19000244140625
2026-04-29 13:50:00+00:00,269.0799865722656,198.5800018310547,240.7899932861328,323.54998779296875,261.8800048828125,314.5,182.3000030517578,51.904998779296875,46.619998931884766,127.13999938964844,125.45999908447266,190.30999755859375,179.17999267578125,39.630001068115234,350.84991455078125,909.9299926757812,88.05500030517578,225.41000366210938,307.5899963378906,863.760009765625,521.6300048828125,669.739990234375,108.73999786376953,186.74000549316406,426.64208984375,211.3800048828125,40.070098876953125,21.524999618530273,26.375,49.400001525878906,88.54000091552734,55.79499816894531,468.2300109863281,375.6095886230469,91.59310150146484,367.92999267578125,334.6600036621094,244.8800048828125,80.81999969482422,151.6199951171875
2026-04-29 13:55:00+00:00,269.28118896484375,198.86000061035156,240.15499877929688,323.2950134277344,262.67498779296875,314.9649963378906,182.10000610351562,52.310001373291016,46.83000183105469,128.04010009765625,125.76000213623047,190.88999938964844,178.7449951171875,39.7400016784668,351.6000061035156,915.8350219726562,88.20999908447266,225.33999633789062,309.6300048828125,861.844970703125,523.35498046875,669.5850219726562,108.70500183105469,187.35000610351562,425.5450134277344,210.85009765625,39.93000030517578,21.575000762939453,26.399999618530273,49.3650016784668,88.69000244140625,56.08000183105469,468.3399963378906,374.6400146484375,92.02999877929688,367.3800048828125,335.7550048828125,247.44000244140625,81.24250030517578,152.25
2026-04-29 14:00:00+00:00,269.8399963378906,198.25999450683594,240.02000427246094,321.57000732421875,262.9469909667969,315.32501220703125,182.25999450683594,52.33000183105469,46.61000061035156,128.0,125.91999816894531,191.03500366210938,178.7899932861328,39.625,351.5050048828125,916.6099853515625,88.4000015258789,225.5399932861328,310.2124938964844,862.5349731445312,523.701904296875,670.5963745117188,109.19000244140625,187.97000122070312,424.6400146484375,210.41110229492188,40.095001220703125,21.545000076293945,26.479999542236328,49.41999816894531,88.54000091552734,56.084999084472656,470.19000244140625,372.92999267578125,91.9000015258789,367.67999267578125,334.6400146484375,247.8000030517578,81.29499816894531,152.13999938964844
2026-04-29 14:05:00+00:00,269.75,199.5800018310547,240.02000427246094,320.4200134277344,263.260009765625,315.8900146484375,182.0,52.3650016784668,46.540000915527344,127.94999694824219,125.69999694824219,190.82000732421875,178.3000030517578,39.40570068359375,351.1549987792969,916.1300048828125,88.4749984741211,225.69500732421875,310.79998779296875,862.9400024414062,525.1300048828125,670.8400268554688,109.3499984741211,188.27000427246094,424.55499267578125,210.32989501953125,39.92499923706055,21.520000457763672,26.424999237060547,49.462799072265625,88.30000305175781,56.119998931884766,470.45001220703125,372.1567077636719,91.66999816894531,367.8949890136719,335.17999267578125,247.32000732421875,81.3949966430664,152.10000610351562
2026-04-29 14:10:00+00:00,269.5050048828125,200.0800018310547,240.25900268554688,322.364990234375,263.9599914550781,315.7174987792969,182.4199981689453,52.3849983215332,46.459999084472656,128.24000549316406,125.57499694824219,190.61000061035156,178.58999633789062,39.45000076293945,352.1300048828125,915.0599975585938,89.26000213623047,225.13999938964844,310.7049865722656,860.8900146484375,525.3300170898438,672.5800170898438,109.00499725341797,187.80499267578125,423.9949951171875,211.2100067138672,39.94499969482422,21.53499984741211,26.3700008392334,49.650001525878906,88.37999725341797,56.060001373291016,470.3450012207031,372.4100036621094,91.58999633789062,367.8399963378906,335.8399963378906,248.38999938964844,81.41000366210938,152.28500366210938
2026-04-29 14:15:00+00:00,269.6400146484375,198.44000244140625,240.11500549316406,324.2799987792969,264.00360107421875,315.75,183.02000427246094,52.3650016784668,46.3849983215332,128.05999755859375,125.30000305175781,190.2100067138672,178.34500122070312,39.400001525878906,352.3550109863281,915.1900024414062,90.0999984741211,225.24000549316406,310.69000244140625,858.2000122070312,525.1500244140625,671.3099975585938,108.79499816894531,187.77499389648438,424.3349914550781,210.97000122070312,39.94499969482422,21.479999542236328,26.325000762939453,49.724998474121094,88.28500366210938,56.1349983215332,469.6199951171875,372.4703063964844,91.50749969482422,369.0150146484375,336.4849853515625,247.4499969482422,81.29000091552734,152.05999755859375
2026-04-29 14:20:00+00:00,269.1549987792969,199.47000122070312,240.74000549316406,325.8949890136719,264.3399963378906,317.0950012207031,182.89999389648438,52.470001220703125,46.42405319213867,128.25999450683594,125.2699966430664,190.14999389648438,178.74249267578125,39.560001373291016,352.7200012207031,916.8400268554688,90.77010345458984,225.07749938964844,310.67498779296875,858.719970703125,526.1099853515625,672.0999755859375,109.2300033569336,188.23500061035156,424.80999755859375,210.68499755859375,39.95500183105469,21.46500015258789,26.334999084472656,49.90999984741211,88.37999725341797,55.970001220703125,469.6400146484375,372.4800109863281,91.56999969482422,368.7550048828125,337.9100036621094,247.4550018310547,81.44999694824219,151.92999267578125
2026-04-29 14:25:00+00:00,269.3999938964844,198.03500366210938,240.99000549316406,326.8399963378906,265.4825134277344,317.4440002441406,182.72000122070312,52.4900016784668,46.44499969482422,128.27999877929688,125.19999694824219,190.0500030517578,178.6300048828125,39.5099983215332,353.6099853515625,915.219970703125,90.85910034179688,224.88999938964844,310.2749938964844,858.0499877929688,526.3300170898438,671.969970703125,109.51000213623047,188.0500030517578,425.20001220703125,211.11000061035156,39.900699615478516,21.440000534057617,26.259899139404297,49.93000030517578,88.33000183105469,55.970001220703125,469.2049865722656,373.39990234375,91.51000213623047,369.19000244140625,338.489990234375,247.6999969482422,81.30000305175781,152.02000427246094
2026-04-29 14:30:00+00:00,269.2099914550781,197.94000244140625,240.56500244140625,329.4599914550781,265.4750061035156,317.489990234375,182.55999755859375,52.459999084472656,46.540000915527344,128.31500244140625,125.27999877929688,190.13999938964844,178.55999755859375,39.529998779296875,355.0398864746094,914.875,91.69000244140625,225.17140197753906,310.25,857.4199829101562,527.8350219726562,672.5499877929688,109.5199966430664,188.1699981689453,425.5299987792969,211.33999633789062,39.89500045776367,21.479999542236328,26.289899826049805,49.94499969482422,88.45500183105469,56.04999923706055,469.6400146484375,373.4800109863281,91.73999786376953,369.06500244140625,339.42999267578125,249.00999450683594,81.37999725341797,152.19000244140625
2026-04-29 14:35:00+00:00,269.260009765625,198.52999877929688,240.52499389648438,330.8800048828125,265.375,316.7250061035156,182.52999877929688,52.435001373291016,46.52000045776367,128.1999969482422,125.19999694824219,190.14999389648438,178.27999877929688,39.52000045776367,354.9800109863281,913.9849853515625,91.97799682617188,225.53500366210938,310.0799865722656,855.3049926757812,527.2100219726562,673.4249877929688,109.43000030517578,188.0800018310547,425.0150146484375,211.53500366210938,39.849998474121094,21.514999389648438,26.274999618530273,49.915000915527344,88.41000366210938,55.9900016784668,468.3399963378906,372.8851013183594,91.69499969482422,368.7900085449219,338.5299987792969,248.97000122070312,81.33000183105469,152.15069580078125
2026-04-29 14:40:00+00:00,269.3900146484375,199.47500610351562,240.7899932861328,331.25,265.52978515625,316.56500244140625,182.77999877929688,52.40999984741211,46.470001220703125,128.08999633789062,125.23999786376953,190.02499389648438,178.10000610351562,39.47999954223633,354.8900146484375,914.0399780273438,91.53009796142578,225.70460510253906,310.0400085449219,854.3800048828125,527.2929077148438,672.905029296875,109.30999755859375,187.94500732421875,425.5350036621094,211.5800018310547,39.900001525878906,21.559999465942383,26.270000457763672,50.0,88.34500122070312,55.80500030517578,468.4375,373.07501220703125,91.6449966430664,368.1199951171875,338.4624938964844,248.51499938964844,81.27999877929688,152.10000610351562
2026-04-29 14:45:00+00:00,269.6650085449219,199.2449951171875,241.10000610351562,329.989990234375,265.3699951171875,316.6000061035156,182.11000061035156,52.3849983215332,46.53499984741211,128.05999755859375,125.3550033569336,190.24000549316406,177.85000610351562,39.564998626708984,353.7550048828125,913.22998046875,91.83999633789062,225.6999969482422,310.159912109375,853.10498046875,528.3150024414062,671.27001953125,109.2249984741211,188.06500244140625,425.1549987792969,211.0399932861328,39.7400016784668,21.530000686645508,26.290000915527344,50.040000915527344,88.4000015258789,55.70000076293945,467.9750061035156,373.6755065917969,91.75,368.54998779296875,338.5199890136719,248.72000122070312,81.36000061035156,152.22999572753906
2026-04-29 14:50:00+00:00,269.9100036621094,199.8800048828125,240.93099975585938,332.345703125,265.0950927734375,316.92498779296875,182.3699951171875,52.48500061035156,46.494998931884766,128.10000610351562,125.19000244140625,190.1300048828125,178.16000366210938,39.54999923706055,353.07000732421875,913.969970703125,92.45999908447266,225.6699981689453,310.3399963378906,854.114990234375,529.6799926757812,671.780029296875,109.45999908447266,188.27999877929688,425.0508117675781,210.73500061035156,39.84000015258789,21.545000076293945,26.3085994720459,50.04999923706055,88.3499984741211,55.6349983215332,468.0050048828125,373.635009765625,91.68000030517578,367.6600036621094,338.2749938964844,249.1199951171875,81.43000030517578,152.25
2026-04-29 14:55:00+00:00,269.32000732421875,202.53500366210938,241.14500427246094,332.7900085449219,265.1650085449219,316.9200134277344,183.13250732421875,52.494998931884766,46.505001068115234,127.9000015258789,125.25,190.27999877929688,178.11000061035156,39.564998626708984,352.07958984375,913.5,93.29000091552734,225.63999938964844,310.05999755859375,852.8599853515625,528.2899780273438,672.0850219726562,109.62999725341797,188.18499755859375,425.3299865722656,211.3000030517578,39.97719955444336,21.584999084472656,26.325000762939453,50.040000915527344,88.30999755859375,55.61000061035156,466.92999267578125,373.0378112792969,91.63999938964844,367.8900146484375,336.5400085449219,248.5800018310547,81.38500213623047,152.27000427246094
2026-04-29 15:00:00+00:00,269.0400085449219,201.01510620117188,241.64999389648438,332.1549987792969,264.239990234375,317.0101013183594,183.44619750976562,52.474998474121094,46.52000045776367,127.8499984741211,125.26499938964844,190.5,178.36500549316406,39.54499816894531,352.8599853515625,912.7100219726562,93.12999725341797,225.50999450683594,309.94769287109375,853.1799926757812,527.60498046875,671.260009765625,109.8949966430664,188.1300048828125,425.70001220703125,210.85000610351562,39.98500061035156,21.530000686645508,26.325000762939453,50.09000015258789,88.26000213623047,55.439998626708984,466.8399963378906,371.7900085449219,91.6500015258789,368.7900085449219,336.1499938964844,248.3634033203125,81.34500122070312,152.27999877929688
2026-04-29 15:05:00+00:00,269.20001220703125,202.3300018310547,241.21499633789062,330.1300048828125,264.20001220703125,316.260009765625,182.9199981689453,52.44499969482422,46.5,127.69000244140625,125.26000213623047,190.3800048828125,178.30999755859375,39.53499984741211,352.0799865722656,911.219970703125,92.64990234375,225.80999755859375,309.8349914550781,853.5700073242188,527.9400024414062,670.4299926757812,110.00499725341797,187.80999755859375,425.1300048828125,210.69000244140625,39.96500015258789,21.530000686645508,26.35740089416504,49.9900016784668,88.23999786376953,55.41999816894531,467.0199890136719,370.5249938964844,91.51000213623047,368.9200134277344,336.9750061035156,248.22999572753906,81.30000305175781,152.2949981689453
2026-04-29 15:10:00+00:00,268.9150085449219,202.72999572753906,240.75999450683594,329.19000244140625,263.4150085449219,315.5799865722656,182.88499450683594,52.435001373291016,46.4900016784668,127.74500274658203,125.48999786376953,190.54010009765625,178.25,39.61000061035156,351.5899963378906,910.302490234375,92.22989654541016,226.22000122070312,309.6499938964844,856.010009765625,527.0,668.8599853515625,110.02999877929688,187.66419982910156,424.1900939941406,210.38999938964844,39.88999938964844,21.50510025024414,26.3799991607666,49.814998626708984,88.25,55.404998779296875,467.3700866699219,371.57501220703125,91.54000091552734,368.1899108886719,336.0,247.99000549316406,81.19999694824219,152.3800048828125
2026-04-29 15:15:00+00:00,268.875,202.23500061035156,240.83009338378906,329.44000244140625,263.2898864746094,315.5350036621094,183.49000549316406,52.44499969482422,46.505001068115234,127.7677001953125,125.48500061035156,190.5449981689453,178.4199981689453,39.63999938964844,351.8500061035156,909.8599853515625,93.01499938964844,226.17999267578125,309.46990966796875,855.8350219726562,526.510009765625,670.0650024414062,110.33000183105469,187.72999572753906,424.3500061035156,210.88499450683594,39.95500183105469,21.520000457763672,26.375,49.849998474121094,88.19999694824219,55.279998779296875,467.7300109863281,373.2300109863281,91.4000015258789,367.30670166015625,335.364990234375,248.30499267578125,81.20500183105469,152.36000061035156
2026-04-29 15:20:00+00:00,268.9599914550781,202.25999450683594,241.31500244140625,328.8399963378906,263.8999938964844,315.510009765625,183.5500030517578,52.44499969482422,46.47999954223633,127.75,125.5,190.52000427246094,178.3249969482422,39.625,351.55999755859375,909.2999877929688,92.83999633789062,226.52999877929688,309.0899963378906,857.6300048828125,527.0,671.0501098632812,110.34500122070312,187.52999877929688,424.55120849609375,210.8350067138672,39.98500061035156,21.485000610351562,26.3700008392334,49.90999984741211,88.17500305175781,55.33000183105469,467.0199890136719,373.42498779296875,91.4000015258789,367.385009765625,336.5400085449219,248.7949981689453,81.09989929199219,152.39999389648438
2026-04-29 15:25:00+00:00,268.8399963378906,203.11000061035156,241.30499267578125,328.19500732421875,263.94000244140625,315.3599853515625,183.75999450683594,52.47999954223633,46.560001373291016,127.63999938964844,125.70999908447266,190.75999450683594,178.44000244140625,39.6349983215332,351.80999755859375,908.7349853515625,93.1500015258789,226.9600067138672,308.8399963378906,856.7750244140625,527.1799926757812,671.7849731445312,110.38999938964844,187.35400390625,424.3583068847656,210.8000030517578,40.03499984741211,21.520000457763672,26.375,49.90299987792969,88.1500015258789,55.35499954223633,467.16009521484375,374.1400146484375,91.4800033569336,367.94000244140625,337.125,249.34327697753906,81.12989807128906,152.55999755859375
2026-04-29 15:30:00+00:00,268.77508544921875,203.5500030517578,240.9801025390625,327.7261962890625,264.489990234375,315.07000732421875,185.16000366210938,52.44499969482422,46.58000183105469,127.3499984741211,125.70999908447266,190.66000366210938,178.5500030517578,39.63999938964844,352.44000244140625,907.1699829101562,93.22000122070312,226.85000610351562,308.4200134277344,855.155029296875,525.5900268554688,671.0399780273438,110.24785614013672,187.22000122070312,425.1700134277344,211.3350067138672,39.994998931884766,21.559999465942383,26.34000015258789,49.93000030517578,88.36000061035156,55.494998931884766,466.9599914550781,373.9649963378906,91.41999816894531,367.0199890136719,336.29998779296875,249.0,81.05500030517578,152.58999633789062
2026-04-29 15:35:00+00:00,269.07000732421875,205.52499389648438,241.11000061035156,327.2535095214844,264.5400085449219,314.9949951171875,185.18499755859375,52.44499969482422,46.54999923706055,127.2699966430664,125.69000244140625,190.61000061035156,178.6699981689453,39.65999984741211,352.3500061035156,907.1300048828125,93.5250015258789,226.92250061035156,308.2099914550781,855.6199951171875,526.1699829101562,671.1300048828125,110.08999633789062,187.1300048828125,424.6499938964844,211.17999267578125,39.994998931884766,21.540000915527344,26.30500030517578,49.90999984741211,88.22000122070312,55.47999954223633,466.54998779296875,373.1099853515625,91.41999816894531,367.2301025390625,336.57000732421875,248.69000244140625,81.06500244140625,152.52000427246094
2026-04-29 15:40:00+00:00,269.0350036621094,204.91000366210938,241.3800048828125,328.67999267578125,264.2650146484375,315.0799865722656,185.44000244140625,52.470001220703125,46.53499984741211,127.29000091552734,125.77999877929688,190.82000732421875,178.77999877929688,39.7400016784668,351.8916931152344,907.260009765625,93.81999969482422,226.9499969482422,308.4700012207031,855.219970703125,526.3099975585938,671.0399780273438,110.12000274658203,187.23500061035156,424.57000732421875,211.0,39.97999954223633,21.524999618530273,26.295000076293945,49.939998626708984,88.11000061035156,55.375,466.7449951171875,372.5400085449219,91.4800033569336,367.44000244140625,336.3800048828125,248.49000549316406,81.08000183105469,152.7550048828125
2026-04-29 15:45:00+00:00,268.7950134277344,204.77999877929688,242.00999450683594,328.2900085449219,264.31500244140625,315.510009765625,185.8249969482422,52.505001068115234,46.52000045776367,127.38999938964844,125.61499786376953,190.8699951171875,178.9857940673828,39.72999954223633,352.1099853515625,907.8499755859375,93.63690185546875,227.00999450683594,308.67999267578125,857.0349731445312,526.8699951171875,671.1174926757812,110.25,187.35000610351562,424.94000244140625,211.03309631347656,39.970001220703125,21.5,26.334999084472656,49.994998931884766,87.9800033569336,55.435001373291016,467.6499938964844,372.8500061035156,91.44499969482422,367.75,336.28009033203125,247.8000030517578,81.1449966430664,152.6649932861328
2026-04-29 15:50:00+00:00,268.4200134277344,204.5749969482422,241.3000030517578,327.6400146484375,263.4949951171875,314.6099853515625,185.44500732421875,52.36000061035156,46.69499969482422,126.80000305175781,125.93000030517578,191.3300018310547,178.63999938964844,39.95000076293945,351.1199951171875,901.0,92.82980346679688,227.02000427246094,307.7799987792969,856.3099975585938,526.3900146484375,668.739990234375,110.23509979248047,186.03500366210938,423.8349914550781,210.3699951171875,39.869998931884766,21.579999923706055,26.315000534057617,49.86000061035156,88.125,55.404998779296875,467.4299011230469,370.6499938964844,91.62000274658203,367.78009033203125,335.8349914550781,248.63499450683594,80.95999908447266,153.16000366210938
2026-04-29 15:55:00+00:00,268.6300048828125,204.67999267578125,241.5749969482422,327.8599853515625,263.4750061035156,314.885009765625,185.27999877929688,52.3849983215332,46.790000915527344,126.80999755859375,126.11000061035156,191.55999755859375,178.75,40.159000396728516,351.2651062011719,900.6950073242188,92.95700073242188,227.4499969482422,307.7300109863281,855.3599853515625,526.9749755859375,669.219970703125,110.22000122070312,186.0050048828125,424.3349914550781,210.66000366210938,39.915000915527344,21.655000686645508,26.344999313354492,49.880001068115234,88.26000213623047,55.52000045776367,467.92498779296875,370.82000732421875,91.76000213623047,368.2300109863281,336.3500061035156,249.2899932861328,81.02999877929688,153.63999938964844
2026-04-29 16:00:00+00:00,269.0350036621094,204.47999572753906,241.64500427246094,328.0350036621094,263.04998779296875,314.95001220703125,185.44500732421875,52.415000915527344,46.71500015258789,127.04989624023438,126.0199966430664,191.625,179.02999877929688,40.13999938964844,350.6000061035156,901.1900024414062,92.7300033569336,227.71499633789062,308.260009765625,855.2050170898438,526.97998046875,669.0499877929688,110.51000213623047,186.26499938964844,424.489990234375,210.84500122070312,39.94499969482422,21.645000457763672,26.354999542236328,49.95500183105469,88.2249984741211,55.53499984741211,468.3299865722656,371.43499755859375,91.69999694824219,369.04998779296875,335.8399963378906,248.47999572753906,81.18000030517578,153.53500366210938
2026-04-29 16:05:00+00:00,268.7200012207031,204.33999633789062,241.5,328.2300109863281,262.8800048828125,315.1000061035156,185.40499877929688,52.39500045776367,46.689998626708984,126.83000183105469,126.11000061035156,191.94000244140625,178.9949951171875,40.209999084472656,350.25,902.0499877929688,92.99500274658203,227.6300048828125,308.2200012207031,853.5599975585938,527.8250122070312,670.8950805664062,110.47000122070312,186.24000549316406,424.69500732421875,211.05499267578125,39.92499923706055,21.634700775146484,26.354999542236328,49.959999084472656,88.2300033569336,55.44499969482422,468.1499938964844,371.8550109863281,91.76000213623047,369.0249938964844,336.6650085449219,248.8300018310547,81.1500015258789,153.68499755859375
2026-04-29 16:10:00+00:00,269.0050048828125,203.69000244140625,241.41000366210938,327.3450012207031,262.659912109375,314.9049987792969,185.41009521484375,52.393001556396484,46.70000076293945,126.73999786376953,126.16000366210938,191.93499755859375,178.8699951171875,40.22999954223633,350.4750061035156,901.010009765625,92.56999969482422,227.6199951171875,307.9317932128906,851.2611083984375,527.6199951171875,671.6500244140625,110.4800033569336,185.96499633789062,424.20001220703125,210.5050048828125,39.85499954223633,21.65999984741211,26.375,49.904998779296875,88.38999938964844,55.4827995300293,467.8424987792969,371.989990234375,91.76000213623047,369.42498779296875,336.760009765625,249.27499389648438,81.1449966430664,153.9250030517578
2026-04-29 16:15:00+00:00,268.760009765625,204.25,241.39999389648438,326.239990234375,262.2550048828125,315.1300048828125,186.25999450683594,52.415000915527344,46.79999923706055,126.86000061035156,126.56999969482422,192.36000061035156,178.82000732421875,40.2599983215332,349.9599914550781,902.7127075195312,92.51000213623047,228.07000732421875,308.2799987792969,853.7459716796875,528.3499755859375,670.219970703125,110.68499755859375,186.27999877929688,423.2300109863281,209.93499755859375,39.935001373291016,21.69499969482422,26.434999465942383,49.935001373291016,88.52010345458984,55.630001068115234,467.3999938964844,370.9549865722656,91.87000274658203,369.5150146484375,337.5799865722656,249.28500366210938,81.16500091552734,154.2550048828125
2026-04-29 16:20:00+00:00,269.7550048828125,203.8249969482422,241.5500030517578,326.8800048828125,261.9200134277344,315.1400146484375,186.63999938964844,52.42499923706055,46.845001220703125,126.86000061035156,126.7699966430664,192.38999938964844,178.8249969482422,40.26499938964844,349.875,902.27001953125,92.61959838867188,228.1999969482422,308.1300048828125,854.9500122070312,529.1099853515625,669.5349731445312,110.62999725341797,185.97000122070312,422.3399963378906,210.33999633789062,39.935001373291016,21.764999389648438,26.43400001525879,49.974998474121094,88.62000274658203,55.654998779296875,467.7699890136719,371.6050109863281,91.90989685058594,369.1600036621094,337.95001220703125,249.5500030517578,81.19499969482422,154.4499969482422
2026-04-29 16:25:00+00:00,269.82501220703125,204.3300018310547,241.25,328.0799865722656,261.30999755859375,315.17999267578125,186.2899932861328,52.42499923706055,46.82500076293945,126.80000305175781,126.83000183105469,192.33999633789062,178.85000610351562,40.26499938964844,349.3699951171875,902.7000122070312,92.12999725341797,228.35000610351562,307.8949890136719,854.989990234375,529.0,669.1199951171875,110.7300033569336,185.6999969482422,422.010009765625,209.6699981689453,39.95500183105469,21.7450008392334,26.441999435424805,49.95500183105469,88.63999938964844,55.665000915527344,468.07000732421875,371.55499267578125,91.8550033569336,368.7699890136719,337.8324890136719,249.8300018310547,81.16000366210938,154.48500061035156
2026-04-29 16:30:00+00:00,269.9599914550781,204.80999755859375,240.74000549316406,328.2699890136719,260.67498779296875,314.8599853515625,186.25999450683594,52.43989944458008,46.82500076293945,126.75499725341797,126.97000122070312,192.42999267578125,178.78500366210938,40.279998779296875,348.42999267578125,899.9500122070312,92.30000305175781,228.60000610351562,308.0249938964844,854.5700073242188,529.7750244140625,667.1300048828125,110.875,185.52000427246094,420.94000244140625,209.28500366210938,39.875,21.75,26.43000030517578,49.875,88.69999694824219,55.61069869995117,467.7300109863281,370.9750061035156,91.81999969482422,368.2149963378906,337.875,250.1199951171875,81.19999694824219,154.66000366210938
2026-04-29 16:35:00+00:00,269.948486328125,205.24000549316406,240.6020050048828,329.9700012207031,260.93499755859375,315.0274963378906,186.36000061035156,52.400001525878906,46.77000045776367,126.69999694824219,126.77999877929688,191.99000549316406,178.8000030517578,40.18000030517578,348.30999755859375,901.3900146484375,92.99500274658203,228.3699951171875,308.21209716796875,855.260009765625,529.3699951171875,668.0900268554688,110.80000305175781,185.6300048828125,421.42498779296875,209.60699462890625,39.875,21.69070053100586,26.420000076293945,49.875,88.57499694824219,55.4900016784668,468.81500244140625,371.2301025390625,91.79000091552734,367.8500061035156,337.4649963378906,249.91000366210938,81.16999816894531,154.27000427246094
2026-04-29 16:40:00+00:00,270.20001220703125,204.40499877929688,240.8800048828125,329.92498779296875,261.0899963378906,315.1449890136719,185.85000610351562,52.404998779296875,46.650001525878906,126.7074966430664,126.52999877929688,191.58999633789062,178.89999389648438,40.029998779296875,348.5450134277344,900.885009765625,93.17269897460938,228.36500549316406,308.2200012207031,855.25,529.7349853515625,668.27001953125,110.83000183105469,185.69749450683594,422.18499755859375,209.58999633789062,39.92499923706055,21.6299991607666,26.415000915527344,49.880001068115234,88.37000274658203,55.36000061035156,469.3360900878906,372.3497009277344,91.625,368.2101135253906,337.3699951171875,249.73500061035156,81.2249984741211,154.10000610351562
2026-04-29 16:45:00+00:00,270.489990234375,204.4250030517578,240.8300018310547,330.0400085449219,261.3299865722656,315.1199951171875,185.63250732421875,52.415000915527344,46.70500183105469,126.7750015258789,126.69000244140625,191.75999450683594,178.65499877929688,40.13999938964844,348.29998779296875,900.9849853515625,93.25,228.3300018310547,308.17999267578125,854.2249755859375,529.77001953125,668.02001953125,110.70500183105469,185.8300018310547,422.19000244140625,209.5800018310547,39.89500045776367,21.670000076293945,26.434999465942383,49.880001068115234,88.47000122070312,55.48500061035156,468.44000244140625,372.635009765625,91.70999908447266,368.5199890136719,337.7250061035156,250.88999938964844,81.23500061035156,154.31500244140625
2026-04-29 16:50:00+00:00,270.79998779296875,204.61000061035156,240.77999877929688,330.5450134277344,261.239990234375,315.19000244140625,185.50999450683594,52.369998931884766,46.66999816894531,126.70999908447266,126.84500122070312,191.74000549316406,178.58999633789062,40.150001525878906,348.2049865722656,901.3900146484375,93.19000244140625,228.2899932861328,307.9200134277344,853.0999755859375,530.2874755859375,667.6649780273438,110.79000091552734,185.58999633789062,422.614990234375,209.19000244140625,39.875,21.665000915527344,26.430099487304688,49.89500045776367,88.42500305175781,55.470001220703125,468.260009765625,372.80999755859375,91.68070220947266,369.010009765625,337.8900146484375,250.50999450683594,81.22000122070312,154.3800048828125
2026-04-29 16:55:00+00:00,270.95001220703125,204.22999572753906,240.69000244140625,330.8999938964844,261.5849914550781,315.239990234375,184.90499877929688,52.38990020751953,46.70500183105469,126.69999694824219,126.95500183105469,191.9600067138672,178.43499755859375,40.185001373291016,347.9200134277344,902.0798950195312,93.2300033569336,227.97000122070312,308.0400085449219,851.97998046875,530.1099853515625,667.6849975585938,110.5999984741211,185.75999450683594,422.42999267578125,208.89999389648438,39.915000915527344,21.690000534057617,26.405000686645508,49.93000030517578,88.54000091552734,55.494998931884766,467.5299987792969,372.5498046875,91.77999877929688,368.989990234375,337.70001220703125,250.9199981689453,81.19999694824219,154.57000732421875
2026-04-29 17:00:00+00:00,270.3299865722656,204.14999389648438,240.39999389648438,330.610107421875,261.760009765625,315.1650085449219,184.52000427246094,52.43000030517578,46.75,126.83499908447266,127.05999755859375,192.44000244140625,178.1999969482422,40.2599983215332,347.8599853515625,902.469970703125,93.29499816894531,228.13499450683594,308.1600036621094,852.22998046875,529.4500122070312,667.8900146484375,110.33999633789062,186.10499572753906,422.3399963378906,209.13999938964844,39.88999938964844,21.7450008392334,26.350000381469727,49.900001525878906,88.58000183105469,55.45500183105469,467.2699890136719,372.19000244140625,92.08999633789062,368.7900085449219,337.04998779296875,251.3800048828125,81.2300033569336,154.91000366210938
2026-04-29 17:05:00+00:00,270.3699951171875,204.46499633789062,240.47999572753906,330.8949890136719,262.1400146484375,314.9100036621094,184.5,52.45500183105469,46.70500183105469,126.91000366210938,126.8499984741211,192.1199951171875,178.22999572753906,40.23500061035156,348.30499267578125,902.5750122070312,93.23999786376953,228.11500549316406,308.1449890136719,853.1599731445312,528.8599853515625,669.9998779296875,110.44999694824219,186.26010131835938,422.7049865722656,209.55999755859375,39.8849983215332,21.745100021362305,26.33139991760254,49.86009979248047,88.5199966430664,55.42499923706055,466.7300109863281,372.67999267578125,92.01499938964844,368.70001220703125,336.7699890136719,250.73500061035156,81.26499938964844,154.60000610351562
2026-04-29 17:10:00+00:00,270.135009765625,204.27999877929688,240.10000610351562,332.4800109863281,262.0299987792969,314.9200134277344,184.5449981689453,52.494998931884766,46.7599983215332,126.93499755859375,126.91999816894531,192.33990478515625,178.13499450683594,40.21500015258789,348.28009033203125,903.6300048828125,93.48989868164062,228.27000427246094,308.2099914550781,853.0700073242188,528.4400024414062,670.0800170898438,110.34500122070312,186.3000030517578,422.17498779296875,209.5,39.8849983215332,21.774999618530273,26.334999084472656,49.7599983215332,88.66000366210938,55.4900016784668,466.9150085449219,373.1294860839844,92.16000366210938,368.5899963378906,336.260009765625,250.6300048828125,81.22000122070312,154.77000427246094
2026-04-29 17:15:00+00:00,270.0050048828125,204.11000061035156,240.22000122070312,331.739990234375,262.3800048828125,315.125,184.75999450683594,52.52000045776367,46.77000045776367,127.01000213623047,126.91999816894531,192.2899932861328,178.26499938964844,40.21500015258789,348.6199951171875,903.3524780273438,93.4551010131836,228.27000427246094,308.30999755859375,852.1799926757812,528.864990234375,670.27001953125,110.37000274658203,186.4199981689453,422.32501220703125,209.32989501953125,39.88999938964844,21.815000534057617,26.329999923706055,49.810001373291016,88.62999725341797,55.61000061035156,467.07000732421875,373.0799865722656,92.23999786376953,368.6199951171875,336.3599853515625,250.80999755859375,81.2300033569336,154.6199951171875
2026-04-29 17:20:00+00:00,270.06329345703125,203.7899932861328,240.5458984375,332.5799865722656,262.28009033203125,315.1199951171875,184.539794921875,52.559898376464844,46.71500015258789,127.0250015258789,126.79000091552734,192.05999755859375,178.0850067138672,40.19499969482422,349.05999755859375,902.5499877929688,93.30220031738281,227.89500427246094,308.32000732421875,852.155029296875,528.3049926757812,670.419921875,110.43000030517578,186.25,422.67999267578125,209.2899932861328,39.8849983215332,21.852500915527344,26.30500030517578,49.820098876953125,88.58000183105469,55.6349983215332,465.92999267578125,373.42999267578125,92.15499877929688,368.42999267578125,336.17999267578125,250.68800354003906,81.25499725341797,154.47320556640625
2026-04-29 17:25:00+00:00,270.20001220703125,203.86000061035156,240.65499877929688,333.2950134277344,262.0899963378906,315.2699890136719,184.47000122070312,52.58000183105469,46.54999923706055,127.12999725341797,126.66999816894531,191.86000061035156,178.06500244140625,40.13999938964844,349.07000732421875,903.0900268554688,93.06999969482422,227.94500732421875,308.4700012207031,852.4650268554688,529.426025390625,670.6699829101562,110.47000122070312,186.19000244140625,423.1600036621094,209.43699645996094,39.935001373291016,21.834999084472656,26.30500030517578,49.89500045776367,88.49500274658203,55.54499816894531,466.17498779296875,373.20001220703125,91.87000274658203,368.0849914550781,336.6050109863281,250.49000549316406,81.2300033569336,154.42999267578125
2026-04-29 17:30:00+00:00,270.3800048828125,204.28500366210938,240.9499969482422,333.28680419921875,262.125,315.1499938964844,184.4550018310547,52.650001525878906,46.52000045776367,127.2300033569336,126.75499725341797,191.64500427246094,177.91000366210938,40.1349983215332,349.04998779296875,903.4000244140625,92.92500305175781,227.8800048828125,308.7049865722656,852.1500244140625,530.6500244140625,670.4450073242188,110.36000061035156,186.3350067138672,423.3349914550781,209.3300018310547,39.994998931884766,21.795000076293945,26.274999618530273,49.9900016784668,88.4000015258789,55.505001068115234,465.4725036621094,373.05999755859375,91.79000091552734,368.1449890136719,337.0199890136719,249.88999938964844,81.23999786376953,154.3000030517578
2026-04-29 17:35:00+00:00,270.39898681640625,204.47999572753906,241.2899932861328,332.7294006347656,262.4913024902344,315.0150146484375,184.35000610351562,52.654998779296875,46.56999969482422,127.12000274658203,126.91000366210938,192.02000427246094,177.82000732421875,40.22999954223633,348.92999267578125,902.4500122070312,93.21790313720703,227.80999755859375,308.44000244140625,852.5250244140625,530.2899780273438,669.7550048828125,110.47000122070312,185.99000549316406,423.614990234375,209.22999572753906,39.974998474121094,21.815000534057617,26.270000457763672,50.01499938964844,88.51499938964844,55.525001525878906,465.6600036621094,372.5950012207031,91.87999725341797,368.1400146484375,336.32000732421875,250.44000244140625,81.27999877929688,154.5800018310547
2026-04-29 17:40:00+00:00,270.3599853515625,204.0500030517578,241.52000427246094,332.4587097167969,262.6400146484375,314.6700134277344,184.61302185058594,52.64500045776367,46.61989974975586,127.06999969482422,126.9800033569336,192.1300048828125,177.5753936767578,40.310001373291016,349.1000061035156,901.905029296875,92.95999908447266,227.75999450683594,308.364990234375,853.1749877929688,529.6699829101562,670.2999877929688,110.4000015258789,186.02999877929688,423.95001220703125,209.2949981689453,39.999298095703125,21.825000762939453,26.270000457763672,50.00299835205078,88.63999938964844,55.474998474121094,465.1400146484375,372.7149963378906,91.94999694824219,367.6661071777344,336.1000061035156,250.75999450683594,81.26499938964844,154.61000061035156
2026-04-29 17:45:00+00:00,270.3999938964844,204.0500030517578,241.58160400390625,332.7799987792969,263.05999755859375,314.6700134277344,184.89999389648438,52.67499923706055,46.5890007019043,127.16000366210938,127.01000213623047,192.08999633789062,177.69000244140625,40.26499938964844,349.1199951171875,903.6599731445312,93.26000213623047,227.7899932861328,308.68499755859375,853.2000122070312,530.3499755859375,671.260009765625,110.46499633789062,186.24000549316406,423.8500061035156,209.4600067138672,39.97869873046875,21.854999542236328,26.28230094909668,50.06999969482422,88.6050033569336,55.48500061035156,465.5249938964844,373.04998779296875,91.94499969482422,368.1401062011719,336.6000061035156,251.0,81.31999969482422,154.4149932861328
2026-04-29 17:50:00+00:00,270.3399963378906,204.2449951171875,241.75999450683594,333.30499267578125,262.8800048828125,315.0899963378906,184.42999267578125,52.720001220703125,46.595001220703125,127.22000122070312,126.8550033569336,191.89999389648438,177.68499755859375,40.2400016784668,348.8800048828125,903.1699829101562,93.53009796142578,227.94000244140625,308.7650146484375,854.0900268554688,530.52001953125,671.1589965820312,110.63999938964844,186.33999633789062,423.5799865722656,209.09869384765625,39.970001220703125,21.84000015258789,26.302200317382812,50.084999084472656,88.4800033569336,55.494998931884766,465.760009765625,373.0080871582031,91.87000274658203,368.1000061035156,336.9800109863281,250.32000732421875,81.4000015258789,154.07000732421875
2026-04-29 17:55:00+00:00,270.1700134277344,204.22999572753906,241.86000061035156,335.114990234375,263.2300109863281,315.2550048828125,184.72500610351562,52.724998474121094,46.4900016784668,127.30000305175781,126.75,191.67999267578125,177.6199951171875,40.17499923706055,349.1199951171875,904.6500244140625,93.5073013305664,227.8800048828125,308.86468505859375,853.89501953125,530.5499877929688,671.8098754882812,110.70999908447266,186.47500610351562,423.3500061035156,209.1300048828125,39.935001373291016,21.825000762939453,26.295000076293945,50.10020065307617,88.49500274658203,55.494998931884766,465.8399963378906,372.8900146484375,91.8550033569336,368.30999755859375,336.9425048828125,250.64999389648438,81.42510223388672,153.9199981689453
2026-04-29 18:00:00+00:00,269.80999755859375,203.76499938964844,241.9199981689453,334.5,263.4200134277344,314.8800048828125,184.57000732421875,52.6150016784668,46.45000076293945,126.8499984741211,126.79000091552734,191.77999877929688,177.06109619140625,40.290000915527344,348.4150085449219,901.22998046875,93.2699966430664,227.7899932861328,308.29998779296875,852.4000244140625,530.77001953125,670.5700073242188,110.50499725341797,186.0,422.6400146484375,208.4250030517578,39.86000061035156,21.8700008392334,26.264999389648438,50.04999923706055,88.4749984741211,55.46500015258789,464.07000732421875,371.6499938964844,91.86000061035156,367.7724914550781,337.06500244140625,250.47000122070312,81.20500183105469,154.08999633789062
2026-04-29 18:05:00+00:00,269.7698059082031,204.08999633789062,241.6649932861328,334.2049865722656,263.1600036621094,314.92999267578125,184.7100067138672,52.55500030517578,46.470001220703125,126.73999786376953,126.93499755859375,191.8300018310547,176.75,40.32500076293945,348.56500244140625,900.5650024414062,93.06999969482422,227.8350067138672,308.0,853.27001953125,529.4600219726562,669.6500244140625,110.5,185.8800048828125,422.90850830078125,207.8300018310547,39.869998931884766,21.8700008392334,26.274999618530273,50.01499938964844,88.52999877929688,55.40315246582031,463.0899963378906,371.07000732421875,91.87000274658203,367.80499267578125,337.17999267578125,250.60499572753906,81.17500305175781,154.25
2026-04-29 18:10:00+00:00,270.0400085449219,203.86480712890625,241.7100067138672,334.05999755859375,263.3900146484375,314.70989990234375,184.3300018310547,52.55500030517578,46.42499923706055,126.70999908447266,126.95999908447266,191.82000732421875,176.8699951171875,40.310001373291016,349.2099914550781,900.0800170898438,93.29499816894531,227.77499389648438,308.06500244140625,852.75,529.8499755859375,670.7949829101562,110.5,185.69500732421875,423.0899963378906,207.92999267578125,39.904998779296875,21.8700008392334,26.28499984741211,50.035099029541016,88.55500030517578,55.404998779296875,463.2950134277344,371.2349853515625,91.87999725341797,368.07000732421875,337.32000732421875,250.28500366210938,81.20999908447266,154.27999877929688
2026-04-29 18:15:00+00:00,270.0400085449219,204.1699981689453,242.05999755859375,334.7550048828125,263.614990234375,314.90008544921875,184.43499755859375,52.57500076293945,46.38999938964844,126.76000213623047,126.7699966430664,191.52000427246094,177.2100067138672,40.23500061035156,349.7499084472656,902.1400146484375,93.47000122070312,227.66000366210938,308.2099914550781,851.7550048828125,529.5800170898438,671.7449951171875,110.38500213623047,186.02999877929688,423.760009765625,208.47500610351562,39.98500061035156,21.847999572753906,26.269899368286133,51.5,88.5,55.314998626708984,463.7225036621094,371.82000732421875,91.7750015258789,368.2049865722656,337.30499267578125,249.57000732421875,81.24500274658203,154.07000732421875
2026-04-29 18:20:00+00:00,269.8900146484375,203.8800048828125,242.16000366210938,336.1300048828125,263.6669921875,314.95001220703125,184.52999877929688,52.685001373291016,46.404998779296875,127.0,126.7699966430664,191.47999572753906,177.5,40.099998474121094,349.45001220703125,903.6699829101562,93.80999755859375,227.65499877929688,308.510009765625,851.9400024414062,528.9550170898438,671.5050048828125,110.31500244140625,186.35000610351562,423.760009765625,208.38999938964844,39.939998626708984,21.854999542236328,26.2549991607666,50.849998474121094,88.4800033569336,55.375,463.56500244140625,371.6400146484375,91.76000213623047,367.92999267578125,337.2300109863281,249.32000732421875,81.4000015258789,153.99000549316406
2026-04-29 18:25:00+00:00,269.739990234375,204.1999969482422,242.3300018310547,335.7749938964844,263.44000244140625,314.4549865722656,184.49000549316406,52.650001525878906,46.46500015258789,126.88999938964844,126.92500305175781,191.5800018310547,177.8350067138672,40.209999084472656,349.1600036621094,902.6749877929688,93.46499633789062,227.63999938964844,308.2200012207031,852.2349853515625,529.219970703125,670.655029296875,110.58999633789062,186.23500061035156,423.6549987792969,208.0449981689453,39.96500015258789,21.915000915527344,26.264999389648438,50.61000061035156,88.54000091552734,55.404998779296875,464.07501220703125,371.4150085449219,91.83000183105469,367.57000732421875,337.04620361328125,249.6199951171875,81.3499984741211,154.15980529785156
2026-04-29 18:30:00+00:00,269.8299865722656,203.72999572753906,242.46499633789062,335.875,263.510009765625,314.4200134277344,184.3300018310547,52.67499923706055,46.375,126.7699966430664,126.8499984741211,191.5124969482422,177.6699981689453,40.150001525878906,349.1700134277344,902.2349853515625,93.44010162353516,227.47999572753906,308.3900146484375,851.75,529.4099731445312,671.3250122070312,110.5199966430664,186.11500549316406,423.4849853515625,207.9199981689453,39.94499969482422,21.875,26.2549991607666,50.82500076293945,88.47000122070312,55.2599983215332,463.4549865722656,371.17999267578125,91.73999786376953,367.7550048828125,337.05499267578125,249.01499938964844,81.3499984741211,154.08999633789062
2026-04-29 18:35:00+00:00,269.7401123046875,204.2050018310547,242.30999755859375,336.7699890136719,263.3399963378906,314.8999938964844,184.34500122070312,52.73500061035156,46.334999084472656,126.88999938964844,126.72000122070312,191.40499877929688,177.94500732421875,40.02000045776367,349.6098937988281,903.5650024414062,93.52010345458984,227.69500732421875,308.42999267578125,852.0800170898438,529.7899169921875,671.8099975585938,110.71990203857422,186.13499450683594,423.2349853515625,208.2100067138672,39.95000076293945,21.8700008392334,26.274999618530273,50.77000045776367,88.41500091552734,55.26499938964844,463.6449890136719,371.6600036621094,91.73280334472656,368.3611145019531,336.9700012207031,249.1199951171875,81.43499755859375,153.9499969482422
2026-04-29 18:40:00+00:00,269.5097961425781,204.3000030517578,242.19500732421875,336.3800048828125,263.0400085449219,314.3699951171875,184.30999755859375,52.650001525878906,46.279998779296875,126.70999908447266,126.83999633789062,191.3300018310547,177.49000549316406,39.97999954223633,349.2799987792969,901.6400146484375,93.37000274658203,227.38999938964844,308.07000732421875,850.5999755859375,528.6699829101562,671.1599731445312,110.68000030517578,185.89999389648438,423.6000061035156,208.03500366210938,39.96989822387695,21.834999084472656,26.2450008392334,50.6349983215332,88.40499877929688,55.20000076293945,462.5299987792969,371.2149963378906,91.7300033569336,368.30999755859375,336.739013671875,248.47999572753906,81.34500122070312,153.9199981689453
2026-04-29 18:45:00+00:00,269.8299865722656,204.14999389648438,242.7978057861328,337.3800048828125,263.44500732421875,314.739990234375,184.48350524902344,52.650001525878906,46.19110107421875,126.83999633789062,126.68499755859375,191.07000732421875,177.5500030517578,39.904998779296875,349.9700012207031,903.6799926757812,93.65370178222656,227.0399932861328,308.3900146484375,851.5150146484375,528.38037109375,672.280029296875,110.81999969482422,186.3300018310547,424.510009765625,208.54989624023438,40.06999969482422,21.733699798583984,26.234899520874023,50.7599983215332,88.30799865722656,55.19499969482422,462.4775085449219,372.54998779296875,91.58000183105469,368.45001220703125,336.9200134277344,248.27000427246094,81.44999694824219,153.6699981689453
2026-04-29 18:50:00+00:00,269.8349914550781,204.47000122070312,243.25,337.2298889160156,263.3399963378906,314.7200012207031,184.77000427246094,52.625,46.26499938964844,126.80500030517578,126.80999755859375,191.33999633789062,177.44000244140625,39.89500045776367,350.18499755859375,903.7100219726562,93.87000274658203,226.89999389648438,308.2749938964844,851.3699951171875,528.3400268554688,672.0,110.87999725341797,186.38999938964844,424.5199890136719,208.43179321289062,40.125,21.834999084472656,26.235000610351562,50.744998931884766,88.41000366210938,55.310001373291016,462.364990234375,373.17498779296875,91.68000030517578,368.5201110839844,336.4599914550781,248.72999572753906,81.46499633789062,153.77000427246094
2026-04-29 18:55:00+00:00,270.07501220703125,204.44000244140625,243.45230102539062,337.45001220703125,263.8800048828125,315.1600036621094,184.91000366210938,52.68000030517578,46.345001220703125,127.11000061035156,126.81999969482422,191.36000061035156,177.80999755859375,39.90999984741211,351.2049865722656,905.27001953125,93.77010345458984,226.94500732421875,308.57000732421875,852.719970703125,528.9600219726562,673.3099975585938,111.0199966430664,186.71499633789062,424.9811096191406,208.96009826660156,40.1349983215332,21.850000381469727,26.2450008392334,51.025001525878906,88.5199966430664,55.415000915527344,463.05999755859375,374.2049865722656,91.7699966430664,368.4700012207031,336.7701110839844,248.94000244140625,81.59500122070312,153.69000244140625
2026-04-29 19:00:00+00:00,270.2099914550781,204.66000366210938,243.25999450683594,337.5799865722656,263.30999755859375,314.8299865722656,185.74000549316406,52.720001220703125,46.34000015258789,127.3499984741211,127.0,191.4499969482422,177.94000244140625,39.970001220703125,350.94000244140625,905.1300048828125,93.5250015258789,227.0,308.6700134277344,853.0449829101562,529.0,672.4000244140625,111.16999816894531,186.80999755859375,424.5299987792969,208.89999389648438,40.15999984741211,21.84000015258789,26.250099182128906,50.855098724365234,88.54499816894531,55.39500045776367,463.32000732421875,373.5450134277344,91.77989959716797,368.42999267578125,336.32501220703125,249.2949981689453,81.57499694824219,153.72999572753906
2026-04-29 19:05:00+00:00,270.239990234375,204.6999969482422,243.25,338.3500061035156,263.1300048828125,315.05999755859375,185.69000244140625,52.744998931884766,46.3650016784668,127.47000122070312,127.05000305175781,191.47000122070312,178.55999755859375,39.96500015258789,350.7900085449219,906.0399780273438,93.33000183105469,226.90499877929688,308.739990234375,854.6229858398438,529.0460815429688,671.75,111.18000030517578,187.0,424.2900085449219,208.80999755859375,40.244998931884766,21.84000015258789,26.235000610351562,50.89500045776367,88.63500213623047,55.42499923706055,464.05999755859375,373.4750061035156,91.86000061035156,368.7250061035156,336.42999267578125,249.3800048828125,81.62000274658203,153.9499969482422
2026-04-29 19:10:00+00:00,270.260009765625,204.6699981689453,243.35000610351562,338.70001220703125,263.42999267578125,315.3699951171875,184.9949951171875,52.84000015258789,46.54999923706055,127.61009979248047,127.45500183105469,191.72000122070312,178.71499633789062,40.07500076293945,351.2043151855469,906.9099731445312,93.8551025390625,227.16000366210938,309.2099914550781,855.4196166992188,529.1500244140625,673.030029296875,111.20500183105469,187.3300018310547,424.7099914550781,209.17999267578125,40.314998626708984,21.899999618530273,26.274999618530273,51.040000915527344,88.79000091552734,55.459999084472656,464.260009765625,374.45001220703125,92.03500366210938,368.9599914550781,336.81500244140625,249.89999389648438,81.69499969482422,154.1300048828125
2026-04-29 19:15:00+00:00,270.25,204.44000244140625,243.40499877929688,338.8999938964844,263.139892578125,315.7449951171875,184.97000122070312,52.90999984741211,46.55500030517578,127.58499908447266,127.5250015258789,191.75,179.0050048828125,40.08000183105469,351.4100036621094,906.89501953125,93.68499755859375,227.2100067138672,309.1708068847656,853.760009765625,528.72998046875,673.4600219726562,111.12000274658203,187.27000427246094,424.8699951171875,209.36000061035156,40.34859848022461,21.94499969482422,26.260000228881836,50.974998474121094,88.7750015258789,55.44499969482422,464.9200134277344,374.42999267578125,92.04000091552734,369.67999267578125,336.78070068359375,250.22000122070312,81.68499755859375,154.14999389648438
2026-04-29 19:20:00+00:00,270.2049865722656,204.63999938964844,243.22000122070312,339.44000244140625,263.3900146484375,315.30499267578125,184.99000549316406,52.92499923706055,46.55500030517578,127.62999725341797,127.58999633789062,191.77000427246094,179.00999450683594,40.064998626708984,351.5299987792969,906.7150268554688,94.11000061035156,227.14999389648438,309.5,853.5800170898438,528.1300048828125,673.8599853515625,110.94000244140625,187.22999572753906,424.7929992675781,209.25,40.28200149536133,21.924999237060547,26.264999389648438,50.9900016784668,88.84500122070312,55.48500061035156,465.06500244140625,374.28009033203125,92.04499816894531,369.760009765625,336.20001220703125,250.7550048828125,81.70220184326172,154.16209411621094
2026-04-29 19:25:00+00:00,270.2799987792969,204.47999572753906,243.3300018310547,339.3500061035156,262.6000061035156,314.9800109863281,184.69000244140625,52.904998779296875,46.599998474121094,127.57499694824219,127.76000213623047,191.8350067138672,178.72999572753906,40.095001220703125,351.32000732421875,906.4400024414062,93.80999755859375,226.99989318847656,309.5400085449219,852.0900268554688,527.52001953125,673.4000244140625,110.87999725341797,187.25,424.9800109863281,209.3249969482422,40.275001525878906,21.93000030517578,26.250099182128906,51.06999969482422,88.86000061035156,55.48500061035156,464.3500061035156,373.92999267578125,92.23999786376953,369.54998779296875,335.56500244140625,251.47999572753906,81.63500213623047,154.21249389648438
2026-04-29 19:30:00+00:00,269.875,204.52000427246094,243.00999450683594,338.6700134277344,262.6099853515625,315.0799865722656,184.09750366210938,52.915000915527344,46.59000015258789,127.44999694824219,127.87999725341797,192.1300048828125,178.5749969482422,40.11000061035156,351.0,905.97998046875,93.81999969482422,226.9600067138672,309.4599914550781,853.02001953125,527.4400024414062,672.4298706054688,110.94000244140625,187.1999969482422,424.07000732421875,209.06680297851562,40.23500061035156,21.940000534057617,26.235000610351562,50.939998626708984,88.88999938964844,55.45500183105469,464.0450134277344,372.7898864746094,92.27999877929688,370.0,334.9599914550781,251.39999389648438,81.61000061035156,154.360107421875
2026-04-29 19:35:00+00:00,269.95001220703125,204.90499877929688,242.84500122070312,337.3500061035156,262.5899963378906,315.2200012207031,184.5500030517578,52.97999954223633,46.654998779296875,127.55999755859375,128.0399932861328,192.07000732421875,178.86000061035156,40.10499954223633,351.2699890136719,906.9000244140625,93.91000366210938,226.9149932861328,309.67999267578125,855.0,527.8300170898438,672.6900024414062,110.95999908447266,187.35499572753906,424.25,209.19000244140625,40.23500061035156,21.90999984741211,26.252700805664062,50.915000915527344,88.875,55.494998931884766,465.6199951171875,372.8500061035156,92.44000244140625,369.95001220703125,335.7799987792969,251.8000030517578,81.65499877929688,154.41000366210938
2026-04-29 19:40:00+00:00,269.8599853515625,204.97000122070312,242.92999267578125,337.25,262.2200012207031,315.2300109863281,184.56500244140625,52.94499969482422,46.65999984741211,127.5199966430664,127.75,191.75999450683594,178.9250030517578,40.06999969482422,350.55999755859375,906.8900146484375,94.12529754638672,226.75,309.3500061035156,855.8900146484375,527.1099853515625,671.6300048828125,110.88500213623047,187.30499267578125,423.385009765625,208.9700927734375,40.26499938964844,21.889999389648438,26.260000228881836,50.915000915527344,88.84500122070312,55.45000076293945,465.44500732421875,372.4700012207031,92.30999755859375,369.2099914550781,335.6000061035156,250.9550018310547,81.55999755859375,154.1199951171875
2026-04-29 19:45:00+00:00,269.79998779296875,204.9600067138672,243.13499450683594,336.69000244140625,262.510009765625,315.42999267578125,184.52000427246094,52.97999954223633,46.7599983215332,127.40499877929688,127.87000274658203,191.9600067138672,178.52000427246094,40.1609992980957,350.3999938964844,907.5,94.3301010131836,226.75509643554688,309.43499755859375,854.64501953125,527.6300048828125,671.3400268554688,110.80000305175781,187.24000549316406,423.92999267578125,209.0200958251953,40.29999923706055,21.889999389648438,26.26810073852539,50.880001068115234,88.83000183105469,55.494998931884766,465.2749938964844,372.6300048828125,92.47000122070312,370.38250732421875,336.239990234375,251.6300048828125,81.62000274658203,154.2449951171875
2026-04-29 19:50:00+00:00,269.9700012207031,204.4600067138672,243.2899932861328,336.4700927734375,262.4901123046875,315.5849914550781,184.85000610351562,52.96989822387695,46.76499938964844,127.45999908447266,127.87999725341797,191.9250030517578,178.5,40.10499954223633,350.1000061035156,907.5700073242188,94.34249877929688,227.06500244140625,309.68499755859375,852.75,527.8300170898438,670.9400024414062,110.87999725341797,187.15499877929688,423.67999267578125,209.07000732421875,40.32500076293945,21.854999542236328,26.264999389648438,50.98500061035156,88.76000213623047,55.525001525878906,465.95989990234375,373.2200927734375,92.36000061035156,370.4049987792969,336.0,251.02499389648438,81.59500122070312,154.47500610351562
2026-04-29 19:55:00+00:00,270.19000244140625,204.1300048828125,243.5,337.07000732421875,263.2699890136719,315.6400146484375,185.19000244140625,52.88999938964844,46.79999923706055,127.63999938964844,128.25,192.2100067138672,178.7899932861328,40.06999969482422,350.20001220703125,905.8300170898438,94.77999877929688,227.3300018310547,309.2799987792969,851.3200073242188,525.1699829101562,669.9400024414062,111.01000213623047,187.10000610351562,424.6400146484375,209.31500244140625,40.279998779296875,21.850000381469727,26.270000457763672,50.939998626708984,88.88999938964844,55.70000076293945,466.45001220703125,372.79998779296875,92.31999969482422,370.7099914550781,334.8500061035156,251.3249969482422,81.5199966430664,154.6699981689453
2026-04-30 13:30:00+00:00,269.0350036621094,210.9149932861328,238.89999389648438,334.43499755859375,266.67498779296875,316.57000732421875,187.64999389648438,52.66999816894531,46.7599983215332,128.10000610351562,125.33499908447266,191.02999877929688,177.93499755859375,39.880001068115234,372.80010986328125,911.7349853515625,93.0999984741211,228.16000366210938,309.9800109863281,902.0150146484375,504.55999755859375,602.0050048828125,108.63999938964844,186.14010620117188,410.5899963378906,208.73500061035156,41.90230178833008,21.75,26.43000030517578,49.96500015258789,89.20999908447266,55.88999938964844,462.7099914550781,370.56500244140625,91.61000061035156,366.8699951171875,331.5799865722656,248.33999633789062,81.20500183105469,152.63999938964844
2026-04-30 13:35:00+00:00,268.8299865722656,211.99000549316406,239.86000061035156,336.125,260.2099914550781,316.57501220703125,187.91000366210938,52.72999954223633,46.67499923706055,127.86000061035156,125.18499755859375,191.60000610351562,177.44000244140625,39.88999938964844,370.1400146484375,909.0,93.06999969482422,229.00999450683594,309.94940185546875,904.0,505.2325134277344,602.989990234375,110.12000274658203,186.07000732421875,410.9198913574219,207.6300048828125,42.20000076293945,21.799999237060547,26.575000762939453,49.959999084472656,89.33000183105469,55.82500076293945,462.8900146484375,369.44000244140625,91.69000244140625,365.2900085449219,331.010009765625,252.8300018310547,81.31500244140625,153.4600067138672
2026-04-30 13:40:00+00:00,269.07000732421875,211.1300048828125,240.02999877929688,340.07501220703125,261.2449951171875,318.1000061035156,187.85000610351562,52.87099838256836,46.650001525878906,128.20750427246094,125.55999755859375,191.7050018310547,178.3350067138672,39.849998474121094,370.2749938964844,911.0,94.05999755859375,229.16000366210938,310.385009765625,906.9500122070312,508.7950134277344,608.530029296875,110.32499694824219,187.07000732421875,409.79998779296875,206.75,42.224998474121094,21.729999542236328,26.545000076293945,50.29499816894531,89.2300033569336,55.93000030517578,466.5,371.45001220703125,91.72000122070312,364.6099853515625,330.82000732421875,252.53500366210938,81.44000244140625,153.42999267578125
2026-04-30 13:45:00+00:00,269.4684143066406,211.6649932861328,238.69000244140625,339.92999267578125,260.4700012207031,317.7200012207031,187.84500122070312,52.93000030517578,46.79999923706055,128.14999389648438,126.03500366210938,191.9499969482422,178.4600067138672,39.900001525878906,371.6300048828125,910.9099731445312,92.47000122070312,229.24679565429688,310.3299865722656,910.375,509.7699890136719,607.4099731445312,110.55500030517578,187.0800018310547,408.4200134277344,206.38999938964844,42.25,21.809999465942383,26.565000534057617,50.220001220703125,89.48999786376953,55.915000915527344,467.0400085449219,371.56500244140625,91.9000015258789,365.44000244140625,330.8949890136719,248.55999755859375,81.5199966430664,153.88999938964844
2026-04-30 13:50:00+00:00,270.5880126953125,211.77999877929688,237.3863067626953,339.6075134277344,260.614990234375,318.4700012207031,188.24000549316406,53.025001525878906,46.95000076293945,128.42999267578125,126.24500274658203,192.11000061035156,177.64500427246094,40.029998779296875,368.989990234375,912.6500244140625,92.1084976196289,230.0,310.8999938964844,910.7449951171875,510.6600036621094,604.2899780273438,111.16999816894531,187.2899932861328,404.80499267578125,203.97500610351562,42.08700180053711,21.799999237060547,26.614999771118164,50.0099983215332,89.69000244140625,56.084999084472656,464.91009521484375,369.2005920410156,92.16999816894531,365.739990234375,331.57501220703125,246.89999389648438,81.67500305175781,154.13999938964844
2026-04-30 13:55:00+00:00,270.6000061035156,211.35000610351562,236.80999755859375,342.760009765625,259.1099853515625,318.17999267578125,188.22250366210938,53.060001373291016,46.875,128.17999267578125,125.94000244140625,191.6699981689453,177.13999938964844,39.9900016784668,370.4299011230469,914.7899780273438,92.41500091552734,229.67999267578125,310.6000061035156,915.0250244140625,508.6400146484375,603.9774780273438,111.0199966430664,187.55999755859375,404.94500732421875,203.91839599609375,42.380001068115234,21.75,26.610000610351562,49.75,89.68000030517578,56.025001525878906,466.4599914550781,369.57000732421875,92.18000030517578,364.0400085449219,330.6050109863281,247.2100067138672,81.51000213623047,153.8000030517578
2026-04-30 14:00:00+00:00,271.6300048828125,212.0,237.57000732421875,344.07501220703125,262.2699890136719,317.9599914550781,188.1999969482422,52.935001373291016,46.845001220703125,127.69000244140625,126.04499816894531,191.5500030517578,176.89999389648438,39.91999816894531,371.40008544921875,912.469970703125,92.875,229.98500061035156,310.19000244140625,919.2349853515625,508.32000732421875,603.72998046875,110.76000213623047,187.0,403.4599914550781,202.8592987060547,42.44499969482422,21.700000762939453,26.604999542236328,49.82500076293945,89.61609649658203,56.064998626708984,468.0899963378906,370.5450134277344,92.20500183105469,363.760009765625,329.8475036621094,247.08999633789062,81.37000274658203,153.7819061279297
2026-04-30 14:05:00+00:00,271.4700012207031,212.77999877929688,237.9499969482422,345.15789794921875,260.92999267578125,319.0299987792969,188.6999969482422,53.04999923706055,46.8650016784668,128.15249633789062,125.69499969482422,191.42999267578125,177.6699981689453,39.915000915527344,370.93951416015625,914.4349975585938,93.0,230.2949981689453,311.1600036621094,920.2965698242188,507.25,603.3099975585938,111.1449966430664,187.4949951171875,401.260009765625,202.0,42.45000076293945,21.645000457763672,26.690200805664062,49.939998626708984,89.52999877929688,56.0,469.510009765625,369.010009765625,92.30000305175781,363.3500061035156,329.3500061035156,247.60000610351562,81.55999755859375,153.68499755859375
2026-04-30 14:10:00+00:00,271.19000244140625,213.57000732421875,238.7100067138672,345.39849853515625,260.6000061035156,318.114990234375,188.7100067138672,53.04999923706055,46.84000015258789,127.96499633789062,125.54000091552734,191.17999267578125,177.4199981689453,39.88999938964844,370.3999938964844,914.739990234375,93.2249984741211,230.5,311.2699890136719,924.4400024414062,507.7449951171875,602.85498046875,111.2300033569336,187.5399932861328,403.94000244140625,201.9199981689453,42.435001373291016,21.639999389648438,26.719999313354492,49.94499969482422,89.48999786376953,55.90999984741211,468.8550109863281,370.181396484375,92.37000274658203,365.739990234375,329.30999755859375,247.4199981689453,81.61000061035156,153.7100067138672
2026-04-30 14:15:00+00:00,271.0400085449219,214.14999389648438,239.9499969482422,344.42498779296875,258.5400085449219,318.82000732421875,189.1750030517578,53.30099868774414,46.89500045776367,128.39999389648438,125.7699966430664,191.52000427246094,178.5,39.86000061035156,368.125,916.3300170898438,92.58000183105469,230.72000122070312,312.4921875,925.9500122070312,511.0299987792969,600.22998046875,112.04000091552734,188.1699981689453,402.44000244140625,201.00320434570312,42.505001068115234,21.670000076293945,26.795000076293945,49.97999954223633,89.5999984741211,55.9900016784668,472.19500732421875,369.8999938964844,92.45999908447266,366.125,330.0,247.84500122070312,82.11000061035156,154.0
2026-04-30 14:20:00+00:00,271.739990234375,214.0800018310547,239.89999389648438,344.1700134277344,259.0950012207031,318.614990234375,189.21749877929688,53.209999084472656,46.869998931884766,128.2550048828125,126.06999969482422,191.60000610351562,179.17999267578125,39.88999938964844,369.2318115234375,914.6199951171875,92.2750015258789,230.65499877929688,312.510009765625,924.7000122070312,508.3299865722656,600.3499755859375,111.91000366210938,188.00999450683594,401.2698974609375,201.27999877929688,42.505001068115234,21.725000381469727,26.780000686645508,49.96500015258789,89.5999984741211,55.869998931884766,472.8074951171875,369.9800109863281,92.45999908447266,366.3500061035156,328.7799987792969,247.5500030517578,82.04000091552734,154.19000244140625
2026-04-30 14:25:00+00:00,271.91900634765625,214.06500244140625,239.7050018310547,343.1099853515625,259.04998779296875,319.114990234375,189.22000122070312,53.255001068115234,46.935001373291016,128.41000366210938,126.0,191.64999389648438,179.38999938964844,39.90999984741211,369.0799865722656,915.2150268554688,92.59089660644531,230.99000549316406,313.0199890136719,925.9500122070312,508.7099914550781,602.2899169921875,111.66999816894531,188.0,401.6499938964844,200.61500549316406,42.345001220703125,21.7450008392334,26.834999084472656,49.84000015258789,89.62999725341797,55.880001068115234,473.0400085449219,370.5050048828125,92.61000061035156,366.57501220703125,329.55999755859375,247.52000427246094,82.24500274658203,154.1999969482422
2026-04-30 14:30:00+00:00,271.6199951171875,213.93499755859375,240.85989379882812,341.32000732421875,258.625,318.92999267578125,189.375,53.404998779296875,47.0099983215332,128.66549682617188,126.36000061035156,192.07000732421875,179.8249969482422,39.96900177001953,366.79998779296875,917.969970703125,92.45999908447266,230.55999755859375,313.6400146484375,924.9299926757812,508.80499267578125,604.39501953125,111.41999816894531,188.52749633789062,402.42999267578125,200.02999877929688,42.375,21.77989959716797,26.844999313354492,49.904998779296875,89.72000122070312,55.95000076293945,473.17999267578125,372.08819580078125,92.69999694824219,367.42498779296875,329.9049987792969,248.75,82.33000183105469,154.6199951171875
2026-04-30 14:35:00+00:00,271.0799865722656,214.6699981689453,241.90499877929688,338.20989990234375,258.7099914550781,319.05499267578125,189.17999267578125,53.44499969482422,47.0099983215332,128.63999938964844,126.625,192.50999450683594,179.9199981689453,40.099998474121094,365.90008544921875,918.0900268554688,91.58499908447266,230.7050018310547,313.80999755859375,930.0,508.614990234375,604.3900756835938,111.69000244140625,188.50999450683594,401.5400085449219,198.8699951171875,42.40409851074219,21.790000915527344,26.895000457763672,49.959999084472656,89.68000030517578,55.974998474121094,475.1199951171875,371.55999755859375,92.68000030517578,368.06500244140625,330.30999755859375,249.74000549316406,82.41999816894531,154.7899932861328
2026-04-30 14:40:00+00:00,271.4700012207031,214.5449981689453,241.86000061035156,340.8450012207031,258.2406005859375,318.75,189.125,53.32500076293945,46.974998474121094,128.39999389648438,126.28500366210938,192.27000427246094,179.4550018310547,40.084999084472656,368.0400085449219,918.0499877929688,92.76000213623047,230.83999633789062,313.1650085449219,928.6649780273438,505.91650390625,602.7999877929688,112.02239990234375,188.40750122070312,404.05999755859375,200.64999389648438,42.4900016784668,21.79450035095215,26.895000457763672,49.915000915527344,89.69999694824219,55.959999084472656,475.375,372.7349853515625,92.63500213623047,368.19500732421875,329.3299865722656,250.92999267578125,82.20999908447266,154.52000427246094
2026-04-30 14:45:00+00:00,270.989990234375,214.40499877929688,242.9149932861328,342.6700134277344,257.7699890136719,319.67999267578125,189.24000549316406,53.31999969482422,47.0,128.5,126.23999786376953,192.35850524902344,179.595703125,40.060001373291016,368.5799865722656,919.3699951171875,92.69999694824219,230.89999389648438,313.3900146484375,927.6900024414062,509.2699890136719,604.02001953125,111.8550033569336,188.72000122070312,405.03009033203125,201.24000549316406,42.70500183105469,21.799999237060547,26.885000228881836,50.125,89.69999694824219,56.0099983215332,475.135009765625,374.2956848144531,92.6449966430664,368.1400146484375,330.1700134277344,250.5800018310547,82.09500122070312,154.4250030517578
2026-04-30 14:50:00+00:00,271.2200012207031,214.26499938964844,242.86000061035156,345.42999267578125,259.7699890136719,319.6400146484375,189.6199951171875,53.380001068115234,47.08000183105469,128.61000061035156,126.32499694824219,192.3800048828125,179.65499877929688,40.04999923706055,370.2699890136719,921.0999755859375,92.97000122070312,230.4600067138672,313.3949890136719,927.7000122070312,509.32000732421875,606.6849975585938,111.6500015258789,189.02000427246094,405.7749938964844,201.63499450683594,42.814998626708984,21.854999542236328,26.864999771118164,50.220001220703125,89.75,56.099998474121094,475.05499267578125,374.8799133300781,92.70999908447266,368.7644958496094,330.8599853515625,249.1699981689453,82.13099670410156,154.3699951171875
2026-04-30 14:55:00+00:00,270.8605041503906,213.80499267578125,242.97500610351562,345.5899963378906,259.510009765625,319.2300109863281,189.22999572753906,53.375,47.16999816894531,128.60000610351562,126.41000366210938,192.50999450683594,179.6199951171875,40.13999938964844,372.17498779296875,920.9299926757812,92.62000274658203,229.88499450683594,313.17498779296875,924.3150024414062,507.385009765625,608.3499755859375,111.1500015258789,189.0675048828125,406.2200012207031,201.77999877929688,42.77000045776367,21.864999771118164,26.815000534057617,50.220001220703125,89.84500122070312,56.255001068115234,474.4700012207031,375.92999267578125,92.81999969482422,368.7099914550781,330.0450134277344,248.6199951171875,82.05000305175781,154.45030212402344
2026-04-30 15:00:00+00:00,271.1199951171875,213.0850067138672,242.5399932861328,347.3800048828125,259.8299865722656,319.30999755859375,188.77999877929688,53.350101470947266,47.26499938964844,128.52999877929688,127.02999877929688,193.125,178.93499755859375,40.22999954223633,373.5899963378906,919.8499755859375,93.22000122070312,229.36000061035156,313.04998779296875,921.4000244140625,505.7799987792969,608.4749755859375,110.45999908447266,188.92999267578125,405.6400146484375,201.75,42.61000061035156,21.920000076293945,26.75,50.15999984741211,90.0250015258789,56.43000030517578,473.82000732421875,377.7550048828125,92.9000015258789,368.1199951171875,328.2650146484375,249.8800048828125,81.93499755859375,154.97999572753906
2026-04-30 15:05:00+00:00,271.2650146484375,213.1999969482422,242.49000549316406,347.989990234375,260.17779541015625,319.4150085449219,188.69000244140625,53.3650016784668,47.09000015258789,128.5800018310547,126.68000030517578,192.5749969482422,178.92999267578125,40.130001068115234,375.55999755859375,920.1400146484375,94.33000183105469,229.27000427246094,312.8900146484375,919.489990234375,505.25,605.5599975585938,110.4749984741211,189.1199951171875,405.1499938964844,202.36929321289062,42.650001525878906,21.799999237060547,26.709999084472656,50.130001068115234,89.7699966430664,56.31999969482422,473.6300048828125,377.2699890136719,92.80000305175781,368.04998779296875,329.04998779296875,249.22000122070312,81.94000244140625,154.3800048828125
2026-04-30 15:10:00+00:00,271.2900085449219,212.6999969482422,242.64999389648438,348.30999755859375,260.0692138671875,319.4049987792969,188.72000122070312,53.400001525878906,47.25,128.67999267578125,126.86000061035156,192.85000610351562,178.7310028076172,40.20000076293945,377.8299865722656,920.2698974609375,94.05500030517578,228.8800048828125,312.6650085449219,920.6749877929688,505.9150085449219,606.4299926757812,110.38500213623047,188.97000122070312,404.5899963378906,201.88999938964844,42.564998626708984,21.815000534057617,26.674999237060547,50.130001068115234,89.99500274658203,56.310001373291016,474.1199951171875,376.625,93.04000091552734,367.875,328.81500244140625,250.8699951171875,81.87899780273438,154.61000061035156
2026-04-30 15:15:00+00:00,271.1549987792969,212.91000366210938,243.3000030517578,348.19500732421875,259.010009765625,319.82000732421875,188.80990600585938,53.415000915527344,47.31999969482422,128.7899932861328,126.76319885253906,192.86000061035156,179.16000366210938,40.2400016784668,377.1600036621094,920.5449829101562,94.41500091552734,228.83999633789062,312.614990234375,920.655029296875,505.1600036621094,605.6787109375,110.5250015258789,188.88999938964844,404.3800048828125,201.88999938964844,42.64070129394531,21.78499984741211,26.684999465942383,50.310001373291016,90.00499725341797,56.21500015258789,474.39410400390625,376.9800109863281,92.9800033569336,368.20001220703125,328.7850036621094,250.74000549316406,81.98500061035156,154.63499450683594
2026-04-30 15:20:00+00:00,271.4150085449219,212.72000122070312,243.3000030517578,347.7049865722656,258.8999938964844,320.2900085449219,188.88999938964844,53.439998626708984,47.35499954223633,128.8000030517578,127.01000213623047,193.19000244140625,179.3300018310547,40.34000015258789,376.8999938964844,921.0999755859375,94.2300033569336,229.0500030517578,312.8699951171875,921.885009765625,505.3999938964844,605.8200073242188,110.41999816894531,189.06500244140625,403.8349914550781,201.22999572753906,42.470001220703125,21.78499984741211,26.684999465942383,50.369998931884766,90.08999633789062,56.23500061035156,475.07000732421875,377.3599853515625,93.05000305175781,368.95001220703125,329.0299987792969,251.25999450683594,81.93499755859375,154.860107421875
2026-04-30 15:25:00+00:00,271.5199890136719,212.99000549316406,242.77999877929688,348.1600036621094,258.2099914550781,320.8699951171875,189.30999755859375,53.42499923706055,47.439998626708984,128.80999755859375,127.23500061035156,193.4600067138672,179.48500061035156,40.400001525878906,375.8299865722656,921.8200073242188,94.38999938964844,229.22999572753906,312.7550048828125,921.14501953125,506.010009765625,606.4400024414062,110.42500305175781,189.0800018310547,403.04998779296875,201.3209991455078,42.47999954223633,21.80500030517578,26.71500015258789,50.34000015258789,90.19499969482422,56.3650016784668,476.0899963378906,378.4700012207031,93.0999984741211,368.8999938964844,329.57000732421875,251.39999389648438,81.93000030517578,155.0800018310547
2026-04-30 15:30:00+00:00,271.30999755859375,212.89500427246094,241.97000122070312,350.1700134277344,257.8900146484375,320.70001220703125,189.27000427246094,53.415000915527344,47.57500076293945,128.7100067138672,127.48999786376953,193.6300048828125,179.47999572753906,40.47999954223633,376.07000732421875,921.27001953125,94.62999725341797,229.36000061035156,312.614990234375,922.9299926757812,507.07000732421875,607.1300048828125,110.1449966430664,188.8350067138672,402.7900085449219,201.10000610351562,42.380001068115234,21.84510040283203,26.71500015258789,50.25,90.37000274658203,56.40999984741211,476.00335693359375,378.0,93.06999969482422,369.2300109863281,329.04998779296875,251.7899932861328,81.84500122070312,155.2899932861328
2026-04-30 15:35:00+00:00,271.6401062011719,213.11000061035156,241.9949951171875,347.7900085449219,257.0849914550781,320.05999755859375,189.50999450683594,53.3849983215332,47.52000045776367,128.47000122070312,127.58000183105469,193.63999938964844,179.67999267578125,40.564998626708984,374.80999755859375,920.7268676757812,93.84500122070312,229.8300018310547,312.625,927.4299926757812,507.3399963378906,606.4481201171875,110.4800033569336,188.7700958251953,401.8550109863281,200.63999938964844,42.35499954223633,21.815000534057617,26.774999618530273,50.18000030517578,90.2699966430664,56.47999954223633,477.1099853515625,377.1099853515625,93.06999969482422,368.510009765625,328.9012145996094,252.61000061035156,81.8499984741211,155.4149932861328
2026-04-30 15:40:00+00:00,271.6300048828125,213.05259704589844,242.3300018310547,346.3299865722656,256.6499938964844,320.5150146484375,188.85000610351562,53.3849983215332,47.505001068115234,128.47999572753906,127.36499786376953,193.42999267578125,179.88499450683594,40.459999084472656,374.0050048828125,920.760009765625,93.3499984741211,229.875,312.80499267578125,928.6799926757812,507.5899963378906,607.9199829101562,110.36000061035156,188.65499877929688,403.0450134277344,200.55999755859375,42.430999755859375,21.790000915527344,26.769899368286133,50.20000076293945,90.19999694824219,56.51499938964844,477.3599853515625,377.79998779296875,93.06999969482422,368.239990234375,328.9200134277344,251.90499877929688,81.83000183105469,155.22999572753906
2026-04-30 15:45:00+00:00,271.45001220703125,212.69500732421875,243.3300018310547,346.65008544921875,257.7550048828125,321.3450012207031,187.78500366210938,53.3849983215332,47.47999954223633,128.44000244140625,127.37999725341797,193.1999969482422,179.74000549316406,40.380001068115234,374.2850036621094,921.5050048828125,93.41500091552734,229.61000061035156,312.75,929.1500244140625,507.9599914550781,607.52001953125,110.48999786376953,188.58999633789062,403.44000244140625,200.8498992919922,42.41999816894531,21.760000228881836,26.735000610351562,50.29990005493164,90.16999816894531,56.69499969482422,477.5,378.07501220703125,93.0625,368.4200134277344,328.6415100097656,250.77000427246094,81.8499984741211,155.00999450683594
2026-04-30 15:50:00+00:00,271.5799865722656,212.84500122070312,243.60000610351562,347.7099914550781,258.0400085449219,321.70001220703125,187.5,53.43000030517578,47.439998626708984,128.55999755859375,127.3499984741211,193.1199951171875,179.47999572753906,40.435001373291016,374.9949951171875,922.8099975585938,93.44000244140625,229.72000122070312,313.2900085449219,928.4500122070312,507.5299987792969,609.0977783203125,110.62000274658203,188.9499969482422,403.0400085449219,201.27999877929688,42.35499954223633,21.770000457763672,26.735000610351562,50.29010009765625,90.19000244140625,56.68000030517578,476.54998779296875,378.7699890136719,92.98500061035156,368.5899963378906,328.6700134277344,250.6699981689453,81.95999908447266,154.97999572753906
2026-04-30 15:55:00+00:00,271.9200134277344,212.75,243.2100067138672,346.80499267578125,258.3500061035156,322.30499267578125,187.21009826660156,53.470001220703125,47.46500015258789,128.55999755859375,127.23999786376953,193.27999877929688,179.42999267578125,40.41999816894531,374.6400146484375,923.7000122070312,93.28469848632812,229.77000427246094,313.7200012207031,931.5499877929688,505.9750061035156,608.010009765625,110.55999755859375,189.02000427246094,402.80499267578125,200.6649932861328,42.33000183105469,21.774999618530273,26.7450008392334,50.27000045776367,90.16000366210938,56.62110137939453,477.1600036621094,378.0679016113281,92.94499969482422,369.05999755859375,329.489990234375,250.86500549316406,82.0199966430664,155.0399932861328
2026-04-30 16:00:00+00:00,271.875,213.02999877929688,243.47000122070312,347.4750061035156,258.3900146484375,322.125,188.02499389648438,53.4900016784668,47.494998931884766,128.5399932861328,127.6500015258789,193.60000610351562,179.75999450683594,40.470001220703125,374.36029052734375,923.219970703125,93.56439971923828,229.94500732421875,313.5474853515625,935.2100219726562,505.7099914550781,608.1799926757812,110.62999725341797,188.99000549316406,403.32501220703125,200.25999450683594,42.39500045776367,21.815000534057617,26.7450008392334,50.11000061035156,90.31999969482422,56.685001373291016,476.94000244140625,378.44000244140625,93.08000183105469,369.8999938964844,329.5199890136719,251.6999969482422,82.05000305175781,155.2550048828125
2026-04-30 16:05:00+00:00,272.1400146484375,212.59500122070312,243.13999938964844,347.42999267578125,257.8949890136719,322.18499755859375,188.44000244140625,53.48500061035156,47.459999084472656,128.57000732421875,127.69149780273438,193.64999389648438,180.01499938964844,40.470001220703125,374.6499938964844,923.25,93.63999938964844,229.9499969482422,313.4800109863281,934.239990234375,505.6925048828125,608.1799926757812,110.66000366210938,189.2100067138672,402.6400146484375,200.39500427246094,42.459999084472656,21.7549991607666,26.764999389648438,50.1349983215332,90.26499938964844,56.689998626708984,476.82501220703125,378.9100036621094,93.05500030517578,369.9599914550781,329.5799865722656,251.27999877929688,82.04499816894531,155.2100067138672
2026-04-30 16:10:00+00:00,272.6000061035156,212.4199981689453,242.6649932861328,348.8550109863281,258.8200988769531,322.4100036621094,188.6199951171875,53.46500015258789,47.44499969482422,128.56500244140625,127.53500366210938,193.5500030517578,179.60000610351562,40.42499923706055,376.98980712890625,923.4199829101562,93.81999969482422,229.85989379882812,313.635009765625,932.2999877929688,506.7550048828125,609.6500244140625,110.53500366210938,189.21499633789062,402.826904296875,200.7100067138672,42.46500015258789,21.735000610351562,26.735000610351562,50.15999984741211,90.21499633789062,56.60499954223633,476.2850036621094,379.9599914550781,93.03500366210938,369.94000244140625,330.2200012207031,251.13999938964844,82.05500030517578,155.0800018310547
2026-04-30 16:15:00+00:00,272.30621337890625,212.25999450683594,242.5399932861328,349.1087951660156,258.95989990234375,322.3699951171875,188.99000549316406,53.43000030517578,47.52000045776367,128.35499572753906,127.71369934082031,193.70010375976562,179.49000549316406,40.459999084472656,377.9800109863281,923.25,93.5999984741211,229.67999267578125,313.3949890136719,931.8499755859375,505.625,609.6400146484375,110.21240234375,189.08999633789062,402.8299865722656,200.67999267578125,42.51499938964844,21.764999389648438,26.71500015258789,50.16999816894531,90.31999969482422,56.6150016784668,476.4700012207031,379.4750061035156,93.06999969482422,369.92498779296875,329.93499755859375,251.4250030517578,82.05500030517578,155.14999389648438
2026-04-30 16:20:00+00:00,272.5450134277344,212.30999755859375,242.13499450683594,348.4599914550781,259.4599914550781,322.42999267578125,189.0399932861328,53.44499969482422,47.51499938964844,128.4199981689453,127.83999633789062,193.78500366210938,179.6199951171875,40.47999954223633,375.9125061035156,924.1199951171875,93.41999816894531,230.09500122070312,313.42498779296875,931.6051025390625,505.30999755859375,609.7200927734375,110.55500030517578,189.22000122070312,402.19000244140625,200.10830688476562,42.54999923706055,21.764999389648438,26.75,50.19499969482422,90.37999725341797,56.625,476.8299865722656,378.7799987792969,93.12000274658203,369.92999267578125,330.17999267578125,251.3800048828125,82.08499908447266,155.2100067138672
2026-04-30 16:25:00+00:00,273.05999755859375,212.35000610351562,242.08999633789062,349.4800109863281,259.135009765625,322.489990234375,189.1199951171875,53.505001068115234,47.52000045776367,128.6649932861328,128.07000732421875,193.92999267578125,179.9199981689453,40.46500015258789,376.56500244140625,925.2305297851562,93.56999969482422,230.18499755859375,313.7900085449219,933.3049926757812,505.114990234375,608.8101196289062,110.50499725341797,189.3800048828125,400.93499755859375,200.13999938964844,42.570098876953125,21.774999618530273,26.7549991607666,50.095001220703125,90.3499984741211,56.65999984741211,476.5899963378906,377.67999267578125,93.12999725341797,369.9150085449219,330.07501220703125,251.77000427246094,82.19999694824219,155.35000610351562
2026-04-30 16:30:00+00:00,273.4200134277344,212.50999450683594,241.9499969482422,349.40008544921875,259.6000061035156,322.3999938964844,188.9550018310547,53.505001068115234,47.5099983215332,128.64999389648438,127.93389892578125,194.0299072265625,179.7899932861328,40.47999954223633,377.30010986328125,924.75,93.55729675292969,230.1999969482422,313.7749938964844,932.0098876953125,505.2799987792969,609.7050170898438,110.44999694824219,189.25999450683594,400.9949951171875,200.00999450683594,42.54499816894531,21.790000915527344,26.7450008392334,50.10499954223633,90.33989715576172,56.654998779296875,476.1000061035156,377.80499267578125,93.16999816894531,369.7699890136719,330.2650146484375,251.8800048828125,82.25,155.39500427246094
2026-04-30 16:35:00+00:00,273.1600036621094,213.0449981689453,241.7899932861328,350.6300048828125,259.5299987792969,322.7799987792969,189.6199951171875,53.4900016784668,47.52000045776367,128.50999450683594,127.86000061035156,194.00999450683594,179.8800048828125,40.470001220703125,376.9949951171875,924.7100219726562,93.4800033569336,230.1750030517578,313.75,933.3499755859375,504.2349853515625,608.2849731445312,110.69999694824219,189.2899932861328,400.9200134277344,200.2949981689453,42.564998626708984,21.780000686645508,26.727100372314453,50.099998474121094,90.30999755859375,56.625,476.54998779296875,377.7300109863281,93.25,370.7875061035156,330.3699951171875,251.96499633789062,82.26499938964844,155.3000030517578
2026-04-30 16:40:00+00:00,272.9814147949219,213.2550048828125,241.94500732421875,349.8800048828125,259.260009765625,322.2850036621094,189.69000244140625,53.46969985961914,47.5099983215332,128.49989318847656,127.79000091552734,193.97999572753906,179.98500061035156,40.45000076293945,377.0445861816406,924.4550170898438,93.44999694824219,230.22999572753906,313.7650146484375,936.385009765625,503.67999267578125,605.875,110.80999755859375,189.4199981689453,400.2099914550781,199.55499267578125,42.589900970458984,21.78499984741211,26.7549991607666,50.07500076293945,90.33000183105469,56.619998931884766,477.04998779296875,377.42449951171875,93.33499908447266,370.489990234375,330.6499938964844,252.16000366210938,82.21499633789062,155.22999572753906
2026-04-30 16:45:00+00:00,272.9010009765625,213.4499969482422,242.3249969482422,349.468994140625,259.6499938964844,321.75,189.51499938964844,53.43960189819336,47.5099983215332,128.39999389648438,127.74500274658203,193.86000061035156,180.09120178222656,40.45500183105469,377.68499755859375,922.969970703125,93.47930145263672,230.23500061035156,313.3599853515625,935.27001953125,503.1700134277344,607.60498046875,110.86000061035156,189.3699951171875,400.2699890136719,199.60000610351562,42.6349983215332,21.761899948120117,26.764999389648438,50.11009979248047,90.27999877929688,56.58000183105469,477.6549987792969,377.7701110839844,93.33000183105469,371.66619873046875,330.760009765625,251.39500427246094,82.1500015258789,155.0800018310547
2026-04-30 16:50:00+00:00,272.0899963378906,213.42999267578125,241.66000366210938,349.1400146484375,258.7200012207031,321.2099914550781,189.5679931640625,53.400001525878906,47.494998931884766,128.3699951171875,127.8550033569336,194.0,179.86000061035156,40.470001220703125,377.9100036621094,923.3599853515625,93.41000366210938,230.28500366210938,313.25,934.6699829101562,502.8599853515625,608.1500244140625,110.81999969482422,189.36000061035156,398.93328857421875,200.00999450683594,42.55500030517578,21.770000457763672,26.776899337768555,49.95000076293945,90.27999877929688,56.63999938964844,477.6499938964844,377.260009765625,93.50499725341797,371.68499755859375,330.4049987792969,250.8802947998047,82.0999984741211,155.2100067138672
2026-04-30 16:55:00+00:00,271.9599914550781,213.24620056152344,240.8975067138672,349.8067932128906,258.3399963378906,320.80999755859375,189.94500732421875,53.39699935913086,47.525001525878906,128.36500549316406,127.8949966430664,194.1199951171875,179.77999877929688,40.505001068115234,377.9599914550781,923.1699829101562,93.58499908447266,230.27000427246094,313.1400146484375,936.7849731445312,502.92498779296875,608.0900268554688,110.83309936523438,189.35000610351562,399.05999755859375,199.8300018310547,42.54499816894531,21.799999237060547,26.770000457763672,49.904998779296875,90.3550033569336,56.69129943847656,476.55999755859375,377.7464904785156,93.5,371.639892578125,330.6300048828125,250.94000244140625,82.13030242919922,155.3300018310547
2026-04-30 17:00:00+00:00,271.7699890136719,212.9499969482422,241.33999633789062,351.1600036621094,259.5849914550781,320.5400085449219,189.69200134277344,53.375,47.39500045776367,128.3300018310547,127.4800033569336,193.61500549316406,179.66000366210938,40.33000183105469,380.4599914550781,923.3400268554688,93.94000244140625,230.0050048828125,313.1199951171875,935.4099731445312,501.32501220703125,607.75,110.80500030517578,189.34249877929688,399.88250732421875,200.72999572753906,42.505001068115234,21.7450008392334,26.71500015258789,49.91999816894531,90.12999725341797,56.599998474121094,476.0450134277344,378.7200012207031,93.4749984741211,371.1400146484375,329.885009765625,250.8800048828125,82.08000183105469,154.8699951171875
2026-04-30 17:05:00+00:00,272.19000244140625,212.99000549316406,241.33999633789062,351.9800109863281,260.32000732421875,320.5199890136719,189.85000610351562,53.345001220703125,47.345001220703125,128.32000732421875,127.22000122070312,193.4499969482422,179.8800048828125,40.2599983215332,381.1239929199219,923.4000244140625,93.87000274658203,230.2550048828125,313.07000732421875,939.8099975585938,500.260009765625,608.0,110.99500274658203,189.36500549316406,399.55499267578125,200.74000549316406,42.5,21.735000610351562,26.725000381469727,49.915000915527344,90.125,56.600101470947266,475.9100036621094,378.6549987792969,93.44999694824219,371.0299987792969,329.70001220703125,250.8800048828125,82.08999633789062,154.5800018310547
2026-04-30 17:10:00+00:00,272.30999755859375,212.6300048828125,241.71499633789062,351.9549865722656,259.8599853515625,320.69000244140625,189.8939971923828,53.3650016784668,47.30500030517578,128.30999755859375,127.08000183105469,193.22999572753906,179.6999969482422,40.26499938964844,383.6700134277344,923.72998046875,94.13999938964844,230.19000244140625,312.9700012207031,938.5800170898438,500.69000244140625,610.0900268554688,111.16000366210938,189.22999572753906,400.2699890136719,200.38009643554688,42.505001068115234,21.725000381469727,26.71500015258789,49.92499923706055,90.0199966430664,56.71500015258789,476.760009765625,378.6199951171875,93.43499755859375,371.5299987792969,330.0199890136719,251.24000549316406,82.12000274658203,154.24000549316406
2026-04-30 17:15:00+00:00,272.25,212.47000122070312,241.73500061035156,351.9049987792969,259.55999755859375,320.8800048828125,189.81500244140625,53.3849983215332,47.39500045776367,128.30999755859375,127.1500015258789,193.24000549316406,179.61500549316406,40.369998931884766,382.69500732421875,923.5999755859375,94.0999984741211,230.17999267578125,313.04998779296875,940.0,500.54998779296875,608.110107421875,110.98999786376953,189.30999755859375,399.95001220703125,200.4199981689453,42.52000045776367,21.762399673461914,26.704999923706055,49.970001220703125,90.06999969482422,56.720001220703125,476.7550048828125,378.5350036621094,93.54000091552734,371.8349914550781,330.5799865722656,251.17999267578125,82.0999984741211,154.46499633789062
2026-04-30 17:20:00+00:00,272.4800109863281,212.50999450683594,242.00999450683594,352.010009765625,259.90509033203125,320.989990234375,189.75999450683594,53.435001373291016,47.39500045776367,128.4499969482422,127.05000305175781,193.1199951171875,179.4600067138672,40.310001373291016,383.07000732421875,924.25,94.07499694824219,230.0,313.260009765625,940.4600219726562,501.5,606.4849853515625,110.52999877929688,189.36000061035156,400.75,200.40499877929688,42.525001525878906,21.774999618530273,26.704999923706055,50.05500030517578,90.04000091552734,56.709999084472656,476.8299865722656,378.57501220703125,93.58000183105469,370.9100036621094,330.8599853515625,250.9199981689453,82.12249755859375,154.47000122070312
2026-04-30 17:25:00+00:00,272.7850036621094,212.36000061035156,242.27000427246094,352.07470703125,259.9299011230469,321.2950134277344,189.82000732421875,53.40999984741211,47.34000015258789,128.27999877929688,126.97000122070312,193.08999633789062,179.4499969482422,40.29999923706055,383.9200134277344,923.9349975585938,93.96499633789062,229.85000610351562,313.1000061035156,939.2449951171875,501.2200012207031,607.5449829101562,110.43499755859375,189.7899932861328,401.0199890136719,200.47999572753906,42.599998474121094,21.77199935913086,26.700000762939453,50.05500030517578,90.06500244140625,56.59000015258789,477.0400085449219,378.52508544921875,93.55000305175781,370.34619140625,330.8900146484375,250.60000610351562,82.11499786376953,154.2899932861328
2026-04-30 17:30:00+00:00,273.3999938964844,212.1300048828125,242.57000732421875,352.7300109863281,260.0799865722656,321.7349853515625,189.55499267578125,53.44499969482422,47.25,128.42999267578125,126.6500015258789,192.6300048828125,179.96499633789062,40.189998626708984,383.0474853515625,924.2550048828125,94.12000274658203,229.58999633789062,313.2200012207031,940.1500244140625,499.489990234375,608.5700073242188,110.30999755859375,189.8800048828125,401.4150085449219,200.81500244140625,42.64500045776367,21.75,26.684999465942383,50.11000061035156,89.91999816894531,56.55500030517578,477.82501220703125,379.614990234375,93.51000213623047,370.3380126953125,330.30499267578125,250.55999755859375,82.19499969482422,154.10000610351562
2026-04-30 17:35:00+00:00,273.4150085449219,212.14500427246094,242.07000732421875,352.70001220703125,260.05999755859375,321.42498779296875,189.29299926757812,53.38999938964844,47.29499816894531,128.28500366210938,126.72000122070312,193.14500427246094,180.10000610351562,40.25,383.8399963378906,924.1099853515625,94.46499633789062,229.5500030517578,313.0400085449219,940.4805297851562,499.7149963378906,608.9099731445312,110.16999816894531,189.80499267578125,401.3399963378906,201.1199951171875,42.63990020751953,21.774999618530273,26.670000076293945,50.03499984741211,90.0199966430664,56.619998931884766,477.385009765625,379.54998779296875,93.59880065917969,370.1199951171875,330.20001220703125,250.9199981689453,82.16999816894531,154.23500061035156
2026-04-30 17:40:00+00:00,273.7099914550781,211.80999755859375,242.19000244140625,353.1899108886719,260.05999755859375,321.30999755859375,189.25999450683594,53.39500045776367,47.2599983215332,128.22000122070312,126.37000274658203,192.97999572753906,179.78500366210938,40.255001068115234,383.0299987792969,924.7999877929688,94.36499786376953,229.5500030517578,313.0950012207031,940.7999877929688,501.7200012207031,609.4600219726562,110.16000366210938,189.9199981689453,401.3500061035156,200.50990295410156,42.64099884033203,21.770000457763672,26.655000686645508,50.040000915527344,90.08000183105469,56.59299850463867,477.7900085449219,378.7300109863281,93.63999938964844,369.6700134277344,330.7799987792969,250.5399932861328,82.19000244140625,154.14999389648438
2026-04-30 17:45:00+00:00,273.739990234375,212.00999450683594,241.99600219726562,353.82000732421875,259.989990234375,321.5,188.77499389648438,53.42499923706055,47.244998931884766,128.27999877929688,126.05000305175781,192.72999572753906,179.8437957763672,40.20000076293945,383.3500061035156,925.0,94.38009643554688,229.6300048828125,313.2300109863281,940.7449951171875,502.6300048828125,610.531494140625,110.11000061035156,189.94000244140625,401.6099853515625,200.625,42.665000915527344,21.739999771118164,26.645000457763672,50.02000045776367,90.03500366210938,56.57500076293945,478.05999755859375,378.875,93.56999969482422,369.739990234375,331.07000732421875,249.91099548339844,82.2300033569336,154.1199951171875
2026-04-30 17:50:00+00:00,273.7300109863281,211.7100067138672,242.02000427246094,354.1050109863281,260.06500244140625,321.1400146484375,188.43499755859375,53.39500045776367,47.185001373291016,128.25,126.0,192.85000610351562,179.625,40.20500183105469,383.04998779296875,924.4299926757812,94.4749984741211,229.4199981689453,312.93499755859375,941.02001953125,502.1400146484375,609.6199951171875,109.87000274658203,189.78500366210938,402.1799011230469,200.85499572753906,42.625,21.7450008392334,26.649999618530273,49.9900016784668,90.0250015258789,56.595001220703125,477.989990234375,379.0,93.56999969482422,369.6200866699219,331.2300109863281,250.0749969482422,82.12999725341797,154.02000427246094
2026-04-30 17:55:00+00:00,273.6199951171875,211.38499450683594,242.1300048828125,354.239990234375,260.2799072265625,321.42999267578125,188.42999267578125,53.3849983215332,47.150001525878906,128.3249969482422,125.91999816894531,192.72000122070312,179.4250030517578,40.20000076293945,384.5849914550781,924.467529296875,94.94999694824219,229.1999969482422,312.95001220703125,938.8049926757812,501.489990234375,613.280029296875,109.83999633789062,189.8800048828125,402.6700134277344,201.25750732421875,42.654998779296875,21.7549991607666,26.609899520874023,49.96500015258789,89.97000122070312,56.5099983215332,477.0150146484375,379.3301086425781,93.55000305175781,369.8999938964844,330.8599853515625,249.92999267578125,82.13500213623047,153.88499450683594
2026-04-30 18:00:00+00:00,274.0950012207031,211.7949981689453,242.5,354.3999938964844,261.1400146484375,321.4800109863281,188.72999572753906,53.3849983215332,47.04999923706055,128.2949981689453,125.7249984741211,192.55999755859375,179.67999267578125,40.165000915527344,385.2200012207031,924.9000244140625,94.87999725341797,229.1199951171875,313.114990234375,940.0,501.5849914550781,616.6932983398438,109.77999877929688,189.90499877929688,404.05999755859375,201.46499633789062,42.724998474121094,21.780000686645508,26.625,50.064998626708984,89.87999725341797,56.45500183105469,477.93499755859375,380.3999938964844,93.43000030517578,369.3599853515625,330.9949951171875,249.63499450683594,82.11499786376953,153.63999938964844
2026-04-30 18:05:00+00:00,274.1300048828125,212.11000061035156,242.61500549316406,353.7799987792969,261.56500244140625,322.1400146484375,188.8300018310547,53.415000915527344,47.1349983215332,128.3300018310547,126.04499816894531,192.83999633789062,179.56500244140625,40.19499969482422,383.8699951171875,925.1500244140625,94.3301010131836,229.2899932861328,313.29998779296875,939.989990234375,504.1099853515625,615.8699951171875,110.0,189.77999877929688,403.9750061035156,200.6199951171875,42.709999084472656,21.809999465942383,26.645000457763672,50.060001373291016,89.87999725341797,56.369998931884766,477.8900146484375,380.6600036621094,93.5,369.0199890136719,331.3500061035156,249.83999633789062,82.23500061035156,153.80999755859375
2026-04-30 18:10:00+00:00,273.9800109863281,212.1199951171875,243.66990661621094,353.19000244140625,261.68499755859375,322.3800048828125,188.6649932861328,53.42499923706055,47.154998779296875,128.24000549316406,126.33999633789062,193.08999633789062,179.58999633789062,40.22999954223633,385.0600891113281,925.3800048828125,94.03990173339844,229.3000030517578,313.3999938964844,939.4000244140625,504.9100036621094,617.1699829101562,109.83999633789062,189.69000244140625,404.54998779296875,200.68069458007812,42.685001373291016,21.815000534057617,26.635000228881836,50.10499954223633,90.04000091552734,56.38999938964844,477.92999267578125,380.0849914550781,93.62000274658203,368.95001220703125,331.1449890136719,250.25,82.30999755859375,153.97000122070312
2026-04-30 18:15:00+00:00,273.989990234375,212.17999267578125,243.60000610351562,353.05499267578125,261.8500061035156,322.31500244140625,188.63999938964844,53.440101623535156,47.150001525878906,128.24000549316406,126.47000122070312,193.14999389648438,179.7100067138672,40.26499938964844,384.78948974609375,925.5900268554688,94.01000213623047,229.3699951171875,313.4403991699219,939.8499755859375,504.7099914550781,616.2098999023438,110.01499938964844,189.63999938964844,404.7633056640625,200.7100067138672,42.69499969482422,21.84749984741211,26.645000457763672,50.06999969482422,90.05000305175781,56.41999816894531,477.54998779296875,380.82000732421875,93.63500213623047,368.92498779296875,331.0199890136719,250.25999450683594,82.34010314941406,153.99009704589844
2026-04-30 18:20:00+00:00,273.6499938964844,212.03500366210938,243.61000061035156,352.5314025878906,261.70001220703125,322.5899963378906,188.66000366210938,53.48500061035156,47.16999816894531,128.38499450683594,126.50499725341797,193.3300018310547,179.4149932861328,40.29999923706055,384.1600036621094,925.77001953125,94.42050170898438,229.3574981689453,313.4599914550781,939.7550048828125,504.05999755859375,616.1699829101562,110.08999633789062,189.6750030517578,404.8299865722656,200.64999389648438,42.685001373291016,21.84000015258789,26.645000457763672,50.03010177612305,90.16999816894531,56.459999084472656,477.2250061035156,380.75,93.56999969482422,368.7550048828125,330.93499755859375,250.4720001220703,82.36009979248047,154.19000244140625
2026-04-30 18:25:00+00:00,273.6000061035156,211.97000122070312,243.80499267578125,351.99090576171875,262.39990234375,322.57501220703125,188.64999389648438,53.53499984741211,47.21500015258789,128.38999938964844,126.4000015258789,193.30999755859375,179.52999877929688,40.32500076293945,384.6199951171875,926.0999755859375,94.57990264892578,229.30999755859375,313.7099914550781,940.4299926757812,503.70001220703125,616.0700073242188,110.12999725341797,190.10000610351562,406.1549987792969,200.77499389648438,42.72990036010742,21.834999084472656,26.647199630737305,50.07500076293945,90.22000122070312,56.439998626708984,477.4750061035156,381.1499938964844,93.48500061035156,367.9078063964844,330.8800048828125,250.6999969482422,82.37999725341797,154.25999450683594
2026-04-30 18:30:00+00:00,273.6199951171875,211.75,243.8699951171875,352.239990234375,263.0299987792969,322.5799865722656,188.72500610351562,53.51499938964844,47.255001068115234,128.30999755859375,126.38999938964844,193.33990478515625,179.60000610351562,40.34000015258789,383.875,926.8800048828125,94.66500091552734,229.46499633789062,313.5849914550781,938.3200073242188,503.1050109863281,616.5900268554688,110.20999908447266,189.91000366210938,406.6549987792969,201.02000427246094,42.71500015258789,21.854999542236328,26.655000686645508,50.09629821777344,90.25,56.485599517822266,477.5299987792969,381.0,93.43499755859375,367.6700134277344,330.510009765625,251.03500366210938,82.43499755859375,154.46499633789062
2026-04-30 18:35:00+00:00,273.8699951171875,212.09500122070312,244.0800018310547,352.2698974609375,263.6700134277344,322.8699951171875,188.8300018310547,53.54499816894531,47.290000915527344,128.35000610351562,126.51000213623047,193.49000549316406,179.72000122070312,40.3849983215332,383.2300109863281,927.8099975585938,94.1500015258789,229.56500244140625,313.8299865722656,937.719970703125,504.2099914550781,616.8250122070312,110.31999969482422,190.29100036621094,406.9049987792969,201.05499267578125,42.73500061035156,21.844999313354492,26.688499450683594,50.11000061035156,90.31999969482422,56.47999954223633,477.864990234375,382.1000061035156,93.41999816894531,368.5400085449219,331.3299865722656,251.02499389648438,82.51000213623047,154.4499969482422
2026-04-30 18:40:00+00:00,273.6300048828125,211.99000549316406,244.2899932861328,352.17999267578125,263.7900085449219,323.1050109863281,188.9199981689453,53.56999969482422,47.29499816894531,128.3300018310547,126.5199966430664,193.39999389648438,179.84500122070312,40.45500183105469,382.69000244140625,927.5750122070312,94.11000061035156,229.31500244140625,313.9800109863281,941.0800170898438,505.0,617.10498046875,110.23999786376953,190.47999572753906,407.20001220703125,201.47000122070312,42.744998931884766,21.889999389648438,26.690099716186523,50.16999816894531,90.3949966430664,56.459999084472656,478.3900146484375,381.873291015625,93.43499755859375,368.7300109863281,330.9849853515625,251.75,82.5199966430664,154.5
2026-04-30 18:45:00+00:00,273.70001220703125,212.77000427246094,244.44000244140625,352.2900085449219,263.6300048828125,323.2900085449219,189.0050048828125,53.584999084472656,47.310001373291016,128.47999572753906,126.73999786376953,193.2899932861328,179.77499389648438,40.4900016784668,381.7900085449219,927.510009765625,94.01619720458984,229.42469787597656,314.010009765625,944.7899780273438,504.6499938964844,616.6849975585938,110.31999969482422,190.3300018310547,407.2149963378906,201.72000122070312,42.775001525878906,21.8700008392334,26.719900131225586,50.165000915527344,90.4000015258789,56.435001373291016,478.239990234375,381.64990234375,93.47000122070312,369.1400146484375,331.1499938964844,251.4250030517578,82.61000061035156,154.65499877929688
2026-04-30 18:50:00+00:00,273.4599914550781,212.5449981689453,244.1699981689453,351.8900146484375,263.5799865722656,323.19500732421875,188.78500366210938,53.54499816894531,47.315101623535156,128.3800048828125,126.63999938964844,193.10000610351562,179.5850067138672,40.45500183105469,382.0,925.8499755859375,93.48290252685547,229.31500244140625,313.7099914550781,943.375,504.1199951171875,616.5,110.13500213623047,190.13999938964844,407.1700134277344,201.6699981689453,42.685001373291016,21.885000228881836,26.684999465942383,50.125,90.34500122070312,56.45500183105469,477.3299865722656,382.3900146484375,93.4800033569336,368.55499267578125,330.2799987792969,251.03500366210938,82.50890350341797,154.4921112060547
2026-04-30 18:55:00+00:00,273.0950012207031,212.97500610351562,244.13999938964844,351.2900085449219,263.5,323.0,188.26499938964844,53.525001525878906,47.334999084472656,128.25,126.91000366210938,192.9600067138672,179.78500366210938,40.47050094604492,381.6499938964844,925.364990234375,92.66000366210938,229.31500244140625,313.55499267578125,942.7227172851562,504.6700134277344,616.0999755859375,109.87999725341797,190.08709716796875,407.4599914550781,201.82550048828125,42.685001373291016,21.915000915527344,26.674999237060547,50.080101013183594,90.4749984741211,56.51499938964844,477.1199951171875,382.3351135253906,93.48999786376953,368.82000732421875,330.4800109863281,251.41000366210938,82.45989990234375,154.64010620117188
2026-04-30 19:00:00+00:00,273.760009765625,212.88499450683594,244.24000549316406,351.3699951171875,264.2900085449219,323.17999267578125,188.5,53.595001220703125,47.29710006713867,128.25,126.62000274658203,192.72999572753906,180.00999450683594,40.45000076293945,382.25,926.5599975585938,92.69999694824219,229.47500610351562,313.8500061035156,940.5399780273438,506.19500732421875,616.2899780273438,109.80619812011719,190.3990936279297,407.5,201.25,42.64500045776367,21.908000946044922,26.68000030517578,50.08000183105469,90.47000122070312,56.5099983215332,477.7200012207031,383.9100036621094,93.43499755859375,368.989990234375,331.1499938964844,250.07000732421875,82.57499694824219,154.47999572753906
2026-04-30 19:05:00+00:00,273.95001220703125,213.19500732421875,244.14999389648438,352.114990234375,264.05999755859375,322.79998779296875,188.63999938964844,53.58000183105469,47.279998779296875,128.1199951171875,126.44000244140625,192.61000061035156,179.96499633789062,40.40999984741211,383.239990234375,925.2999877929688,92.62000274658203,229.52000427246094,313.5050048828125,941.6199951171875,504.94000244140625,615.0499877929688,109.45999908447266,190.1300048828125,407.42999267578125,201.38499450683594,42.654998779296875,21.905000686645508,26.68000030517578,50.025001525878906,90.45500183105469,56.51499938964844,477.8999938964844,383.5199890136719,93.38999938964844,369.260009765625,330.9700012207031,249.8699951171875,82.45999908447266,154.3800048828125
2026-04-30 19:10:00+00:00,274.2200012207031,213.0800018310547,244.5,352.79998779296875,264.5199890136719,322.864990234375,188.92999267578125,53.584999084472656,47.29999923706055,128.2100067138672,126.48500061035156,192.77000427246094,179.9199981689453,40.44499969482422,382.8410949707031,925.6599731445312,92.88999938964844,229.6300048828125,313.6499938964844,940.9500122070312,505.44000244140625,615.8007202148438,109.61499786376953,190.2100067138672,407.135009765625,201.4600067138672,42.665000915527344,21.940000534057617,26.679899215698242,50.095001220703125,90.4749984741211,56.709999084472656,477.989990234375,383.4198913574219,93.41500091552734,369.6700134277344,331.2900085449219,249.75999450683594,82.5,154.49000549316406
2026-04-30 19:15:00+00:00,274.17999267578125,213.39999389648438,244.9199981689453,352.7749938964844,265.3999938964844,322.8699951171875,189.16000366210938,53.606998443603516,47.314998626708984,128.2100067138672,126.29000091552734,192.77999877929688,179.34500122070312,40.42499923706055,382.05999755859375,926.1199951171875,92.91000366210938,229.4600067138672,313.7699890136719,940.3699951171875,504.4200134277344,615.4119873046875,109.48999786376953,190.32000732421875,407.1449890136719,201.03500366210938,42.57500076293945,21.940000534057617,26.655000686645508,50.11000061035156,90.5,56.80500030517578,477.2149963378906,383.5400085449219,93.41999816894531,369.3157958984375,330.8299865722656,249.47999572753906,82.5999984741211,154.5135040283203
2026-04-30 19:20:00+00:00,274.2799987792969,212.8800048828125,245.1750030517578,352.6099853515625,265.7300109863281,323.21990966796875,188.88999938964844,53.60499954223633,47.31999969482422,128.22999572753906,126.44999694824219,192.9499969482422,179.47999572753906,40.42499923706055,381.9599914550781,926.2249755859375,92.73500061035156,229.44000244140625,313.7799987792969,939.4500122070312,505.2900085449219,616.4749755859375,109.41999816894531,190.33999633789062,408.2799987792969,201.05999755859375,42.584999084472656,21.969999313354492,26.645000457763672,50.154998779296875,90.54499816894531,56.82500076293945,477.3299865722656,384.2900085449219,93.41999816894531,369.0400085449219,331.260009765625,249.49000549316406,82.53500366210938,154.69000244140625
2026-04-30 19:25:00+00:00,274.489990234375,212.67010498046875,246.27000427246094,352.75,265.6000061035156,323.42919921875,188.8300018310547,53.64500045776367,47.32500076293945,128.1999969482422,126.43000030517578,193.0500030517578,179.25,40.5,381.32000732421875,926.7449951171875,92.43499755859375,229.5399932861328,313.8599853515625,939.9199829101562,504.94000244140625,617.0800170898438,109.23999786376953,190.5800018310547,408.3399963378906,200.82000732421875,42.630001068115234,21.96500015258789,26.649999618530273,50.17499923706055,90.58499908447266,56.814998626708984,478.04998779296875,383.95001220703125,93.44999694824219,369.3999938964844,330.9599914550781,248.7899932861328,82.5199966430664,154.72000122070312
2026-04-30 19:30:00+00:00,273.94500732421875,212.7899932861328,246.15499877929688,353.44000244140625,266.2300109863281,323.2799987792969,188.76499938964844,53.57500076293945,47.345001220703125,127.88999938964844,126.61009979248047,193.1925048828125,178.80999755859375,40.560001373291016,381.75,925.219970703125,93.58000183105469,229.4949951171875,313.5249938964844,942.530029296875,504.70001220703125,618.35498046875,109.5199966430664,190.36990356445312,408.17999267578125,200.74000549316406,42.59000015258789,21.985000610351562,26.645000457763672,50.15999984741211,90.6500015258789,56.810001373291016,477.55999755859375,382.5299987792969,93.44000244140625,369.67999267578125,330.9049987792969,250.0800018310547,82.38500213623047,155.00999450683594
2026-04-30 19:35:00+00:00,274.1559143066406,212.64500427246094,246.1999969482422,353.3500061035156,266.32000732421875,323.2998962402344,188.46499633789062,53.564998626708984,47.375,127.93000030517578,126.69999694824219,193.44000244140625,178.8800048828125,40.61000061035156,382.2799987792969,926.0700073242188,93.73500061035156,229.73500061035156,313.2550048828125,935.4949951171875,504.5299987792969,618.25,109.75499725341797,190.1999969482422,408.610107421875,200.71009826660156,42.54499816894531,22.03499984741211,26.649999618530273,50.14500045776367,90.67500305175781,56.849998474121094,477.7850036621094,381.8599853515625,93.41999816894531,369.90008544921875,330.9949951171875,250.25,82.34500122070312,155.19000244140625
2026-04-30 19:40:00+00:00,274.489990234375,212.85000610351562,246.1999969482422,353.17999267578125,266.010009765625,323.2900085449219,188.46499633789062,53.53499984741211,47.3650016784668,127.93000030517578,126.77999877929688,193.49000549316406,178.89999389648438,40.630001068115234,382.6789855957031,926.6099853515625,93.92500305175781,229.7899932861328,313.1449890136719,936.2360229492188,505.4549865722656,617.85498046875,109.5199966430664,190.08999633789062,409.29998779296875,200.76499938964844,42.53499984741211,22.014999389648438,26.655000686645508,50.10499954223633,90.74500274658203,56.814998626708984,478.1000061035156,381.8500061035156,93.5,370.0849914550781,330.5249938964844,250.75999450683594,82.2750015258789,155.14999389648438
2026-04-30 19:45:00+00:00,274.2651062011719,212.6300048828125,245.8800048828125,353.760009765625,265.7799987792969,323.6600036621094,188.19000244140625,53.59000015258789,47.39500045776367,128.14999389648438,126.7249984741211,193.39999389648438,178.97999572753906,40.7400016784668,382.6700134277344,926.405029296875,94.06500244140625,229.94000244140625,313.4999084472656,935.4199829101562,505.2749938964844,614.7150268554688,109.38999938964844,190.42999267578125,408.70001220703125,200.57000732421875,42.45500183105469,22.024999618530273,26.665000915527344,50.095001220703125,90.72000122070312,56.82500076293945,478.8800048828125,380.9399108886719,93.44999694824219,369.94000244140625,331.239990234375,251.23500061035156,82.3550033569336,155.27999877929688
2026-04-30 19:50:00+00:00,272.385009765625,211.84500122070312,246.1699981689453,354.1300048828125,265.3349914550781,323.4150085449219,187.84500122070312,53.584999084472656,47.45500183105469,127.98500061035156,126.74500274658203,194.0050048828125,179.1750030517578,40.82500076293945,382.5899963378906,924.489990234375,94.17539978027344,230.16000366210938,313.5350036621094,933.6649780273438,506.0350036621094,613.155029296875,109.19499969482422,190.5,410.1000061035156,200.5850067138672,42.29499816894531,22.065000534057617,26.655000686645508,50.1349983215332,90.84500122070312,56.95500183105469,479.31500244140625,381.7300109863281,93.55000305175781,371.5425109863281,330.760009765625,252.24000549316406,82.25,155.58999633789062
2026-04-30 19:55:00+00:00,271.3599853515625,211.3300018310547,246.0500030517578,354.3500061035156,265.0299987792969,322.9800109863281,187.47999572753906,53.47999954223633,47.375,127.97000122070312,125.79000091552734,193.33999633789062,178.91000366210938,40.724998474121094,385.1199951171875,923.5999755859375,94.4749984741211,229.86000061035156,313.2699890136719,934.3099975585938,502.8800048828125,611.4000244140625,109.16999816894531,190.5500030517578,407.7799987792969,199.52999877929688,42.20000076293945,22.03499984741211,26.700000762939453,50.13999938964844,90.67500305175781,56.880001068115234,479.1300048828125,381.5299987792969,92.7699966430664,370.489990234375,330.0400085449219,252.6300048828125,82.26000213623047,154.38999938964844
2026-05-01 13:30:00+00:00,280.6650085449219,209.6425018310547,249.73500061035156,354.95001220703125,265.36749267578125,323.3599853515625,185.44000244140625,53.630001068115234,46.919898986816406,128.75999450683594,124.72000122070312,193.38999938964844,178.60000610351562,40.29499816894531,382.68499755859375,922.8200073242188,95.50499725341797,228.03500366210938,313.5050048828125,975.9299926757812,504.5799865722656,613.64501953125,112.52999877929688,190.61000061035156,414.6300048828125,201.6300048828125,43.31999969482422,21.829999923706055,26.424999237060547,50.66999816894531,90.16999816894531,56.82500076293945,478.6199951171875,384.3110046386719,92.51000213623047,369.3999938964844,332.30999755859375,250.29750061035156,82.1449966430664,153.08999633789062
2026-05-01 13:35:00+00:00,281.0199890136719,209.6999969482422,248.25,357.260009765625,264.5899963378906,321.17999267578125,185.57000732421875,53.45500183105469,46.849998474121094,129.08999633789062,124.62999725341797,193.4199981689453,177.75,40.22999954223633,382.70001220703125,920.0050048828125,96.34190368652344,228.6999969482422,312.7300109863281,972.2100219726562,502.4800109863281,612.3336791992188,113.29000091552734,189.9550018310547,415.3197021484375,201.59500122070312,43.349998474121094,21.854999542236328,26.375999450683594,50.540000915527344,90.01000213623047,56.48500061035156,472.1199951171875,382.4800109863281,92.44000244140625,369.3313903808594,332.57000732421875,251.55999755859375,81.9800033569336,153.27499389648438
2026-05-01 13:40:00+00:00,282.1099853515625,210.4149932861328,247.9149932861328,354.80999755859375,264.2099914550781,321.80999755859375,185.72999572753906,53.57500076293945,46.97999954223633,129.1999969482422,125.09500122070312,193.2667999267578,177.5050048828125,40.43000030517578,381.4700012207031,923.6300048828125,96.83999633789062,228.7949981689453,313.2099914550781,977.1566772460938,502.3299865722656,612.8024291992188,113.41999816894531,190.67999267578125,413.6050109863281,201.93350219726562,43.28010177612305,21.934999465942383,26.35689926147461,50.63010025024414,90.12999725341797,56.70000076293945,471.8599853515625,381.3699951171875,92.625,367.94000244140625,330.8550109863281,253.39500427246094,82.08000183105469,154.05250549316406
2026-05-01 13:45:00+00:00,283.427490234375,209.77000427246094,247.88999938964844,352.19989013671875,265.6300048828125,321.7149963378906,185.0800018310547,53.68000030517578,46.869998931884766,129.00999450683594,125.01000213623047,193.4600067138672,177.19000244140625,40.40999984741211,380.7799987792969,923.030029296875,96.56999969482422,228.8350067138672,313.3699951171875,972.64501953125,503.92999267578125,611.719970703125,112.93000030517578,191.00999450683594,415.8800048828125,200.2899932861328,43.29999923706055,21.96820068359375,26.344999313354492,50.72999954223633,90.04000091552734,56.505001068115234,471.239990234375,382.0801086425781,92.6500015258789,367.31500244140625,330.9800109863281,251.9600067138672,82.1449966430664,154.26499938964844
2026-05-01 13:50:00+00:00,283.5199890136719,209.5500030517578,247.52999877929688,353.0150146484375,267.5050048828125,322.05999755859375,185.56500244140625,53.8650016784668,46.709999084472656,129.58999633789062,124.15499877929688,192.76010131835938,177.65499877929688,40.30500030517578,382.1400146484375,926.4299926757812,96.80500030517578,228.53500366210938,314.25,982.4749755859375,506.1050109863281,612.5900268554688,113.31999969482422,192.0,414.7200012207031,199.19000244140625,43.44499969482422,21.864999771118164,26.334999084472656,50.7400016784668,90.00340270996094,56.33000183105469,472.44000244140625,382.364990234375,92.41999816894531,368.4100036621094,331.8599853515625,249.35000610351562,82.26000213623047,153.13499450683594
2026-05-01 13:55:00+00:00,283.95001220703125,208.5800018310547,246.02999877929688,356.2950134277344,268.8800964355469,323.94500732421875,185.56500244140625,54.0099983215332,46.36000061035156,130.22000122070312,123.25,191.57000732421875,177.97999572753906,39.75,384.3599853515625,932.010009765625,98.3469009399414,229.14999389648438,315.4200134277344,975.2000122070312,506.8599853515625,613.1500854492188,113.48999786376953,193.13999938964844,412.17999267578125,200.4600067138672,43.400001525878906,21.66469955444336,26.3700008392334,50.689998626708984,89.49500274658203,56.03499984741211,474.0899963378906,382.94500732421875,92.125,368.2699890136719,332.8500061035156,246.05999755859375,82.58000183105469,151.6699981689453
2026-05-01 14:00:00+00:00,285.2699890136719,208.32000732421875,246.47999572753906,356.32000732421875,270.739990234375,323.8399963378906,185.65499877929688,53.904998779296875,46.15999984741211,129.92999267578125,123.08000183105469,190.97500610351562,177.56500244140625,39.619998931884766,385.2749938964844,933.4550170898438,98.79969787597656,229.41000366210938,315.44000244140625,975.3200073242188,503.92999267578125,611.8800048828125,113.81500244140625,192.84500122070312,411.614990234375,199.69000244140625,43.43000030517578,21.6299991607666,26.409900665283203,50.45000076293945,89.27999877929688,56.32500076293945,475.1300048828125,383.0450134277344,91.625,369.1400146484375,333.1099853515625,245.60499572753906,82.31999969482422,151.6300048828125
2026-05-01 14:05:00+00:00,285.7829895019531,208.19000244140625,245.4600067138672,353.8832092285156,271.760009765625,322.80499267578125,185.99000549316406,53.7400016784668,46.09000015258789,129.40499877929688,122.79000091552734,190.50999450683594,177.15499877929688,39.310001373291016,384.1400146484375,930.8699951171875,99.26499938964844,229.55999755859375,314.7099914550781,974.6649780273438,503.5,613.47998046875,113.94000244140625,192.16000366210938,412.3240051269531,200.16990661621094,43.470001220703125,21.469999313354492,26.399999618530273,50.29999923706055,89.16999816894531,56.61000061035156,474.1300048828125,385.3450012207031,91.53500366210938,369.4200134277344,332.2300109863281,245.05999755859375,82.04000091552734,151.625
2026-05-01 14:10:00+00:00,286.1000061035156,208.4199981689453,245.25,354.9224853515625,272.7149963378906,322.67999267578125,186.7100067138672,53.79999923706055,46.185001373291016,129.6999969482422,123.24500274658203,190.69000244140625,177.25,39.33000183105469,383.6300048828125,930.6950073242188,98.91000366210938,229.2899932861328,314.8999938964844,972.5549926757812,504.0098876953125,611.6500244140625,114.0,191.97999572753906,412.82000732421875,199.9788055419922,43.45500183105469,21.540000915527344,26.40999984741211,50.48910140991211,89.12000274658203,56.779998779296875,475.3949890136719,386.29998779296875,91.66999816894531,369.2699890136719,332.6300048828125,244.6699981689453,82.0,152.35499572753906
2026-05-01 14:15:00+00:00,285.489990234375,208.96499633789062,245.25,354.2799987792969,271.8399963378906,322.9700012207031,187.10000610351562,53.83000183105469,46.2400016784668,129.47000122070312,123.37000274658203,191.14010620117188,176.6999969482422,39.375,384.92999267578125,930.9199829101562,98.62000274658203,229.6300048828125,315.0799865722656,973.0250244140625,506.1000061035156,613.8629760742188,114.44999694824219,192.3000030517578,412.1000061035156,200.0260009765625,43.51499938964844,21.635000228881836,26.489999771118164,50.52000045776367,89.31999969482422,56.70000076293945,475.1700134277344,385.44500732421875,91.66999816894531,369.05999755859375,334.0400085449219,244.4199981689453,82.0,152.82000732421875
2026-05-01 14:20:00+00:00,285.16009521484375,209.6300048828125,245.1199951171875,353.1719970703125,272.3999938964844,322.8399963378906,187.07000732421875,53.915000915527344,46.40999984741211,129.7100067138672,123.85399627685547,191.32000732421875,176.6649932861328,39.560001373291016,384.82000732421875,932.6400146484375,99.59500122070312,229.48500061035156,315.260009765625,974.155029296875,505.20001220703125,612.5999755859375,114.20999908447266,192.5399932861328,411.29998779296875,199.75,43.52000045776367,21.670000076293945,26.485000610351562,50.54999923706055,89.48999786376953,56.95000076293945,473.9599914550781,385.8450012207031,91.66999816894531,369.1600036621094,333.94000244140625,245.3000030517578,82.16500091552734,152.7899932861328
2026-05-01 14:25:00+00:00,285.3399963378906,209.5050048828125,245.58999633789062,352.2149963378906,271.3999938964844,322.3500061035156,186.77000427246094,53.904998779296875,46.459999084472656,129.64999389648438,124.12999725341797,191.3300018310547,176.22000122070312,39.68000030517578,385.1499938964844,931.864990234375,99.33989715576172,229.35000610351562,315.2998962402344,973.25,503.18499755859375,611.3150024414062,113.77999877929688,192.36500549316406,412.2950134277344,199.3000030517578,43.51499938964844,21.665000915527344,26.485000610351562,50.51499938964844,89.5999984741211,57.09000015258789,473.4100036621094,388.0950012207031,91.7699966430664,368.8247985839844,333.1300048828125,244.3000030517578,82.04000091552734,153.0749969482422
2026-05-01 14:30:00+00:00,284.2550048828125,210.06500244140625,246.8249969482422,350.8800964355469,270.6299133300781,323.1199951171875,186.8699951171875,54.0,46.43000030517578,129.85000610351562,124.23999786376953,191.39999389648438,176.47500610351562,39.72999954223633,382.5799865722656,931.3900146484375,97.94000244140625,229.57000732421875,315.30999755859375,975.094970703125,503.1499938964844,608.1790161132812,113.83499908447266,192.5399932861328,413.9049987792969,197.56500244140625,43.69990158081055,21.69499969482422,26.46500015258789,50.689998626708984,89.58999633789062,57.02000045776367,473.8699951171875,387.5,91.67500305175781,368.1099853515625,333.4750061035156,244.7949981689453,82.2300033569336,153.1999969482422
2026-05-01 14:35:00+00:00,283.07000732421875,209.99000549316406,245.9149932861328,351.3009033203125,270.54998779296875,323.0299987792969,186.6699981689453,53.88999938964844,46.45000076293945,129.72999572753906,124.16500091552734,191.4499969482422,176.5800018310547,39.650001525878906,382.17999267578125,931.760009765625,98.71499633789062,229.27999877929688,315.05999755859375,974.2849731445312,501.6700134277344,608.0449829101562,113.98999786376953,192.39999389648438,411.69000244140625,198.69009399414062,43.7400016784668,21.725000381469727,26.514999389648438,50.630001068115234,89.56500244140625,56.82500076293945,474.5400085449219,386.7900085449219,92.01000213623047,368.3799133300781,333.260009765625,245.00999450683594,82.1500015258789,153.17999267578125
2026-05-01 14:40:00+00:00,282.3900146484375,209.82000732421875,245.57000732421875,352.7300109863281,270.5700988769531,322.8599853515625,186.3300018310547,53.84000015258789,46.53499984741211,129.49000549316406,124.01000213623047,191.8350067138672,176.2100067138672,39.810001373291016,383.5,932.0399780273438,98.79000091552734,229.25,315.1000061035156,972.0800170898438,501.1000061035156,610.1751098632812,113.6449966430664,192.34500122070312,412.00201416015625,199.27999877929688,43.814998626708984,21.729999542236328,26.47010040283203,50.529998779296875,89.54000091552734,56.849998474121094,474.45001220703125,388.3550109863281,92.12000274658203,368.2699890136719,332.989990234375,245.31500244140625,82.06999969482422,153.0471954345703
2026-05-01 14:45:00+00:00,283.1400146484375,210.0749969482422,246.0,352.5050048828125,270.3399963378906,322.8800048828125,186.0800018310547,53.81999969482422,46.55500030517578,129.35000610351562,123.73999786376953,191.51499938964844,175.88999938964844,39.75,384.2300109863281,931.7750244140625,98.66000366210938,229.27999877929688,315.3349914550781,974.0,501.17999267578125,611.25,113.5,192.13999938964844,413.1400146484375,199.82000732421875,43.749900817871094,21.719999313354492,26.469999313354492,50.529998779296875,89.5,56.630001068115234,473.239990234375,390.0268859863281,92.1698989868164,368.7749938964844,333.385009765625,244.3800048828125,81.98999786376953,153.0399932861328
2026-05-01 14:50:00+00:00,283.4999084472656,210.02000427246094,246.1199951171875,352.0899963378906,269.95001220703125,322.44000244140625,185.72000122070312,53.7400016784668,46.560001373291016,129.07000732421875,123.87999725341797,191.71499633789062,175.75999450683594,39.779998779296875,384.739990234375,930.4199829101562,99.6500015258789,228.86500549316406,314.5950012207031,974.9299926757812,501.5450134277344,610.97998046875,113.41999816894531,191.9949951171875,412.989990234375,199.6999969482422,43.68000030517578,21.747499465942383,26.427499771118164,50.54999923706055,89.52999877929688,56.5,473.2974853515625,388.9649963378906,92.01170349121094,368.07000732421875,333.5249938964844,244.97000122070312,81.91000366210938,153.3000030517578
2026-05-01 14:55:00+00:00,282.6099853515625,210.30499267578125,246.74000549316406,351.4100036621094,269.5950012207031,322.29998779296875,185.77000427246094,53.7400016784668,46.55500030517578,129.11000061035156,124.09500122070312,192.1699981689453,175.6999969482422,39.900001525878906,384.5,930.0999755859375,99.2249984741211,229.02999877929688,314.4200134277344,975.135009765625,501.1499938964844,611.52001953125,113.25,191.91000366210938,414.05999755859375,199.52870178222656,43.70500183105469,21.774999618530273,26.450000762939453,50.540000915527344,89.6449966430664,56.6349983215332,472.3999938964844,391.2349853515625,92.44499969482422,368.75,332.56500244140625,246.0399932861328,81.86000061035156,153.97999572753906
2026-05-01 15:00:00+00:00,281.8800048828125,210.33599853515625,246.35000610351562,352.1300048828125,268.82501220703125,322.0350036621094,185.5800018310547,53.75,46.63999938964844,128.8800048828125,124.25,192.5,175.6999969482422,39.900001525878906,383.5199890136719,929.469970703125,99.30249786376953,228.8699951171875,314.17999267578125,974.4450073242188,499.9599914550781,611.5999755859375,113.33999633789062,191.85000610351562,414.135009765625,199.62010192871094,43.560001373291016,21.760000228881836,26.475000381469727,50.5,89.68000030517578,56.84000015258789,472.7900085449219,391.0398864746094,92.62999725341797,368.92498779296875,332.2900085449219,246.00999450683594,81.83000183105469,153.9001007080078
2026-05-01 15:05:00+00:00,282.0801086425781,210.38999938964844,246.58999633789062,352.7001037597656,268.82501220703125,322.1300048828125,185.7449951171875,53.78499984741211,46.709999084472656,128.94000244140625,124.32499694824219,192.26499938964844,175.64999389648438,39.94499969482422,383.9100036621094,930.219970703125,99.12950134277344,228.83999633789062,314.4599914550781,973.530029296875,499.4649963378906,611.9450073242188,113.58000183105469,191.9499969482422,413.5150146484375,199.40499877929688,43.54999923706055,21.760000228881836,26.520999908447266,50.51499938964844,89.72000122070312,56.915000915527344,472.3599853515625,392.39990234375,92.69000244140625,369.5199890136719,332.3399963378906,247.05999755859375,81.87999725341797,153.91000366210938
2026-05-01 15:10:00+00:00,283.5325012207031,210.09500122070312,248.0399932861328,353.2300109863281,268.6050109863281,321.9549865722656,185.6199951171875,53.75,46.63999938964844,128.75,123.94999694824219,191.73500061035156,175.72999572753906,39.79999923706055,384.1300048828125,930.0599975585938,99.41999816894531,228.94000244140625,314.2699890136719,974.4149780273438,499.7900085449219,614.1199951171875,113.34500122070312,191.8699951171875,414.2900085449219,199.47000122070312,43.564998626708984,21.7189998626709,26.514999389648438,50.62009811401367,89.54000091552734,56.834999084472656,472.69000244140625,392.1449890136719,92.5250015258789,369.0450134277344,332.6099853515625,246.60000610351562,81.77999877929688,153.3300018310547
2026-05-01 15:15:00+00:00,284.010009765625,209.36000061035156,248.00999450683594,354.2850036621094,268.5199890136719,321.7200012207031,185.27999877929688,53.73500061035156,46.685001373291016,128.65499877929688,123.8301010131836,191.4550018310547,175.66000366210938,39.83000183105469,384.1199951171875,929.219970703125,99.98989868164062,228.6999969482422,314.07000732421875,970.9000244140625,498.4750061035156,613.6799926757812,113.26000213623047,191.80999755859375,413.75,199.55499267578125,43.44499969482422,21.719999313354492,26.5049991607666,50.709999084472656,89.61499786376953,56.834999084472656,472.80999755859375,391.3500061035156,92.48999786376953,369.4501037597656,332.2799987792969,246.47500610351562,81.71499633789062,153.2100067138672
2026-05-01 15:20:00+00:00,283.96990966796875,208.7449951171875,248.38999938964844,353.29998779296875,269.5899963378906,321.8349914550781,185.14999389648438,53.7400016784668,46.650001525878906,128.72000122070312,123.69000244140625,191.41000366210938,175.19500732421875,39.779998779296875,385.29998779296875,930.1900024414062,99.95999908447266,228.7949981689453,314.1449890136719,970.030029296875,498.9599914550781,613.8400268554688,113.1897964477539,191.87789916992188,413.94000244140625,199.14999389648438,43.4099006652832,21.704999923706055,26.475000381469727,50.654998779296875,89.625,56.834999084472656,470.9800109863281,391.7550048828125,92.42500305175781,369.5050048828125,332.57000732421875,245.85000610351562,81.7300033569336,153.4499969482422
2026-05-01 15:25:00+00:00,283.95001220703125,208.2100067138672,248.99000549316406,353.9450988769531,269.4607849121094,321.989990234375,184.5800018310547,53.775001525878906,46.75,128.77999877929688,123.95999908447266,191.22999572753906,174.82000732421875,39.834999084472656,385.3599853515625,930.25,99.36109924316406,228.52999877929688,314.2250061035156,965.030029296875,499.8399963378906,614.4255981445312,112.93499755859375,192.0500030517578,414.5899963378906,198.92999267578125,43.51499938964844,21.73900032043457,26.454999923706055,50.70000076293945,89.74500274658203,56.82500076293945,470.04998779296875,392.6549987792969,92.45989990234375,369.5,332.885009765625,245.77499389648438,81.80000305175781,153.22500610351562
2026-05-01 15:30:00+00:00,283.6199951171875,208.13999938964844,248.78759765625,354.260009765625,269.7799987792969,321.9849853515625,184.25999450683594,53.755001068115234,46.724998474121094,128.72999572753906,123.77999877929688,191.3249969482422,174.69500732421875,39.89500045776367,386.3642883300781,930.1199951171875,99.393798828125,228.55999755859375,314.1900939941406,964.739990234375,498.8500061035156,613.3350219726562,112.83000183105469,192.10499572753906,414.9100036621094,198.82000732421875,43.595001220703125,21.774999618530273,26.434999465942383,50.71500015258789,89.69000244140625,56.650001525878906,469.8699951171875,393.53009033203125,92.44999694824219,369.2149963378906,332.5400085449219,246.55189514160156,81.75,153.0399932861328
2026-05-01 15:35:00+00:00,284.4800109863281,207.8699951171875,248.72000122070312,354.5664978027344,270.42999267578125,322.0400085449219,184.75,53.775001525878906,46.64910125732422,128.66000366210938,123.70999908447266,191.08999633789062,175.1024932861328,39.84000015258789,386.1650085449219,929.885009765625,99.41000366210938,228.52000427246094,314.2250061035156,964.7899780273438,498.1199951171875,613.2899780273438,112.97000122070312,192.22000122070312,415.7900085449219,199.19000244140625,43.685001373291016,21.75,26.406999588012695,50.720001220703125,89.45999908447266,56.58000183105469,470.635009765625,394.6799011230469,92.4000015258789,369.7099914550781,332.57989501953125,245.85000610351562,81.70999908447266,152.87989807128906
2026-05-01 15:40:00+00:00,284.80999755859375,208.35499572753906,248.99000549316406,354.7699890136719,270.2300109863281,322.3999938964844,184.77999877929688,53.7599983215332,46.63999938964844,128.55999755859375,123.6050033569336,190.85000610351562,175.4250030517578,39.82500076293945,385.260986328125,929.7349853515625,99.01499938964844,228.65499877929688,314.32000732421875,967.2550048828125,498.1700134277344,612.1300048828125,113.13999938964844,192.21499633789062,415.7040100097656,199.55999755859375,43.70500183105469,21.75,26.454999923706055,50.775001525878906,89.47000122070312,56.56999969482422,471.7099914550781,394.6300048828125,92.36000061035156,369.95001220703125,332.6199951171875,246.24000549316406,81.68000030517578,152.89999389648438
2026-05-01 15:45:00+00:00,285.2749938964844,207.9499969482422,249.8365020751953,354.7650146484375,270.55999755859375,322.18499755859375,185.0,53.73500061035156,46.61000061035156,128.47999572753906,123.52999877929688,190.75,175.35499572753906,39.86000061035156,385.22149658203125,928.1799926757812,99.28990173339844,228.52000427246094,314.1499938964844,965.4400024414062,498.2699890136719,611.364990234375,113.12010192871094,191.94000244140625,417.010986328125,199.63999938964844,43.755001068115234,21.764999389648438,26.434999465942383,50.79029846191406,89.48999786376953,56.54499816894531,471.68499755859375,396.1099853515625,92.44000244140625,369.8800048828125,332.8900146484375,246.1750030517578,81.66000366210938,152.80999755859375
2026-05-01 15:50:00+00:00,285.0350036621094,207.77999877929688,249.40499877929688,354.3900146484375,270.19000244140625,321.6499938964844,184.86500549316406,53.65999984741211,46.59000015258789,128.01300048828125,123.52999877929688,190.5399932861328,175.4949951171875,39.849998474121094,383.7799987792969,926.27001953125,99.36000061035156,228.67999267578125,313.69500732421875,962.7349853515625,497.3299865722656,610.7100219726562,113.20500183105469,191.32000732421875,415.6199951171875,199.22999572753906,43.71500015258789,21.760000228881836,26.475000381469727,50.65999984741211,89.44000244140625,56.54499816894531,471.54998779296875,393.5,92.51000213623047,369.6199951171875,332.6000061035156,245.63999938964844,81.5000991821289,152.6300048828125
2026-05-01 15:55:00+00:00,284.75,207.8300018310547,249.14500427246094,355.1549987792969,270.1300048828125,321.5150146484375,184.97250366210938,53.65999984741211,46.61000061035156,128.0399932861328,123.73999786376953,190.6199951171875,175.0,39.880001068115234,383.95001220703125,926.3499755859375,99.54010009765625,228.47000122070312,313.67999267578125,960.9600219726562,496.8301086425781,611.9299926757812,113.01000213623047,191.34120178222656,415.8208923339844,199.1300048828125,43.71500015258789,21.81999969482422,26.467599868774414,50.630001068115234,89.50499725341797,56.58000183105469,470.68499755859375,394.4649963378906,92.80000305175781,369.44000244140625,332.9150085449219,245.64999389648438,81.56999969482422,152.52999877929688
2026-05-01 16:00:00+00:00,284.92498779296875,208.1649932861328,249.5,355.3299865722656,269.92498779296875,321.54998779296875,184.97999572753906,53.68000030517578,46.60499954223633,128.14999389648438,123.58000183105469,190.17999267578125,174.97000122070312,39.83000183105469,384.2699890136719,926.5,99.15019989013672,228.51499938964844,313.7799987792969,960.7849731445312,496.88958740234375,611.219970703125,112.91000366210938,191.47000122070312,415.7900085449219,199.03500366210938,43.69499969482422,21.809999465942383,26.450000762939453,50.65999984741211,89.50499725341797,56.595001220703125,470.6300048828125,395.4949951171875,92.73999786376953,369.5950012207031,333.5400085449219,245.5399932861328,81.66500091552734,152.5
2026-05-01 16:05:00+00:00,283.9599914550781,207.86000061035156,250.2899932861328,355.3599853515625,269.29998779296875,321.67498779296875,184.9149932861328,53.65999984741211,46.58000183105469,127.91999816894531,123.62999725341797,190.3000030517578,175.25,39.849998474121094,383.4800109863281,926.1500244140625,99.26000213623047,228.2100067138672,313.625,961.3200073242188,496.93499755859375,610.1500244140625,112.77999877929688,191.30999755859375,414.385009765625,198.59500122070312,43.619998931884766,21.815000534057617,26.450000762939453,50.65010070800781,89.45999908447266,56.52000045776367,470.75,393.67498779296875,92.75,369.9700012207031,333.739990234375,245.33999633789062,81.57499694824219,152.35499572753906
2026-05-01 16:10:00+00:00,283.9700012207031,207.8000030517578,249.78500366210938,356.07501220703125,269.4110107421875,321.56500244140625,184.6999969482422,53.60499954223633,46.58000183105469,127.8301010131836,123.57499694824219,190.14999389648438,175.0,39.85499954223633,384.4049987792969,925.6500244140625,99.26499938964844,228.00999450683594,313.760009765625,960.22998046875,496.82000732421875,610.4500122070312,112.6449966430664,191.35000610351562,413.80999755859375,198.9250030517578,43.53499984741211,21.809999465942383,26.434999465942383,50.625,89.4000015258789,56.540000915527344,470.6300048828125,393.9801025390625,92.72000122070312,370.32989501953125,333.5249938964844,245.4499969482422,81.56999969482422,152.36000061035156
2026-05-01 16:15:00+00:00,284.32000732421875,208.01499938964844,250.0399932861328,357.20001220703125,269.5199890136719,321.45001220703125,184.6199951171875,53.55500030517578,46.59000015258789,127.56999969482422,123.7699966430664,190.27999877929688,175.19000244140625,39.86000061035156,385.0350036621094,924.6900024414062,99.39009857177734,228.3199005126953,313.6050109863281,960.8300170898438,496.45001220703125,611.6950073242188,112.66999816894531,191.08999633789062,413.7370910644531,199.0050048828125,43.53499984741211,21.84000015258789,26.420000076293945,50.65999984741211,89.33499908447266,56.61000061035156,470.6600036621094,395.25,92.76000213623047,370.80999755859375,333.67999267578125,245.9499969482422,81.55500030517578,152.375
2026-05-01 16:20:00+00:00,283.7349853515625,208.00999450683594,250.1300048828125,357.55499267578125,269.0799865722656,320.6101989746094,184.1999969482422,53.380001068115234,46.709999084472656,127.23500061035156,124.08499908447266,190.47999572753906,175.24000549316406,40.06999969482422,384.8399963378906,924.3699951171875,99.32499694824219,228.3800048828125,313.06500244140625,962.6300048828125,497.05999755859375,612.614990234375,112.63999938964844,191.00999450683594,413.7550048828125,199.1699981689453,43.51499938964844,21.950000762939453,26.434999465942383,50.619998931884766,89.58999633789062,56.682498931884766,470.05999755859375,395.45001220703125,92.98999786376953,370.9949951171875,333.6600036621094,246.58999633789062,81.5199966430664,152.7100067138672
2026-05-01 16:25:00+00:00,283.9549865722656,208.11500549316406,250.88999938964844,356.54998779296875,269.0,320.1600036621094,184.2949981689453,53.189998626708984,46.665000915527344,126.95500183105469,124.05000305175781,190.23500061035156,175.30999755859375,40.02000045776367,384.5249938964844,923.219970703125,99.30010223388672,228.42999267578125,312.5350036621094,963.6799926757812,497.25,612.1624755859375,112.59500122070312,190.76499938964844,414.32501220703125,198.65499877929688,43.72999954223633,21.934999465942383,26.420000076293945,50.665000915527344,89.5,56.58000183105469,470.43499755859375,395.4750061035156,93.04499816894531,370.8955078125,333.5899963378906,246.22999572753906,81.4000015258789,152.36000061035156
2026-05-01 16:30:00+00:00,283.7900085449219,208.10000610351562,250.7949981689453,356.8299865722656,268.385009765625,320.45001220703125,184.44000244140625,53.130001068115234,46.630001068115234,126.9800033569336,123.9000015258789,189.93499755859375,175.1300048828125,40.0099983215332,384.8800048828125,922.4500122070312,99.37000274658203,228.44000244140625,312.6000061035156,962.760009765625,497.5,611.39501953125,112.63999938964844,190.69000244140625,413.8699951171875,198.82000732421875,43.625,21.900999069213867,26.415000915527344,50.595001220703125,89.37000274658203,56.540000915527344,469.6199951171875,395.0350036621094,92.8499984741211,370.6300048828125,333.6000061035156,245.7100067138672,81.43499755859375,152.18499755859375
2026-05-01 16:35:00+00:00,283.3500061035156,208.3800048828125,250.72999572753906,357.55499267578125,268.7349853515625,320.6400146484375,184.6136932373047,53.19499969482422,46.57500076293945,127.20999908447266,123.73999786376953,190.1199951171875,175.0399932861328,39.959999084472656,385.385009765625,924.780029296875,99.5988998413086,228.80999755859375,312.7200012207031,963.260009765625,497.42999267578125,611.6599731445312,112.68000030517578,190.80499267578125,413.94500732421875,198.9600067138672,43.59000015258789,21.875,26.43000030517578,50.61000061035156,89.23999786376953,56.54499816894531,469.45001220703125,394.5400085449219,92.83999633789062,370.8599853515625,333.4100036621094,245.49000549316406,81.48500061035156,151.97999572753906
2026-05-01 16:40:00+00:00,282.92999267578125,208.10000610351562,250.63999938964844,357.6199951171875,268.4599914550781,320.5799865722656,184.8350067138672,53.10499954223633,46.54999923706055,127.19999694824219,123.6500015258789,190.19000244140625,175.02000427246094,39.91999816894531,384.2799987792969,924.3599853515625,99.21990203857422,228.875,312.3900146484375,963.0650024414062,497.2774963378906,611.9000244140625,112.69999694824219,190.67999267578125,413.625,198.6490020751953,43.619998931884766,21.854999542236328,26.434999465942383,50.58000183105469,89.19000244140625,56.580101013183594,469.5400085449219,394.2912902832031,92.88999938964844,371.0474853515625,333.2900085449219,245.10000610351562,81.4800033569336,151.99000549316406
2026-05-01 16:45:00+00:00,282.5849914550781,208.0155029296875,250.52000427246094,357.3900146484375,268.3599853515625,320.260009765625,184.90499877929688,53.154998779296875,46.53499984741211,127.25,123.77999877929688,190.22999572753906,175.2100067138672,39.97999954223633,384.2659912109375,924.0449829101562,99.16500091552734,228.5500030517578,312.4800109863281,961.0900268554688,497.0,612.1599731445312,112.48999786376953,190.6300048828125,413.1000061035156,198.91000366210938,43.54499816894531,21.864999771118164,26.415000915527344,50.54999923706055,89.19499969482422,56.685001373291016,469.20001220703125,393.5286865234375,92.92500305175781,370.8500061035156,333.0199890136719,245.74000549316406,81.43000030517578,152.1300048828125
2026-05-01 16:50:00+00:00,283.1099853515625,207.9600067138672,250.4199981689453,357.80999755859375,268.57000732421875,320.3999938964844,184.72000122070312,53.19499969482422,46.474998474121094,127.16000366210938,123.78990173339844,190.06100463867188,175.0500030517578,39.935001373291016,385.20001220703125,924.469970703125,98.92500305175781,228.74000549316406,312.4100036621094,961.5499877929688,497.80999755859375,612.4849853515625,112.41999816894531,190.80999755859375,413.19000244140625,199.27000427246094,43.68000030517578,21.84000015258789,26.405000686645508,50.564998626708984,89.08999633789062,56.599998474121094,469.2785949707031,394.9800109863281,92.98500061035156,371.1499938964844,333.0400085449219,245.6649932861328,81.5,152.1199951171875
2026-05-01 16:55:00+00:00,283.11700439453125,207.6999969482422,250.6024932861328,358.44000244140625,268.3999938964844,320.7850036621094,184.625,53.18000030517578,46.525001525878906,127.16500091552734,123.93000030517578,190.35000610351562,174.85499572753906,39.974998474121094,384.9049987792969,924.47998046875,98.75990295410156,228.57000732421875,312.4700012207031,961.5499877929688,497.25,612.510009765625,112.56999969482422,190.8699951171875,413.2099914550781,199.1649932861328,43.73500061035156,21.854999542236328,26.415000915527344,50.59000015258789,89.13999938964844,56.61000061035156,469.8699951171875,394.5799865722656,93.1449966430664,370.9800109863281,332.80999755859375,245.75,81.45999908447266,152.52499389648438
2026-05-01 17:00:00+00:00,282.8299865722656,207.4550018310547,250.60000610351562,358.8949890136719,268.4700012207031,320.8500061035156,184.69000244140625,53.2599983215332,46.474998474121094,127.37999725341797,123.95999908447266,190.32000732421875,174.8800048828125,39.88999938964844,385.1600036621094,925.3300170898438,98.79000091552734,228.6699981689453,312.81500244140625,961.5599975585938,497.2900085449219,612.030029296875,112.55000305175781,190.97500610351562,413.4049987792969,199.35000610351562,43.66510009765625,21.83009910583496,26.393400192260742,50.625,89.08999633789062,56.599998474121094,469.8800048828125,394.07501220703125,93.05999755859375,370.8999938964844,332.55999755859375,245.50990295410156,81.58000183105469,152.52000427246094
2026-05-01 17:05:00+00:00,282.62451171875,207.52999877929688,250.5,359.07000732421875,268.31500244140625,320.8599853515625,184.69500732421875,53.29499816894531,46.41999816894531,127.48999786376953,123.75,189.89500427246094,174.86000061035156,39.84000015258789,385.2699890136719,925.0394897460938,98.97000122070312,228.5500030517578,313.04998779296875,963.0,496.79998779296875,612.010009765625,112.53500366210938,190.94000244140625,413.7300109863281,199.6199951171875,43.65999984741211,21.78499984741211,26.403200149536133,50.6150016784668,88.97000122070312,56.54499816894531,469.5,394.3999938964844,93.1050033569336,370.4200134277344,332.6600036621094,245.0,81.61000061035156,152.3000030517578
2026-05-01 17:10:00+00:00,282.6700134277344,207.55499267578125,250.58999633789062,359.8500061035156,268.5199890136719,321.0950012207031,184.85000610351562,53.34000015258789,46.3849983215332,127.55999755859375,123.75499725341797,189.80999755859375,174.72500610351562,39.83000183105469,385.42999267578125,925.6199951171875,98.84989929199219,228.38999938964844,313.4200134277344,962.97998046875,496.3949890136719,612.0399780273438,112.51499938964844,191.2100067138672,413.95001220703125,199.83999633789062,43.630001068115234,21.770000457763672,26.405000686645508,50.67499923706055,88.94999694824219,56.54499816894531,469.8550109863281,395.1000061035156,92.91999816894531,370.4649963378906,332.6499938964844,244.83999633789062,81.69000244140625,152.14999389648438
2026-05-01 17:15:00+00:00,282.6499938964844,207.52999877929688,250.94000244140625,359.7799987792969,268.8399963378906,321.04998779296875,184.90750122070312,53.3849983215332,46.3650016784668,127.42500305175781,123.66000366210938,190.02999877929688,174.92999267578125,39.790000915527344,386.2799987792969,924.9299926757812,99.16680145263672,227.9199981689453,313.4200134277344,962.27001953125,495.75,613.530029296875,112.44999694824219,191.10000610351562,414.2799987792969,200.1195068359375,43.619998931884766,21.760000228881836,26.405000686645508,50.689998626708984,88.91999816894531,56.58000183105469,470.20001220703125,395.1400146484375,92.44999694824219,370.0950012207031,332.5299987792969,244.89999389648438,81.76499938964844,152.1199951171875
2026-05-01 17:20:00+00:00,282.8699951171875,207.64999389648438,251.1300048828125,359.6184997558594,269.3500061035156,321.1099853515625,184.9499969482422,53.375,46.400001525878906,127.48500061035156,123.76499938964844,189.91000366210938,174.97500610351562,39.810001373291016,386.1600036621094,924.6699829101562,98.72940063476562,227.91000366210938,313.489990234375,962.469970703125,496.30999755859375,614.7949829101562,112.43000030517578,191.02000427246094,414.3900146484375,199.88999938964844,43.60499954223633,21.764999389648438,26.405000686645508,50.689998626708984,88.8949966430664,56.67499923706055,470.1200866699219,394.8500061035156,92.5,370.29998779296875,332.7049865722656,245.02000427246094,81.80999755859375,152.27000427246094
2026-05-01 17:25:00+00:00,282.80999755859375,207.99000549316406,251.1199951171875,359.8399963378906,269.385009765625,321.4700012207031,185.0,53.42499923706055,46.39500045776367,127.58999633789062,123.86000061035156,190.25,174.97000122070312,39.81999969482422,386.20001220703125,924.5050048828125,98.6449966430664,228.0,313.7200012207031,962.5499877929688,496.70001220703125,615.614990234375,112.71499633789062,191.02499389648438,414.4800109863281,199.85000610351562,43.63999938964844,21.780000686645508,26.44499969482422,50.720001220703125,88.93000030517578,56.70000076293945,470.2500915527344,395.2200012207031,92.44999694824219,370.5799865722656,332.92498779296875,245.14999389648438,81.94999694824219,152.47000122070312
2026-05-01 17:30:00+00:00,282.2300109863281,208.32000732421875,250.9199981689453,360.2099914550781,269.1300048828125,321.54998779296875,185.11500549316406,53.505001068115234,46.3849983215332,127.7699966430664,123.95999908447266,190.5,174.91000366210938,39.80500030517578,385.2449951171875,925.8574829101562,98.4613037109375,228.19000244140625,314.1050109863281,963.8099975585938,496.6400146484375,613.739990234375,112.79499816894531,191.22999572753906,414.2001037597656,199.96499633789062,43.62009811401367,21.799999237060547,26.475000381469727,50.709999084472656,88.875,56.755001068115234,470.8550109863281,395.05999755859375,92.54499816894531,370.1499938964844,333.1400146484375,245.57000732421875,82.0199966430664,152.64329528808594
2026-05-01 17:35:00+00:00,282.3699951171875,208.14500427246094,250.72000122070312,360.4700012207031,269.04998779296875,321.3999938964844,184.75,53.59000015258789,46.400001525878906,127.88999938964844,123.88999938964844,190.4199981689453,174.74000549316406,39.779998779296875,385.1400146484375,926.9199829101562,98.28970336914062,227.8800048828125,314.1400146484375,963.8300170898438,496.66009521484375,614.010009765625,112.58000183105469,191.3300018310547,414.4599914550781,200.0850067138672,43.60499954223633,21.799999237060547,26.459999084472656,50.755001068115234,88.83999633789062,56.71500015258789,470.1449890136719,395.79998779296875,92.41999816894531,369.55950927734375,333.1000061035156,245.13250732421875,82.01499938964844,152.52000427246094
2026-05-01 17:40:00+00:00,282.1000061035156,207.92999267578125,250.16009521484375,362.010009765625,268.9100036621094,321.0799865722656,184.7449951171875,53.52000045776367,46.3849983215332,127.81500244140625,123.83999633789062,190.61000061035156,174.80999755859375,39.790000915527344,385.3500061035156,926.9849853515625,98.875,227.97000122070312,314.1099853515625,964.2650146484375,496.239990234375,614.0791015625,112.54499816894531,191.1999969482422,414.6650085449219,200.07000732421875,43.595001220703125,21.825000762939453,26.46500015258789,50.730098724365234,88.93000030517578,56.78499984741211,470.07000732421875,397.04998779296875,92.43000030517578,369.7699890136719,332.6700134277344,245.1699981689453,81.94000244140625,152.55999755859375
2026-05-01 17:45:00+00:00,282.07000732421875,207.74000549316406,250.67999267578125,362.4700012207031,269.1000061035156,321.0849914550781,184.8524932861328,53.53499984741211,46.38999938964844,127.7300033569336,123.77999877929688,190.58999633789062,174.90499877929688,39.79499816894531,384.885009765625,926.5269775390625,98.87010192871094,228.17999267578125,314.0799865722656,964.0,497.0400085449219,612.02001953125,112.55000305175781,191.16000366210938,414.7099914550781,199.93499755859375,43.55500030517578,21.809999465942383,26.46929931640625,50.744998931884766,88.87000274658203,56.8650016784668,470.4800109863281,397.04998779296875,92.4000015258789,370.29998779296875,333.1099853515625,245.02000427246094,81.9749984741211,152.3800048828125
2026-05-01 17:50:00+00:00,281.6600036621094,207.55999755859375,250.52499389648438,361.840087890625,269.30999755859375,321.3800048828125,184.92999267578125,53.6150016784668,46.31999969482422,127.86000061035156,123.63500213623047,190.50999450683594,175.08999633789062,39.72999954223633,385.0950012207031,927.6500244140625,98.72000122070312,228.24000549316406,314.5299987792969,962.9299926757812,498.1099853515625,612.3599853515625,112.5999984741211,191.3699951171875,414.8550109863281,199.9398956298828,43.599998474121094,21.770000457763672,26.465099334716797,50.779998779296875,88.73999786376953,56.80500030517578,470.7300109863281,396.94000244140625,92.4000015258789,370.2550048828125,332.8550109863281,244.9499969482422,82.11499786376953,152.3000030517578
2026-05-01 17:55:00+00:00,281.4750061035156,207.43499755859375,250.75999450683594,361.8900146484375,269.239990234375,321.3299865722656,184.76499938964844,53.435001373291016,46.345001220703125,127.72000122070312,123.7699966430664,190.69000244140625,175.10499572753906,39.77000045776367,385.2200012207031,927.5549926757812,99.02899932861328,228.10000610351562,314.1400146484375,962.7675170898438,497.0450134277344,612.030029296875,112.53500366210938,191.27999877929688,415.20001220703125,199.64999389648438,43.564998626708984,21.764999389648438,26.434999465942383,50.790000915527344,88.83000183105469,56.775001525878906,470.85009765625,397.6700134277344,92.45500183105469,370.1449890136719,332.385009765625,245.0175018310547,82.00499725341797,152.30999755859375
2026-05-01 18:00:00+00:00,280.9200134277344,207.89500427246094,250.47999572753906,361.3900146484375,269.19000244140625,320.9901123046875,185.01499938964844,53.40999984741211,46.32500076293945,127.7300033569336,123.6500015258789,190.2899932861328,175.33999633789062,39.744998931884766,385.3999938964844,926.0700073242188,99.11000061035156,228.3300018310547,313.8949890136719,968.6799926757812,496.1050109863281,611.0599975585938,112.61000061035156,190.9949951171875,415.2900085449219,199.28500366210938,43.61000061035156,21.770000457763672,26.475000381469727,50.77000045776367,88.8949966430664,56.76499938964844,470.9150085449219,396.8299865722656,92.44000244140625,370.5350036621094,331.4949951171875,244.78250122070312,81.91000366210938,152.3300018310547
2026-05-01 18:05:00+00:00,281.2699890136719,207.32000732421875,250.4149932861328,361.5899963378906,269.3197021484375,321.04998779296875,185.17999267578125,53.30500030517578,46.310001373291016,127.58000183105469,123.66000366210938,190.4600067138672,175.5500030517578,39.790000915527344,384.8999938964844,923.5850219726562,99.00499725341797,228.30999755859375,313.44000244140625,968.2050170898438,495.3800048828125,611.510009765625,112.5199966430664,190.72000122070312,415.885986328125,199.5050048828125,43.6150016784668,21.780000686645508,26.43000030517578,50.77000045776367,88.91000366210938,56.75,471.1499938964844,397.07501220703125,92.41999816894531,370.5350036621094,330.5199890136719,244.02999877929688,81.78500366210938,152.3699951171875
2026-05-01 18:10:00+00:00,280.7149963378906,207.3000030517578,250.1199951171875,360.8900146484375,269.2908020019531,320.5199890136719,185.19000244140625,53.29010009765625,46.380001068115234,127.55000305175781,123.87999725341797,190.625,175.63999938964844,39.834999084472656,384.5799865722656,924.155029296875,98.90899658203125,228.0399932861328,313.2699890136719,968.3049926757812,493.79998779296875,610.97998046875,112.69999694824219,190.6699981689453,415.3599853515625,199.1999969482422,43.67499923706055,21.825000762939453,26.44569969177246,50.724998474121094,89.02999877929688,56.71500015258789,471.57000732421875,396.66009521484375,92.61499786376953,370.3299865722656,330.04998779296875,244.3175048828125,81.61000061035156,152.67999267578125
2026-05-01 18:15:00+00:00,281.239990234375,207.3350067138672,250.04490661621094,361.04998779296875,269.3299865722656,320.44000244140625,184.9600067138672,53.29999923706055,46.400001525878906,127.41000366210938,123.7699966430664,190.94000244140625,175.6750030517578,39.845001220703125,384.4700012207031,924.0989990234375,98.8949966430664,227.94000244140625,313.1499938964844,965.4400024414062,493.1099853515625,611.0700073242188,112.52999877929688,190.5449981689453,415.6199951171875,199.13999938964844,43.82500076293945,21.815000534057617,26.44499969482422,50.722900390625,89.0,56.73500061035156,470.9599914550781,395.90008544921875,92.76000213623047,370.3999938964844,330.0,244.44000244140625,81.55000305175781,152.89500427246094
2026-05-01 18:20:00+00:00,281.12200927734375,207.3000030517578,249.97799682617188,361.3699951171875,269.54998779296875,320.43499755859375,185.01499938964844,53.29499816894531,46.375,127.38999938964844,123.52999877929688,190.5399932861328,175.4499969482422,39.80500030517578,384.9601135253906,924.3599853515625,98.98999786376953,227.9499969482422,313.2149963378906,966.9400024414062,492.8399963378906,611.4949951171875,112.52999877929688,190.63999938964844,415.9200134277344,199.2899932861328,43.85499954223633,21.825000762939453,26.44499969482422,50.73500061035156,88.95999908447266,56.689998626708984,470.7799987792969,396.79998779296875,92.79499816894531,370.335693359375,329.5899963378906,244.25,81.5250015258789,152.91000366210938
2026-05-01 18:25:00+00:00,281.2300109863281,207.38999938964844,250.33999633789062,360.6600036621094,269.6098937988281,320.5625,185.22999572753906,53.361000061035156,46.474998474121094,127.5,123.5,190.8000030517578,175.33999633789062,39.814998626708984,384.9200134277344,924.405029296875,98.76480102539062,228.13499450683594,313.31500244140625,966.3200073242188,492.92999267578125,611.8499755859375,112.56999969482422,190.72000122070312,415.5867919921875,199.13009643554688,43.849998474121094,21.825000762939453,26.44499969482422,50.76499938964844,89.05999755859375,56.724998474121094,471.0,396.3800048828125,92.81999969482422,370.3599853515625,329.29998779296875,244.89999389648438,81.5999984741211,153.07000732421875
2026-05-01 18:30:00+00:00,280.44000244140625,207.1649932861328,250.19000244140625,359.94500732421875,269.42498779296875,320.07501220703125,185.30999755859375,53.29010009765625,46.525001525878906,127.43000030517578,123.48999786376953,190.68499755859375,175.0850067138672,39.79999923706055,384.3999938964844,923.3099975585938,98.90979766845703,228.2198944091797,313.0950012207031,965.2849731445312,493.42999267578125,612.0700073242188,112.30000305175781,190.52999877929688,415.45001220703125,198.9698944091797,43.85499954223633,21.854999542236328,26.44499969482422,50.665000915527344,89.07499694824219,56.70000076293945,470.9100036621094,395.4849853515625,92.95500183105469,370.1600036621094,328.94000244140625,244.9600067138672,81.5199966430664,153.1199951171875
2026-05-01 18:35:00+00:00,280.75,207.3249969482422,250.30999755859375,359.17999267578125,268.9200134277344,319.82000732421875,185.19500732421875,53.250099182128906,46.5099983215332,127.31999969482422,123.41999816894531,190.6300048828125,175.17999267578125,39.7599983215332,384.17999267578125,923.2750244140625,98.84500122070312,228.25,312.9800109863281,966.0650024414062,493.9599914550781,613.1099853515625,112.30000305175781,190.51499938964844,415.1300048828125,198.8249969482422,43.79499816894531,21.834999084472656,26.434999465942383,50.6150016784668,89.02999877929688,56.63999938964844,470.45001220703125,394.843994140625,92.91999816894531,369.8949890136719,329.010009765625,245.3800048828125,81.37999725341797,153.19000244140625
2026-05-01 18:40:00+00:00,280.7695007324219,207.57000732421875,250.3852996826172,358.71990966796875,268.4700012207031,319.70989990234375,185.27999877929688,53.22999954223633,46.529998779296875,127.38999938964844,123.4800033569336,190.74000549316406,175.32000732421875,39.779998779296875,383.95001220703125,923.0380249023438,98.76499938964844,228.44500732421875,312.8299865722656,964.6749877929688,494.0899963378906,612.1500244140625,112.43000030517578,190.42999267578125,414.9320068359375,198.625,43.79999923706055,21.854999542236328,26.450000762939453,50.599998474121094,89.08499908447266,56.78499984741211,470.6600036621094,394.739990234375,92.80000305175781,369.7598876953125,328.875,245.16000366210938,81.4000015258789,153.2899932861328
2026-05-01 18:45:00+00:00,280.43499755859375,207.64999389648438,250.7899932861328,358.0400085449219,268.760009765625,319.7550048828125,185.4199981689453,53.275001525878906,46.564998626708984,127.4000015258789,123.58000183105469,190.8300018310547,175.61000061035156,39.810001373291016,382.95001220703125,923.6199951171875,98.66010284423828,228.55999755859375,312.9800109863281,965.4550170898438,494.6083068847656,611.9749755859375,112.45500183105469,190.4600067138672,414.6000061035156,198.43499755859375,43.94499969482422,21.854999542236328,26.489999771118164,50.60499954223633,89.12000274658203,56.80500030517578,470.4649963378906,394.04998779296875,92.95999908447266,369.9150085449219,329.2349853515625,245.4199981689453,81.41999816894531,153.6750030517578
2026-05-01 18:50:00+00:00,280.510009765625,207.36500549316406,250.4199981689453,357.3699951171875,268.7799987792969,319.8450012207031,185.44000244140625,53.29999923706055,46.584999084472656,127.41500091552734,123.61000061035156,190.81500244140625,175.41000366210938,39.775001525878906,382.44500732421875,923.5399780273438,98.79499816894531,228.47000122070312,313.2300109863281,966.7299194335938,494.69500732421875,611.8099975585938,112.56999969482422,190.51040649414062,414.6050109863281,198.41990661621094,43.89039993286133,21.864999771118164,26.4950008392334,50.630001068115234,89.20500183105469,56.8650016784668,470.375,394.7200927734375,93.0199966430664,369.8999938964844,329.260009765625,245.4250030517578,81.41999816894531,153.4600067138672
2026-05-01 18:55:00+00:00,280.45001220703125,207.16000366210938,250.14999389648438,357.8500061035156,268.94000244140625,319.6000061035156,185.36000061035156,53.29499816894531,46.5900993347168,127.4000015258789,123.70999908447266,190.89999389648438,175.4499969482422,39.82500076293945,383.3699951171875,923.030029296875,98.82730102539062,228.3699951171875,313.3299865722656,963.8499755859375,494.05999755859375,611.2550048828125,112.48999786376953,190.4199981689453,414.8999938964844,198.35499572753906,43.880001068115234,21.875,26.5,50.6150016784668,89.2300033569336,56.935001373291016,470.55999755859375,394.29998779296875,92.97000122070312,369.6700134277344,329.1000061035156,245.65499877929688,81.37000274658203,153.5399932861328
2026-05-01 19:00:00+00:00,280.5950012207031,206.77499389648438,250.03500366210938,358.260009765625,268.9599914550781,319.5849914550781,185.2050018310547,53.29499816894531,46.564998626708984,127.56999969482422,123.7300033569336,190.72000122070312,175.61000061035156,39.80500030517578,384.6600036621094,923.2100219726562,99.17009735107422,228.1199951171875,313.5199890136719,963.27001953125,494.2850036621094,611.1900024414062,112.37000274658203,190.42010498046875,415.2099914550781,198.45010375976562,43.9900016784668,21.850000381469727,26.475000381469727,50.619998931884766,89.28500366210938,57.03499984741211,470.81500244140625,395.010009765625,93.09500122070312,369.82000732421875,329.125,245.4199981689453,81.38999938964844,153.41000366210938
2026-05-01 19:05:00+00:00,280.669189453125,206.55999755859375,250.19000244140625,359.10009765625,268.9200134277344,319.7900085449219,185.27499389648438,53.30500030517578,46.564998626708984,127.68499755859375,123.7300033569336,190.68499755859375,175.6300048828125,39.78499984741211,384.3299865722656,923.2249755859375,99.48999786376953,228.2799072265625,313.6299133300781,962.77001953125,495.260009765625,611.1799926757812,112.41999816894531,190.50999450683594,415.20001220703125,198.64500427246094,44.01499938964844,21.8700008392334,26.485000610351562,50.6150016784668,89.26499938964844,57.11000061035156,470.8399963378906,395.69989013671875,93.05000305175781,369.7900085449219,329.1499938964844,245.85459899902344,81.375,153.4199981689453
2026-05-01 19:10:00+00:00,280.7699890136719,206.73500061035156,250.55999755859375,359.9100036621094,268.95001220703125,319.6600036621094,185.36000061035156,53.26499938964844,46.540000915527344,127.6500015258789,123.83000183105469,190.65499877929688,175.69000244140625,39.78499984741211,384.4130859375,922.969970703125,99.61000061035156,228.40499877929688,313.82000732421875,962.0399780273438,495.2300109863281,609.75,112.41500091552734,190.2449951171875,415.5799865722656,199.02499389648438,44.02000045776367,21.875,26.454999923706055,50.64500045776367,89.25,57.09000015258789,470.95001220703125,395.5199890136719,93.05500030517578,369.2200012207031,328.93231201171875,245.8300018310547,81.33499908447266,153.36000061035156
2026-05-01 19:15:00+00:00,280.039794921875,206.48500061035156,250.0500030517578,361.614990234375,268.5899963378906,319.9100036621094,185.39999389648438,53.400001525878906,46.584999084472656,127.83000183105469,124.0,190.75,175.77000427246094,39.880001068115234,384.4100036621094,924.7550048828125,99.87999725341797,228.49000549316406,314.17999267578125,962.552001953125,494.8500061035156,610.5601196289062,112.25,190.57000732421875,415.20001220703125,199.4001007080078,43.96099853515625,21.915000915527344,26.430099487304688,50.67399978637695,89.29000091552734,57.154998779296875,470.7850036621094,395.0350036621094,93.21009826660156,369.864990234375,329.0050048828125,246.26010131835938,81.45500183105469,153.5850067138672
2026-05-01 19:20:00+00:00,280.2449951171875,206.2100067138672,250.0500030517578,361.6400146484375,268.5050048828125,319.9800109863281,185.38999938964844,53.404998779296875,46.57500076293945,127.75,123.88999938964844,190.67999267578125,175.6999969482422,39.869998931884766,384.4800109863281,924.8800048828125,99.89969635009766,228.1699981689453,314.0404052734375,961.8300170898438,494.32000732421875,610.4299926757812,112.18000030517578,190.55999755859375,415.55999755859375,199.66000366210938,43.95500183105469,21.920000076293945,26.43000030517578,50.64500045776367,89.20999908447266,57.112998962402344,470.69000244140625,394.239990234375,93.2300033569336,369.8399963378906,328.69000244140625,246.19000244140625,81.43499755859375,153.4600067138672
2026-05-01 19:25:00+00:00,280.34991455078125,205.77000427246094,250.50999450683594,361.114990234375,268.8500061035156,319.9949951171875,185.22999572753906,53.44499969482422,46.56999969482422,127.66999816894531,123.80999755859375,190.59500122070312,175.22500610351562,39.8849983215332,385.3999938964844,924.7000122070312,99.88500213623047,228.0,314.2799987792969,961.7999877929688,494.4549865722656,611.2750244140625,112.08000183105469,190.75010681152344,416.2300109863281,199.71499633789062,43.89500045776367,21.934999465942383,26.405000686645508,50.65999984741211,89.21499633789062,57.11000061035156,469.5899963378906,394.3999938964844,93.2300033569336,369.82000732421875,328.6449890136719,245.81500244140625,81.3949966430664,153.44000244140625
2026-05-01 19:30:00+00:00,280.2799987792969,205.8350067138672,250.4250030517578,360.17498779296875,268.8550109863281,319.8800048828125,185.2949981689453,53.36690139770508,46.540000915527344,127.70999908447266,123.73999786376953,190.69500732421875,175.44000244140625,39.790000915527344,385.56988525390625,925.3800048828125,99.77189636230469,227.7100067138672,314.18499755859375,959.7999877929688,495.0,611.5601196289062,112.06500244140625,191.0500030517578,416.1600036621094,199.85000610351562,43.90999984741211,21.885000228881836,26.395000457763672,50.61640167236328,89.08999633789062,57.03499984741211,470.0,393.2025146484375,93.20500183105469,369.77398681640625,328.7950134277344,245.97999572753906,81.3550033569336,153.3699951171875
2026-05-01 19:35:00+00:00,280.30499267578125,206.02499389648438,250.86000061035156,359.9649963378906,268.7701110839844,320.1300048828125,185.27999877929688,53.3849983215332,46.51499938964844,127.68000030517578,123.6500015258789,190.59500122070312,175.4499969482422,39.814998626708984,385.260009765625,926.719970703125,99.66999816894531,227.94500732421875,314.30999755859375,961.7949829101562,495.1000061035156,611.4400024414062,112.0999984741211,191.0800018310547,416.82000732421875,199.6999969482422,43.95000076293945,21.864999771118164,26.419300079345703,50.595001220703125,89.08000183105469,57.064998626708984,470.1300048828125,392.92498779296875,92.97000122070312,370.07501220703125,328.739990234375,246.41000366210938,81.37000274658203,153.2899932861328
2026-05-01 19:40:00+00:00,280.21990966796875,206.2899932861328,251.1199951171875,359.9150085449219,268.6400146484375,320.0400085449219,185.2100067138672,53.3849983215332,46.48500061035156,127.69000244140625,123.76000213623047,190.37989807128906,175.30999755859375,39.790000915527344,385.42999267578125,926.489990234375,99.6500015258789,227.97999572753906,314.260009765625,961.6749877929688,495.55999755859375,612.4199829101562,111.91000366210938,190.77999877929688,416.20001220703125,199.60499572753906,43.904998779296875,21.84000015258789,26.385000228881836,50.6150016784668,89.06500244140625,56.92499923706055,469.30499267578125,391.8999938964844,92.9000015258789,370.1300048828125,329.2900085449219,246.7100067138672,81.31999969482422,153.26499938964844
2026-05-01 19:45:00+00:00,280.57000732421875,206.94000244140625,251.0,359.30499267578125,268.1549987792969,319.9949951171875,185.3300018310547,53.35499954223633,46.525001525878906,127.72000122070312,123.98500061035156,190.8470001220703,175.1750030517578,39.810001373291016,385.3699951171875,926.2000122070312,99.86000061035156,228.089599609375,314.25,963.4299926757812,495.6400146484375,611.5349731445312,112.18499755859375,190.6999969482422,416.1299133300781,199.1649932861328,43.814998626708984,21.908700942993164,26.405000686645508,50.52000045776367,89.11499786376953,56.88999938964844,468.94500732421875,392.3500061035156,92.9800033569336,369.8699951171875,328.74749755859375,246.9499969482422,81.26499938964844,153.5
2026-05-01 19:50:00+00:00,279.8949890136719,207.00100708007812,250.47999572753906,360.5,268.3299865722656,319.489990234375,185.0399932861328,53.314998626708984,46.53499984741211,127.56500244140625,123.75749969482422,190.72000122070312,175.4499969482422,39.77000045776367,385.2699890136719,923.72998046875,99.62000274658203,227.82000732421875,313.32000732421875,964.89501953125,494.57000732421875,610.135009765625,112.3550033569336,190.67999267578125,414.0400085449219,199.0449981689453,43.78499984741211,21.885000228881836,26.40999984741211,50.529998779296875,89.08499908447266,56.875,469.114990234375,390.4017028808594,93.00499725341797,369.510009765625,328.07000732421875,247.26499938964844,80.98999786376953,153.3699951171875
2026-05-01 19:55:00+00:00,280.1499938964844,206.60000610351562,250.75,360.54998779296875,268.3399963378906,319.6499938964844,184.82000732421875,53.224998474121094,46.40999984741211,127.41999816894531,123.16999816894531,190.6199951171875,175.13999938964844,39.70000076293945,385.69000244140625,923.4199829101562,99.66999816894531,227.1999969482422,312.4599914550781,963.7100219726562,495.4100036621094,608.7449951171875,112.16000366210938,190.1699981689453,414.510009765625,198.4199981689453,43.880001068115234,21.889999389648438,26.334999084472656,50.43000030517578,88.9800033569336,56.939998626708984,469.1199951171875,390.6600036621094,92.77999877929688,368.8299865722656,328.0299987792969,246.86000061035156,80.80999755859375,152.7899932861328
