Price,Close,Close,Close,Close,Close,Close,Close,Close,Close,Close,Close,Close,Close,Close,Close,Close,Close,Close,Close,Close,Close,Close,Close,Close,Close,Close,Close,Close,Close,Close,Close,Close,Close,Close,Close,Close,Close,Close,Close,Close,Close,Close,Close,Close,Close,Close,Close,Close,Close,Close,Close,Close,Close,Close,Close,Close,Close,Close,Close,Close,Close,Close,Close,Close,Close,Close,Close,Close,Close,Close,Close,Close,Close,Close,Close,Close,Close,Close,Close,Close,Close,Close,Close,Close,Close,Close,Close,Close,Close,Close,Close,Close,Close,Close,Close,Close,Close,Close,Close,Close,Volume,Volume,Volume,Volume,Volume,Volume,Volume,Volume,Volume,Volume,Volume,Volume,Volume,Volume,Volume,Volume,Volume,Volume,Volume,Volume,Volume,Volume,Volume,Volume,Volume,Volume,Volume,Volume,Volume,Volume,Volume,Volume,Volume,Volume,Volume,Volume,Volume,Volume,Volume,Volume,Volume,Volume,Volume,Volume,Volume,Volume,Volume,Volume,Volume,Volume,Volume,Volume,Volume,Volume,Volume,Volume,Volume,Volume,Volume,Volume,Volume,Volume,Volume,Volume,Volume,Volume,Volume,Volume,Volume,Volume,Volume,Volume,Volume,Volume,Volume,Volume,Volume,Volume,Volume,Volume,Volume,Volume,Volume,Volume,Volume,Volume,Volume,Volume,Volume,Volume,Volume,Volume,Volume,Volume,Volume,Volume,Volume,Volume,Volume,Volume
Ticker,AAPL,ABBV,ADBE,AMAT,AMD,AMGN,AMZN,APA,AVGO,AXP,BAC,BDX,BKNG,BKR,BLK,BSX,C,CB,CI,CME,CMG,COF,COP,COST,CRM,CSCO,CTRA,CVS,CVX,DG,DHR,DVN,EOG,EQT,F,FANG,GILD,GM,GOOGL,GS,HAL,HD,HLT,HUM,IBM,INTC,INTU,ISRG,JNJ,JPM,KMI,KO,LLY,LOW,MA,MAR,MCD,MDT,META,MPC,MRK,MS,MSFT,NKE,NOV,NOW,NVDA,ORCL,ORLY,OXY,PEP,PFE,PG,PGR,PNC,PSX,PYPL,QCOM,REGN,SBUX,SCHW,SLB,SPGI,SYK,TFC,TGT,TJX,TMO,TRGP,TSLA,TXN,UNH,USB,V,VLO,VRTX,WFC,WMB,WMT,XOM,AAPL,ABBV,ADBE,AMAT,AMD,AMGN,AMZN,APA,AVGO,AXP,BAC,BDX,BKNG,BKR,BLK,BSX,C,CB,CI,CME,CMG,COF,COP,COST,CRM,CSCO,CTRA,CVS,CVX,DG,DHR,DVN,EOG,EQT,F,FANG,GILD,GM,GOOGL,GS,HAL,HD,HLT,HUM,IBM,INTC,INTU,ISRG,JNJ,JPM,KMI,KO,LLY,LOW,MA,MAR,MCD,MDT,META,MPC,MRK,MS,MSFT,NKE,NOV,NOW,NVDA,ORCL,ORLY,OXY,PEP,PFE,PG,PGR,PNC,PSX,PYPL,QCOM,REGN,SBUX,SCHW,SLB,SPGI,SYK,TFC,TGT,TJX,TMO,TRGP,TSLA,TXN,UNH,USB,V,VLO,VRTX,WFC,WMB,WMT,XOM
Datetime,,,,,,,,,,,,,,,,,,,,,,,,,,,,,,,,,,,,,,,,,,,,,,,,,,,,,,,,,,,,,,,,,,,,,,,,,,,,,,,,,,,,,,,,,,,,,,,,,,,,,,,,,,,,,,,,,,,,,,,,,,,,,,,,,,,,,,,,,,,,,,,,,,,,,,,,,,,,,,,,,,,,,,,,,,,,,,,,,,,,,,,,,,,,,,,,,,,,,,,,
2026-04-27 13:30:00+00:00,266.1499938964844,198.97999572753906,240.1649932861328,413.2699890136719,338.80108642578125,345.0799865722656,262.8349914550781,38.345001220703125,420.3900146484375,316.44500732421875,52.69499969482422,152.94000244140625,178.8699951171875,70.02999877929688,1052.2550048828125,61.30500030517578,128.86000061035156,325.69500732421875,278.80999755859375,283.54998779296875,34.060001373291016,192.41000366210938,122.94000244140625,1004.4199829101562,177.98500061035156,88.7699966430664,34.060001373291016,78.0199966430664,187.5,120.75,177.8000030517578,48.70000076293945,134.65499877929688,60.42499923706055,12.619999885559082,197.6999969482422,129.52999877929688,78.12000274658203,342.760009765625,939.4299926757812,40.45000076293945,336.0141906738281,336.55499267578125,216.125,227.6999969482422,85.02580261230469,387.5150146484375,481.69500732421875,227.1875,310.1549987792969,31.920000076293945,76.43000030517578,882.6799926757812,245.86000061035156,502.260009765625,366.3599853515625,297.20001220703125,83.43499755859375,675.0,227.3300018310547,112.20999908447266,189.47000122070312,418.5799865722656,44.95000076293945,20.850000381469727,87.97000122070312,210.84869384765625,169.30999755859375,92.87000274658203,57.810001373291016,155.625,26.989999771118164,148.25999450683594,200.25,221.67999267578125,165.38999938964844,50.0099983215332,159.1300048828125,753.1400146484375,98.83000183105469,89.29000091552734,56.16999816894531,435.0150146484375,327.1300048828125,51.54999923706055,129.0,157.24000549316406,468.8949890136719,241.72000122070312,368.9849853515625,274.8399963378906,353.4849853515625,56.32500076293945,307.29998779296875,239.0050048828125,429.4075012207031,80.31999969482422,72.62999725341797,129.01499938964844,150.36500549316406,4317221,1121601,323103,208598,5989599,93500,4798129,194280,1145569,515918,1249461,38765,210994,614171,59865,515750,318706,44994,42094,227491,702118,113457,590399,68759,540834,2160194,361931,936268,422568,36101,212343,382812,63925,253737,1482105,35171,239156,231221,2050622,71314,611715,109572,52843,13183,372292,21446158,504762,59231,285455,797241,244780,637531,172811,593608,79249,27790,216868,139471,944099,44762,253704,187782,3885154,840569,116114,2945872,15376407,2506631,223673,650482,126973,2089671,349918,54915,62282,66381,410799,8526519,13224,152742,294383,838053,83126,206747,180353,270739,72266,96721,16809.0,4023804,524206,447065,140228,462687,91757,22528,736632,72834,2846481,682216
2026-04-27 13:35:00+00:00,267.19989013671875,199.2449951171875,242.47999572753906,410.7550048828125,334.5849914550781,346.4599914550781,263.20001220703125,38.435001373291016,420.0050048828125,317.1700134277344,52.88909912109375,153.22500610351562,179.96499633789062,69.7300033569336,1053.614990234375,61.529998779296875,128.99000549316406,325.6449890136719,280.0,283.760009765625,34.17789840698242,192.85000610351562,122.93499755859375,1005.2449951171875,180.6699981689453,88.5999984741211,34.150001525878906,77.92980194091797,187.33999633789062,119.5999984741211,180.0,48.869998931884766,135.0050048828125,60.314998626708984,12.600099563598633,197.5,129.98500061035156,78.16999816894531,344.7799987792969,939.1400146484375,40.380001068115234,337.010009765625,336.385009765625,216.2899932861328,228.8000030517578,84.5199966430664,391.19000244140625,481.1700134277344,226.8000030517578,310.2200012207031,31.780000686645508,76.24150085449219,889.0,246.69000244140625,505.6300048828125,366.4100036621094,296.25,83.69499969482422,676.344970703125,228.67999267578125,112.37999725341797,189.99000549316406,420.1400146484375,45.345001220703125,20.844999313354492,89.75050354003906,210.60499572753906,170.52499389648438,93.32499694824219,57.875,155.74000549316406,27.100000381469727,148.09500122070312,200.6999969482422,222.0050048828125,166.1199951171875,50.279998779296875,157.83999633789062,750.0343017578125,99.08999633789062,89.44499969482422,55.95000076293945,435.79998779296875,328.42498779296875,51.58000183105469,129.0050048828125,157.47000122070312,472.9649963378906,242.9499969482422,368.8399963378906,271.5950012207031,353.0400085449219,56.29499816894531,309.57000732421875,239.7899932861328,431.0,80.31999969482422,72.47000122070312,129.32000732421875,150.4499969482422,1185064,74502,164331,79509,2108464,17038,1122999,65631,363216,47243,813546,6913,109842,415357,8245,287498,48015,12081,17147,19258,250178,55825,152912,21146,243908,204217,51706,45412,99834,38665,29423,137858,24388,79603,1198435,15307,45716,78190,587970,24654,227393,35490,11547,8167,183792,6203178,56744,16471,132733,113612,92336,191888,37220,30666,34901,7472,61451,39409,259532,31811,42634,45845,815170,375856,42116,620883,5249400,762138,38936,145868,50951,294250,184038,16436,31106,24069,388394,1544181,3080,45080,105708,187876,41632,8340,114260,60331,20033,51668,2646.0,1417427,313369,85331,60249,193364,41037,7423,456664,42744,257510,221091
2026-04-27 13:40:00+00:00,267.4849853515625,200.8625030517578,244.2100067138672,408.70001220703125,333.5450134277344,346.8550109863281,262.0849914550781,38.196998596191406,421.4750061035156,316.25,52.70500183105469,153.0449981689453,180.1750030517578,68.97000122070312,1049.81005859375,61.41999816894531,128.36000061035156,326.2149963378906,280.5400085449219,284.29998779296875,34.04999923706055,192.47000122070312,122.44000244140625,1006.8300170898438,181.64999389648438,88.7300033569336,34.04999923706055,77.95500183105469,186.85000610351562,118.01010131835938,180.1199951171875,48.71500015258789,134.74000549316406,60.4900016784668,12.510000228881836,196.77499389648438,129.80999755859375,78.05000305175781,345.92999267578125,934.0700073242188,40.130001068115234,335.7650146484375,335.0849914550781,216.7100067138672,229.56500244140625,85.32990264892578,395.0,482.7049865722656,226.82000732421875,309.5899963378906,31.790000915527344,76.33999633789062,890.6950073242188,245.64999389648438,506.3800048828125,365.4949951171875,296.05499267578125,83.7750015258789,677.47998046875,228.8000030517578,112.5,189.27000427246094,420.6499938964844,45.21820068359375,20.709999084472656,90.44989776611328,209.7899932861328,170.3699951171875,93.08000183105469,57.779998779296875,156.125,27.209999084472656,148.4199981689453,200.60499572753906,221.7050018310547,166.05999755859375,50.150001525878906,154.10000610351562,753.2750244140625,98.6500015258789,89.29000091552734,55.34000015258789,435.8299865722656,328.5299987792969,51.54499816894531,128.4949951171875,157.3800048828125,474.1300048828125,242.7100067138672,369.114990234375,273.19000244140625,352.5,56.14500045776367,309.8800048828125,240.22500610351562,432.2200012207031,80.0999984741211,72.51000213623047,129.22500610351562,150.5500030517578,719882,104059,142641,78698,2397530,11783,871813,69079,262605,25562,416077,22568,90106,335484,3640,95970,52679,10476,12612,8293,318400,27170,96302,16341,269390,142942,39198,44733,236000,39999,73480,207790,30096,195205,546962,7388,50373,95634,606123,14549,131742,27458,13104,14550,123290,5758414,34946,23925,73701,80575,56711,167081,42948,29462,29502,17757,68335,53231,244242,22046,103384,79011,461785,226768,21501,586097,3738131,516747,99315,181047,56420,603278,145123,14243,29573,23848,207827,1481001,17486,45028,69068,288714,21048,30996,149465,30588,30607,22288,2021.0,1490697,140574,81720,42692,68768,27553,7677,182310,46424,112706,128195
2026-04-27 13:45:00+00:00,267.9700012207031,200.8699951171875,245.1999969482422,404.5299987792969,331.0899963378906,347.4800109863281,261.1391906738281,38.27000045776367,420.1499938964844,314.7799987792969,52.6150016784668,152.95249938964844,180.5399932861328,69.22000122070312,1045.260009765625,61.18000030517578,127.81999969482422,326.5450134277344,281.57000732421875,284.0799865722656,33.920101165771484,191.4149932861328,122.08000183105469,1008.9849853515625,182.72999572753906,88.44000244140625,33.92499923706055,78.06999969482422,187.08999633789062,117.30500030517578,180.2949981689453,48.52000045776367,134.72999572753906,60.64500045776367,12.489999771118164,197.2550048828125,129.41000366210938,78.0199966430664,346.2699890136719,930.469970703125,40.064998626708984,334.6400146484375,334.8699951171875,217.42999267578125,228.875,85.22879791259766,396.4100036621094,485.0,226.83999633789062,309.3949890136719,31.690000534057617,76.49009704589844,888.02001953125,243.72000122070312,508.2099914550781,363.9649963378906,295.70001220703125,83.88009643554688,675.760009765625,229.52999877929688,112.5,188.14999389648438,420.5400085449219,45.15999984741211,20.600000381469727,91.03800201416016,210.0,170.44000244140625,93.02999877929688,57.67499923706055,156.3249969482422,27.315000534057617,149.2050018310547,201.2100067138672,221.1300048828125,166.1300048828125,49.834999084472656,151.78500366210938,753.7550048828125,98.54350280761719,89.19999694824219,55.20000076293945,435.4901123046875,329.20001220703125,51.470001220703125,127.76000213623047,157.3800048828125,473.2049865722656,241.82000732421875,366.92999267578125,272.4150085449219,352.2218017578125,56.06999969482422,310.0249938964844,239.9600067138672,433.1600036621094,79.83999633789062,72.30999755859375,129.2200927734375,150.7100067138672,745855,156306,146619,114075,1503481,22273,1238854,47459,411509,19864,511274,13299,78322,222574,5396,202675,64858,10424,16157,15878,193319,45605,341855,24004,310743,157801,37080,40334,101994,45528,73825,118350,32321,146416,561605,7931,66613,154774,800808,15108,121509,71155,18425,10703,127180,5261214,33825,20809,104547,67789,76149,139545,62203,25754,42511,9035,65341,82952,351697,30775,113197,48504,500211,212216,42922,629447,3700310,464300,35197,115376,54814,1356031,198379,16419,17543,28318,406700,1359851,6325,89967,79866,322644,37034,16723,308981,118917,80781,35857,5967.0,1453567,88427,77251,51911,114886,20601,8831,174939,27122,199290,166320
2026-04-27 13:50:00+00:00,267.9100036621094,200.44000244140625,243.60499572753906,407.67999267578125,333.56500244140625,346.6199951171875,261.4700012207031,38.2400016784668,419.30499267578125,315.29998779296875,52.755001068115234,152.99000549316406,180.41000366210938,69.19000244140625,1051.1700439453125,61.09000015258789,128.0399932861328,326.3389892578125,281.80499267578125,284.5249938964844,34.02000045776367,191.50999450683594,121.91999816894531,1010.52001953125,182.97999572753906,88.68000030517578,33.90999984741211,78.12999725341797,186.98500061035156,118.07499694824219,180.39999389648438,48.51259994506836,134.8000030517578,60.540000915527344,12.524999618530273,197.25,129.5,78.56890106201172,347.3699951171875,933.6300048828125,40.354698181152344,336.1000061035156,335.5199890136719,217.9499969482422,229.9600067138672,84.75,396.4049987792969,485.45001220703125,227.25,309.7850036621094,31.674999237060547,76.44000244140625,887.135009765625,244.97000122070312,506.8500061035156,365.6199951171875,296.04998779296875,83.76499938964844,677.4500122070312,229.61000061035156,112.47000122070312,188.8699951171875,421.0899963378906,45.229698181152344,20.645000457763672,91.20999908447266,209.92999267578125,170.16000366210938,93.2300033569336,57.540000915527344,156.08999633789062,27.239999771118164,149.06500244140625,201.54249572753906,221.41000366210938,166.34500122070312,49.755001068115234,152.75999450683594,755.2789916992188,98.54000091552734,89.3550033569336,55.56999969482422,436.05999755859375,329.4599914550781,51.56999969482422,128.55499267578125,157.52000427246094,474.2799987792969,242.2100067138672,367.20001220703125,272.5849914550781,352.0799865722656,56.150001525878906,309.67999267578125,239.91000366210938,433.2699890136719,80.0250015258789,72.30999755859375,129.375,150.5135040283203,635578,155013,98801,127938,1653323,26190,970073,78465,381686,31633,554055,25053,79414,169012,8140,158898,90777,19327,11340,19654,143977,68970,195581,16777,436838,187843,46373,63398,108915,90804,63724,97004,51136,152272,492908,10566,97328,201686,565553,15154,172663,75890,17173,11450,127661,5314330,30909,29686,77924,94551,77928,188363,41509,18586,51362,6587,70315,60203,209294,22388,121269,50095,536459,241255,29937,782443,4261412,601839,185858,99962,54706,534792,197880,29352,40333,22597,235513,1100484,1511,105151,209895,282082,57888,15701,237091,37116,28022,33934,6555.0,1723793,116165,67774,81251,104726,34525,15971,239612,29429,175667,235248
2026-04-27 13:55:00+00:00,268.1300048828125,200.5800018310547,241.6699981689453,409.2300109863281,335.8699951171875,347.0950012207031,261.17999267578125,38.165000915527344,420.5199890136719,315.2699890136719,52.717498779296875,152.5800018310547,179.36000061035156,69.79000091552734,1048.2650146484375,60.560001373291016,127.94989776611328,325.9200134277344,281.0899963378906,284.44000244140625,33.90999984741211,192.16000366210938,122.05000305175781,1011.2999877929688,181.41000366210938,88.78070068359375,33.91999816894531,78.0199966430664,187.10000610351562,119.30500030517578,179.8000030517578,48.529998779296875,134.89999389648438,60.334999084472656,12.519100189208984,197.27999877929688,129.6750030517578,78.6500015258789,348.6549987792969,932.3800048828125,40.5,335.635009765625,335.0799865722656,217.50999450683594,228.67999267578125,86.62999725341797,393.5,480.8500061035156,227.3800048828125,309.32000732421875,31.704999923706055,76.5,886.3175048828125,244.4199981689453,504.42999267578125,365.0299987792969,296.6099853515625,83.4749984741211,672.4149780273438,229.2550048828125,112.5,188.67999267578125,419.95001220703125,45.17499923706055,20.690000534057617,90.95999908447266,210.36000061035156,168.68499755859375,93.0,57.560001373291016,155.8000030517578,27.225000381469727,148.99000549316406,201.25999450683594,221.1999969482422,166.09986877441406,49.47999954223633,152.1300048828125,753.7100219726562,98.5,89.31999969482422,55.790000915527344,435.8599853515625,328.1300048828125,51.58000183105469,129.41839599609375,157.57000732421875,471.2900085449219,242.72999572753906,365.7049865722656,273.1000061035156,351.0899963378906,56.17499923706055,308.6650085449219,239.5399932861328,433.4549865722656,80.09500122070312,72.40499877929688,129.44000244140625,150.72999572753906,499868,52082,70832,103169,1475082,42284,650570,44422,326772,14042,316785,9271,48072,188253,5147,276845,72365,12892,6717,10399,215478,52865,87705,7162,209097,144580,34780,45540,88573,25915,68114,70128,19071,54151,634628,10619,94726,162000,715977,9344,57037,44443,8656,20016,102574,6167172,27888,17493,67862,71235,78342,149093,32583,10288,30435,10013,49923,42438,183511,8416,78610,37053,375638,172874,49768,447965,2365962,537523,39648,98827,25753,454600,315750,14532,13743,26228,139165,955854,776,88237,67369,227445,24298,9370,141704,54521,25684,18533,2098.0,1025321,105685,72746,62343,61520,19337,10601,231849,25890,154175,160046
2026-04-27 14:00:00+00:00,267.2580871582031,200.31500244140625,242.5,407.1499938964844,334.8999938964844,346.6000061035156,261.4599914550781,38.03020095825195,418.7550048828125,315.7298889160156,52.619998931884766,152.6300048828125,179.85000610351562,69.63999938964844,1049.050048828125,60.84000015258789,128.10000610351562,326.4830017089844,280.9800109863281,284.9649963378906,33.935001373291016,192.2899932861328,121.9000015258789,1011.77001953125,182.42999267578125,88.61000061035156,33.76499938964844,77.91999816894531,186.5399932861328,119.5999984741211,180.41000366210938,48.310001373291016,134.39999389648438,60.290000915527344,12.53499984741211,196.72000122070312,129.8300018310547,78.77999877929688,349.4599914550781,933.3900146484375,40.470001220703125,335.0899963378906,334.67999267578125,218.22250366210938,229.14500427246094,86.87999725341797,394.2900085449219,482.6449890136719,227.46009826660156,309.92498779296875,31.625,76.30000305175781,886.4650268554688,244.3350067138672,505.072509765625,363.92999267578125,296.0,83.45999908447266,672.2100219726562,229.33999633789062,112.2300033569336,188.6699981689453,420.6698913574219,45.119998931884766,20.71500015258789,91.70999908447266,210.22999572753906,168.89999389648438,93.05000305175781,57.349998474121094,155.56500244140625,27.2549991607666,148.49110412597656,202.3300018310547,221.14500427246094,166.2449951171875,49.589900970458984,151.46499633789062,755.760009765625,98.27999877929688,89.41000366210938,55.81999969482422,436.80999755859375,328.42498779296875,51.4900016784668,129.6300048828125,157.8000030517578,472.4100036621094,242.10000610351562,366.69000244140625,270.94000244140625,350.760009765625,56.150001525878906,309.1400146484375,239.77000427246094,431.92999267578125,80.05000305175781,72.19000244140625,129.33999633789062,149.9199981689453,465820,65006,107740,58256,1054974,23681,745658,38797,208453,21521,496445,14619,42047,381711,4004,217953,151733,10037,7166,13361,132782,43342,80542,13943,177238,91577,53132,34510,115510,10366,58925,103500,26743,49439,411506,9068,48073,92072,766831,12511,146998,20370,16611,9948,93870,6118012,38122,17085,90473,73816,110901,171751,23776,21350,27375,6427,64120,113170,157551,19830,151929,42478,337319,153480,38421,487267,2326954,639781,36352,145689,46036,680322,118879,19272,13684,41395,177961,1113697,4049,32409,112825,263135,26917,19741,105681,28413,17437,23966,5186.0,1403104,246684,92436,68278,111637,28959,6653,189311,39166,100784,204309
2026-04-27 14:05:00+00:00,267.489990234375,200.4600067138672,241.77999877929688,406.1357116699219,335.4967956542969,347.3500061035156,261.6098937988281,38.084999084472656,417.82000732421875,315.2550048828125,52.70000076293945,152.66000366210938,179.89999389648438,69.5999984741211,1049.3800048828125,60.95000076293945,128.30999755859375,327.1700134277344,282.1449890136719,285.05999755859375,33.92499923706055,192.01499938964844,121.96499633789062,1013.7899780273438,182.02999877929688,88.7699966430664,33.82500076293945,77.94999694824219,186.92449951171875,118.55999755859375,180.47000122070312,48.38999938964844,134.75999450683594,60.41999816894531,12.520000457763672,197.32000732421875,129.9199981689453,78.52999877929688,350.32000732421875,933.010009765625,40.57500076293945,334.45001220703125,334.94000244140625,218.69000244140625,228.86000061035156,86.08000183105469,392.1600036621094,482.1600036621094,227.83999633789062,310.125,31.6299991607666,76.36499786376953,885.7899780273438,244.14999389648438,504.95001220703125,363.8074951171875,295.739990234375,83.49500274658203,672.4600219726562,229.5447998046875,112.2699966430664,188.5500030517578,420.1199951171875,45.099998474121094,20.655000686645508,91.3499984741211,210.1750030517578,168.985107421875,93.27999877929688,57.44499969482422,156.03500366210938,27.252599716186523,148.72000122070312,202.82000732421875,221.2949981689453,166.0500030517578,49.650001525878906,149.67990112304688,756.4000244140625,98.23999786376953,89.3499984741211,55.869998931884766,436.55999755859375,328.8500061035156,51.56999969482422,129.69500732421875,158.06500244140625,471.7900085449219,242.30499267578125,365.4599914550781,270.2099914550781,351.2099914550781,56.20500183105469,309.2799987792969,240.2100067138672,433.32000732421875,80.08499908447266,72.2125015258789,129.0500030517578,150.3800048828125,388711,63950,47615,64083,1084788,22746,566502,21108,170699,11307,314178,9440,31155,240404,4657,128759,36100,9913,9596,5437,170918,23688,67811,13701,151912,73191,28313,50767,119925,29084,76592,56857,36332,75643,220060,20275,51368,72546,672191,7825,311639,24950,18365,10326,511468,3289464,20839,12600,59659,52052,61761,163496,25502,14850,33521,11082,61068,80298,168138,13106,75497,31813,222516,166250,84945,1472644,1762870,352262,33987,148567,34221,486130,69518,11891,11401,17552,145774,1377337,2738,33615,47659,234300,23307,7111,88121,36976,31207,11512,1885.0,914342,148193,153827,48729,50067,10748,4029,129350,22987,118605,108228
2026-04-27 14:10:00+00:00,267.3900146484375,199.88999938964844,241.77999877929688,407.4750061035156,337.8507995605469,346.1700134277344,261.05999755859375,38.220001220703125,419.7200012207031,315.375,52.69499969482422,152.63999938964844,179.5,69.69000244140625,1047.1199951171875,60.915000915527344,128.38479614257812,327.6499938964844,281.3500061035156,285.0,33.779998779296875,191.89500427246094,122.30000305175781,1011.9500122070312,182.0,89.08499908447266,33.88999938964844,77.62000274658203,186.9600067138672,119.16999816894531,180.16000366210938,48.474998474121094,134.75,60.3650016784668,12.515000343322754,197.69000244140625,129.61500549316406,78.41500091552734,348.5899963378906,933.469970703125,40.720001220703125,333.8299865722656,334.69000244140625,218.02999877929688,228.57000732421875,86.55999755859375,391.5849914550781,481.93499755859375,227.1199951171875,310.2300109863281,31.635000228881836,76.33499908447266,882.8599853515625,243.96499633789062,505.0799865722656,363.0899963378906,295.4599914550781,83.39099884033203,674.9000244140625,229.74000549316406,112.16999816894531,188.5800018310547,420.5799865722656,45.17499923706055,20.68000030517578,91.73999786376953,210.39999389648438,169.55499267578125,92.96990203857422,57.630001068115234,155.8800048828125,27.17180061340332,148.6699981689453,203.02310180664062,221.08999633789062,166.14999389648438,49.7599983215332,149.5500946044922,754.5598754882812,98.0999984741211,89.36499786376953,56.04999923706055,437.5950012207031,328.30499267578125,51.46500015258789,129.66000366210938,158.08160400390625,471.239990234375,242.6199951171875,366.2799987792969,271.0400085449219,350.8039855957031,56.125,309.2300109863281,240.3300018310547,432.5199890136719,80.01000213623047,72.23999786376953,128.77999877929688,150.57000732421875,378390,63716,66149,65469,1022587,22900,589189,34564,239874,21060,219303,14996,38415,181700,3983,213517,48739,14951,7118,10060,147494,35819,642367,14860,178506,167412,42848,58281,135636,14640,32774,67977,21426,81358,264611,4019,43774,114102,672131,9744,170134,39470,21256,8214,99653,3399187,29700,16004,69563,50831,54456,202182,28724,16116,27140,9987,78386,68261,208622,7648,56290,29830,347398,155011,60333,499238,1776544,282882,42460,137855,38743,254992,71151,10232,14457,18968,75940,885663,3006,77197,60027,232638,30204,6753,134799,26285,45831,10398,2846.0,891247,134538,75267,31726,89401,19404,8288,125978,24540,101896,126113
2026-04-27 14:15:00+00:00,267.6600036621094,199.43499755859375,242.25,405.0,336.6997985839844,345.69500732421875,261.1199951171875,38.27000045776367,418.5299987792969,315.4100036621094,52.71500015258789,152.61000061035156,179.74000549316406,69.70500183105469,1049.1400146484375,60.8650016784668,128.52499389648438,327.9549865722656,282.3399963378906,284.7200012207031,33.814998626708984,191.8699951171875,122.30000305175781,1012.0349731445312,182.94500732421875,89.02999877929688,33.939998626708984,77.83000183105469,186.97000122070312,118.7699966430664,180.01499938964844,48.54999923706055,134.94000244140625,60.40999984741211,12.529999732971191,197.85000610351562,129.63999938964844,78.36000061035156,348.6199951171875,933.7199096679688,40.68429946899414,333.4700012207031,334.82000732421875,218.9199981689453,228.30499267578125,85.87999725341797,393.29998779296875,481.32501220703125,226.72500610351562,310.8900146484375,31.665000915527344,76.2249984741211,882.375,243.48500061035156,505.7200012207031,363.4750061035156,295.8800048828125,83.32499694824219,674.7999877929688,230.00999450683594,112.20500183105469,188.69000244140625,420.99859619140625,45.29999923706055,20.700000762939453,92.80999755859375,209.22000122070312,169.7550048828125,92.91999816894531,57.59000015258789,155.6300048828125,27.145000457763672,148.85000610351562,203.47000122070312,221.1999969482422,166.47999572753906,49.935001373291016,149.0399932861328,750.0001220703125,98.1500015258789,89.51000213623047,56.209999084472656,438.8399963378906,328.20001220703125,51.525001525878906,129.76499938964844,157.91990661621094,470.5299987792969,242.67999267578125,365.6300048828125,269.67999267578125,351.2099914550781,56.165000915527344,309.7099914550781,241.0850067138672,432.04998779296875,80.11499786376953,72.30000305175781,128.55999755859375,150.5500030517578,295329,63851,42238,59132,689214,76144,462772,50811,194036,19330,343824,20847,70732,195671,3416,212041,50298,11281,25345,10591,119696,29803,94241,16702,251806,79102,44276,75012,140791,16566,65071,66512,40535,39293,459158,7980,82759,88247,443893,10580,84830,33774,13265,10293,85681,3435454,37315,14471,62149,54795,56939,126059,25558,36021,33559,10023,60320,95072,143693,17398,49387,35920,311692,192030,41881,707422,2442482,258586,38733,93389,31371,203660,107415,34183,16074,18312,123899,680237,7175,32532,78742,135769,20774,13471,85547,31001,29017,17767,2548.0,787300,133758,72295,57646,77093,21057,5140,165924,18885,196030,251657
2026-04-27 14:20:00+00:00,267.42999267578125,199.3300018310547,242.64999389648438,404.3999938964844,336.8550109863281,345.1700134277344,261.3900146484375,38.119998931884766,417.70001220703125,315.81500244140625,52.724998474121094,152.44500732421875,179.88499450683594,69.52999877929688,1049.25,61.040000915527344,128.5800018310547,327.92999267578125,283.05999755859375,284.0150146484375,33.959999084472656,191.89999389648438,122.0999984741211,1011.469970703125,183.3000030517578,89.05000305175781,33.880001068115234,77.96499633789062,186.72999572753906,118.97000122070312,179.82000732421875,48.47999954223633,134.60499572753906,60.25,12.539999961853027,197.47000122070312,129.42999267578125,78.16999816894531,350.3299865722656,934.219970703125,40.51070022583008,333.2099914550781,334.2900085449219,219.72999572753906,228.46499633789062,85.75,394.55499267578125,480.8500061035156,226.01499938964844,311.0823059082031,31.565000534057617,76.19499969482422,879.5999755859375,243.3800048828125,506.3800048828125,362.92999267578125,295.5950012207031,83.33000183105469,675.3800048828125,229.9250030517578,112.05000305175781,189.10000610351562,422.5899963378906,45.224998474121094,20.655000686645508,93.69000244140625,209.11279296875,170.33999633789062,92.94999694824219,57.439998626708984,155.69000244140625,27.084999084472656,148.6999969482422,203.3699951171875,221.1699981689453,166.0749969482422,49.90999984741211,148.52169799804688,752.5,98.16000366210938,89.73999786376953,56.095001220703125,438.55999755859375,328.375,51.55500030517578,129.6999969482422,157.75,470.1199951171875,242.07000732421875,366.0700988769531,269.0199890136719,351.0799865722656,56.189998626708984,310.06500244140625,240.69500732421875,431.8699951171875,80.13500213623047,72.12999725341797,128.5500030517578,150.39999389648438,363241,49363,60871,93971,592663,11706,509539,38428,178425,23961,271513,13026,39588,175475,3207,289816,46316,11305,17372,12837,115024,41686,226497,15341,279422,62773,37588,53979,73749,14259,58069,49589,54269,192525,416811,5183,15729,72579,650678,7283,90537,42293,12069,15158,96651,2549996,12046,13680,119019,67180,71766,93940,51514,21244,24627,11061,34635,112309,102119,25121,73834,51062,324922,116494,100154,800496,1684491,370495,23657,53613,36645,217127,122980,18279,17709,15164,65942,730330,5143,40212,115015,133358,25181,24292,67817,32309,19889,24335,7704.0,781856,192028,95071,40139,64247,39217,7849,170707,28252,92932,119489
2026-04-27 14:25:00+00:00,267.3599853515625,199.63250732421875,243.22500610351562,403.6600036621094,334.7699890136719,344.6200866699219,262.19500732421875,38.06999969482422,416.8800048828125,315.6099853515625,52.650001525878906,152.38250732421875,180.13999938964844,69.1500015258789,1049.8599853515625,61.18000030517578,128.36000061035156,327.82501220703125,283.1499938964844,284.4700012207031,33.915000915527344,191.88999938964844,122.09500122070312,1010.7100219726562,184.22000122070312,89.02999877929688,33.85499954223633,77.82499694824219,186.64999389648438,119.12000274658203,179.8719940185547,48.43000030517578,134.5399932861328,60.10300064086914,12.520000457763672,197.8699951171875,129.27999877929688,78.13999938964844,350.75,933.4199829101562,40.30500030517578,332.8999938964844,333.5799865722656,219.38999938964844,229.8350067138672,84.35009765625,395.5450134277344,479.42498779296875,225.92999267578125,310.7699890136719,31.475000381469727,76.0999984741211,878.469970703125,243.22000122070312,506.9700012207031,362.3399963378906,295.8500061035156,83.33999633789062,676.1599731445312,229.0,111.82499694824219,188.9499969482422,424.6182861328125,45.185001373291016,20.549999237060547,93.98999786376953,208.69500732421875,171.02499389648438,92.93000030517578,57.3650016784668,155.38499450683594,27.060100555419922,148.72000122070312,203.28500366210938,220.97000122070312,165.6199951171875,49.95000076293945,148.2100067138672,750.905029296875,97.97000122070312,89.86000061035156,55.720001220703125,439.3900146484375,328.3999938964844,51.47999954223633,129.61000061035156,157.61000061035156,469.67999267578125,241.6923065185547,367.25,268.0299987792969,351.8699951171875,56.16999816894531,310.260009765625,239.77999877929688,431.6400146484375,80.06999969482422,71.94999694824219,128.4949951171875,150.13999938964844,224108,44937,47017,53182,628978,13886,774979,34842,174755,34763,216744,9602,31655,122530,2196,109598,41685,9300,11058,9600,127066,28688,87773,8230,345265,67655,33467,36104,82204,15356,21166,57775,32373,60637,363237,12237,24973,60336,436068,12167,105426,22138,22658,20477,76666,4161698,20351,23445,49982,54781,178574,91309,25485,15697,17875,14482,31462,86211,187923,8310,40172,38011,537008,131918,100262,898686,2013511,397604,27477,104343,31693,340270,58918,9950,11150,27282,165405,588132,3515,59469,94079,153379,20990,14597,46646,34034,27127,11176,3343.0,893063,144402,102156,42130,41247,15853,4116,118796,19047,128783,125625
2026-04-27 14:30:00+00:00,267.55999755859375,199.88499450683594,243.00999450683594,403.1600036621094,335.6700134277344,344.510009765625,262.5,38.029998779296875,416.42999267578125,315.635009765625,52.71500015258789,152.63999938964844,180.3280029296875,69.31999969482422,1050.25,61.43000030517578,128.55999755859375,328.44000244140625,283.8500061035156,284.7189025878906,33.935001373291016,191.88999938964844,121.91999816894531,1010.3699951171875,183.11000061035156,89.13500213623047,33.849998474121094,78.05000305175781,186.58999633789062,118.55000305175781,180.03750610351562,48.42499923706055,134.44000244140625,60.11000061035156,12.53499984741211,197.74000549316406,129.11000061035156,78.19000244140625,349.9700012207031,934.6400146484375,40.43000030517578,333.5450134277344,333.7799987792969,219.91000366210938,229.7100067138672,84.11499786376953,394.8900146484375,479.7699890136719,226.25999450683594,311.1050109863281,31.454999923706055,76.16000366210938,879.02001953125,243.3800048828125,506.94000244140625,362.93499755859375,295.5,83.4800033569336,677.1900024414062,228.85000610351562,111.81999969482422,188.9199981689453,423.340087890625,45.28499984741211,20.59000015258789,93.1500015258789,208.41000366210938,170.6300048828125,93.1050033569336,57.400001525878906,155.6649932861328,27.084999084472656,148.71499633789062,203.5800018310547,221.41000366210938,165.3350067138672,49.90999984741211,148.83999633789062,750.27001953125,98.12999725341797,89.94999694824219,55.8650016784668,439.0899963378906,329.04998779296875,51.529998779296875,129.49000549316406,157.55999755859375,470.489990234375,241.9199981689453,367.260009765625,268.75,352.4750061035156,56.310001373291016,309.8599853515625,239.36500549316406,431.57000732421875,80.17510223388672,71.98999786376953,128.5800018310547,149.80999755859375,325551,56240,45795,127177,804553,15438,674044,17232,240778,19405,231429,13971,42468,117490,7352,159276,56604,15820,26647,21167,79051,42757,105444,12817,180106,94501,28379,64965,89716,25914,39753,55320,61351,86387,252662,77996,53697,84488,387692,9911,245263,25979,23376,5943,88307,3941921,20204,18354,74613,62844,89313,131832,24789,17729,45752,10063,46698,94428,161315,8482,103518,28030,446804,118027,56554,784730,3697677,342407,42539,97121,44242,618632,72789,20615,15870,15408,67670,445653,2579,56371,137202,200701,25566,19799,87130,38233,36181,19777,3008.0,731467,170794,61853,57113,76692,12776,5421,110420,42724,159765,135853
2026-04-27 14:35:00+00:00,267.3699951171875,199.80499267578125,242.69000244140625,402.010009765625,335.30450439453125,344.5350036621094,262.4100036621094,38.119998931884766,416.864990234375,316.07000732421875,52.71500015258789,152.83999633789062,180.05999755859375,69.30500030517578,1051.8499755859375,61.26499938964844,128.77499389648438,328.79998779296875,284.1499938964844,284.2449951171875,33.904998779296875,191.91000366210938,121.56999969482422,1010.0800170898438,182.97999572753906,89.08509826660156,33.81999969482422,78.05999755859375,186.2550048828125,118.7699966430664,180.24000549316406,48.36000061035156,134.18499755859375,59.96500015258789,12.545000076293945,196.83999633789062,129.07000732421875,78.19999694824219,351.510009765625,935.2550048828125,40.38999938964844,334.0150146484375,333.489990234375,220.3300018310547,229.27499389648438,84.76000213623047,393.32501220703125,478.8349914550781,226.66000366210938,311.2300109863281,31.405000686645508,76.16000366210938,880.072509765625,243.69000244140625,506.92999267578125,362.8399963378906,295.2900085449219,83.46499633789062,677.8150024414062,229.11000061035156,111.95500183105469,189.11000061035156,422.989990234375,45.36000061035156,20.559999465942383,92.97000122070312,209.10499572753906,170.94000244140625,93.08000183105469,57.310001373291016,155.7042999267578,27.1200008392334,148.92999267578125,203.69000244140625,221.72500610351562,165.40249633789062,50.040000915527344,148.55999755859375,749.9099731445312,98.20500183105469,90.05000305175781,55.625,438.7099914550781,328.95001220703125,51.540000915527344,129.77000427246094,157.75999450683594,469.9100036621094,241.77499389648438,368.2699890136719,268.80999755859375,352.45001220703125,56.349998474121094,310.0450134277344,239.5850067138672,431.375,80.30500030517578,72.03500366210938,128.63999938964844,149.64500427246094,396091,50311,48321,71177,654096,16006,615213,76040,225045,51370,322768,13313,102647,272025,4774,140160,54706,13458,17492,10403,113413,31542,158565,11922,146009,114895,52918,55587,129817,27154,74681,83911,18503,121579,456216,9650,41407,69721,496849,16423,77565,26228,30543,10550,53018,2529017,31259,23665,116440,62529,277871,110291,15769,15976,28814,9270,58841,81214,215355,12486,96977,66621,285513,331113,39792,667860,2356183,369431,32410,99415,31284,283435,89094,9374,12342,14215,177217,512866,3269,58833,66455,153479,17521,23405,141689,24755,25092,23136,4060.0,945361,140765,69633,53043,101500,16954,7707,124120,172723,159062,156513
2026-04-27 14:40:00+00:00,267.18499755859375,200.0500030517578,242.85499572753906,400.19000244140625,335.9100036621094,344.8900146484375,262.4700012207031,38.0099983215332,416.1400146484375,316.3299865722656,52.7400016784668,152.60000610351562,180.3300018310547,68.9800033569336,1052.56005859375,61.349998474121094,128.8350067138672,329.00140380859375,283.92999267578125,284.67999267578125,34.06999969482422,192.41000366210938,121.20999908447266,1010.8300170898438,183.36500549316406,88.94999694824219,33.69599914550781,78.05999755859375,185.44000244140625,119.09500122070312,180.49620056152344,48.18000030517578,133.6199951171875,59.779998779296875,12.53969955444336,196.00999450683594,129.0399932861328,78.20999908447266,350.92999267578125,935.7449951171875,40.30500030517578,334.2550048828125,334.1099853515625,219.9250030517578,228.9199981689453,84.83000183105469,393.67999267578125,478.885009765625,226.52000427246094,311.4750061035156,31.34000015258789,76.18499755859375,881.239990234375,243.9600067138672,507.3299865722656,363.30718994140625,295.1099853515625,83.42500305175781,677.905029296875,228.14500427246094,111.94000244140625,189.23500061035156,423.41729736328125,45.334999084472656,20.479999542236328,93.27999877929688,209.24440002441406,171.75990295410156,93.16000366210938,57.02000045776367,155.6999969482422,27.059999465942383,148.88999938964844,203.77999877929688,221.6699981689453,164.8350067138672,50.119998931884766,148.27999877929688,751.27001953125,98.2699966430664,90.18499755859375,55.505001068115234,438.9175109863281,329.375,51.47999954223633,129.89999389648438,157.5,470.6199951171875,241.5399932861328,368.7213134765625,268.6199951171875,352.05499267578125,56.3650016784668,310.1650085449219,238.16000366210938,431.8232116699219,80.375,71.9800033569336,128.75,149.19000244140625,270145,41269,48354,59060,324241,25463,273380,51907,178573,15715,164628,13821,41638,121516,2601,82209,39796,4872,9282,6249,261958,35489,77655,15681,98669,93868,38173,25519,109048,12297,38165,84826,36172,101324,812901,10448,27621,52817,435034,6314,71522,18669,14809,20220,63134,2006242,19406,10533,65907,66952,107089,88049,16455,9168,11190,6852,73108,85819,164770,16357,99050,26296,222156,112496,83931,625406,1365820,365333,27944,149693,33450,244288,95973,7995,8107,19312,81324,531751,1404,33578,100024,129607,19458,11685,161119,28213,34755,22541,13907.0,709780,104332,44805,37609,40420,31755,2948,135725,37552,126347,135558
2026-04-27 14:45:00+00:00,267.0849914550781,200.3000030517578,243.0749969482422,400.2799987792969,335.7550048828125,345.010009765625,262.67498779296875,38.040000915527344,415.1700134277344,316.010009765625,52.744998931884766,152.52000427246094,180.32000732421875,68.88999938964844,1051.1099853515625,61.340999603271484,128.8000030517578,329.17498779296875,283.5899963378906,284.7149963378906,33.974998474121094,192.3000030517578,121.17500305175781,1010.1950073242188,183.50999450683594,88.71749877929688,33.66999816894531,77.93000030517578,185.52000427246094,119.23999786376953,180.38250732421875,48.165000915527344,133.65499877929688,59.810001373291016,12.5,196.16000366210938,128.8699951171875,77.97920227050781,350.5,933.989990234375,40.2598991394043,333.510009765625,334.625,219.5399932861328,228.8300018310547,84.41999816894531,393.9100036621094,479.4198913574219,226.36749267578125,311.7900085449219,31.329999923706055,76.16500091552734,882.639892578125,243.4199981689453,507.625,363.1199951171875,294.80999755859375,83.41999816894531,679.77001953125,228.23500061035156,111.83999633789062,189.17999267578125,423.3500061035156,45.310001373291016,20.475000381469727,93.08999633789062,209.33999633789062,172.18499755859375,93.1449966430664,57.029998779296875,155.60000610351562,27.045000076293945,148.66000366210938,204.22250366210938,221.5500030517578,164.7200927734375,50.029998779296875,149.00999450683594,749.47998046875,98.12999725341797,90.19999694824219,55.41999816894531,438.95001220703125,329.0,51.400001525878906,129.71499633789062,157.8000030517578,471.2300109863281,241.6199951171875,368.0838928222656,269.32000732421875,350.75,56.36000061035156,310.3351135253906,238.19749450683594,432.8800048828125,80.26499938964844,71.9749984741211,128.64999389648438,149.1595001220703,268131,63204,38074,81358,395510,8178,336410,40534,213267,10066,135743,11907,66804,107086,1870,67555,36063,8502,5990,7971,132234,21566,88124,9066,165130,69815,36064,24417,84596,19815,25003,69384,29639,107853,699286,10290,29859,266859,235127,9058,117425,14952,19486,8205,32946,1927819,18688,14519,46361,57124,146194,85003,12350,15477,27876,3864,36452,40441,138903,10462,236602,30315,236548,136535,41286,361213,1382383,395766,23066,197757,16254,294803,75070,20991,13659,15182,69568,553155,3521,28398,84542,177405,31210,16950,63170,27623,36081,13447,4650.0,608256,82053,38533,45181,57748,16348,3024,93218,31397,71381,84961
2026-04-27 14:50:00+00:00,266.7900085449219,200.38999938964844,243.27000427246094,398.739990234375,335.1700134277344,344.7200927734375,262.6000061035156,38.0099983215332,415.1499938964844,316.4150085449219,52.70000076293945,152.47999572753906,180.17100524902344,68.9000015258789,1051.0799560546875,61.404998779296875,128.6999969482422,329.20001220703125,284.3399963378906,284.3699951171875,34.04999923706055,192.30499267578125,121.0199966430664,1011.10498046875,183.35000610351562,88.62000274658203,33.630001068115234,77.91999816894531,185.57000732421875,119.5,180.67999267578125,48.099998474121094,133.96499633789062,59.70000076293945,12.504199981689453,196.85000610351562,128.8800048828125,78.0,350.489990234375,932.780029296875,40.38999938964844,333.9700012207031,334.2950134277344,219.7899932861328,228.78500366210938,84.06999969482422,393.9100036621094,478.9700012207031,226.4499969482422,311.67999267578125,31.33009910583496,76.27999877929688,882.4199829101562,243.66000366210938,507.760009765625,363.2799987792969,294.8999938964844,83.44999694824219,681.260009765625,227.6999969482422,111.82499694824219,189.0500030517578,423.17999267578125,45.35499954223633,20.489999771118164,92.91500091552734,209.3699951171875,171.5449981689453,93.0999984741211,57.08489990234375,155.66000366210938,27.030000686645508,148.55999755859375,204.17999267578125,221.72000122070312,164.82000732421875,50.119998931884766,148.5749969482422,750.5349731445312,98.17500305175781,90.25,55.532501220703125,439.05999755859375,329.3575134277344,51.439998626708984,129.84500122070312,157.74000549316406,471.94000244140625,241.61500549316406,366.4049987792969,270.43499755859375,349.80499267578125,56.345001220703125,310.44000244140625,237.6300048828125,433.29998779296875,80.29499816894531,71.97000122070312,128.82000732421875,149.27000427246094,350741,41861,35763,134746,455340,8826,532533,41201,236296,17530,199238,18706,80199,110225,2289,98372,54054,7527,14848,4886,120775,18555,147016,10678,98727,76698,37200,43749,107268,19744,41268,125411,34614,48064,224923,15918,23167,49282,243081,13890,220050,22627,14226,6691,39161,1898648,17641,14577,119381,60170,133171,89403,12219,11375,29798,14241,57785,54910,197598,10935,78190,35684,197747,132702,51014,252264,1727764,197810,31955,73471,27095,256607,71412,15415,10442,11919,74667,507149,4173,33146,89052,103504,16911,9685,51591,18089,19026,13096,2381.0,957623,94735,108595,35137,59773,14031,8369,104154,29733,81941,105450
2026-04-27 14:55:00+00:00,267.1600036621094,200.33999633789062,243.65499877929688,399.02789306640625,335.5,344.1300048828125,262.8699951171875,38.097999572753906,415.5224914550781,316.0,52.65999984741211,152.35000610351562,179.84500122070312,68.80999755859375,1049.7650146484375,61.43000030517578,128.44000244140625,329.1700134277344,284.04998779296875,284.260498046875,34.03499984741211,192.1199951171875,121.08499908447266,1010.8200073242188,183.39500427246094,88.54499816894531,33.654998779296875,77.94999694824219,185.6649932861328,119.38999938964844,180.60000610351562,48.154998779296875,133.8975067138672,59.79800033569336,12.510000228881836,197.00999450683594,128.7100067138672,78.0199966430664,350.94500732421875,930.2999877929688,40.42150115966797,333.9200134277344,334.20001220703125,219.6699981689453,228.97999572753906,84.27999877929688,393.4649963378906,478.6700134277344,226.1699981689453,311.2049865722656,31.28499984741211,76.25990295410156,882.1099853515625,243.80999755859375,507.3550109863281,362.79998779296875,294.8399963378906,83.4800033569336,681.4199829101562,227.78500366210938,111.69750213623047,188.85000610351562,423.75,45.3650016784668,20.5049991607666,92.8949966430664,209.38999938964844,171.6699981689453,93.04000091552734,57.220001220703125,155.57000732421875,26.96500015258789,148.58999633789062,203.86500549316406,221.50999450683594,164.5850067138672,50.119998931884766,147.875,749.7050170898438,98.26000213623047,90.16940307617188,55.70500183105469,439.1700134277344,329.0050048828125,51.35499954223633,130.1300048828125,157.69000244140625,471.1700134277344,241.74000549316406,366.3550109863281,270.81500244140625,349.6000061035156,56.29999923706055,310.3699951171875,237.5,432.45001220703125,80.2249984741211,71.81999969482422,128.72000122070312,149.30999755859375,208688,38187,33558,102892,361557,39746,549868,25267,196105,14251,240557,12618,56514,86470,3186,121950,46296,5535,16482,7807,191292,21206,187282,7697,101275,75391,36901,31250,69961,15932,49889,125703,22715,81931,276286,20757,49484,51995,357951,15429,81295,60845,9165,28190,46607,1456057,18944,12810,35609,46959,130028,92896,13401,11180,21077,11817,53451,133920,233607,9438,104088,28116,324660,118536,196622,266186,1154115,201400,24087,56099,50164,326461,92770,12652,7420,12761,85246,572914,2007,35725,48254,169763,18032,10487,51259,37367,26339,25203,5318.0,821343,98030,143889,25227,80475,13523,5922,140431,29331,64041,103405
2026-04-27 15:00:00+00:00,267.2099914550781,200.4199981689453,242.86500549316406,399.1300048828125,333.1000061035156,344.3599853515625,261.94000244140625,38.16999816894531,415.05499267578125,315.3699951171875,52.540401458740234,152.33999633789062,179.13999938964844,68.74500274658203,1048.6199951171875,61.435001373291016,128.1999969482422,329.375,284.17999267578125,284.2349853515625,33.96500015258789,191.80999755859375,121.44999694824219,1011.5700073242188,182.8800048828125,88.4749984741211,33.71500015258789,78.01000213623047,186.11000061035156,119.19499969482422,180.3699951171875,48.22999954223633,134.25,59.810001373291016,12.449999809265137,197.27000427246094,128.64999389648438,77.63999938964844,349.9549865722656,927.1900024414062,40.404998779296875,334.04998779296875,333.69000244140625,218.8300018310547,228.39999389648438,84.44999694824219,392.61199951171875,477.8599853515625,226.2050018310547,310.2850036621094,31.3700008392334,76.20500183105469,881.1400146484375,243.7899932861328,506.7699890136719,362.7300109863281,294.635009765625,83.55999755859375,679.969970703125,228.02999877929688,111.7300033569336,188.36000061035156,422.5400085449219,45.26900100708008,20.46500015258789,92.33000183105469,209.27000427246094,171.07000732421875,92.97000122070312,57.34000015258789,155.6699981689453,26.975000381469727,148.6300048828125,204.1750030517578,221.25999450683594,164.6699981689453,49.9900016784668,147.85000610351562,750.3049926757812,98.21499633789062,89.95500183105469,55.61000061035156,438.1499938964844,328.5899963378906,51.30500030517578,130.3350067138672,157.7449951171875,469.8999938964844,242.14999389648438,364.8904113769531,271.32000732421875,349.1000061035156,56.189998626708984,309.385009765625,237.60000610351562,432.885009765625,80.05500030517578,71.99500274658203,128.6999969482422,149.55999755859375,244079,56990,82886,70456,627517,12756,520203,38152,170727,13598,291152,10314,45363,123616,3775,79787,36601,14658,16967,8269,97146,25203,257398,12590,154219,91759,30660,41351,94306,13089,71072,81960,29885,50577,574177,35738,75841,198911,305594,10953,59145,20146,18596,9660,57376,1707463,16107,20469,78657,41033,216660,171914,25882,11194,30868,5893,38329,62757,228970,8170,79160,35507,301713,119245,67463,288367,968674,227278,26861,114704,32850,184563,61381,16169,9225,12598,68835,350251,1960,87165,67766,162402,17774,6779,71093,86484,27439,9916,4673.0,990113,69848,60570,32175,50462,23805,7745,105868,21231,104170,98022
2026-04-27 15:05:00+00:00,267.0799865722656,200.53500366210938,241.84849548339844,401.2799987792969,335.625,344.6300048828125,261.8301086425781,38.10499954223633,416.4700012207031,315.17999267578125,52.51020050048828,152.2100067138672,179.0500030517578,68.66500091552734,1048.0450439453125,61.34000015258789,128.18499755859375,328.9549865722656,283.8399963378906,283.9200134277344,33.95500183105469,191.85000610351562,121.21499633789062,1010.6849975585938,182.72000122070312,88.4000015258789,33.654998779296875,77.86000061035156,185.6199951171875,118.98999786376953,180.16000366210938,48.14500045776367,133.9600067138672,59.7400016784668,12.433500289916992,196.72000122070312,128.38999938964844,77.52999877929688,350.875,928.0,40.290000915527344,333.5799865722656,333.4599914550781,219.02000427246094,228.3800048828125,83.9800033569336,392.42498779296875,477.1499938964844,225.77499389648438,310.17999267578125,31.329999923706055,76.1050033569336,882.0499877929688,243.35000610351562,505.7900085449219,362.3999938964844,294.45001220703125,83.4198989868164,680.280029296875,227.6199951171875,111.69999694824219,188.201904296875,422.44000244140625,45.154998779296875,20.5,92.27999877929688,209.5919952392578,171.4199981689453,92.86000061035156,57.20500183105469,155.4949951171875,26.96500015258789,148.35000610351562,203.8249969482422,221.0500030517578,164.2550048828125,49.95000076293945,147.63999938964844,749.8599853515625,98.38999938964844,89.9800033569336,55.560001373291016,437.2049865722656,328.0,51.290000915527344,130.36000061035156,157.52000427246094,469.80999755859375,241.8300018310547,364.90509033203125,271.92999267578125,349.5199890136719,56.20000076293945,308.989990234375,236.90499877929688,432.7349853515625,80.06999969482422,71.9207992553711,128.47999572753906,149.17999267578125,301207,54777,79850,68556,567437,15197,402283,24176,191839,17623,247558,11275,44033,81481,3988,100488,33293,9113,8070,5958,132557,24273,106689,9015,150662,91639,28913,25019,118729,11710,20706,58720,13505,42714,561121,6545,156254,79317,346116,8836,124157,20461,12922,7527,56037,1630106,28122,13024,78774,45216,72225,159182,17563,9807,46524,6922,41406,65170,110728,17472,97772,36657,342165,124166,32673,301363,1272836,176610,30950,69838,18378,131145,54302,18747,8139,22137,51004,768036,2386,76959,66761,113836,22607,11148,50667,51119,24221,12749,4427.0,1077220,66534,71486,34401,65085,19561,12876,98365,27928,98725,84366
2026-04-27 15:10:00+00:00,266.8900146484375,200.7550048828125,241.875,401.0249938964844,334.489990234375,344.5899963378906,261.3999938964844,38.099998474121094,415.54998779296875,315.57000732421875,52.560001373291016,152.0,179.0399932861328,68.69499969482422,1049.3699951171875,61.23500061035156,128.35000610351562,329.2799987792969,283.5150146484375,284.25,33.94729995727539,191.83999633789062,121.45500183105469,1009.3300170898438,182.25999450683594,88.3499984741211,33.654998779296875,77.81999969482422,185.63999938964844,118.86499786376953,180.2550048828125,48.14500045776367,133.97000122070312,59.77000045776367,12.4399995803833,196.49000549316406,128.5399932861328,77.41999816894531,350.9649963378906,929.780029296875,40.275001525878906,333.7850036621094,333.6499938964844,220.2899932861328,228.3300018310547,83.6500015258789,392.54998779296875,476.92498779296875,225.9499969482422,310.45001220703125,31.295000076293945,76.0250015258789,881.3250122070312,243.4199981689453,506.510009765625,362.7300109863281,294.9599914550781,83.37999725341797,678.2100219726562,227.875,111.55500030517578,188.38999938964844,421.8999938964844,45.150001525878906,20.440000534057617,92.33999633789062,209.47500610351562,171.3800048828125,92.98999786376953,57.255001068115234,155.4600067138672,26.9950008392334,148.48500061035156,203.98500061035156,221.2100067138672,164.6300048828125,50.0099983215332,147.60159301757812,749.52001953125,98.48999786376953,90.20500183105469,55.494998931884766,437.44000244140625,327.7950134277344,51.33000183105469,130.4250030517578,157.6649932861328,469.94000244140625,241.97500610351562,365.53009033203125,271.2300109863281,349.6300048828125,56.23500061035156,309.4549865722656,237.32000732421875,432.2799987792969,80.16500091552734,71.94999694824219,128.57000732421875,149.27000427246094,241548,49261,53045,32967,408750,25410,383576,23292,118526,17235,156444,15869,48907,82664,2325,81486,35395,9233,5996,11791,87742,23618,89558,9643,91990,93128,31863,58426,72454,37815,27046,43750,16165,45509,321679,5322,63305,74223,250520,7887,91124,15770,10574,4468,32421,1345674,11842,18941,57668,35654,146968,135469,12478,12650,24044,7673,50086,46836,131214,6028,146655,31934,292963,115393,36861,245294,1178885,147062,53995,65727,19896,221813,76940,8663,10147,23317,36577,292214,6218,66190,44886,189912,35483,8794,44614,32247,24072,5874,5210.0,700247,83761,34997,46479,51838,9129,5082,98243,22489,64959,50204
2026-04-27 15:15:00+00:00,266.7900085449219,200.3800048828125,241.9600067138672,400.7900085449219,334.9501037597656,343.6400146484375,261.30499267578125,38.095001220703125,415.32000732421875,316.0899963378906,52.56999969482422,151.91000366210938,179.0800018310547,68.68499755859375,1050.3299560546875,61.13100051879883,128.35000610351562,329.6700134277344,283.2300109863281,283.5,33.94499969482422,192.0500030517578,121.625,1008.6500244140625,182.55999755859375,88.12999725341797,33.65999984741211,77.79000091552734,185.55999755859375,118.72000122070312,180.4149932861328,48.13999938964844,133.99000549316406,59.560001373291016,12.449999809265137,196.5500030517578,128.47999572753906,77.4800033569336,351.0899963378906,929.639892578125,40.28499984741211,333.7449951171875,333.4100036621094,219.51499938964844,227.97500610351562,83.88500213623047,392.7550048828125,476.2099914550781,225.71499633789062,310.3500061035156,31.225000381469727,75.90499877929688,880.1749877929688,243.30999755859375,507.17999267578125,362.42999267578125,294.6600036621094,83.2750015258789,677.7899780273438,228.3249969482422,111.41000366210938,188.32000732421875,422.1400146484375,45.18000030517578,20.469999313354492,92.40499877929688,209.7100067138672,171.47169494628906,92.98999786376953,57.2400016784668,155.47000122070312,26.954999923706055,148.71499633789062,204.19000244140625,221.28500366210938,164.83250427246094,50.02000045776367,148.44500732421875,748.2899780273438,98.36000061035156,90.125,55.564998626708984,437.0400085449219,327.4599914550781,51.31999969482422,130.39500427246094,157.50999450683594,470.1300048828125,241.8800048828125,365.0,271.0199890136719,349.3699951171875,56.27000045776367,309.84991455078125,237.41000366210938,431.2200012207031,80.16500091552734,71.91999816894531,128.4600067138672,149.18499755859375,257752,78840,38888,37928,416439,40993,318578,29223,160475,29901,209148,20742,54146,116037,7543,99953,37963,22565,8470,11999,102027,30476,176006,10196,100344,106360,54036,19207,89441,16015,86849,59830,20473,66191,361779,9070,72879,94900,228977,8382,43523,29973,30742,11052,73024,1322894,14676,9752,55182,33832,102979,120593,24585,13227,17959,9123,44143,86289,136879,10628,101177,24935,207037,103787,40447,262674,950610,237671,21963,50950,27135,214685,101367,10403,9795,17755,55278,350028,2987,51555,63116,157424,29921,17515,64955,45759,17468,14763,2505.0,763406,98884,71515,40992,46762,11181,5597,122830,33854,78476,76026
2026-04-27 15:20:00+00:00,266.9949951171875,200.28250122070312,242.0399932861328,400.4599914550781,333.2850036621094,343.4825134277344,260.94500732421875,38.220001220703125,415.1300048828125,316.19000244140625,52.54499816894531,151.93499755859375,179.39999389648438,68.80999755859375,1049.8160400390625,61.08000183105469,128.24000549316406,329.6700134277344,283.6050109863281,283.8800048828125,33.994998931884766,192.25,121.62999725341797,1008.4201049804688,182.3800048828125,88.01000213623047,33.69499969482422,77.83000183105469,185.6999969482422,118.7249984741211,180.53250122070312,48.21500015258789,134.08999633789062,59.540000915527344,12.470000267028809,196.66000366210938,128.38999938964844,77.55999755859375,350.17498779296875,928.6900024414062,40.32500076293945,334.1600036621094,333.5899963378906,219.91000366210938,228.91000366210938,83.18000030517578,392.57000732421875,476.8500061035156,225.5800018310547,310.3550109863281,31.204999923706055,75.88500213623047,879.7000122070312,243.47000122070312,507.6499938964844,362.54998779296875,295.0700988769531,83.31999969482422,676.5599975585938,228.90499877929688,111.41999816894531,188.3249969482422,422.4320068359375,45.125,20.475000381469727,92.55000305175781,209.47000122070312,171.50999450683594,93.04499816894531,57.349998474121094,155.6199951171875,26.950000762939453,148.82000732421875,204.11000061035156,221.27000427246094,164.94700622558594,50.06999969482422,148.18499755859375,749.219970703125,98.51000213623047,90.08499908447266,55.619998931884766,437.6000061035156,327.5849914550781,51.30500030517578,130.18499755859375,157.4499969482422,470.9200134277344,242.09500122070312,364.8797912597656,270.7850036621094,349.7349853515625,56.23500061035156,310.3399963378906,237.70750427246094,431.2300109863281,80.16999816894531,71.91999816894531,128.5800018310547,149.38999938964844,189657,44074,56612,44627,444786,9468,484522,30587,149671,15758,190481,16816,35756,116935,4646,130309,60478,16500,8697,15101,90516,22340,135525,7834,84114,139368,27875,31261,68060,18111,36964,52191,18165,53206,359599,8079,48880,44766,326664,75029,61085,30855,10460,4825,43906,1889544,19251,11797,55622,47703,138209,168056,14472,11735,43999,7178,49558,160206,106260,11434,105599,39132,294107,117435,21824,307992,936227,206519,33666,83558,32351,224694,98067,31270,15786,16095,54178,261746,2347,44637,87376,192103,34052,9010,60510,26228,22880,11208,4362.0,907199,68000,42248,55033,41416,16168,5287,123985,34446,68234,88925
2026-04-27 15:25:00+00:00,267.1099853515625,199.69000244140625,242.1072998046875,401.3349914550781,333.6000061035156,343.6000061035156,261.31500244140625,38.189998626708984,416.5450134277344,316.2300109863281,52.540000915527344,151.9600067138672,179.4499969482422,68.58000183105469,1050.5238037109375,61.029998779296875,128.27000427246094,329.6050109863281,283.7200012207031,283.510009765625,34.0099983215332,192.5,121.5199966430664,1008.3400268554688,182.47000122070312,87.98500061035156,33.63999938964844,77.95999908447266,185.47500610351562,118.51000213623047,180.6699981689453,48.125,134.0,59.540000915527344,12.454999923706055,196.63999938964844,128.36000061035156,77.71499633789062,350.2950134277344,929.239990234375,40.275001525878906,333.9549865722656,333.8900146484375,219.71499633789062,228.89999389648438,83.25,393.1700134277344,476.614990234375,225.52999877929688,310.2349853515625,31.19499969482422,75.9749984741211,880.60498046875,243.30999755859375,507.614990234375,362.6000061035156,295.1000061035156,83.30999755859375,676.510009765625,228.50999450683594,111.44499969482422,188.57000732421875,422.8900146484375,45.15999984741211,20.48509979248047,92.76000213623047,209.8800048828125,171.92999267578125,92.98030090332031,57.33000183105469,155.69500732421875,26.94499969482422,148.75,204.2449951171875,221.11000061035156,164.77499389648438,50.099998474121094,148.3800048828125,749.3200073242188,98.63500213623047,90.05999755859375,55.525001525878906,437.7149963378906,327.82501220703125,51.290000915527344,129.96499633789062,157.42999267578125,470.7300109863281,241.69000244140625,365.95001220703125,270.8450012207031,349.7550048828125,56.20500183105469,310.1300048828125,237.19500732421875,430.8399963378906,80.1050033569336,71.86000061035156,128.38999938964844,149.09500122070312,198097,117007,40282,64653,446598,10700,463597,18713,121224,11734,125286,14658,45836,77509,2538,154237,33756,7552,10849,9543,76138,17769,72469,7622,68849,120960,32593,41428,76037,16729,27426,58394,16736,50520,585837,5593,40450,119699,235491,7366,46154,20203,13011,17995,59433,1309035,12777,17705,62602,31066,155389,129348,14732,10788,20515,6252,26834,82333,114634,24747,91085,22612,244448,57629,29689,278704,1130180,193904,25750,122835,25665,168908,82245,10751,17931,13497,44521,289169,3255,44340,74245,170038,17787,18276,44656,65872,24940,14501,6625.0,679762,59199,64686,37589,47914,23067,7269,125830,16071,73388,109381
2026-04-27 15:30:00+00:00,267.0,199.74000549316406,241.5,403.0799865722656,333.2550048828125,344.010009765625,261.5350036621094,38.18000030517578,416.56500244140625,315.5150146484375,52.525001525878906,151.91000366210938,179.0500030517578,68.76000213623047,1050.5150146484375,61.005001068115234,128.16000366210938,329.0899963378906,283.6600036621094,283.57000732421875,33.974998474121094,192.39999389648438,121.58000183105469,1008.3699951171875,182.1199951171875,87.94499969482422,33.619998931884766,77.93499755859375,185.49000549316406,118.52999877929688,180.7100067138672,48.099998474121094,133.9199981689453,59.584999084472656,12.46500015258789,196.6999969482422,128.15499877929688,77.83000183105469,350.7749938964844,929.875,40.32500076293945,333.9800109863281,333.36248779296875,219.66000366210938,228.4250030517578,83.33979797363281,391.385009765625,475.7300109863281,225.3300018310547,310.1499938964844,31.155000686645508,75.94499969482422,880.4299926757812,243.22000122070312,507.2449951171875,362.1700134277344,295.1199951171875,83.22000122070312,674.530029296875,228.69000244140625,111.61000061035156,188.5010986328125,422.17498779296875,45.04999923706055,20.5049991607666,92.36499786376953,210.20590209960938,171.39999389648438,92.9000015258789,57.279998779296875,155.6522979736328,26.940000534057617,148.52000427246094,204.3800048828125,220.89999389648438,164.60000610351562,50.03499984741211,148.94000244140625,748.4400024414062,98.625,89.91500091552734,55.525001525878906,437.1300048828125,327.5899963378906,51.27000045776367,129.92999267578125,157.5500030517578,471.0400085449219,241.5449981689453,366.6700134277344,270.9700012207031,349.8399963378906,56.14500045776367,309.8900146484375,237.27499389648438,430.7950134277344,80.04499816894531,71.80000305175781,128.35000610351562,149.02999877929688,229425,34418,38036,52554,641240,10349,395894,21689,97926,18818,138623,10403,35747,82282,2342,150783,43567,9566,10242,11692,72733,24603,64339,5182,73358,88871,25236,29527,59397,13384,25981,43964,17698,65042,201342,6801,51116,41600,212420,5935,45240,10882,13261,7358,31688,1371702,10978,11514,40040,31447,100135,78624,10230,9846,12213,5620,31024,47958,148247,10514,61928,19769,226681,276723,28379,191678,1930090,193223,18951,49620,19077,142567,71579,11565,8850,15106,42044,348287,2133,48852,53862,114888,18355,8158,78244,26612,25685,12921,12011.0,778573,47404,25642,24448,19531,14831,3122,87613,16685,58234,69633
2026-04-27 15:35:00+00:00,267.260009765625,199.3699951171875,240.93499755859375,403.9750061035156,333.20001220703125,343.6099853515625,261.4649963378906,38.1349983215332,417.18011474609375,315.2650146484375,52.505001068115234,151.77999877929688,178.72000122070312,68.90499877929688,1049.6500244140625,60.9202995300293,128.16000366210938,328.80999755859375,283.7300109863281,283.5400085449219,33.91999816894531,192.30999755859375,121.52999877929688,1007.830078125,181.72500610351562,88.0199966430664,33.61000061035156,77.91999816894531,185.35000610351562,118.4749984741211,180.5,48.084999084472656,133.9199981689453,59.650001525878906,12.472800254821777,196.67999267578125,128.1999969482422,77.69999694824219,350.69500732421875,930.0900268554688,40.400001525878906,333.8550109863281,333.29998779296875,219.39999389648438,228.19000244140625,83.64009857177734,390.5899963378906,474.6300048828125,225.4250030517578,310.1449890136719,31.11009979248047,75.90499877929688,880.1950073242188,243.24000549316406,506.5899963378906,362.2300109863281,295.0050048828125,83.11499786376953,673.97998046875,228.57000732421875,111.48500061035156,188.50999450683594,422.2900085449219,45.025001525878906,20.549999237060547,92.16000366210938,210.52000427246094,171.1199951171875,92.8499984741211,57.20500183105469,155.6300048828125,26.929899215698242,148.36500549316406,204.14999389648438,220.72000122070312,164.5153045654297,49.970001220703125,148.60499572753906,747.260009765625,98.6050033569336,89.95999908447266,55.5099983215332,436.44000244140625,327.17498779296875,51.27000045776367,129.87249755859375,157.58999633789062,470.31500244140625,241.38999938964844,366.90509033203125,271.2699890136719,349.6676940917969,56.119998931884766,309.25,237.2899932861328,430.30499267578125,79.95999908447266,71.7750015258789,128.35000610351562,148.875,203213,58841,57815,40113,553791,11325,265220,23751,115630,30421,193860,12860,52312,72481,4899,128875,22418,8663,9066,15751,118792,24129,68653,7963,64585,54522,51422,21997,75853,5187,81199,64533,12648,56211,248969,7221,33731,88493,119312,5607,36930,10218,10529,4507,33431,1585752,19384,17118,62009,25580,210438,91831,20513,17276,21848,11887,39841,62714,117131,11288,45781,23569,192351,83325,39088,191279,1325517,166156,23381,38516,21823,196000,63254,25638,6566,13638,48550,338978,6783,40776,58460,128842,18687,16252,35416,50059,30093,13966,6931.0,692106,65992,58149,28304,49300,18644,7669,110193,20635,56396,124497
2026-04-27 15:40:00+00:00,267.6400146484375,199.58999633789062,240.77000427246094,404.4151916503906,333.5249938964844,343.67999267578125,261.260009765625,38.154998779296875,417.4501037597656,315.3299865722656,52.57500076293945,151.85000610351562,178.55999755859375,68.93000030517578,1049.8699951171875,61.019901275634766,128.32000732421875,328.8800048828125,283.4700012207031,283.4549865722656,33.904998779296875,192.51499938964844,121.37999725341797,1008.4099731445312,181.53500366210938,88.13999938964844,33.584999084472656,78.01499938964844,184.89999389648438,118.63500213623047,180.36000061035156,48.040000915527344,133.6999969482422,59.59000015258789,12.46500015258789,196.6300048828125,128.3300018310547,77.73999786376953,350.39898681640625,932.0650024414062,40.439998626708984,334.05999755859375,333.45001220703125,219.0399932861328,228.0449981689453,83.79000091552734,391.04998779296875,475.2749938964844,225.57749938964844,310.4549865722656,31.135000228881836,75.97000122070312,880.5599975585938,243.5500030517578,506.3500061035156,362.42999267578125,294.6099853515625,83.12999725341797,673.7550048828125,228.3249969482422,111.58499908447266,188.69000244140625,422.510009765625,45.06999969482422,20.594999313354492,92.08000183105469,210.3699951171875,170.99000549316406,93.07499694824219,57.11000061035156,155.63499450683594,26.915000915527344,148.64500427246094,204.08999633789062,220.8800048828125,164.32000732421875,50.0099983215332,148.11000061035156,747.2050170898438,98.55500030517578,90.05000305175781,55.599998474121094,436.9100036621094,327.3299865722656,51.27000045776367,130.2899932861328,157.61500549316406,470.30999755859375,241.30999755859375,366.9150085449219,271.9100036621094,350.0400085449219,56.07500076293945,309.3500061035156,237.08009338378906,430.3550109863281,80.01000213623047,71.69000244140625,128.4499969482422,148.5399932861328,213080,33204,33686,28074,434436,10009,366371,66913,112106,16048,236725,12460,35428,78307,1989,212819,24939,6933,5867,34513,75771,23617,58514,6812,67155,70896,28994,20869,90184,11769,47513,55313,16332,61953,162900,8809,47842,75964,122182,9406,87806,16874,13841,5027,75391,1902890,20380,15213,64160,61654,221374,75015,15945,14724,25403,6603,28365,107226,106663,6836,40134,22282,164703,97279,23725,282119,1304296,146165,34711,58734,21255,119397,65778,14393,12648,10744,35806,258751,1312,48170,37703,113331,19831,11661,73716,54511,20294,7454,4103.0,580983,72877,37673,73910,44055,14803,3649,122805,23369,69367,108150
2026-04-27 15:45:00+00:00,267.0299987792969,199.6999969482422,239.9600067138672,404.2099914550781,333.6000061035156,343.8800048828125,261.1300048828125,38.16999816894531,416.7850036621094,315.2799987792969,52.60499954223633,151.82000732421875,178.77000427246094,68.80999755859375,1049.5,61.099998474121094,128.36000061035156,328.8349914550781,283.7799987792969,283.2799987792969,33.875,192.4600067138672,121.22000122070312,1009.1799926757812,181.13999938964844,88.08000183105469,33.54999923706055,78.17500305175781,184.7100067138672,118.78500366210938,180.46499633789062,47.99359893798828,133.5050048828125,59.5,12.475000381469727,196.60000610351562,128.43499755859375,77.70999908447266,349.9750061035156,932.114990234375,40.375,334.25,333.8424987792969,218.74000549316406,228.07000732421875,83.57499694824219,390.6700134277344,475.375,225.6999969482422,310.6098937988281,31.125,75.98500061035156,881.6599731445312,243.69500732421875,506.4549865722656,362.5,294.50732421875,83.11499786376953,674.719970703125,228.08999633789062,111.58000183105469,188.60499572753906,422.47650146484375,45.04499816894531,20.575000762939453,91.68000030517578,210.61500549316406,170.9149932861328,93.12999725341797,57.10499954223633,155.64500427246094,26.924999237060547,148.61000061035156,204.27999877929688,221.24000549316406,164.3699951171875,50.02000045776367,148.27000427246094,748.3400268554688,98.52999877929688,90.26000213623047,55.55500030517578,436.70001220703125,327.1099853515625,51.28499984741211,130.38999938964844,157.7628631591797,469.8399963378906,240.9774932861328,367.2300109863281,271.7799987792969,349.6449890136719,56.125,309.53009033203125,237.2899932861328,430.75,80.08499908447266,71.44999694824219,128.47999572753906,148.4499969482422,257397,43333,49823,22052,385994,26115,317702,32488,101990,14257,246254,11812,64668,63018,1685,95652,25448,7234,11726,24484,89898,20364,70987,6025,73904,52771,29879,71200,87506,6323,57731,53897,19886,59836,359518,10600,58884,50847,164811,7219,58037,22673,20013,7214,39144,1590131,15302,18149,85603,55515,131669,79333,15264,20752,12590,5800,28418,52116,125200,9226,55462,20984,209959,88006,33762,301279,1333177,136938,29786,41735,22274,395528,56279,12883,3694,13792,48106,210985,4363,96656,71508,123560,12283,15056,53826,26870,21815,13022,11629.0,560354,54168,50164,44419,35313,13178,8807,87253,137308,64469,90307
2026-04-27 15:50:00+00:00,267.0299987792969,199.63999938964844,240.2100067138672,403.0,332.79840087890625,344.32000732421875,261.0899963378906,38.1349983215332,416.5299987792969,315.6499938964844,52.6150016784668,151.82000732421875,179.22500610351562,68.68000030517578,1050.050048828125,61.1349983215332,128.41000366210938,329.0899963378906,283.7699890136719,283.7049865722656,33.93000030517578,192.58999633789062,121.11000061035156,1010.5999755859375,181.3350067138672,88.0999984741211,33.5,78.55999755859375,184.7100067138672,118.8949966430664,180.30999755859375,47.92499923706055,133.39999389648438,59.38999938964844,12.484999656677246,196.52000427246094,128.5749969482422,77.70999908447266,350.2900085449219,932.3499755859375,40.36000061035156,335.16119384765625,334.0,219.375,227.99310302734375,83.52999877929688,391.0199890136719,475.0249938964844,225.69500732421875,310.7099914550781,31.07990074157715,76.04499816894531,881.2650146484375,244.1649932861328,506.8399963378906,363.19000244140625,295.010009765625,83.19000244140625,674.8493041992188,228.0,111.56999969482422,188.77499389648438,422.010009765625,45.08000183105469,20.55500030517578,91.91999816894531,210.5800018310547,171.0,93.25,57.06999969482422,155.6999969482422,26.924999237060547,148.7100067138672,204.3000030517578,221.4199981689453,163.99000549316406,50.09000015258789,148.1300048828125,748.4199829101562,98.63999938964844,90.43000030517578,55.55500030517578,436.87408447265625,327.2795104980469,51.29999923706055,130.75,158.10000610351562,469.0,240.72000122070312,367.2149963378906,271.1000061035156,349.95001220703125,56.154998779296875,309.6650085449219,237.13999938964844,430.6300048828125,80.08499908447266,71.38999938964844,128.63999938964844,148.47999572753906,181728,30908,95693,33621,434663,16867,227383,59003,137731,14079,79712,8683,33512,52323,2083,106769,14921,7517,16225,22291,61334,20967,59571,7279,116981,53160,18843,138210,91195,13276,46776,33599,17506,41977,458686,12022,48126,47373,259420,6582,46307,28523,21877,3684,44954,1053937,16656,10400,49996,29279,77201,101652,12602,13906,14669,7931,21560,37899,113022,5378,43598,22826,189181,62230,41756,189837,1127768,122745,27826,53893,20850,306628,45262,14315,4039,13945,50362,196995,1837,38736,91300,128712,22394,9779,37085,83216,18793,13332,6463.0,532649,67130,34684,32269,24197,19034,5213,92016,21807,54795,74773
2026-04-27 15:55:00+00:00,266.7900085449219,200.07000732421875,240.22999572753906,402.3450012207031,332.7049865722656,344.5799865722656,261.2398986816406,38.09000015258789,416.07501220703125,315.44500732421875,52.599998474121094,151.93499755859375,179.41000366210938,68.58499908447266,1049.550048828125,61.119998931884766,128.39500427246094,328.94000244140625,283.614990234375,283.9649963378906,33.974998474121094,192.41000366210938,121.05999755859375,1010.4987182617188,181.69000244140625,88.09500122070312,33.48500061035156,78.57499694824219,184.80999755859375,118.6500015258789,180.38999938964844,47.904998779296875,133.41000366210938,59.41999816894531,12.479999542236328,196.4199981689453,128.63999938964844,77.69999694824219,351.4700012207031,932.1400146484375,40.29499816894531,335.2900085449219,333.9049987792969,219.41000366210938,228.02499389648438,83.20500183105469,392.0150146484375,475.5199890136719,225.91000366210938,310.6600036621094,31.065000534057617,75.98500061035156,882.2899780273438,244.27000427246094,506.70001220703125,363.5799865722656,294.8999938964844,83.25499725341797,674.6900024414062,228.0500030517578,111.58000183105469,188.80999755859375,422.3500061035156,45.064998626708984,20.549999237060547,92.125,210.66000366210938,171.19500732421875,93.4000015258789,57.064998626708984,155.52999877929688,26.940000534057617,148.61000061035156,204.25999450683594,221.38999938964844,164.0399932861328,50.09000015258789,148.19500732421875,748.6799926757812,98.71009826660156,90.44999694824219,55.411399841308594,436.29998779296875,327.67498779296875,51.28499984741211,130.36000061035156,158.4324951171875,468.5899963378906,240.59500122070312,368.25,270.5400085449219,349.64990234375,56.13740158081055,309.4624938964844,237.27999877929688,430.54998779296875,80.04000091552734,71.44000244140625,128.52999877929688,148.52000427246094,241851,65630,30069,38352,403814,5425,247418,45511,129866,11805,148436,17661,26738,69035,1968,80626,23970,9379,6925,9589,118889,19153,58058,6101,79645,55189,20908,50554,73187,5964,16965,50450,11817,50023,216028,11264,61405,230319,240758,6952,57735,17337,18232,8359,26254,1054751,22813,7680,31915,36030,108351,62557,15526,13168,19358,17602,17353,34625,91251,3315,62692,24112,205859,56340,27895,274399,932054,94110,45376,54722,31202,168387,71465,9672,5694,13198,34365,196648,1801,53441,80460,97179,17036,10488,37807,68415,55357,15348,4327.0,564946,53199,43936,23022,34364,7904,5353,986720,32597,57271,79035
2026-04-27 16:00:00+00:00,266.8800048828125,199.9499969482422,240.5399932861328,400.8599853515625,331.8399963378906,344.239990234375,261.5450134277344,38.125,415.6600036621094,315.67999267578125,52.630001068115234,151.9499053955078,179.52000427246094,68.43499755859375,1051.0,61.19499969482422,128.49000549316406,328.8550109863281,283.6449890136719,283.9800109863281,34.03499984741211,192.5399932861328,121.0199966430664,1009.7401123046875,181.9040985107422,87.98999786376953,33.5099983215332,78.55000305175781,184.83900451660156,118.75,180.41000366210938,47.939998626708984,133.27499389648438,59.40999984741211,12.479999542236328,196.55499267578125,128.80999755859375,77.69000244140625,351.4700012207031,933.10498046875,40.2599983215332,335.1199951171875,334.70001220703125,219.27000427246094,228.39999389648438,83.04000091552734,392.67999267578125,475.7349853515625,226.0800018310547,310.8699035644531,30.975000381469727,76.0250015258789,882.7750244140625,244.1750030517578,507.1210021972656,363.7900085449219,294.7349853515625,83.31999969482422,675.0,228.0749969482422,111.51000213623047,189.0399932861328,422.7923889160156,45.14799880981445,20.559999465942383,92.41500091552734,210.82000732421875,171.28500366210938,93.36000061035156,57.08100128173828,155.5399932861328,26.934999465942383,148.67999267578125,203.99000549316406,221.47000122070312,163.9199981689453,50.095001220703125,148.5800018310547,749.4000244140625,98.73999786376953,90.45999908447266,55.36000061035156,436.57000732421875,328.0799865722656,51.28499984741211,130.5399932861328,158.4250030517578,468.80999755859375,240.51499938964844,369.1000061035156,270.3900146484375,349.4100036621094,56.14500045776367,310.2099914550781,237.1750030517578,430.4200134277344,80.08999633789062,71.30500030517578,128.52000427246094,148.44000244140625,343286,48264,22160,35921,574210,20262,384353,27596,136500,11201,127789,14779,34729,51012,1753,151538,29780,4922,4939,8796,149549,29000,55293,12687,65349,64107,24054,56800,66962,15199,18711,58823,16093,36225,169682,23308,128438,28827,252259,9516,41527,23585,22425,5652,90933,1901383,15275,15847,55972,40336,167918,106993,20918,16549,15496,6892,23576,46981,110459,3954,50031,17735,187332,107897,17398,177878,1493507,152944,21026,39496,14309,109695,72251,30649,7876,11095,28692,203586,3298,73750,118519,116783,14070,11056,53109,36057,59068,20924,6100.0,1030325,47863,39373,54143,46529,8687,3673,104523,58939,86371,81145
2026-04-27 16:05:00+00:00,266.81500244140625,199.69000244140625,240.63999938964844,401.010009765625,332.3999938964844,343.7900085449219,261.9150085449219,38.154998779296875,415.3500061035156,315.69000244140625,52.6150016784668,151.875,179.64999389648438,68.44499969482422,1050.905029296875,61.15999984741211,128.4600067138672,328.69000244140625,283.5201110839844,283.79998779296875,34.03499984741211,192.625,121.18000030517578,1009.25,182.17999267578125,88.04650115966797,33.53499984741211,78.44999694824219,184.8000030517578,118.76000213623047,180.4949951171875,47.974998474121094,133.3800048828125,59.22999954223633,12.489999771118164,196.4949951171875,128.6699981689453,77.69000244140625,351.0299987792969,932.5399780273438,40.314998626708984,335.2950134277344,334.5299987792969,218.7899932861328,228.3699951171875,83.30500030517578,393.0050048828125,475.6199951171875,225.9700927734375,310.875,31.0049991607666,76.1050033569336,881.5399780273438,244.1999969482422,506.9100036621094,363.7799987792969,294.760009765625,83.4198989868164,675.0,228.11000061035156,111.4000015258789,189.0800018310547,423.0450134277344,45.18000030517578,20.545000076293945,92.56999969482422,211.27000427246094,171.1999969482422,93.5,57.08000183105469,155.60000610351562,26.915000915527344,148.58999633789062,204.0800018310547,221.27999877929688,164.13999938964844,50.09000015258789,149.0301055908203,748.7000122070312,98.62000274658203,90.44000244140625,55.400001525878906,436.75,327.7749938964844,51.314998626708984,130.53070068359375,158.60000610351562,468.5299987792969,240.52000427246094,370.2099914550781,270.54998779296875,349.6549987792969,56.130001068115234,310.05499267578125,237.375,430.135009765625,80.08499908447266,71.4000015258789,128.50999450683594,148.42999267578125,227634,29480,25865,33346,410005,39009,468356,28025,102978,16011,138860,9745,29540,63209,2164,73852,23476,11629,4167,21130,135733,23676,65154,7482,61679,57839,22345,51311,57137,8103,29217,42872,10671,102875,212090,26151,54094,44799,160153,8563,30018,10072,15078,12875,29550,1459495,17094,9568,29169,38239,143561,72203,16093,9410,14699,6390,20303,29877,371279,3470,36599,18781,136924,81762,18035,176974,1790904,108469,42061,25788,14003,136291,76795,8601,7718,11327,31845,263889,2312,29813,89513,102573,13105,13834,58386,22370,26722,10905,1311.0,1080237,53892,40921,57036,32258,7985,5336,180933,104753,49310,76818
2026-04-27 16:10:00+00:00,266.8450012207031,199.80990600585938,240.5500030517578,401.19500732421875,332.8999938964844,343.6050109863281,262.25,38.189998626708984,415.0799865722656,315.6600036621094,52.55080032348633,151.92999267578125,179.4600067138672,68.36499786376953,1051.8699951171875,61.17499923706055,128.4949951171875,328.6600036621094,283.1400146484375,283.8800048828125,33.9900016784668,192.8000030517578,121.36000061035156,1009.2899780273438,182.30499267578125,88.0250015258789,33.560001373291016,78.43000030517578,184.97999572753906,118.67500305175781,180.77499389648438,48.02000045776367,133.44500732421875,59.209999084472656,12.475000381469727,196.41000366210938,128.36500549316406,77.58000183105469,351.6000061035156,933.0700073242188,40.32500076293945,335.3900146484375,334.385009765625,219.08999633789062,228.36000061035156,83.53510284423828,393.42498779296875,475.6300048828125,226.0500030517578,310.8500061035156,31.020000457763672,76.16500091552734,881.97998046875,244.14999389648438,507.260009765625,363.5899963378906,294.42999267578125,83.47000122070312,674.9600219726562,228.14999389648438,111.43000030517578,189.36000061035156,423.42999267578125,45.20500183105469,20.545000076293945,92.54000091552734,211.07000732421875,171.47999572753906,93.45999908447266,57.169898986816406,155.66000366210938,26.915000915527344,148.52000427246094,204.00999450683594,221.36000061035156,164.0850067138672,50.060001373291016,149.24000549316406,748.2537841796875,98.44000244140625,90.62999725341797,55.540000915527344,437.1400146484375,327.9700012207031,51.285099029541016,130.39999389648438,158.47000122070312,469.1300048828125,240.72999572753906,371.32501220703125,269.82000732421875,350.3399963378906,56.11000061035156,310.06500244140625,237.56500244140625,430.1199951171875,80.05000305175781,71.41999816894531,128.44000244140625,148.61500549316406,155822,25988,37978,25260,525278,11696,394971,24011,92764,16044,331157,9839,29113,53031,1600,87829,61558,6043,15061,5389,135765,34021,65443,4072,208259,68678,41018,50463,55292,13119,27586,50018,8267,37803,348564,12061,84219,33415,159973,8657,67104,16098,8736,7736,23996,1644144,15174,9759,25111,35009,105210,76489,10294,15038,16041,2704,24283,22369,83352,5554,44789,19873,153244,67611,19430,176413,1537890,100378,35539,33820,31195,155763,51900,12683,7387,13837,57464,425801,982,29511,76941,265080,13167,11094,31930,24118,17188,15937,5466.0,926551,69993,51972,37009,47450,13340,4986,74727,27054,48171,65358
2026-04-27 16:15:00+00:00,266.7099914550781,199.60000610351562,240.49000549316406,400.95001220703125,335.6300048828125,343.489990234375,262.4601135253906,38.08000183105469,416.0899963378906,315.6499938964844,52.57500076293945,151.72999572753906,179.3300018310547,68.36499786376953,1052.2950439453125,61.189998626708984,128.4600067138672,328.6650085449219,282.8500061035156,284.0249938964844,34.005001068115234,192.74000549316406,121.21499633789062,1007.6699829101562,182.30999755859375,87.92500305175781,33.4900016784668,78.34500122070312,184.5800018310547,118.63500213623047,180.60000610351562,47.91999816894531,133.24000549316406,59.05500030517578,12.475000381469727,196.02999877929688,128.5749969482422,77.6500015258789,351.30999755859375,933.6500244140625,40.36000061035156,335.20001220703125,334.32000732421875,218.9600067138672,228.368896484375,83.4977035522461,392.875,475.57000732421875,225.9499969482422,310.78326416015625,30.91010093688965,76.18499755859375,881.2899780273438,243.5800018310547,507.1400146484375,363.489990234375,294.125,83.36499786376953,674.8049926757812,227.7550048828125,111.43000030517578,189.36000061035156,423.92999267578125,45.19499969482422,20.55500030517578,92.41999816894531,211.5500030517578,171.67999267578125,93.4209976196289,57.05030059814453,155.50999450683594,26.924800872802734,148.47500610351562,203.94000244140625,221.32000732421875,163.77999877929688,50.02000045776367,149.34500122070312,747.9000244140625,98.23999786376953,90.66999816894531,55.564998626708984,437.0799865722656,327.8500061035156,51.26499938964844,130.41000366210938,158.50999450683594,469.19000244140625,240.47999572753906,371.1351013183594,269.6000061035156,349.8699951171875,56.07500076293945,309.9750061035156,237.1300048828125,429.7250061035156,80.05500030517578,71.30999755859375,128.2899932861328,148.31500244140625,168576,25763,26663,18337,704082,10964,265753,33205,124820,13206,237653,22681,25317,55204,1684,73384,38653,8065,10300,13065,161154,25238,89448,9270,64726,98867,40671,31991,74015,12218,56075,55630,11160,35088,224617,7097,65378,41462,138955,6896,43376,11302,22751,4766,40146,1056938,11005,19662,41797,29483,160551,66328,14863,9777,21229,11006,29378,33772,54309,4777,32188,17960,136978,75625,16941,168114,1459026,128298,20367,67090,16431,162741,36972,10418,4385,10671,43231,272664,6656,26611,102710,125251,16894,6397,33867,15561,18691,13435,5614.0,666243,49632,26327,57857,35805,12558,2656,381030,25178,103882,64519
2026-04-27 16:20:00+00:00,266.3900146484375,199.6300048828125,240.57000732421875,401.2969970703125,334.5199890136719,343.42498779296875,262.77490234375,38.125,416.68701171875,315.8999938964844,52.55590057373047,151.39999389648438,179.25999450683594,68.74500274658203,1052.2099609375,61.220001220703125,128.49000549316406,328.5299987792969,282.5199890136719,283.8900146484375,34.04999923706055,192.9600067138672,121.13999938964844,1007.4600219726562,182.0449981689453,87.95999908447266,33.540000915527344,78.26000213623047,184.57000732421875,118.70999908447266,180.52000427246094,47.970001220703125,133.2949981689453,58.9900016784668,12.477499961853027,196.19000244140625,128.58999633789062,77.55500030517578,351.3299865722656,933.2899780273438,40.35499954223633,335.04998779296875,334.2349853515625,219.41000366210938,228.0399932861328,83.25,393.2099914550781,476.5,226.01499938964844,310.67999267578125,30.885000228881836,76.23500061035156,881.7100219726562,243.47000122070312,507.6000061035156,363.32000732421875,294.0350036621094,83.36499786376953,675.0999755859375,227.85000610351562,111.5,189.1999969482422,423.760009765625,45.16999816894531,20.584999084472656,92.33999633789062,211.2449951171875,171.39500427246094,93.38999938964844,57.13999938964844,155.52499389648438,26.934999465942383,148.52999877929688,203.8300018310547,221.3000030517578,163.77499389648438,50.040000915527344,149.05999755859375,749.8099975585938,98.21499633789062,90.58000183105469,55.584999084472656,436.9800109863281,327.8599853515625,51.27000045776367,130.33999633789062,158.5500030517578,468.8500061035156,240.47000122070312,370.9479064941406,269.30999755859375,349.6499938964844,56.07500076293945,310.1400146484375,237.35000610351562,429.7349853515625,80.08000183105469,71.33000183105469,128.32980346679688,148.4499969482422,272932,34813,27201,20300,528110,8370,349700,33368,126116,12665,175598,36713,22915,101891,2432,48633,37974,5846,9324,5575,208054,30353,60321,8182,65865,49180,32900,26001,66203,10765,25379,48421,11867,49145,177004,13983,29477,31351,139566,8421,55617,13730,22630,6177,38595,1026926,11732,16072,29901,30572,104126,67518,8401,14063,21604,5603,39459,32431,77466,6410,42255,30105,150961,116932,52400,143932,1204960,98366,19171,95078,22621,126615,38497,15445,9190,13331,52361,274765,2545,42903,44190,96082,21691,5697,39712,23252,19148,10448,3012.0,722710,82807,27966,34024,32793,12958,4794,100423,16805,68417,94340
2026-04-27 16:25:00+00:00,266.2950134277344,199.57000732421875,240.97999572753906,401.4750061035156,332.9798889160156,343.7200012207031,263.07000732421875,37.9900016784668,416.4800109863281,316.0400085449219,52.53499984741211,151.30999755859375,179.3000030517578,68.69999694824219,1052.35498046875,61.18000030517578,128.4499969482422,328.739990234375,282.44000244140625,283.6199951171875,34.005001068115234,193.1199951171875,121.05999755859375,1006.7100219726562,182.1999969482422,87.98500061035156,33.5099983215332,78.2750015258789,184.25,118.62000274658203,180.72000122070312,47.935001373291016,133.25999450683594,58.88999938964844,12.475000381469727,196.36000061035156,128.50999450683594,77.45500183105469,351.65008544921875,932.6199951171875,40.314998626708984,334.7699890136719,334.4100036621094,219.63999938964844,227.84500122070312,83.2699966430664,393.1499938964844,476.114990234375,226.00010681152344,310.5450134277344,30.915000915527344,76.28500366210938,881.7680053710938,243.2100067138672,507.68499755859375,363.2200012207031,294.1449890136719,83.33000183105469,675.2650146484375,227.41000366210938,111.5999984741211,189.22000122070312,423.6199951171875,45.099998474121094,20.575000762939453,92.05799865722656,211.4550018310547,171.52999877929688,93.34500122070312,57.11000061035156,155.5,26.950000762939453,148.47000122070312,203.89999389648438,221.42999267578125,163.5850067138672,50.0099983215332,149.00999450683594,749.9550170898438,98.25,90.59500122070312,55.51499938964844,437.29998779296875,327.8599853515625,51.27000045776367,130.23890686035156,158.4199981689453,468.614990234375,240.3300018310547,371.7900085449219,269.2900085449219,349.9700012207031,56.040000915527344,310.1650085449219,236.97000122070312,430.0,80.08000183105469,71.27999877929688,128.30999755859375,148.33999633789062,184760,23213,29248,21355,405840,8042,349950,113624,78695,7059,255664,12648,25728,122782,2068,55750,23823,4988,5101,15631,86002,21336,57527,5119,63480,39845,31538,25928,120899,10070,53302,49558,9661,81557,118900,5886,30390,28739,173595,5559,34698,11822,7951,6621,69978,778611,11863,11163,37727,22490,119884,108978,6193,15319,10334,5643,31866,30391,62721,28679,44411,14623,186184,64524,15990,260060,1102227,131892,19918,29002,16529,106281,31460,8931,4524,15478,36169,242337,636,21517,39242,123897,11678,8316,29631,15098,30558,9578,8069.0,515316,62079,21992,38542,25185,16786,4243,66053,28408,53575,72528
2026-04-27 16:30:00+00:00,266.44000244140625,199.47999572753906,240.50999450683594,402.0400085449219,332.9100036621094,343.8301086425781,262.67999267578125,37.915000915527344,416.635009765625,315.92498779296875,52.529998779296875,151.24000549316406,179.08999633789062,68.61000061035156,1053.43115234375,61.04499816894531,128.4499969482422,328.5199890136719,282.4049987792969,283.4200134277344,33.98500061035156,193.0800018310547,120.87000274658203,1005.4450073242188,182.02999877929688,88.05000305175781,33.494998931884766,78.18499755859375,184.2050018310547,118.47270202636719,180.6300048828125,47.915000915527344,133.1999969482422,58.880001068115234,12.460000038146973,196.3699951171875,128.3800048828125,77.44000244140625,352.0799865722656,932.8499755859375,40.345001220703125,334.5799865722656,334.010009765625,219.57000732421875,227.52999877929688,83.63009643554688,392.1000061035156,475.1700134277344,226.0399932861328,310.7200012207031,30.93000030517578,76.26499938964844,882.8499755859375,243.0574951171875,507.17999267578125,363.05999755859375,293.8699951171875,83.2699966430664,676.3300170898438,226.92999267578125,111.53500366210938,189.25,423.2799987792969,45.029998779296875,20.614999771118164,91.98999786376953,212.54989624023438,171.5399932861328,93.23999786376953,57.060001373291016,155.1999969482422,26.94499969482422,148.36549377441406,203.78509521484375,221.35000610351562,163.55499267578125,49.91999816894531,149.14999389648438,750.25,98.1449966430664,90.61000061035156,55.51499938964844,436.7449951171875,327.8999938964844,51.2400016784668,130.0449981689453,158.19000244140625,468.7099914550781,240.44000244140625,372.4551086425781,269.3999938964844,349.875,56.01499938964844,310.0249938964844,236.87249755859375,430.1700134277344,80.09500122070312,71.45999908447266,128.16000366210938,148.23019409179688,216459,26031,27669,22857,454756,8511,362997,181268,92120,10331,111304,21931,29559,88207,11846,179684,31351,6567,12243,4913,156659,26772,83544,10046,66189,57417,27124,40893,104159,10777,48399,54514,12000,79922,203194,6155,32727,39557,244185,7114,40326,15957,9509,5869,62031,1260057,17183,17150,32161,26928,121890,68560,15402,17865,14138,6223,29980,31399,91593,11527,39328,15953,123958,111780,47225,204573,3446357,89816,21281,27036,24769,251071,40864,10498,8570,20807,52656,166133,1535,33377,56205,101469,15504,8176,40682,30481,20501,13226,3043.0,828881,278009,26278,38600,45557,21713,3896,93602,51506,75648,82001
2026-04-27 16:35:00+00:00,266.4100036621094,199.0850067138672,240.6699981689453,402.1700134277344,333.2950134277344,343.6400146484375,262.5899963378906,37.869998931884766,416.6600036621094,315.9100036621094,52.57500076293945,151.02000427246094,178.99000549316406,68.6449966430664,1054.83251953125,60.970001220703125,128.4600067138672,328.20001220703125,282.260009765625,283.6400146484375,34.029998779296875,193.1199951171875,120.72000122070312,1004.1300048828125,182.08999633789062,87.94000244140625,33.43000030517578,78.18000030517578,184.05999755859375,118.38999938964844,180.52000427246094,47.82500076293945,133.0800018310547,58.849998474121094,12.460000038146973,196.2449951171875,128.28500366210938,77.44999694824219,351.9100036621094,933.114990234375,40.31999969482422,334.625,334.0249938964844,219.95989990234375,227.7799072265625,84.12000274658203,392.614501953125,475.19000244140625,225.77999877929688,310.760009765625,30.854999542236328,76.2300033569336,882.0900268554688,242.89500427246094,507.17999267578125,363.1050109863281,293.9700012207031,83.19999694824219,676.3400268554688,227.66000366210938,111.43499755859375,189.32000732421875,423.87811279296875,45.005001068115234,20.575000762939453,91.76499938964844,213.42999267578125,171.89990234375,93.2750015258789,56.96500015258789,155.15499877929688,26.934999465942383,148.3596954345703,203.72500610351562,221.33999633789062,163.63999938964844,49.904998779296875,149.08999633789062,749.0250244140625,98.25,90.61000061035156,55.459999084472656,437.0400085449219,327.8786926269531,51.23500061035156,129.9499969482422,158.1199951171875,468.55999755859375,240.16000366210938,372.56500244140625,269.32000732421875,350.1199951171875,56.01499938964844,310.07000732421875,237.2050018310547,429.4700012207031,80.1050033569336,71.30000305175781,128.11000061035156,148.0399932861328,157839,28166,41058,27968,344404,34931,475063,41032,155863,10400,168071,18299,36737,81221,9224,92855,19494,7526,6929,10412,126221,28714,54868,9974,51622,48276,23266,37259,115924,8413,49219,54519,11845,33251,68636,22220,27402,40038,116148,4139,39468,14663,11735,7215,28650,1633139,10667,6957,75501,46422,99160,50878,18902,29403,13540,9432,20779,30206,62000,58728,29691,12426,87721,112390,25640,234014,4650681,104856,21440,56634,21053,321239,37265,7300,4791,25705,42231,162701,2820,37466,39999,88974,17428,10896,36785,34157,20301,6445,10977.0,911204,80419,23899,21152,28022,58535,5325,72531,98222,74836,82640
2026-04-27 16:40:00+00:00,266.5851135253906,198.9199981689453,240.88499450683594,402.44000244140625,334.0899963378906,343.7099914550781,262.760009765625,37.935001373291016,415.8900146484375,315.5799865722656,52.5099983215332,150.94500732421875,179.02000427246094,68.6500015258789,1055.1300048828125,60.82500076293945,128.35000610351562,327.9549865722656,281.8800048828125,283.3599853515625,34.040000915527344,192.8300018310547,120.83999633789062,1005.1871948242188,182.0,87.96499633789062,33.474998474121094,78.05500030517578,184.2050018310547,118.41000366210938,180.64999389648438,47.88999938964844,133.10000610351562,58.86000061035156,12.454999923706055,196.61749267578125,128.16000366210938,77.41999816894531,352.19000244140625,933.10498046875,40.35499954223633,334.6050109863281,333.6499938964844,219.96499633789062,227.49940490722656,84.11499786376953,391.7200012207031,474.7799987792969,225.55999755859375,310.59820556640625,30.834999084472656,76.20500183105469,881.0499877929688,242.86000061035156,507.30999755859375,362.7650146484375,293.5799865722656,83.11000061035156,677.0599975585938,227.94000244140625,111.27010345458984,189.1999969482422,423.8299865722656,45.03499984741211,20.565000534057617,91.6050033569336,213.02369689941406,171.52000427246094,93.33000183105469,57.025001525878906,155.14999389648438,26.915000915527344,148.44000244140625,203.4550018310547,221.3000030517578,163.9499969482422,49.88999938964844,149.05999755859375,747.7999877929688,98.16950225830078,90.48999786376953,55.5,436.9200134277344,328.00799560546875,51.220001220703125,129.86000061035156,158.27000427246094,467.80999755859375,240.13999938964844,373.0201110839844,268.94000244140625,350.364990234375,55.994998931884766,310.239990234375,237.68499755859375,429.0899963378906,80.01499938964844,71.33000183105469,128.14999389648438,148.26499938964844,144101,31476,26760,19266,311629,28659,262618,38723,96435,9428,181261,14590,30746,54651,3171,154173,43371,7656,16581,15284,74655,29903,73392,12742,69306,45914,27276,21980,54295,9528,46778,46356,10347,33415,190516,10899,31274,41279,208288,7750,34919,17970,11359,11464,34639,1472828,13448,13023,32011,23867,117530,68037,15371,18651,37093,3378,29276,36999,85540,5105,49658,19214,149572,66105,33882,264884,2208994,104723,21364,38286,15566,220299,50451,11803,3586,50391,36665,308955,2504,26752,71778,76724,12145,24625,38217,16523,15059,30712,11698.0,711816,68406,26446,36644,54047,11712,4838,452099,114792,59478,62412
2026-04-27 16:45:00+00:00,266.5199890136719,198.98500061035156,240.75,402.3299865722656,334.5150146484375,343.8599853515625,263.17999267578125,37.98500061035156,415.9599914550781,315.8349914550781,52.52000045776367,151.0,178.89500427246094,68.65499877929688,1056.4300537109375,60.755001068115234,128.38999938964844,327.25,281.54998779296875,283.2701110839844,34.060001373291016,193.01499938964844,120.75499725341797,1004.5,181.90989685058594,88.04499816894531,33.5,78.02999877929688,184.33999633789062,118.26429748535156,180.86000061035156,47.92499923706055,133.16000366210938,58.86000061035156,12.454999923706055,196.74000549316406,128.14500427246094,77.37000274658203,352.29998779296875,933.6900024414062,40.404998779296875,334.92498779296875,334.010009765625,220.42999267578125,227.3249969482422,84.19999694824219,390.8901062011719,474.70001220703125,225.50999450683594,310.69000244140625,30.854999542236328,76.20999908447266,881.1500244140625,243.09500122070312,507.1000061035156,362.9100036621094,293.635009765625,83.05999755859375,677.0850219726562,227.92999267578125,111.25,189.27999877929688,423.9100036621094,45.08000183105469,20.584999084472656,91.43000030517578,213.1199951171875,171.52000427246094,93.43000030517578,57.060001373291016,155.1916961669922,26.90999984741211,148.3699951171875,203.27999877929688,221.4600067138672,164.1999969482422,49.8650016784668,149.01010131835938,748.530029296875,98.31500244140625,90.3550033569336,55.52000045776367,436.9574890136719,328.39990234375,51.224998474121094,129.85000610351562,158.25999450683594,468.3450012207031,240.25,373.2900085449219,268.82000732421875,350.67999267578125,56.005001068115234,310.114990234375,237.97999572753906,428.9200134277344,80.07499694824219,71.37999725341797,128.13999938964844,148.25999450683594,180021,44619,25754,21703,516646,10360,683085,28683,158279,19761,199360,11644,66335,59338,5602,157947,20966,30948,15182,13663,118689,34918,71269,10250,97914,62913,30986,37841,76024,7906,97713,54643,17254,28391,76128,6081,69246,26661,168625,6046,34240,20559,11597,9734,47326,1214790,19959,10165,44926,27139,165306,64997,9515,26083,13646,6565,32103,45550,71776,7436,94412,23830,171901,98142,24623,202657,1798181,70589,34260,30821,19212,173076,64601,16422,10144,16247,36334,236363,1687,22994,91581,68158,22923,19328,40718,19488,21645,19890,4650.0,572352,117417,57922,62163,53932,22881,6602,151102,93408,43591,91490
2026-04-27 16:50:00+00:00,266.4700012207031,199.0,241.0399932861328,401.8800048828125,334.3500061035156,343.8450012207031,262.6600036621094,37.96500015258789,415.2699890136719,315.75,52.55500030517578,150.96499633789062,179.0,68.5199966430664,1056.25,60.814998626708984,128.35000610351562,327.010009765625,281.7900085449219,283.4800109863281,34.03499984741211,193.06500244140625,120.75499725341797,1005.0900268554688,182.2899932861328,88.03500366210938,33.494998931884766,78.00499725341797,184.27999877929688,118.44999694824219,181.08999633789062,47.915000915527344,133.25,58.84000015258789,12.4399995803833,196.75,128.19630432128906,77.3499984741211,352.05999755859375,933.3900146484375,40.3849983215332,334.89019775390625,334.0,220.39999389648438,227.5,84.0999984741211,391.375,474.7049865722656,225.67080688476562,310.69000244140625,30.864999771118164,76.2249984741211,880.43798828125,243.02499389648438,506.9200134277344,363.2650146484375,293.82000732421875,83.11499786376953,677.844970703125,227.8300018310547,111.30000305175781,189.24729919433594,423.9800109863281,45.05500030517578,20.579999923706055,91.58000183105469,212.69000244140625,171.3800048828125,93.54499816894531,57.09000015258789,155.17010498046875,26.94499969482422,148.42999267578125,203.41009521484375,221.39999389648438,164.06500244140625,49.869998931884766,148.91000366210938,747.9500122070312,98.23999786376953,90.375,55.494998931884766,437.44000244140625,328.2850036621094,51.20000076293945,129.9499969482422,158.35000610351562,468.510009765625,240.65499877929688,373.489990234375,268.5,350.7950134277344,56.005001068115234,310.1199951171875,238.00999450683594,429.1000061035156,80.1050033569336,71.38999938964844,128.2100067138672,148.18499755859375,229902,47279,25739,24047,437244,8674,407425,19646,100336,11050,89746,18479,30164,71235,3741,134762,22749,11713,12895,34884,59599,31401,69481,5879,49684,61078,18583,37084,45017,7682,31150,44165,12204,28578,385886,7002,38573,35941,185354,6907,35858,48882,10352,6465,38983,1076809,13575,8222,40482,20090,65832,59409,15428,14545,20144,9003,34119,33669,152743,5897,42285,23102,152232,74003,20131,245500,1641534,80066,18830,17588,17636,216290,48119,9689,2070,9419,42139,177072,4324,28237,33834,72816,18166,10061,38797,16746,17902,4716,24853.0,502331,56000,33663,18180,44936,6129,6054,91255,97073,77979,52917
2026-04-27 16:55:00+00:00,266.4200134277344,199.05999755859375,240.85000610351562,401.79998779296875,334.1199035644531,343.8399963378906,262.6099853515625,37.98849868774414,415.6600036621094,315.8500061035156,52.54999923706055,151.27499389648438,179.14999389648438,68.41999816894531,1056.3499755859375,60.82500076293945,128.3800048828125,327.07000732421875,282.05999755859375,283.69000244140625,34.03499984741211,193.07000732421875,120.7300033569336,1006.02001953125,182.17999267578125,88.07499694824219,33.52000045776367,77.98999786376953,184.2899932861328,118.41999816894531,180.80499267578125,47.95500183105469,133.24000549316406,58.79999923706055,12.454999923706055,196.75750732421875,128.30999755859375,77.4749984741211,351.57000732421875,933.6599731445312,40.35499954223633,335.2388916015625,334.1449890136719,220.24000549316406,227.6199951171875,83.73989868164062,391.875,474.1199951171875,225.72000122070312,310.8392028808594,30.959999084472656,76.2750015258789,880.239990234375,243.24000549316406,506.6199951171875,363.2799987792969,294.4949951171875,83.0999984741211,677.6699829101562,228.11000061035156,111.27999877929688,189.24000549316406,424.3949890136719,45.084999084472656,20.584999084472656,91.56999969482422,212.75,171.39010620117188,93.57990264892578,57.119998931884766,155.32000732421875,26.934999465942383,148.44000244140625,203.60000610351562,221.4600067138672,164.2100067138672,49.86000061035156,149.21499633789062,747.8200073242188,98.21499633789062,90.5199966430664,55.51499938964844,437.3949890136719,328.0150146484375,51.224998474121094,130.07000732421875,158.4499969482422,468.4100036621094,241.1199951171875,373.82000732421875,269.1000061035156,350.5899963378906,56.025001525878906,309.8500061035156,238.10000610351562,429.1099853515625,80.12999725341797,71.58000183105469,128.30499267578125,148.34500122070312,253649,43489,17846,19476,278368,13579,228586,16655,80927,25159,146155,14303,24704,85488,3324,91861,47499,14175,8774,11857,119946,16499,79556,5421,59535,57847,22113,24541,55835,15983,38605,31961,12057,38727,118362,8393,62314,40273,172598,8009,85861,21008,21810,7968,35695,906649,14835,16997,40010,37932,131491,84628,13401,15638,15187,10863,48402,37915,65110,6028,40248,17231,172021,57604,33102,176905,1142070,101689,21255,28844,24185,148458,31569,14060,6465,11324,30707,155816,2298,22489,50360,93739,20250,21004,33311,20236,21383,9577,3514.0,594034,72311,25445,31366,55697,10561,3950,86844,90781,69128,67697
2026-04-27 17:00:00+00:00,266.54998779296875,199.05999755859375,240.61500549316406,401.9100036621094,334.1199951171875,343.6300048828125,262.7799072265625,37.974998474121094,415.8299865722656,315.489990234375,52.5099983215332,151.13999938964844,179.16000366210938,68.44999694824219,1056.18994140625,60.8650016784668,128.3249969482422,327.07000732421875,281.7099914550781,283.9049987792969,34.025001525878906,193.08999633789062,120.5,1006.3400268554688,181.88999938964844,88.03500366210938,33.47999954223633,77.9749984741211,184.07000732421875,118.34500122070312,180.61000061035156,47.89030075073242,133.13999938964844,58.70500183105469,12.444999694824219,196.64999389648438,128.2949981689453,77.38999938964844,351.5849914550781,933.6599731445312,40.34000015258789,335.0050048828125,333.7900085449219,220.55999755859375,227.7949981689453,83.55999755859375,391.260009765625,473.82000732421875,225.875,310.7449951171875,30.93000030517578,76.27999877929688,881.6500244140625,243.0050048828125,506.1700134277344,362.7049865722656,294.1600036621094,83.08000183105469,677.3250122070312,227.6699981689453,111.2750015258789,189.11500549316406,424.4750061035156,45.06700134277344,20.575000762939453,91.59989929199219,213.10009765625,171.69000244140625,93.5199966430664,57.06999969482422,155.35000610351562,26.934999465942383,148.48500061035156,203.42999267578125,221.3800048828125,163.8300018310547,49.834999084472656,149.52000427246094,747.22998046875,98.26000213623047,90.5999984741211,55.505001068115234,437.2049865722656,327.9599914550781,51.19499969482422,129.97000122070312,158.3000030517578,468.1400146484375,241.0800018310547,374.1549987792969,269.57000732421875,350.6700134277344,55.97999954223633,309.57501220703125,237.97500610351562,429.010009765625,80.07499694824219,71.44499969482422,128.33009338378906,148.07000732421875,743309,92169,25655,19181,256779,13736,272196,20497,74964,11081,146186,21137,36090,78118,1949,122773,25142,4856,4978,11324,70683,32942,87711,5713,182883,65515,26023,30516,69442,9008,33160,54576,7905,35707,371000,7718,47937,32223,116544,11186,97502,16090,18612,7566,33119,1104729,13888,13769,34638,28699,103040,57428,20249,18520,14459,5201,45812,59094,58741,9980,40476,17968,124649,96092,39026,188274,1697785,109629,28585,37113,20169,148460,71776,13018,7532,13629,42096,221630,2438,23023,83129,93941,17306,8503,37810,18318,18226,7474,5624.0,662748,77423,28570,59229,35098,19149,4044,85455,31889,76772,79329
2026-04-27 17:05:00+00:00,266.6050109863281,198.9425048828125,240.80499267578125,401.4750061035156,334.1499938964844,343.4100036621094,262.59490966796875,37.94499969482422,415.739990234375,315.42999267578125,52.48500061035156,151.0688018798828,179.1300048828125,68.41000366210938,1056.22998046875,60.83169937133789,128.27000427246094,326.6700134277344,281.55999755859375,283.9800109863281,34.04499816894531,193.22999572753906,120.5999984741211,1005.969970703125,181.78500366210938,87.91999816894531,33.459999084472656,77.93499755859375,184.10499572753906,118.16999816894531,180.92999267578125,47.85499954223633,132.9949951171875,58.6150016784668,12.414999961853027,196.52499389648438,128.1999969482422,77.30000305175781,351.8500061035156,932.75,40.310001373291016,334.6400146484375,333.0450134277344,219.89500427246094,227.7926025390625,83.87999725341797,391.43499755859375,474.0350036621094,225.6699981689453,310.4949951171875,30.899999618530273,76.2249984741211,881.090087890625,242.72999572753906,505.8399963378906,362.2699890136719,294.3091125488281,83.01499938964844,678.72998046875,227.19000244140625,111.28500366210938,188.94000244140625,424.32000732421875,45.07500076293945,20.575000762939453,91.55999755859375,213.4700927734375,171.80999755859375,93.37000274658203,57.06999969482422,155.2100067138672,26.915000915527344,148.47500610351562,203.11000061035156,221.22999572753906,163.8699951171875,49.855098724365234,149.19000244140625,746.7974853515625,98.30999755859375,90.43000030517578,55.404998779296875,436.7200927734375,327.9549865722656,51.154998779296875,129.86500549316406,158.17999267578125,468.0849914550781,240.97000122070312,375.2900085449219,269.4100036621094,350.7149963378906,55.919898986816406,309.3699951171875,238.08250427246094,428.9200134277344,80.04499816894531,71.37000274658203,128.24989318847656,148.02000427246094,149860,82921,23769,16554,240309,19961,289576,25649,75820,6375,192879,19113,33221,57262,3139,175235,21100,4716,5401,10734,76158,45868,201200,5323,87824,127662,39758,35791,50826,7287,33450,58639,12562,35169,910329,6680,40139,39460,120792,5281,42399,11172,29283,6863,34273,1050002,12422,14353,77739,23609,121663,55475,16508,12614,11254,8946,21946,30817,91797,7771,48227,16156,142628,71759,34111,248674,1417960,129427,41046,47866,21349,131263,48417,12342,6444,33394,51124,239596,2162,25468,102448,86953,11665,16414,42808,17878,23644,14394,5770.0,1010888,70876,30901,27761,26907,24700,6601,82953,82943,66949,63144
2026-04-27 17:10:00+00:00,266.4495849609375,198.69000244140625,240.52000427246094,401.4549865722656,334.489990234375,343.05499267578125,262.689697265625,37.9900016784668,415.19000244140625,315.44500732421875,52.46500015258789,151.0399932861328,179.2449951171875,68.5,1055.9599609375,60.7599983215332,128.2899932861328,326.2099914550781,281.42999267578125,283.8599853515625,34.025001525878906,193.11500549316406,120.63999938964844,1005.8900146484375,181.85499572753906,87.86990356445312,33.48500061035156,77.9000015258789,184.25509643554688,118.1500015258789,180.7949981689453,47.904998779296875,133.10000610351562,58.57500076293945,12.425000190734863,196.7899932861328,128.27000427246094,77.2699966430664,352.19500732421875,932.6199951171875,40.34000015258789,334.44500732421875,332.45001220703125,219.8000030517578,228.08999633789062,83.76499938964844,391.94000244140625,474.1600036621094,225.52999877929688,310.4800109863281,30.895000457763672,76.18589782714844,880.9949951171875,242.5399932861328,505.6300048828125,361.95001220703125,294.1000061035156,83.00499725341797,678.6849975585938,228.17999267578125,111.16000366210938,188.92999267578125,424.8695068359375,45.05500030517578,20.59000015258789,91.44499969482422,214.01499938964844,172.1199951171875,93.30999755859375,57.140098571777344,155.16799926757812,26.899999618530273,148.3347930908203,203.1199951171875,221.30999755859375,164.10499572753906,49.85499954223633,149.00999450683594,746.739990234375,98.2699966430664,90.30000305175781,55.39500045776367,436.42999267578125,327.8599853515625,51.154998779296875,129.85000610351562,158.10499572753906,467.8999938964844,240.9517364501953,376.2449951171875,269.3299865722656,350.5400085449219,55.915000915527344,309.1199951171875,238.3350067138672,428.81500244140625,80.05999755859375,71.36000061035156,128.19000244140625,148.31500244140625,179448,46867,21924,17923,194428,19737,327860,16578,114098,11858,134762,19038,34825,62339,1734,173023,38850,11256,6290,8058,64341,45787,71497,4407,80827,85850,23648,45532,79487,15203,24485,39350,12929,31146,719974,8595,63749,32288,145463,6344,32687,33618,18366,6907,48216,882607,16261,7939,33999,32566,94202,57479,15311,23505,16881,6776,21706,73822,73850,15488,39489,18721,141756,76609,34175,212631,2446882,167535,20026,38678,18156,178097,50708,13030,7691,18281,43270,148407,1635,30115,55581,69617,12213,10306,37105,19571,15243,9800,2003.0,908838,68491,31311,21082,40896,12665,6580,100579,66022,122167,121464
2026-04-27 17:15:00+00:00,266.739990234375,198.77000427246094,240.53500366210938,400.3599853515625,334.3299865722656,343.8949890136719,262.4700012207031,38.10499954223633,414.9700012207031,315.5,52.494998931884766,151.14999389648438,179.27000427246094,68.61000061035156,1056.93994140625,60.8849983215332,128.30999755859375,326.30999755859375,281.04998779296875,283.85870361328125,34.03499984741211,193.33999633789062,120.86000061035156,1007.6400146484375,181.97000122070312,87.81500244140625,33.54999923706055,77.91000366210938,184.55999755859375,118.15499877929688,181.02000427246094,47.994998931884766,133.43499755859375,58.599998474121094,12.430000305175781,197.2675018310547,128.38499450683594,77.33000183105469,351.875,932.5399780273438,40.3849983215332,334.1600036621094,331.8800048828125,220.08999633789062,228.35000610351562,83.05000305175781,392.0400085449219,474.2699890136719,225.64999389648438,310.4700927734375,30.94499969482422,76.125,880.6199951171875,242.5050048828125,506.20001220703125,361.9599914550781,294.1499938964844,82.9614028930664,677.9450073242188,228.60000610351562,111.20500183105469,188.97000122070312,424.82000732421875,45.03499984741211,20.614999771118164,91.55999755859375,213.5050048828125,172.1699981689453,93.41000366210938,57.314998626708984,155.05999755859375,26.905000686645508,148.36000061035156,203.24000549316406,221.41000366210938,164.7550048828125,49.88999938964844,148.94000244140625,746.6599731445312,98.27999877929688,90.31999969482422,55.474998474121094,436.3399963378906,328.0899963378906,51.17499923706055,129.9499969482422,158.27000427246094,468.32501220703125,241.52499389648438,375.389892578125,268.6650085449219,350.6199951171875,55.95500183105469,309.1700134277344,239.0,428.92999267578125,80.09500122070312,71.48500061035156,128.27000427246094,148.6699981689453,216068,23840,19203,21155,331549,18925,201249,21402,91111,9733,205020,15057,23537,100104,3549,125138,34592,6918,22445,11641,93776,45243,70623,11502,67102,133806,26680,21191,42170,5728,30922,36156,17001,33626,254881,9565,33440,37478,126406,5084,26256,24321,37009,6885,28824,1693100,12560,7951,26208,21536,101589,59061,22396,39242,27159,7480,19926,40850,61113,5166,29290,17162,263855,124343,42539,151703,1979418,163134,44958,54369,21107,692304,62835,8612,6635,21091,151462,203212,1745,15906,37707,73719,21308,6954,47654,17357,17702,8613,3855.0,935033,45257,34228,35411,22590,10658,5307,79450,77860,146587,69517
2026-04-27 17:20:00+00:00,266.7898864746094,198.6699981689453,240.50999450683594,400.7300109863281,334.3900146484375,343.7799987792969,262.3800048828125,38.1349983215332,415.0,315.6300048828125,52.494998931884766,151.00999450683594,179.24000549316406,68.55000305175781,1057.719970703125,60.900001525878906,128.36000061035156,326.510009765625,281.0199890136719,283.7950134277344,34.005001068115234,193.46499633789062,120.55500030517578,1006.4199829101562,182.22000122070312,87.86499786376953,33.56999969482422,77.97000122070312,184.32000732421875,117.97000122070312,181.19500732421875,48.029998779296875,133.1699981689453,58.494998931884766,12.437199592590332,197.13999938964844,128.42999267578125,77.375,352.0249938964844,933.1799926757812,40.3650016784668,334.2349853515625,331.8699951171875,219.88999938964844,228.4550018310547,82.74500274658203,391.875,474.5199890136719,225.55999755859375,310.55999755859375,30.905000686645508,76.07499694824219,880.4299926757812,242.56500244140625,506.42999267578125,362.04998779296875,293.98150634765625,82.96589660644531,678.5900268554688,228.55999755859375,111.25,189.110107421875,424.70599365234375,45.029998779296875,20.614999771118164,91.57499694824219,213.92999267578125,172.8070068359375,93.29000091552734,57.209999084472656,154.97000122070312,26.905000686645508,148.36000061035156,203.3000030517578,221.41000366210938,164.39999389648438,49.89500045776367,148.85499572753906,746.8099975585938,98.29499816894531,90.4800033569336,55.439998626708984,436.56500244140625,328.1199951171875,51.20000076293945,129.88999938964844,158.32000732421875,468.7250061035156,241.32000732421875,377.29998779296875,268.875,350.2701110839844,55.92499923706055,309.4100036621094,238.75,428.6099853515625,80.11499786376953,71.43000030517578,128.21929931640625,148.2949981689453,320243,25512,20659,31596,390832,114676,232590,105359,123609,19202,189069,17787,27437,57216,2454,83921,23110,7013,14257,8039,126146,48963,127089,8650,84767,113921,61476,30218,90727,10094,18384,135301,12362,38720,165083,12557,30457,32253,154737,9856,45248,21671,8562,4324,46736,1670122,9443,12727,29702,27521,110528,77706,14154,23167,14499,3844,18040,39965,71325,5493,27239,42645,141740,67738,32107,173354,1610088,227425,20893,100952,21289,97167,40348,10137,5722,28614,40491,140958,2818,27316,36059,95047,14262,21515,41076,23105,15328,14204,7449.0,989879,41962,32151,51062,33979,16128,3575,75714,33842,63638,96541
2026-04-27 17:25:00+00:00,266.8399963378906,198.63999938964844,240.38999938964844,400.5899963378906,335.1050109863281,344.1400146484375,262.75,38.189998626708984,415.9800109863281,315.75,52.4900016784668,151.0850067138672,179.22999572753906,68.62999725341797,1057.489990234375,60.85499954223633,128.4600067138672,326.4100036621094,280.8999938964844,284.0249938964844,34.04499816894531,193.5749969482422,120.55999755859375,1006.02001953125,182.24000549316406,87.80500030517578,33.59000015258789,77.98750305175781,184.0800018310547,117.98500061035156,181.25999450683594,48.04999923706055,133.27999877929688,58.45000076293945,12.444999694824219,197.30999755859375,128.3800048828125,77.37999725341797,352.2749938964844,933.5,40.46500015258789,334.3399963378906,331.18499755859375,219.76499938964844,228.58999633789062,83.01499938964844,391.4800109863281,474.57000732421875,225.52999877929688,310.6600036621094,30.895000457763672,76.09500122070312,880.8300170898438,242.75,506.6000061035156,361.635009765625,293.9800109863281,82.98500061035156,680.0449829101562,228.69500732421875,111.30000305175781,189.21499633789062,425.0799865722656,45.060001373291016,20.645000457763672,91.50499725341797,213.61000061035156,172.97999572753906,93.2699966430664,57.244998931884766,154.91000366210938,26.889999389648438,148.47000122070312,203.3249969482422,221.42999267578125,164.77000427246094,49.894500732421875,148.860107421875,746.260009765625,98.32250213623047,90.49500274658203,55.52000045776367,436.2900085449219,328.0899963378906,51.209999084472656,129.91000366210938,158.3000030517578,468.6099853515625,241.22000122070312,377.6492919921875,268.9700012207031,350.4700012207031,55.93000030517578,309.4649963378906,238.89999389648438,428.69000244140625,80.13500213623047,71.45500183105469,128.1116943359375,148.40499877929688,159744,36889,26443,16462,280505,19937,250483,38821,142836,12387,146340,12543,27428,61177,2972,108269,25879,7062,10404,8860,65002,29111,146973,7278,73672,75730,25212,26184,96627,13544,31162,42727,17550,85542,245460,16820,41196,27570,138308,4046,70528,15605,19761,10506,35504,1248131,13827,11370,30201,29058,97382,50910,11460,17619,18029,7882,19807,43007,78278,6495,43141,18241,147161,88189,40739,188034,1871283,244550,21735,36798,19260,163348,47172,13340,6644,15242,72395,159195,2040,22322,50313,94856,22359,17446,32193,19910,25902,12506,3652.0,825041,43928,69057,25021,34520,7024,4765,87414,58441,70923,69918
2026-04-27 17:30:00+00:00,266.9700012207031,198.5200958251953,240.16000366210938,401.45001220703125,335.7200012207031,343.6700134277344,262.94500732421875,38.16999816894531,416.360595703125,315.9599914550781,52.55500030517578,150.88999938964844,179.3800048828125,68.5999984741211,1057.9200439453125,60.79999923706055,128.69500732421875,326.364990234375,280.92999267578125,283.9425048828125,34.04499816894531,193.9600067138672,120.37000274658203,1005.0800170898438,182.25,87.84500122070312,33.564998626708984,78.04000091552734,183.96499633789062,117.77999877929688,181.05250549316406,48.01499938964844,133.26499938964844,58.62900161743164,12.456000328063965,197.15499877929688,128.10000610351562,77.55000305175781,352.69000244140625,934.780029296875,40.505001068115234,334.5050048828125,331.1700134277344,219.76499938964844,228.52999877929688,83.33000183105469,391.79998779296875,474.4700012207031,225.53500366210938,311.1600036621094,30.885000228881836,76.09500122070312,880.2650756835938,242.9114990234375,506.739990234375,361.9450988769531,293.8399963378906,82.9749984741211,680.2999877929688,229.27999877929688,111.33000183105469,189.4600067138672,425.54998779296875,45.084999084472656,20.684999465942383,91.5,214.2899932861328,173.2050018310547,93.2300033569336,57.224998474121094,154.82000732421875,26.895000457763672,148.4250030517578,203.28500366210938,221.625,164.76499938964844,49.8849983215332,149.22000122070312,746.1199951171875,98.36000061035156,90.47000122070312,55.4900016784668,435.75,328.1099853515625,51.27000045776367,129.6999969482422,158.40499877929688,468.1300048828125,241.77499389648438,379.45001220703125,269.04998779296875,351.18719482421875,55.974998474121094,309.67999267578125,239.0850067138672,428.2650146484375,80.27020263671875,71.54000091552734,127.86499786376953,148.2449951171875,202496,34776,29220,22339,345134,18046,263860,68968,431634,15161,116442,18217,46750,63580,2167,111191,31980,10193,12669,7968,95501,41584,157847,8554,134447,74657,24701,27660,89735,21589,86150,80881,13640,53895,136615,6173,56001,51670,210478,6013,105117,25020,26131,4728,35641,1311998,18705,8048,39465,28269,97663,94343,14472,16998,17399,8721,37085,45130,114182,11896,38023,26078,198125,141460,243838,180642,1419833,187285,19042,31620,21839,438758,45916,9325,9541,22778,140978,152419,4830,19454,43047,110429,17276,11812,38397,20601,20883,24635,9753.0,1199125,40984,53555,58881,28822,20755,7387,99738,18109,129558,45241
2026-04-27 17:35:00+00:00,266.8900146484375,198.47000122070312,240.3699951171875,401.2149963378906,335.2799987792969,342.75,261.9700012207031,38.224998474121094,415.875,315.6050109863281,52.5099983215332,150.83999633789062,179.1649932861328,68.56999969482422,1057.239990234375,60.69499969482422,128.58999633789062,325.8900146484375,280.68499755859375,283.5,33.974998474121094,193.77000427246094,120.69000244140625,1005.5900268554688,182.25999450683594,87.80000305175781,33.60499954223633,78.04499816894531,183.9199981689453,117.58000183105469,180.7449951171875,48.084999084472656,133.39999389648438,58.69499969482422,12.449899673461914,197.3300018310547,128.0050048828125,77.47000122070312,352.5400085449219,933.739990234375,40.4900016784668,334.1050109863281,330.4750061035156,219.63999938964844,228.2899932861328,83.31500244140625,391.6700134277344,474.260009765625,225.46499633789062,310.8599853515625,30.915000915527344,76.08499908447266,879.469970703125,242.7100067138672,506.260009765625,360.7300109863281,293.54998779296875,82.9000015258789,679.89501953125,228.98500061035156,111.2249984741211,189.40499877929688,425.5299987792969,44.9900016784668,20.684999465942383,91.33000183105469,214.3300018310547,173.1699981689453,93.19000244140625,57.310001373291016,154.72999572753906,26.885000228881836,148.3699951171875,203.05499267578125,221.47999572753906,164.66000366210938,49.845001220703125,149.13999938964844,745.969970703125,98.30000305175781,90.2300033569336,55.470001220703125,435.4800109863281,327.82000732421875,51.21500015258789,129.67999267578125,158.24000549316406,467.5799865722656,241.8699951171875,378.9599914550781,269.1549987792969,351.0,55.900001525878906,309.42498779296875,239.14500427246094,427.8900146484375,80.19499969482422,71.55999755859375,127.9000015258789,148.25,170036,34759,37962,20525,199116,41369,397956,16170,97388,20724,120626,18883,32263,62129,2682,120636,22275,6703,12726,5845,92747,39638,164163,5533,73747,53749,45531,37844,129749,13644,95532,101795,16627,51728,234955,11116,62499,31851,222355,6933,46290,12922,26202,6429,39784,830443,14747,7360,44431,28751,115887,85955,27041,18000,6509,13945,26270,45166,78360,5752,38029,33415,195949,102990,22927,298077,1817559,197056,25892,44776,13620,201508,52008,11232,8002,8925,36559,138775,3294,24191,69048,108002,20842,13559,40864,14515,17684,7382,3490.0,820737,57207,68530,32834,25118,8162,5942,114058,45129,60208,67246
2026-04-27 17:40:00+00:00,266.8599853515625,198.25999450683594,240.47999572753906,401.42999267578125,335.6199951171875,342.6499938964844,262.090087890625,38.185001373291016,416.0299987792969,315.56500244140625,52.51499938964844,150.73500061035156,179.22000122070312,68.52999877929688,1055.64501953125,60.560001373291016,128.64999389648438,325.81500244140625,280.70111083984375,283.42999267578125,33.93009948730469,193.89999389648438,120.54499816894531,1005.6799926757812,182.35000610351562,87.88999938964844,33.564998626708984,78.04499816894531,183.8000030517578,117.76000213623047,180.51499938964844,48.02000045776367,133.27000427246094,58.58000183105469,12.4399995803833,196.8000030517578,127.94000244140625,77.43000030517578,352.9901123046875,933.530029296875,40.459999084472656,333.9100036621094,330.7200012207031,219.61000061035156,228.375,83.70500183105469,391.69500732421875,473.489990234375,225.53199768066406,310.9949951171875,30.8799991607666,76.06500244140625,877.760009765625,242.65499877929688,506.1000061035156,360.6099853515625,293.55499267578125,82.95169830322266,680.469970703125,229.00999450683594,111.12999725341797,189.39500427246094,425.739990234375,44.94499969482422,20.684999465942383,91.21610260009766,214.31500244140625,173.14999389648438,93.16000366210938,57.27989959716797,154.7050018310547,26.8799991607666,148.36000061035156,203.19000244140625,221.3699951171875,164.6750030517578,49.834999084472656,149.25999450683594,745.5599975585938,98.37999725341797,90.25,55.474998474121094,435.45001220703125,327.8999938964844,51.22999954223633,129.60000610351562,158.19000244140625,466.6300048828125,241.81500244140625,378.5350036621094,269.135009765625,351.2349853515625,55.900001525878906,309.25830078125,239.04200744628906,427.55010986328125,80.19999694824219,71.55000305175781,127.91500091552734,148.1999969482422,144464,25911,21562,25297,189931,20074,260963,22297,70519,13307,75791,16888,30528,49598,1649,104343,31066,32301,14038,4549,63712,48422,252935,6272,75915,93034,20709,26060,88529,27471,32984,85670,10115,27299,208139,61494,49424,104642,189704,5742,44238,12877,15014,5380,63143,1109708,11204,10000,44814,19288,60122,50532,18322,21154,13445,9781,16608,72000,78042,4344,28060,31709,144934,77919,27958,475012,1055998,159086,36191,62933,19403,78949,50922,20786,2992,8058,41784,126727,785,47074,43289,83094,16334,23768,39938,18963,17138,18874,2617.0,815987,55898,36971,33162,30890,30633,3283,64065,44689,46871,39965
2026-04-27 17:45:00+00:00,266.5000915527344,198.07000732421875,240.4199981689453,401.7749938964844,336.7149963378906,342.3299865722656,262.0199890136719,38.15999984741211,417.17999267578125,315.3999938964844,52.4900016784668,150.7100067138672,178.9600067138672,68.52010345458984,1055.6800537109375,60.51499938964844,128.52999877929688,325.70001220703125,280.3399963378906,283.2349853515625,33.900001525878906,193.63999938964844,120.36000061035156,1005.364990234375,182.09500122070312,87.7249984741211,33.564998626708984,78.08999633789062,183.7100067138672,117.7699966430664,180.4499969482422,48.029998779296875,133.1300048828125,58.61000061035156,12.444999694824219,196.52000427246094,127.86000061035156,77.38500213623047,352.8450012207031,933.0900268554688,40.44499969482422,333.80999755859375,329.8949890136719,219.52000427246094,228.40499877929688,83.69999694824219,391.5150146484375,473.29998779296875,225.60000610351562,310.739990234375,30.860000610351562,76.06500244140625,877.988525390625,242.72000122070312,505.7900085449219,359.3299865722656,293.44000244140625,82.92500305175781,679.5700073242188,229.0,111.13999938964844,189.25,425.6700134277344,44.9900016784668,20.700000762939453,91.23999786376953,215.04010009765625,173.11000061035156,93.13999938964844,57.2400016784668,154.7100067138672,26.864999771118164,148.27000427246094,203.10000610351562,221.27999877929688,164.52999877929688,49.81999969482422,149.22999572753906,745.719970703125,98.30999755859375,90.30999755859375,55.44499969482422,435.37750244140625,327.5899963378906,51.17499923706055,129.69000244140625,158.22999572753906,466.9100036621094,241.52999877929688,378.0,269.1499938964844,350.94000244140625,55.86000061035156,309.0450134277344,239.1374969482422,427.9375,80.11000061035156,71.5999984741211,127.93499755859375,148.05999755859375,259750,51847,86245,20648,327241,6359,189290,36951,126194,22262,148080,9472,25688,49831,1634,127326,22599,9356,4672,9133,85316,23103,121746,4881,73524,76166,42502,36519,108008,8061,26043,130848,8820,34925,213960,6155,34246,26482,159248,5116,41948,12907,29093,5603,41818,1105613,10455,7210,37506,28845,121496,65547,14752,16002,8103,35002,19175,26872,87502,5924,25411,32353,168050,84068,39865,207321,4113859,104516,17531,22135,12935,172386,49543,7730,4805,9289,31089,206683,6517,47508,32197,64122,15644,25111,33718,17155,21940,12088,7808.0,733988,59408,27361,43549,45502,12820,9276,84786,100988,70576,50590
2026-04-27 17:50:00+00:00,266.4100036621094,198.05499267578125,240.36000061035156,401.31500244140625,335.7250061035156,342.2250061035156,262.0526123046875,38.1349983215332,416.6099853515625,315.3999938964844,52.47999954223633,150.72500610351562,179.17999267578125,68.6050033569336,1055.300048828125,60.53499984741211,128.4810028076172,325.4549865722656,280.16009521484375,283.4100036621094,33.8849983215332,193.3800048828125,120.25,1006.6500244140625,182.0500030517578,87.75,33.55500030517578,78.0250015258789,183.75,117.80000305175781,180.4149932861328,48.005001068115234,133.05999755859375,58.58000183105469,12.444999694824219,196.36500549316406,127.74500274658203,77.4000015258789,352.95001220703125,932.6950073242188,40.435001373291016,333.93499755859375,330.57000732421875,219.6425018310547,228.33999633789062,83.53500366210938,391.2799987792969,473.19500732421875,225.58999633789062,310.8500061035156,30.834999084472656,76.05000305175781,877.635009765625,242.9600067138672,505.7250061035156,359.3800048828125,293.3399963378906,82.8949966430664,679.155029296875,228.82000732421875,111.1449966430664,189.22500610351562,425.7099914550781,45.0099983215332,20.71500015258789,91.22000122070312,215.00999450683594,172.86000061035156,93.29000091552734,57.209999084472656,154.8300018310547,26.8700008392334,148.41000366210938,203.01499938964844,221.23500061035156,164.56500244140625,49.81999969482422,149.21499633789062,745.0,98.30999755859375,90.36000061035156,55.44499969482422,435.8399963378906,327.5450134277344,51.160099029541016,129.58999633789062,158.1999969482422,466.7349853515625,241.42999267578125,378.9150085449219,268.9200134277344,351.5199890136719,55.86000061035156,309.1050109863281,238.89999389648438,427.9200134277344,80.13500213623047,71.54000091552734,127.98999786376953,148.0500030517578,179636,27767,14482,20991,271522,9897,200625,23943,90078,7450,102297,17424,31568,72753,2751,74988,25039,14052,3230,7584,79611,20220,135959,10053,60960,337689,23782,10473,82135,16095,20518,94900,9452,31944,125179,6186,44250,32695,111731,6382,64504,12825,21711,5596,28609,777878,13355,10554,20116,27341,66473,70771,10942,13920,15978,23310,24069,29029,78572,5854,25137,18021,135254,73790,62312,137401,2092191,206458,23658,20371,18113,81959,40267,10416,4364,14223,34276,182481,2852,37050,41699,77713,11189,14928,37495,15084,14093,11418,13739.0,578532,50925,58895,27719,46831,12174,3455,77179,22117,49497,39627
2026-04-27 17:55:00+00:00,266.4800109863281,198.0,240.36500549316406,401.9700012207031,335.0899963378906,341.7349853515625,262.1050109863281,38.125,416.6449890136719,315.5599060058594,52.51499938964844,150.77999877929688,179.22999572753906,68.71499633789062,1055.25,60.44499969482422,128.485107421875,325.5249938964844,280.1099853515625,283.375,33.92509841918945,193.57000732421875,120.25,1006.3300170898438,182.02999877929688,87.83000183105469,33.54499816894531,77.91000366210938,183.69000244140625,117.6500015258789,180.3000030517578,47.999298095703125,132.9949951171875,58.61000061035156,12.449999809265137,196.32000732421875,127.80000305175781,77.44999694824219,353.1050109863281,933.2999877929688,40.46989822387695,333.864990234375,330.79998779296875,219.6999969482422,228.53509521484375,83.3395004272461,391.2101135253906,472.7300109863281,225.55999755859375,310.9599914550781,30.854999542236328,76.00499725341797,878.4550170898438,242.84500122070312,505.9606018066406,359.41009521484375,292.9599914550781,82.95500183105469,679.2750244140625,228.32000732421875,111.1050033569336,189.27999877929688,425.7101135253906,44.95500183105469,20.7450008392334,91.20999908447266,215.13499450683594,172.82000732421875,93.23999786376953,57.19499969482422,154.66000366210938,26.8700008392334,148.30999755859375,202.97500610351562,221.33999633789062,164.30499267578125,49.78499984741211,149.44000244140625,744.989990234375,98.2300033569336,90.44499969482422,55.505001068115234,436.2049865722656,327.6199951171875,51.179901123046875,129.47000122070312,158.35000610351562,466.9049987792969,241.39999389648438,379.5299987792969,268.6400146484375,351.5,55.92499923706055,309.1199951171875,238.66000366210938,428.1600036621094,80.17510223388672,71.56999969482422,127.92500305175781,148.0399932861328,120222,30483,33475,24239,225927,14065,208563,21521,265120,18716,245702,13575,31719,55336,2318,96120,22889,8236,6753,7853,120253,31177,115599,4178,44881,173634,26183,43316,77408,11620,88601,192816,11571,45921,153762,6922,37024,31278,135931,5195,47257,12438,21545,4059,34368,773951,10469,10991,26767,23454,116411,85071,14774,15108,11151,25574,49184,28081,58992,15046,32796,17050,182095,76391,156089,215655,1401299,105132,20733,24708,18896,168361,60265,9281,4704,29404,62876,209366,3439,22771,38080,113495,13069,10196,67295,53113,28686,8540,1708.0,723720,60054,40837,74497,28843,8902,5881,92319,19262,56052,54246
2026-04-27 18:00:00+00:00,266.260009765625,197.77000427246094,240.4425048828125,402.3900146484375,335.07958984375,342.5849914550781,261.7449951171875,38.209999084472656,416.3999938964844,315.07000732421875,52.45500183105469,150.8800048828125,178.97000122070312,68.79499816894531,1053.530029296875,60.3849983215332,128.38999938964844,325.6600036621094,280.7799987792969,283.42999267578125,33.910099029541016,193.22999572753906,121.04000091552734,1006.1699829101562,181.77000427246094,87.84500122070312,33.619998931884766,78.06999969482422,184.48500061035156,117.48750305175781,180.22999572753906,48.099998474121094,133.3800048828125,58.689998626708984,12.449999809265137,196.47999572753906,127.94999694824219,77.44999694824219,352.9150085449219,932.5,40.525001525878906,333.6099853515625,330.69000244140625,220.5,228.49000549316406,83.16000366210938,391.2699890136719,472.8599853515625,225.6999969482422,310.80999755859375,30.975000381469727,76.03500366210938,878.510009765625,242.86000061035156,505.7799987792969,359.79998779296875,292.70001220703125,83.01499938964844,678.635009765625,228.92999267578125,110.87999725341797,189.17999267578125,425.7699890136719,44.939998626708984,20.760000228881836,91.26000213623047,215.42010498046875,172.9600067138672,93.2300033569336,57.369998931884766,154.67999267578125,26.854999542236328,148.3800048828125,203.1199951171875,221.38999938964844,164.5500030517578,49.7400016784668,149.281005859375,746.6400146484375,98.20999908447266,90.47000122070312,55.564998626708984,435.8699951171875,327.6600036621094,51.19499969482422,129.27499389648438,158.47500610351562,466.573486328125,242.15499877929688,380.1400146484375,268.20001220703125,351.4549865722656,55.93000030517578,309.1700134277344,239.22999572753906,428.739990234375,80.11499786376953,71.74040222167969,127.87000274658203,148.4600067138672,246819,61619,39234,16545,197275,22932,264245,18485,314268,17279,104206,19703,72294,90118,2343,240358,22188,12086,22856,7047,103815,30203,118916,5401,75773,82453,21616,41843,101213,24341,35292,102458,16690,35370,192475,10949,37654,37606,126801,6673,65471,9773,13464,13922,30653,843566,13293,9730,39126,35649,155066,119841,10586,19455,11464,10823,41382,30322,70358,8944,209560,25817,183809,71806,37535,146351,1850806,105620,26704,89960,17531,207775,35326,12330,9215,30274,34838,169164,3984,43364,44427,93593,10139,17255,62371,46727,15761,10126,9448.0,1128795,102717,43555,40590,42421,13086,7921,79351,34499,51224,69919
2026-04-27 18:05:00+00:00,266.4200134277344,197.6999969482422,240.7100067138672,402.6700134277344,335.43499755859375,342.239990234375,261.80999755859375,38.220001220703125,416.75,314.7550048828125,52.435001373291016,150.77000427246094,178.89999389648438,68.625,1053.699951171875,60.375,128.23500061035156,325.4599914550781,281.0,283.2900085449219,33.8650016784668,192.9199981689453,121.18000030517578,1006.4500122070312,181.875,87.80500030517578,33.630001068115234,78.11000061035156,184.65499877929688,117.66000366210938,180.23500061035156,48.1150016784668,133.44000244140625,58.78499984741211,12.444999694824219,196.50999450683594,128.03500366210938,77.38999938964844,353.0350036621094,932.3599853515625,40.415000915527344,333.3599853515625,330.635009765625,220.7899932861328,228.65499877929688,83.5198974609375,391.1549987792969,472.25,225.64500427246094,310.6448974609375,30.924999237060547,75.9749984741211,878.0399780273438,242.61000061035156,505.6600036621094,359.43499755859375,292.1969909667969,82.95500183105469,679.22998046875,228.92999267578125,110.91000366210938,189.10989379882812,426.2449951171875,44.89500045776367,20.704999923706055,91.5199966430664,215.50999450683594,173.3896026611328,93.0999984741211,57.36000061035156,154.57000732421875,26.844192504882812,148.27000427246094,202.90499877929688,221.21009826660156,164.60499572753906,49.73500061035156,149.6199951171875,746.0650024414062,98.05000305175781,90.5,55.400001525878906,435.7799987792969,327.5799865722656,51.165000915527344,129.30999755859375,158.35000610351562,466.3399963378906,241.88999938964844,378.9549865722656,267.92498779296875,351.6164245605469,55.8849983215332,308.9700012207031,239.26499938964844,428.7099914550781,80.10189819335938,71.66000366210938,127.9000015258789,148.47999572753906,179927,39597,23030,24438,138499,13038,304948,14233,60765,11202,152828,12807,29091,94759,4370,140432,22615,10349,8463,5392,162165,24145,75894,16136,59598,135516,23120,25352,79514,10039,64916,47921,10552,34563,176497,7575,43713,52333,121694,7146,69245,13794,15338,10176,46843,845378,18734,6722,25876,26967,59916,86639,13369,22672,11451,13811,89620,29776,82218,8287,34205,27272,326752,104676,25023,199618,2220541,190332,47143,106979,16074,131062,53415,8220,4682,10208,36648,170163,2146,22466,60659,86082,13204,10140,33652,33746,24041,13915,8821.0,689161,65602,42868,27737,36215,9669,3745,54925,58218,60759,54025
2026-04-27 18:10:00+00:00,266.53009033203125,197.71499633789062,241.1649932861328,401.5,335.20001220703125,342.0150146484375,261.79998779296875,38.22999954223633,416.20001220703125,315.0899963378906,52.470001220703125,150.8800048828125,179.19000244140625,68.76499938964844,1055.25,60.369998931884766,128.30999755859375,325.70001220703125,281.2049865722656,283.7701110839844,33.85499954223633,193.02000427246094,121.38500213623047,1006.969970703125,182.13999938964844,87.83499908447266,33.650001525878906,78.19000244140625,184.9499969482422,117.76000213623047,180.4600067138672,48.1349983215332,133.5500030517578,58.845001220703125,12.444999694824219,196.6750030517578,127.94499969482422,77.25499725341797,352.92498779296875,933.14501953125,40.439998626708984,333.6449890136719,330.2699890136719,221.07000732421875,228.77999877929688,83.51499938964844,391.9100036621094,472.385009765625,225.61000061035156,310.79998779296875,30.934999465942383,75.98999786376953,877.9000244140625,242.9199981689453,506.2799987792969,359.6099853515625,292.3349914550781,83.0250015258789,679.3499755859375,229.1999969482422,110.93499755859375,189.22999572753906,426.5400085449219,44.95500183105469,20.71500015258789,91.83999633789062,215.2899932861328,173.35000610351562,93.08499908447266,57.349998474121094,154.59500122070312,26.864999771118164,148.21499633789062,203.25,221.41000366210938,164.64999389648438,49.80500030517578,149.66000366210938,745.6300048828125,98.0250015258789,90.61499786376953,55.439998626708984,436.5899963378906,328.19500732421875,51.220001220703125,129.3800048828125,158.40499877929688,466.7099914550781,241.80999755859375,379.1700134277344,267.9525146484375,352.125,55.91999816894531,309.4100036621094,239.38999938964844,428.70001220703125,80.1449966430664,71.66500091552734,127.94999694824219,148.61000061035156,204221,36452,26702,21659,168845,9226,377034,21522,90622,11391,83375,21749,29481,54164,3406,118025,23912,10876,21237,8239,94759,29817,81699,6209,67781,107074,20642,24941,57516,11847,20513,33564,13357,37935,222928,6899,47094,45868,180635,5896,52549,19535,24473,11478,58740,941888,15206,9023,28312,24202,82217,100876,15447,22030,15820,9261,42544,42236,52813,10322,45567,16348,176214,60213,31101,190939,1500930,152015,25364,27542,14807,94369,55704,16679,5607,15309,61411,238383,1639,50353,46898,100308,11148,10889,40660,23421,21134,8426,1760.0,513467,83646,47766,38243,27754,10548,7039,73519,31100,64433,47439
2026-04-27 18:15:00+00:00,266.2900085449219,197.60499572753906,241.08999633789062,401.55499267578125,335.80499267578125,341.80999755859375,261.69000244140625,38.2599983215332,416.0199890136719,315.19500732421875,52.45000076293945,150.65499877929688,179.19000244140625,68.69000244140625,1056.4901123046875,60.33000183105469,128.3300018310547,325.6700134277344,281.1300048828125,283.9100036621094,33.845001220703125,193.05499267578125,121.55000305175781,1006.9299926757812,181.94000244140625,87.90499877929688,33.67599868774414,78.18499755859375,185.17919921875,117.61000061035156,180.5,48.185001373291016,133.63999938964844,58.8650016784668,12.444999694824219,196.68499755859375,127.96479797363281,77.19999694824219,352.875,933.5549926757812,40.442501068115234,333.5899963378906,330.510009765625,221.1300048828125,228.58999633789062,83.51000213623047,391.8699951171875,472.1300048828125,225.72999572753906,310.92999267578125,30.895000457763672,76.0,877.5599975585938,242.91000366210938,506.2850036621094,359.55999755859375,292.1300048828125,83.0,678.8300170898438,229.4550018310547,111.00499725341797,189.34500122070312,425.9649963378906,44.935001373291016,20.704999923706055,91.61000061035156,216.2050018310547,173.32000732421875,93.0199966430664,57.380001068115234,154.43499755859375,26.860000610351562,148.16000366210938,203.27000427246094,221.3699951171875,164.84500122070312,49.82500076293945,149.63999938964844,746.1599731445312,97.95999908447266,90.6500015258789,55.5,436.7149963378906,328.30999755859375,51.20000076293945,129.13999938964844,158.375,467.06500244140625,241.9949951171875,380.1000061035156,267.69000244140625,352.20001220703125,55.935001373291016,309.3999938964844,239.68499755859375,429.0,80.1449966430664,71.6500015258789,127.83999633789062,148.6199951171875,236582,27700,30064,15666,198321,9548,210048,15942,55987,17663,169604,12864,29303,67877,3919,101251,18229,8807,5517,9362,88420,29340,47461,5911,54819,104763,22284,30843,81884,8510,30662,54564,10593,27257,146526,3355,55019,60791,131369,5038,48902,13151,15436,10312,27649,635414,11052,7977,31214,28650,67845,52480,14290,10886,12751,10254,36649,24588,46469,13556,26626,23667,206996,56898,31375,253364,2499516,142621,25025,18009,21061,142501,33488,15840,3451,12876,154739,150141,2972,35338,46832,86127,10351,12433,35818,63096,19476,8992,12084.0,589000,63434,56541,30669,25474,10995,3101,60368,26137,67631,73029
2026-04-27 18:20:00+00:00,266.114990234375,197.55499267578125,241.0399932861328,402.25,336.4200134277344,341.3349914550781,261.4700012207031,38.2599983215332,416.0950012207031,315.2749938964844,52.45500183105469,150.69500732421875,179.14999389648438,68.6500015258789,1055.5,60.41999816894531,128.3699951171875,326.44500732421875,281.32501220703125,283.7300109863281,33.755001068115234,193.125,121.52999877929688,1005.5999755859375,181.92999267578125,87.80500030517578,33.69499969482422,78.19999694824219,185.3800048828125,117.75499725341797,180.4600067138672,48.20500183105469,133.55999755859375,58.845001220703125,12.449899673461914,196.6199951171875,127.9000015258789,77.22000122070312,352.625,933.780029296875,40.43000030517578,333.54998779296875,330.760009765625,221.23500061035156,228.32000732421875,83.68009948730469,391.6300048828125,471.7300109863281,225.6300048828125,310.8699951171875,30.90999984741211,75.94499969482422,876.97998046875,242.75,506.4100036621094,359.6300048828125,292.2300109863281,82.99500274658203,679.2150268554688,229.4499969482422,110.93499755859375,189.3000030517578,426.2099914550781,44.935001373291016,20.69499969482422,91.69999694824219,216.07000732421875,173.2100067138672,92.89089965820312,57.41999816894531,154.3699951171875,26.859899520874023,148.2050018310547,203.33999633789062,221.4600067138672,165.0500030517578,49.89500045776367,149.63499450683594,745.25,97.92500305175781,90.66000366210938,55.505001068115234,436.62701416015625,328.489990234375,51.21630096435547,128.9600067138672,158.27999877929688,467.1600036621094,241.97999572753906,380.0177001953125,268.7049865722656,352.3599853515625,55.94499969482422,309.3399963378906,239.72000122070312,428.5,80.16999816894531,71.67500305175781,127.7699966430664,148.6699981689453,262199,56443,25134,30033,285201,12561,281336,20190,72120,11260,92627,9848,29768,60739,1984,181842,14715,13413,18555,7878,94234,26342,83174,18349,52111,85955,26053,25912,72679,8930,15416,46893,18898,65447,226099,8248,28767,56743,146959,4068,223695,11441,10594,8730,51565,983319,9720,9887,29252,22454,107871,45231,14333,24129,12210,8965,33684,27669,62425,10810,51132,15026,145689,66571,32503,182875,2336588,128064,23456,29631,13560,195831,42094,12346,7477,15755,69089,116915,3470,27080,49062,117719,14729,18012,36753,17191,15389,8140,2567.0,495794,71713,59859,23557,33481,16604,4018,68091,38135,97502,57644
2026-04-27 18:25:00+00:00,266.34991455078125,197.42999267578125,241.22500610351562,401.7900085449219,336.07000732421875,341.3900146484375,261.7300109863281,38.255001068115234,415.9259948730469,315.29998779296875,52.474998474121094,150.74000549316406,179.22999572753906,68.61000061035156,1054.375,60.41999816894531,128.375,326.5249938964844,281.3599853515625,283.5,33.779998779296875,193.1300048828125,121.49500274658203,1006.8300170898438,181.89999389648438,87.81500244140625,33.67499923706055,78.26000213623047,185.3350067138672,117.87000274658203,180.5399932861328,48.185001373291016,133.50369262695312,58.89399337768555,12.454999923706055,196.5500030517578,128.00999450683594,77.19499969482422,352.67498779296875,933.3099975585938,40.4359016418457,333.5,330.885009765625,221.44000244140625,228.42999267578125,83.66500091552734,391.7049865722656,471.8900146484375,225.7899932861328,310.7900085449219,30.875,75.9749984741211,877.1199951171875,242.7550048828125,506.2250061035156,359.3349914550781,292.5150146484375,82.99500274658203,678.9099731445312,229.30999755859375,110.95899963378906,189.3000030517578,426.6400146484375,45.005001068115234,20.700000762939453,91.64250183105469,215.6999969482422,173.1699981689453,92.93499755859375,57.3849983215332,154.46499633789062,26.864999771118164,148.3800048828125,203.30999755859375,221.4199981689453,164.77000427246094,49.845001220703125,149.8300018310547,744.8049926757812,97.95500183105469,90.6449966430664,55.494998931884766,436.82000732421875,328.5050048828125,51.19089889526367,129.10000610351562,158.19000244140625,467.1875,242.02999877929688,378.7699890136719,268.8500061035156,352.3900146484375,55.94499969482422,309.3599853515625,239.5,428.20001220703125,80.15499877929688,71.63999938964844,127.87999725341797,148.6699981689453,352316,50788,26811,26601,373575,9071,222567,15020,92522,14138,254017,15972,29569,54697,4245,101046,24388,9517,13154,13206,81320,45024,39976,7153,52257,81165,33881,31204,66070,10272,29706,55967,10441,60089,163137,8764,45275,104890,216294,7819,46001,14736,21660,32273,47498,560936,14733,64219,41627,53010,136076,62730,17763,17854,22120,17480,28382,57463,44431,6082,50808,18734,127367,100212,29562,170657,2100800,150042,24710,36585,23158,129705,53767,14329,10780,8963,56261,170185,4062,30855,99671,119417,13793,11883,55024,20903,25307,9009,8156.0,562033,53136,53779,27687,29125,7349,7511,76465,43110,55963,57825
2026-04-27 18:30:00+00:00,266.2900085449219,197.5,240.92999267578125,401.78851318359375,336.8399963378906,341.1700134277344,261.8399963378906,38.290000915527344,415.95001220703125,315.5199890136719,52.505001068115234,150.80999755859375,179.0749969482422,68.66999816894531,1055.469970703125,60.415000915527344,128.4600067138672,326.1400146484375,281.3500061035156,283.3500061035156,33.814998626708984,193.2899932861328,121.62000274658203,1005.4400024414062,181.89500427246094,87.80500030517578,33.685001373291016,78.27999877929688,185.47999572753906,117.88999938964844,180.46499633789062,48.19499969482422,133.54010009765625,58.89609909057617,12.460000038146973,196.52999877929688,127.97000122070312,77.13999938964844,352.57000732421875,934.2000122070312,40.41999816894531,333.49749755859375,331.04998779296875,221.41000366210938,228.33250427246094,83.4760971069336,391.4599914550781,471.9200134277344,225.50999450683594,310.8999938964844,30.899999618530273,75.9749984741211,877.7750244140625,242.86500549316406,506.5199890136719,359.19000244140625,292.4750061035156,83.0199966430664,679.3800048828125,228.74000549316406,110.91999816894531,189.4499969482422,426.3599853515625,45.03499984741211,20.719999313354492,91.66999816894531,216.0500030517578,173.2050018310547,92.88999938964844,57.42499923706055,154.44000244140625,26.854999542236328,148.35000610351562,203.24000549316406,221.57000732421875,164.80990600585938,49.849998474121094,149.58999633789062,744.3900146484375,97.9800033569336,90.63919830322266,55.505001068115234,436.864990234375,328.9549865722656,51.20500183105469,128.97999572753906,158.35000610351562,467.0249938964844,242.0500030517578,377.9549865722656,268.57000732421875,352.1400146484375,55.96500015258789,309.3299865722656,239.4600067138672,428.19500732421875,80.16999816894531,71.66999816894531,127.70999908447266,148.6999969482422,281044,47433,22968,20497,277271,13783,426267,23942,84990,12801,99704,15759,31585,71036,2269,149121,23579,9928,7585,10539,58391,25556,39886,10908,71094,101129,19065,21618,52855,9836,26792,36606,10466,30135,83100,6674,55896,37633,131454,7396,83596,18980,19071,9552,30255,723256,17232,10565,48914,25578,123838,63600,25257,22152,15510,26342,20496,52290,75814,11365,36368,20763,164547,153892,45836,163095,2238193,141793,24252,41306,18792,120810,43073,11666,8743,10147,36526,135518,9521,26412,54901,113963,9616,23952,47712,24831,19599,9224,15327.0,564037,49234,47991,37644,35726,8481,3912,120962,69887,82130,49997
2026-04-27 18:35:00+00:00,266.3700866699219,197.64500427246094,240.8350067138672,401.8550109863281,336.9599914550781,341.5,261.939697265625,38.334999084472656,415.95001220703125,315.65301513671875,52.529998779296875,150.84500122070312,179.02000427246094,68.79000091552734,1055.93994140625,60.525001525878906,128.52999877929688,326.3699951171875,281.6499938964844,283.2449951171875,33.82500076293945,193.3000030517578,121.76000213623047,1003.7100219726562,181.80999755859375,87.84480285644531,33.76499938964844,78.30999755859375,185.57000732421875,117.76000213623047,180.5800018310547,48.314998626708984,133.72999572753906,58.900001525878906,12.475000381469727,196.8867950439453,127.94000244140625,77.1500015258789,352.32000732421875,934.9400024414062,40.46500015258789,333.7300109863281,330.6099853515625,221.5500030517578,227.77499389648438,83.51000213623047,390.92498779296875,471.4800109863281,225.66000366210938,310.8999938964844,30.885000228881836,76.0199966430664,877.47998046875,242.9499969482422,506.31500244140625,358.6000061035156,292.3999938964844,83.11499786376953,678.9600219726562,228.99000549316406,110.88500213623047,189.55999755859375,426.54998779296875,45.095001220703125,20.75,91.61499786376953,215.4550018310547,173.09500122070312,92.91999816894531,57.54499816894531,154.49000549316406,26.8700008392334,148.5500030517578,203.16000366210938,221.64999389648438,165.02999877929688,49.86000061035156,150.02999877929688,744.875,98.06500244140625,90.67500305175781,55.560001373291016,437.17999267578125,329.2200012207031,51.22999954223633,129.11000061035156,158.30499267578125,467.7950134277344,242.30499267578125,378.1700134277344,269.2300109863281,352.8500061035156,55.994998931884766,309.135009765625,239.51499938964844,428.04998779296875,80.15499877929688,71.75,127.5999984741211,148.8699951171875,212650,63793,37833,25406,385310,13762,318763,69671,103222,18482,103451,18085,32329,104708,4343,148451,52588,7271,8659,14915,66691,29984,82075,20797,72484,62535,39266,34468,57780,10260,33327,69880,15369,45549,317817,9813,59249,84267,207730,12090,198298,24846,29248,7969,65492,553471,14119,15755,46886,24995,124006,82819,20216,25317,15169,18604,32591,91788,62249,9226,48977,25268,206159,98327,49381,168167,1843129,76434,19406,63797,21189,196729,67747,10519,7697,17185,33447,139154,4150,34507,52245,200417,16352,34407,31366,16131,39509,34989,2977.0,592031,78489,64111,58834,91579,11849,8362,77903,43598,75249,74946
2026-04-27 18:40:00+00:00,266.17999267578125,197.77499389648438,240.77000427246094,401.3999938964844,337.1199951171875,341.43499755859375,261.6000061035156,38.310001373291016,415.55999755859375,315.7799987792969,52.5,150.75,178.89999389648438,68.7300033569336,1055.219970703125,60.38999938964844,128.5,326.1600036621094,281.8900146484375,283.4800109863281,33.849998474121094,193.3800048828125,121.69000244140625,1003.5999755859375,181.71499633789062,87.78500366210938,33.814998626708984,78.22000122070312,185.58999633789062,117.66000366210938,180.51499938964844,48.3849983215332,133.75,58.88840103149414,12.475000381469727,196.6300048828125,128.02499389648438,77.2300033569336,352.3349914550781,934.3200073242188,40.459999084472656,333.6499938964844,330.9750061035156,221.67999267578125,227.61000061035156,83.5999984741211,390.7099914550781,471.3949890136719,225.52999877929688,310.8800048828125,30.87579917907715,75.98500061035156,876.8400268554688,242.89999389648438,506.25,358.95001220703125,292.3399963378906,83.08149719238281,679.5449829101562,229.3000030517578,110.83000183105469,189.4550018310547,426.739990234375,45.089599609375,20.739999771118164,91.61509704589844,215.47999572753906,173.11500549316406,92.87999725341797,57.55500030517578,154.4199981689453,26.850000381469727,148.47999572753906,203.17999267578125,221.47000122070312,165.0399932861328,49.82500076293945,149.7100067138672,744.60498046875,98.11000061035156,90.58000183105469,55.53499984741211,436.9700012207031,329.1600036621094,51.20500183105469,128.91000366210938,158.19000244140625,467.885009765625,242.33999633789062,378.3301086425781,269.1600036621094,352.8800048828125,56.005001068115234,308.8999938964844,239.85499572753906,428.4200134277344,80.15499877929688,71.69000244140625,127.58999633789062,148.80999755859375,194212,66827,35424,16678,266446,9714,276135,39095,92444,15526,176580,21643,27168,88466,2638,94079,54446,7821,6858,11203,82840,44543,87951,7664,59155,85417,57791,44832,50615,21737,27127,90134,11317,39348,355568,3786,63870,56325,152502,11250,239746,28192,46187,8865,73503,712695,14824,10790,26147,179206,384849,60748,13100,14784,18261,9464,28005,52171,93390,6260,75253,30338,294092,77828,42109,229256,1825877,102166,28965,48263,27408,110745,51164,19338,30495,10888,34268,148565,3072,33453,69816,155597,13818,29718,58102,21164,20867,11796,6991.0,441368,57025,74474,32445,40443,17197,7426,75557,43422,59528,68958
2026-04-27 18:45:00+00:00,266.1650085449219,197.6699981689453,240.76499938964844,401.57000732421875,337.2250061035156,341.8999938964844,261.44500732421875,38.42499923706055,415.43939208984375,316.2049865722656,52.599998474121094,150.75,179.02999877929688,68.8949966430664,1055.72998046875,60.41999816894531,128.69000244140625,326.239990234375,281.8399963378906,283.4949951171875,33.86000061035156,193.63999938964844,121.98999786376953,1003.97998046875,181.69000244140625,87.83999633789062,33.875,78.41510009765625,185.88999938964844,117.87000274658203,180.72276306152344,48.474998474121094,133.9199981689453,58.999900817871094,12.475099563598633,197.0041046142578,128.0850067138672,77.33000183105469,352.60009765625,935.4199829101562,40.42499923706055,333.74249267578125,331.7200012207031,221.75,227.54010009765625,83.24500274658203,390.7300109863281,471.3949890136719,225.22999572753906,311.1816101074219,30.895000457763672,76.0199966430664,877.760009765625,243.1699981689453,506.489990234375,359.4775085449219,292.55999755859375,83.11399841308594,679.4949951171875,229.5,110.91000366210938,189.72000122070312,425.80999755859375,45.11000061035156,20.7549991607666,91.58999633789062,215.15499877929688,173.1750030517578,92.80999755859375,57.599998474121094,154.5500030517578,26.875,148.58999633789062,203.38999938964844,221.72999572753906,165.08749389648438,49.845001220703125,149.5800018310547,744.885009765625,98.13999938964844,90.67500305175781,55.54499816894531,436.8150939941406,329.1499938964844,51.255001068115234,129.0500030517578,158.2899932861328,468.2049865722656,242.7550048828125,378.05999755859375,268.94000244140625,353.29998779296875,56.04999923706055,309.018310546875,239.8800048828125,428.94500732421875,80.31500244140625,71.73999786376953,127.61000061035156,149.0,141106,48175,36177,17489,322503,11045,355122,21056,106685,11014,143382,29256,42932,78541,1828,199431,26927,8898,18506,11280,75502,33889,142184,6209,64130,61630,75017,56819,61339,9580,21447,132753,23851,40903,800269,6594,71351,32513,137668,9819,141053,16522,15522,6825,78311,830062,14578,10185,42563,28022,91475,85381,12589,13108,15186,21758,20976,33789,54632,7226,47520,32824,213673,105319,47469,178556,1758904,118406,24083,42605,19325,181330,35267,10878,13037,12256,52249,130912,2580,31218,46536,126677,11109,14176,37349,26354,16006,8041,10314.0,609516,59877,38061,178876,28200,11054,5907,244758,79785,54475,80130
2026-04-27 18:50:00+00:00,266.4949951171875,197.73989868164062,240.25,401.54998779296875,336.0400085449219,341.8598937988281,261.44000244140625,38.51499938964844,415.0899963378906,316.5799865722656,52.625,150.6999969482422,178.56500244140625,68.99500274658203,1056.1700439453125,60.375,128.75999450683594,326.2900085449219,282.0299987792969,283.260009765625,33.85499954223633,193.74000549316406,122.0999984741211,1004.3400268554688,181.47999572753906,87.84500122070312,33.904998779296875,78.52069854736328,185.92999267578125,117.91999816894531,180.90499877929688,48.5099983215332,133.97000122070312,59.0099983215332,12.489999771118164,197.16000366210938,128.02000427246094,77.4000015258789,352.0098876953125,936.3250122070312,40.46500015258789,333.95001220703125,331.6400146484375,222.05999755859375,227.5500030517578,83.13999938964844,390.5899963378906,471.07000732421875,225.19000244140625,311.5,30.850000381469727,76.04000091552734,878.239990234375,243.2550048828125,506.81500244140625,359.7300109863281,292.70001220703125,83.12999725341797,677.739990234375,229.41000366210938,110.91000366210938,189.88710021972656,425.67498779296875,45.125,20.774999618530273,91.5,214.91000366210938,172.7899932861328,92.81999969482422,57.619998931884766,154.47000122070312,26.895000457763672,148.64999389648438,203.57000732421875,221.81500244140625,165.11500549316406,49.875,149.6999053955078,744.77001953125,98.24500274658203,90.71499633789062,55.66999816894531,436.6700134277344,329.3999938964844,51.255001068115234,129.17999267578125,158.5800018310547,468.2699890136719,242.64999389648438,377.8550109863281,268.95001220703125,353.17999267578125,56.080101013183594,309.3999938964844,239.89999389648438,428.7300109863281,80.30500030517578,71.7300033569336,127.74009704589844,149.1699981689453,170216,62628,24627,21075,360167,9063,250827,45367,120688,20201,155649,22266,48663,55462,1773,120346,31139,10475,12495,21398,67820,27345,52345,10376,93745,56983,98366,57423,50630,13402,47010,123445,11149,38334,233556,3551,58991,46682,132051,10318,209635,19008,45862,45368,50046,721501,13348,10122,61286,41414,98205,83286,17067,13391,15675,61402,31759,50878,82652,6390,52959,50577,186424,83478,46905,225120,1363482,140196,33703,38574,28491,187980,60549,19549,12693,11625,59381,107202,1057,42735,68860,177180,11720,13381,34209,26448,21164,13820,11685.0,390929,52248,85343,78143,46787,20513,3210,97769,42464,54597,71088
2026-04-27 18:55:00+00:00,266.4200134277344,197.77499389648438,240.13499450683594,401.6499938964844,337.20001220703125,340.95001220703125,261.4649963378906,38.459999084472656,415.69000244140625,316.43499755859375,52.625,150.3699951171875,178.36000061035156,68.83000183105469,1056.2049560546875,60.334999084472656,128.77999877929688,326.2300109863281,281.7491149902344,283.20001220703125,33.834999084472656,193.80433654785156,122.0,1003.1099853515625,181.33999633789062,87.8550033569336,33.845001220703125,78.48999786376953,185.8199005126953,117.80000305175781,180.74000549316406,48.42499923706055,133.8699951171875,58.59000015258789,12.494999885559082,197.05999755859375,127.875,77.4000015258789,352.1400146484375,936.3300170898438,40.435001373291016,333.57000732421875,331.5199890136719,222.09500122070312,227.52999877929688,83.26139831542969,390.114990234375,470.6300048828125,225.17999267578125,311.4403991699219,30.864999771118164,76.01499938964844,877.6649780273438,243.13499450683594,506.45001220703125,359.79998779296875,292.4200134277344,83.03500366210938,678.4099731445312,228.99000549316406,110.91000366210938,189.91000366210938,425.8949890136719,45.04499816894531,20.729999542236328,91.29000091552734,215.08999633789062,172.77000427246094,92.66000366210938,57.525001525878906,154.35499572753906,26.889999389648438,148.63499450683594,203.36000061035156,221.74000549316406,164.7100067138672,49.83000183105469,149.83999633789062,743.6599731445312,98.23999786376953,90.69000244140625,55.54499816894531,436.5050048828125,329.125,51.255001068115234,129.0800018310547,158.58999633789062,467.8550109863281,242.17999267578125,378.3500061035156,269.20001220703125,352.7200012207031,56.07500076293945,309.32501220703125,239.6699981689453,428.7799987792969,80.30500030517578,71.66999816894531,127.63999938964844,148.9949951171875,234209,38198,34290,22650,441000,16866,284290,47274,74165,15429,140738,46247,62834,92876,3197,170675,51731,8906,9205,10077,97294,31307,56288,9461,93892,80734,67515,49811,84005,12205,96382,117106,18118,100961,232493,10338,33003,36252,211000,8482,82307,24773,13229,14776,53090,795096,18293,15102,56853,30811,243345,112702,13341,21691,17539,15540,29344,60741,105363,7448,45272,30050,166502,113607,78632,296123,1713648,162299,31128,41645,48893,2397341,85220,20883,10266,17120,51932,159745,4390,35411,56113,133835,15792,22446,47844,21529,33173,23603,10521.0,435740,56963,49601,34315,58165,9697,7861,138928,66297,59092,79284
2026-04-27 19:00:00+00:00,266.3800048828125,197.60000610351562,239.6475067138672,402.3399963378906,336.92999267578125,340.9700012207031,261.375,38.52000045776367,415.7300109863281,316.69000244140625,52.665000915527344,150.52499389648438,177.94000244140625,68.6449966430664,1056.989990234375,60.26499938964844,128.91000366210938,326.2200012207031,281.7799987792969,282.94500732421875,33.80500030517578,194.02000427246094,121.9800033569336,1002.8800048828125,180.9499969482422,87.86499786376953,33.849998474121094,78.48999786376953,185.94000244140625,117.69999694824219,180.97999572753906,48.42499923706055,134.00999450683594,58.560001373291016,12.489999771118164,196.96499633789062,127.78500366210938,77.44000244140625,352.4700012207031,936.5349731445312,40.45000076293945,333.7449951171875,332.2099914550781,222.44000244140625,227.25999450683594,83.44000244140625,389.57000732421875,470.19500732421875,225.38499450683594,311.7149963378906,30.815000534057617,75.9749984741211,877.1400146484375,243.18499755859375,506.43499755859375,360.54998779296875,292.0799865722656,82.9800033569336,677.135009765625,228.94500732421875,110.94499969482422,189.89999389648438,425.05499267578125,45.095001220703125,20.7549991607666,91.13500213623047,215.6649932861328,172.6300048828125,92.6500015258789,57.53499984741211,154.2550048828125,26.875,148.61990356445312,203.10000610351562,222.05499267578125,164.7899932861328,49.834999084472656,150.1199951171875,744.1400146484375,98.30999755859375,90.7249984741211,55.54999923706055,436.65399169921875,328.8349914550781,51.404998779296875,129.125,158.60000610351562,467.8999938964844,242.05999755859375,378.54010009765625,269.30999755859375,352.8900146484375,56.165000915527344,309.3299865722656,239.6750030517578,428.6650085449219,80.36499786376953,71.63999938964844,127.62999725341797,149.13999938964844,238892,39357,77832,24199,356310,15322,437905,61011,85427,27200,164930,22781,64074,157217,3720,270586,63440,13839,18149,12834,101133,35662,52315,12425,207764,71106,50356,78331,110547,8881,46395,106447,25107,76517,590859,8049,33054,50093,150808,9678,69439,23612,33192,11530,60524,786838,19937,15564,52245,40493,146330,88459,17132,19985,21334,15272,30110,42404,108300,11856,41382,21893,261973,155327,50397,238006,1701809,135289,37432,74792,24090,137501,66502,20529,28825,11432,53661,135172,2379,49702,50255,149978,16552,33233,58784,32163,79708,17712,3082.0,709126,67116,547895,78172,56986,11536,10999,182680,67482,51894,151075
2026-04-27 19:05:00+00:00,266.4599914550781,197.77000427246094,239.52000427246094,402.5899963378906,336.29998779296875,341.1524963378906,261.30999755859375,38.540000915527344,415.5799865722656,316.8949890136719,52.66999816894531,150.4499969482422,178.1999969482422,68.66500091552734,1056.52001953125,60.150001525878906,128.9600067138672,326.30499267578125,281.75,282.875,33.76499938964844,193.9600067138672,121.83999633789062,1002.878173828125,180.92999267578125,87.83999633789062,33.81999969482422,78.41999816894531,185.625,117.7300033569336,180.97500610351562,48.380001068115234,133.8249969482422,58.53499984741211,12.494999885559082,197.07000732421875,127.87000274658203,77.61000061035156,352.1499938964844,936.6799926757812,40.43000030517578,333.67999267578125,332.2799987792969,222.6300048828125,227.3000030517578,83.55999755859375,389.0899963378906,469.80499267578125,225.52499389648438,311.760009765625,30.790000915527344,76.06500244140625,876.510009765625,243.25999450683594,505.9750061035156,360.6000061035156,292.0350036621094,82.96499633789062,677.0,228.84500122070312,110.91000366210938,189.9600067138672,424.45989990234375,45.14500045776367,20.719999313354492,90.98500061035156,215.73500061035156,172.4499969482422,92.58999633789062,57.46500015258789,154.3531036376953,26.889999389648438,148.60000610351562,203.24000549316406,222.0749969482422,164.77000427246094,49.834999084472656,150.52000427246094,744.6950073242188,98.27999877929688,90.70999908447266,55.51499938964844,436.4150085449219,328.6000061035156,51.435001373291016,129.3300018310547,158.5,467.3900146484375,241.9600067138672,378.2650146484375,269.30499267578125,353.1300048828125,56.19499969482422,309.1086120605469,239.07000732421875,429.1099853515625,80.375,71.5199966430664,127.56759643554688,148.91000366210938,249784,81220,49845,25296,624081,10737,459901,79286,79194,25771,159706,30742,39777,88330,4076,165716,76673,8362,6362,11319,90367,25308,81266,13977,109299,88734,46107,21357,72109,11510,68190,109265,31426,72585,100912,10168,45712,87309,137864,13382,114962,18755,14126,19081,271568,1000951,19094,18974,28177,36329,99976,235374,22707,15173,22839,17930,44964,61062,64642,8395,62776,56038,204017,114428,50701,288618,1597819,193020,34326,59750,37901,143624,66584,10850,13679,16436,38545,309156,5729,41040,75768,166325,16669,17695,92385,36301,25816,24941,5958.0,403647,53490,138079,80401,40000,17440,6695,138743,74829,64819,78047
2026-04-27 19:10:00+00:00,266.6300964355469,197.82000732421875,239.63999938964844,403.2900085449219,336.8399963378906,341.17529296875,261.260009765625,38.525001525878906,415.8999938964844,317.1299133300781,52.69499969482422,150.4149932861328,177.9499969482422,68.77999877929688,1056.800048828125,60.25,129.1999969482422,326.1698913574219,281.42999267578125,282.8349914550781,33.755001068115234,193.83999633789062,121.7300033569336,1001.4500122070312,180.9949951171875,87.96499633789062,33.76499938964844,78.26499938964844,185.44000244140625,117.37999725341797,181.01499938964844,48.314998626708984,133.58999633789062,58.54499816894531,12.494999885559082,196.5800018310547,127.79000091552734,77.58000183105469,352.3550109863281,937.5700073242188,40.44499969482422,333.45001220703125,332.3550109863281,222.71499633789062,227.25,83.70010375976562,389.1099853515625,470.1050109863281,225.82000732421875,312.1124572753906,30.764999389648438,75.9749984741211,876.5,243.10000610351562,505.8956298828125,360.364990234375,291.9100036621094,83.04499816894531,677.3099975585938,228.50999450683594,110.87999725341797,190.0850067138672,424.45001220703125,45.165000915527344,20.729999542236328,90.98999786376953,215.875,172.8300018310547,92.44100189208984,57.400001525878906,154.2100067138672,26.915000915527344,148.5050048828125,203.19000244140625,222.2100067138672,164.67999267578125,49.845001220703125,150.75999450683594,744.6400146484375,98.30000305175781,90.7249984741211,55.46500015258789,436.04998779296875,329.2300109863281,51.46500015258789,129.11000061035156,158.38999938964844,467.625,241.5749969482422,379.4400939941406,269.6600036621094,352.9599914550781,56.20500183105469,309.05615234375,238.8800048828125,429.05999755859375,80.49134063720703,71.48999786376953,127.54000091552734,148.67999267578125,189014,44652,42863,36359,314440,10323,330809,87111,100130,15086,142910,23084,66544,82046,2120,137781,65796,9562,9198,11437,100142,41707,42659,12016,71618,90535,50986,27100,66365,14803,77606,90763,20313,63977,245823,10209,51385,55656,154317,9171,225764,19559,20778,12139,48027,1014522,19445,15645,62517,56398,205839,93421,17710,19074,24599,18374,39381,61719,72153,11746,67357,40417,168742,98019,60755,259855,1640990,127257,35449,32356,16707,143484,58740,11974,25145,22182,50491,250184,2036,37205,46472,209082,28334,31701,97960,33873,16593,16258,12377.0,502341,85939,38573,55625,35060,12672,6875,143153,51789,70254,73059
2026-04-27 19:15:00+00:00,266.67999267578125,197.74000549316406,239.86000061035156,403.8525085449219,336.57000732421875,340.6109924316406,261.2099914550781,38.47999954223633,416.3699951171875,317.3900146484375,52.744998931884766,150.25999450683594,177.89500427246094,68.78500366210938,1057.344970703125,60.17499923706055,129.3000030517578,325.9599914550781,282.125,283.1449890136719,33.755001068115234,194.07000732421875,121.66999816894531,1001.760009765625,181.0399932861328,87.95890045166016,33.755001068115234,78.4000015258789,185.25999450683594,117.36000061035156,180.97500610351562,48.29499816894531,133.58999633789062,58.73500061035156,12.475000381469727,196.49000549316406,127.91999816894531,77.51000213623047,351.92999267578125,937.8900146484375,40.439998626708984,333.2699890136719,332.2900085449219,223.5500030517578,227.5800018310547,83.90679931640625,388.94500732421875,470.1600036621094,225.84500122070312,312.2349853515625,30.780000686645508,75.72000122070312,875.510009765625,242.9149932861328,506.0899963378906,360.0899963378906,291.5950012207031,82.91500091552734,677.469970703125,228.24000549316406,110.65499877929688,190.2050018310547,425.0,45.084999084472656,20.764999389648438,90.9800033569336,215.97279357910156,173.25999450683594,92.38500213623047,57.380001068115234,154.08999633789062,26.88159942626953,148.42999267578125,203.24000549316406,222.38070678710938,164.64999389648438,49.86000061035156,150.47000122070312,743.8400268554688,98.29000091552734,90.83999633789062,55.45500183105469,436.2398986816406,329.0400085449219,51.54499816894531,129.11000061035156,158.23500061035156,467.04998779296875,241.77499389648438,379.6549987792969,269.4700012207031,353.0,56.244998931884766,309.2200012207031,238.44000244140625,429.1000061035156,80.58000183105469,71.57009887695312,127.53500366210938,148.58999633789062,256207,45643,25690,39169,173089,16369,316638,66841,130560,85443,264992,54461,75061,81773,2985,484227,62734,12930,20386,28855,141756,32440,98100,7321,98271,99671,42834,89956,66197,20068,136118,71979,19402,183639,805767,14352,149882,61293,202378,13777,110112,29416,14380,19707,58755,1440993,18064,15641,118011,55793,147763,415655,27784,18674,20486,15511,39008,75090,51410,12439,93182,38106,197665,152136,78508,272805,1808776,142334,49928,52470,34865,138064,67607,20592,14938,16941,46332,304168,5077,35923,79477,178097,20887,25050,136521,29294,29002,19422,9844.0,554058,96164,36398,82575,35670,14139,15117,180862,69207,67320,97953
2026-04-27 19:20:00+00:00,266.74609375,197.5500030517578,240.20599365234375,402.92999267578125,335.6300048828125,340.4700012207031,261.2200012207031,38.40999984741211,416.3699951171875,317.7799987792969,52.78499984741211,150.44500732421875,178.32200622558594,68.73500061035156,1056.43505859375,60.23500061035156,129.3300018310547,326.3949890136719,282.010009765625,282.7200012207031,33.76499938964844,194.36500549316406,121.87000274658203,1003.780029296875,181.25999450683594,88.05500030517578,33.76499938964844,78.3499984741211,185.28500366210938,117.75,181.17999267578125,48.3025016784668,133.5500030517578,58.709999084472656,12.479999542236328,196.5800018310547,127.84500122070312,77.55000305175781,352.0050048828125,938.594970703125,40.37030029296875,333.0350036621094,332.8800048828125,223.27000427246094,227.8300018310547,83.68000030517578,389.6199951171875,470.8500061035156,225.5850067138672,312.489990234375,30.80500030517578,75.81999969482422,874.6699829101562,242.28500366210938,506.5050048828125,360.70001220703125,291.4849853515625,82.91999816894531,677.9600219726562,228.2899932861328,110.62750244140625,190.43499755859375,425.0199890136719,45.084999084472656,20.78499984741211,91.01000213623047,215.70989990234375,173.14979553222656,92.54000091552734,57.375,154.25,26.889999389648438,148.47000122070312,203.30999755859375,222.69000244140625,164.60000610351562,49.904998779296875,149.9600067138672,744.8499755859375,98.33499908447266,90.8550033569336,55.380001068115234,436.44000244140625,329.114990234375,51.53499984741211,129.22999572753906,158.36000061035156,467.3999938964844,241.74000549316406,379.2749938964844,268.81500244140625,352.9100036621094,56.28499984741211,309.4200134277344,238.52999877929688,428.7200012207031,80.66999816894531,71.58499908447266,127.75,148.6300048828125,179740,70416,43533,39239,257496,13236,338655,92312,134375,14870,219840,30690,47078,95582,5005,207676,79593,12808,9870,15762,120195,32764,455238,16730,92330,89690,63063,20797,74088,16781,37655,79454,23188,64858,162227,18769,52761,57070,153939,12987,91210,22278,27624,16182,61589,1749896,16547,21473,75029,555335,147718,157253,44881,31890,26253,26474,71319,57525,71710,8465,101955,61843,174563,99644,80777,276464,1744297,161783,41347,52937,46127,143819,80131,13237,13638,27846,77635,311517,3611,34176,94238,160112,19110,22041,53777,34755,28288,18743,4677.0,589823,112625,105268,59574,35044,10206,15611,228811,91050,79908,85708
2026-04-27 19:25:00+00:00,267.1499938964844,197.55999755859375,240.3300018310547,403.2300109863281,336.8699951171875,340.2799987792969,261.0199890136719,38.5,416.5849914550781,318.1300048828125,52.775001525878906,150.3699951171875,178.2899932861328,68.66500091552734,1057.2149658203125,60.380001068115234,129.27000427246094,326.05999755859375,282.3599853515625,282.4100036621094,33.77000045776367,194.625,121.88999938964844,1003.0999755859375,180.97999572753906,88.03500366210938,33.78499984741211,78.33499908447266,185.27999877929688,117.45500183105469,181.21499633789062,48.3400993347168,133.64999389648438,58.77000045776367,12.475000381469727,196.9149932861328,127.76000213623047,77.62000274658203,352.489990234375,939.4000244140625,40.314998626708984,333.0299987792969,332.3900146484375,224.14999389648438,228.1999969482422,83.94989776611328,389.2099914550781,471.7200012207031,225.47999572753906,312.32000732421875,30.864999771118164,75.81999969482422,874.0700073242188,242.35000610351562,506.67999267578125,360.2699890136719,291.3399963378906,83.0,678.6400146484375,228.5800018310547,110.62999725341797,190.42999267578125,424.6600036621094,45.01499938964844,20.815000534057617,90.81999969482422,215.49000549316406,172.8699951171875,92.41000366210938,57.400001525878906,154.27000427246094,26.860000610351562,148.52999877929688,203.08999633789062,222.66000366210938,164.7100067138672,49.834999084472656,149.91000366210938,744.1400146484375,98.25,90.93499755859375,55.33000183105469,437.3525085449219,329.5899963378906,51.525001525878906,129.1699981689453,158.1999969482422,467.5599060058594,241.80999755859375,379.05999755859375,270.0,354.3999938964844,56.255001068115234,309.3999938964844,238.74000549316406,427.7445983886719,80.65750122070312,71.73999786376953,127.66999816894531,148.6999969482422,366282,99688,44413,31805,268168,14770,499608,55046,115547,26966,244061,34943,151905,102838,5395,585199,100126,12338,14426,25327,192291,38845,156987,17938,126675,96796,63487,39599,81149,16395,102290,83267,25465,61352,297518,23235,65791,132601,205546,16017,158137,41761,31773,24137,89792,1002575,23045,26613,61196,59919,207714,218194,31779,59651,33005,17316,56262,81602,148435,18569,127459,49597,237232,158346,113199,324720,1275456,111373,73600,45864,59448,266682,92429,20229,26886,25277,151541,337335,4662,79646,133761,356646,38372,30562,120505,43429,46856,14903,13304.0,515153,97917,123595,118165,57410,20538,18576,238041,67548,101272,99285
2026-04-27 19:30:00+00:00,267.44000244140625,197.80999755859375,240.4499969482422,403.57000732421875,336.44000244140625,340.2449951171875,261.114990234375,38.40999984741211,417.05999755859375,317.7900085449219,52.76380157470703,149.88999938964844,178.2050018310547,68.47000122070312,1056.469970703125,60.165000915527344,129.26499938964844,325.6300048828125,282.55999755859375,282.32000732421875,33.73500061035156,194.57000732421875,121.66999816894531,1003.3250122070312,181.33999633789062,88.13500213623047,33.73500061035156,78.41000366210938,185.05999755859375,117.16000366210938,181.02499389648438,48.27000045776367,133.3800048828125,58.59000015258789,12.484999656677246,196.5399932861328,127.77999877929688,77.55000305175781,352.2799987792969,937.9199829101562,40.154998779296875,332.4159851074219,332.1050109863281,224.47999572753906,228.0500030517578,84.01000213623047,388.9700012207031,471.8900146484375,225.2100067138672,312.2049865722656,30.7450008392334,75.8550033569336,873.4349975585938,242.14999389648438,506.6000061035156,359.69000244140625,291.06500244140625,82.93000030517578,678.6500244140625,228.0749969482422,110.45999908447266,190.35000610351562,425.5299987792969,45.07500076293945,20.78499984741211,90.83999633789062,215.75999450683594,172.75999450683594,92.4000015258789,57.27000045776367,154.19000244140625,26.844999313354492,148.7449951171875,203.10499572753906,222.54249572753906,164.44000244140625,49.70000076293945,149.83999633789062,744.364990234375,98.24549865722656,90.80999755859375,55.23500061035156,437.30999755859375,329.57000732421875,51.505001068115234,129.2100067138672,158.38999938964844,467.2900085449219,241.9499969482422,379.57000732421875,269.9200134277344,354.6700134277344,56.220001220703125,309.4800109863281,238.32000732421875,428.0799865722656,80.69999694824219,71.61000061035156,127.68000030517578,148.41000366210938,513729,101877,38981,42361,258565,30561,326507,73429,169088,32345,311406,114406,76908,130657,8622,288148,74016,14167,17062,28030,193489,59833,96181,18779,108772,89783,90850,71042,104837,28693,119349,160143,28176,101924,568837,16189,65548,145008,287879,16943,195181,56751,25252,35655,67818,1578195,28675,57496,92192,57226,241705,278296,38857,60394,35586,21402,83890,90012,155591,16633,125965,50605,279313,249049,112966,332074,1882171,134333,60977,54968,31438,278835,124462,19422,18355,26215,112192,254288,3245,82762,119900,235377,36074,37146,89165,61774,51799,36723,26748.0,419098,97029,93777,146005,50045,15779,14212,409076,157915,95640,139361
2026-04-27 19:35:00+00:00,267.3949890136719,197.69000244140625,240.32000732421875,403.3800048828125,336.4200134277344,340.20001220703125,260.9049987792969,38.43000030517578,416.5199890136719,317.7149963378906,52.7400016784668,150.4149932861328,177.77999877929688,68.45999908447266,1057.00634765625,60.029998779296875,129.2100067138672,325.99749755859375,283.1449890136719,282.57000732421875,33.76499938964844,194.4600067138672,121.73500061035156,1001.780029296875,181.38999938964844,88.01499938964844,33.7599983215332,78.3949966430664,184.89999389648438,117.50430297851562,181.11500549316406,48.30500030517578,133.375,58.59000015258789,12.505000114440918,196.5399932861328,127.83999633789062,77.79000091552734,351.7300109863281,937.9000244140625,40.185001373291016,332.6099853515625,331.9649963378906,224.3000030517578,227.8800048828125,84.33000183105469,388.9100036621094,471.4100036621094,225.02499389648438,312.04010009765625,30.844999313354492,75.87999725341797,872.8400268554688,242.30099487304688,506.7850036621094,360.0299987792969,291.13018798828125,82.99749755859375,678.7899780273438,227.95249938964844,110.48500061035156,190.3300018310547,426.114990234375,45.10499954223633,20.764999389648438,90.7750015258789,215.7550048828125,172.90499877929688,92.51000213623047,57.20000076293945,154.21499633789062,26.860000610351562,148.7949981689453,203.05999755859375,222.3300018310547,164.5,49.755001068115234,149.94500732421875,744.4149780273438,98.33999633789062,90.79000091552734,55.3650016784668,437.55999755859375,329.7300109863281,51.48500061035156,129.41000366210938,158.33999633789062,467.54998779296875,241.88999938964844,379.4339904785156,269.4100036621094,355.3299865722656,56.165000915527344,309.489990234375,238.11500549316406,428.260009765625,80.69969940185547,71.68000030517578,127.62999725341797,148.4208984375,327269,88535,47174,35724,233872,20558,438950,59467,176220,15412,245769,53163,93122,142024,6628,252661,70818,17744,20576,18352,197792,39107,150513,22800,137498,113069,113196,68009,93720,29093,68288,154391,25118,96339,487406,30804,51662,117411,283300,15085,98556,42761,25584,26129,60293,2073267,28824,29816,145736,61854,236855,152544,35711,52652,32565,26440,80848,73348,81377,14787,103595,56238,395899,152946,100957,359628,1411691,155869,80710,81373,35094,197732,148637,22704,17016,31525,99328,158686,5236,69681,126641,261371,28628,36167,94071,48499,32185,38253,12372.0,397226,87280,113282,96344,63457,20378,21136,166653,121233,96039,108814
2026-04-27 19:40:00+00:00,267.70001220703125,197.67999267578125,240.39999389648438,403.4049987792969,335.6449890136719,340.3800048828125,260.94000244140625,38.404998779296875,416.6050109863281,317.8999938964844,52.70500183105469,150.61000061035156,177.67999267578125,68.54499816894531,1056.6700439453125,59.959999084472656,129.02499389648438,325.7149963378906,282.69500732421875,282.54998779296875,33.755001068115234,194.5399932861328,121.73999786376953,1000.6900024414062,181.50999450683594,88.12000274658203,33.7400016784668,78.45500183105469,184.86000061035156,117.4800033569336,181.0800018310547,48.279998779296875,133.3350067138672,58.654998779296875,12.505999565124512,196.47000122070312,127.7750015258789,77.7300033569336,351.6650085449219,937.780029296875,40.209999084472656,332.79998779296875,332.489990234375,223.7899932861328,227.8800048828125,84.44499969482422,389.2799987792969,471.17498779296875,224.85000610351562,312.0799865722656,30.915000915527344,75.75,872.010009765625,242.52169799804688,506.8900146484375,360.7699890136719,291.29998779296875,82.94999694824219,679.3499755859375,227.7100067138672,110.5,190.30999755859375,425.8299865722656,45.15999984741211,20.719999313354492,90.73500061035156,215.7550048828125,172.9600067138672,92.41000366210938,57.26250076293945,154.14500427246094,26.8799991607666,148.75,203.01499938964844,222.10000610351562,164.27999877929688,49.79499816894531,150.32000732421875,744.4500122070312,98.41000366210938,90.80999755859375,55.314998626708984,437.55499267578125,329.45001220703125,51.435001373291016,129.3699951171875,158.2899932861328,468.00201416015625,241.74000549316406,379.44000244140625,269.2699890136719,355.19500732421875,56.17499923706055,309.3949890136719,237.9600067138672,427.65008544921875,80.5999984741211,71.74500274658203,127.62999725341797,148.39500427246094,558747,85696,50289,52056,308353,33025,399314,75279,162004,35071,311888,70220,122360,106281,6772,295735,68834,29039,28066,24607,254791,106676,99497,30279,156887,103476,78194,84470,106729,29972,75228,151016,31302,95916,312440,20666,63280,106393,269334,16434,131512,51852,43683,58481,79479,1486338,27161,37614,106456,73690,309153,310179,49579,45354,32232,23576,87178,74825,104433,21407,137938,70791,364821,232987,118417,341605,1344171,211920,68562,64844,31464,312983,104476,28316,27556,37202,81464,215889,3935,110109,136902,329041,32259,40474,86157,54854,28849,38670,22828.0,598242,110792,109751,118529,44495,17309,10029,147041,143085,116921,102090
2026-04-27 19:45:00+00:00,267.5870056152344,197.5,240.27999877929688,404.55999755859375,335.3800048828125,340.5,261.0,38.4900016784668,417.42999267578125,318.1199951171875,52.72999954223633,150.50999450683594,177.73500061035156,68.5250015258789,1056.8599853515625,60.19499969482422,129.05499267578125,325.7699890136719,282.989990234375,282.4700012207031,33.584999084472656,194.50999450683594,121.91999816894531,999.030029296875,181.14500427246094,88.21499633789062,33.81999969482422,78.61000061035156,184.91000366210938,117.2699966430664,181.16000366210938,48.38999938964844,133.47500610351562,58.689998626708984,12.505000114440918,196.77000427246094,127.91000366210938,77.79000091552734,351.239990234375,937.7000122070312,40.17499923706055,332.5400085449219,332.94500732421875,224.4199981689453,227.98500061035156,84.222900390625,389.5400085449219,471.4100036621094,225.22500610351562,311.9599914550781,30.985000610351562,75.80500030517578,871.4000244140625,242.39999389648438,506.92999267578125,360.6549987792969,291.1600036621094,82.9990005493164,678.510009765625,228.00999450683594,110.55500030517578,190.32000732421875,425.489990234375,45.17499923706055,20.7549991607666,90.69499969482422,216.44009399414062,173.14999389648438,92.4000015258789,57.39500045776367,154.16000366210938,26.849899291992188,148.77000427246094,202.81500244140625,221.92999267578125,164.61000061035156,49.814998626708984,149.6999969482422,744.760009765625,98.1583023071289,90.92500305175781,55.3650016784668,437.8500061035156,329.7099914550781,51.3650016784668,129.52499389648438,158.2100067138672,468.4049987792969,242.16000366210938,379.32501220703125,270.2200012207031,355.7550048828125,56.1349983215332,309.4599914550781,238.02999877929688,428.20001220703125,80.65499877929688,71.8550033569336,127.48999786376953,148.5500030517578,401020,86293,68433,63052,330714,29194,669854,62452,174359,29184,365361,92284,90545,139404,8914,461946,69731,40034,38269,53288,468043,63676,113592,54167,201343,102011,97325,107775,106346,32217,56450,154227,32188,214084,566452,32184,72020,127973,482799,16165,194381,42299,44786,37884,119567,1826655,17816,33201,141538,74888,361529,370148,87065,52408,29962,26432,73388,108023,108571,27774,319643,65670,254584,323820,136728,486446,3169886,188384,65367,83387,38977,392177,126452,30745,64738,38527,105691,342269,8197,103296,167313,268734,46406,34693,104859,65971,37889,27569,22508.0,509901,124476,79614,158632,55124,26008,24906,145016,259763,181661,184490
2026-04-27 19:50:00+00:00,267.5400085449219,196.83999633789062,239.6300048828125,405.29998779296875,335.489990234375,340.7200012207031,261.1348876953125,38.56999969482422,418.3900146484375,318.6400146484375,52.70000076293945,149.97000122070312,177.37750244140625,68.54000091552734,1056.6400146484375,60.025001525878906,129.18499755859375,325.1400146484375,282.82000732421875,281.9750061035156,33.529998779296875,194.5,122.06500244140625,997.8499755859375,180.32000732421875,88.27999877929688,33.83000183105469,78.5199966430664,185.09500122070312,117.48999786376953,180.82000732421875,48.404998779296875,133.61000061035156,58.7599983215332,12.505000114440918,196.5749969482422,127.79499816894531,77.83999633789062,350.6700134277344,938.9000244140625,40.165000915527344,332.402099609375,332.3900146484375,223.9250030517578,228.41000366210938,84.37999725341797,389.625,470.29998779296875,225.06500244140625,312.05999755859375,31.0049991607666,75.55500030517578,869.5,242.4499969482422,506.57501220703125,359.69500732421875,290.3999938964844,82.92500305175781,678.5050048828125,228.11000061035156,110.19000244140625,190.4250030517578,424.44000244140625,45.209999084472656,20.834999084472656,90.56999969482422,216.31500244140625,173.1199951171875,92.0999984741211,57.38999938964844,154.03500366210938,26.834999084472656,148.22000122070312,202.5,221.9600067138672,164.80999755859375,49.755001068115234,150.42999267578125,745.27001953125,97.9000015258789,91.04000091552734,55.45500183105469,437.0,328.8399963378906,51.290000915527344,129.4199981689453,157.88499450683594,467.7950134277344,242.05999755859375,379.30499267578125,270.5299987792969,355.25,56.07500076293945,309.17498779296875,238.38999938964844,427.30999755859375,80.78500366210938,71.91999816894531,127.5999984741211,148.84500122070312,793883,230292,124727,154560,507055,53412,1011917,138539,309881,71447,806659,133495,187569,303899,17208,636543,171208,64705,69554,86013,781853,118550,252831,74517,196212,287588,180765,162130,265330,75418,154072,281802,74353,219392,740854,58234,143503,282621,594139,25790,496704,87452,73223,57178,168010,2079211,51514,64570,211739,140808,585753,672657,97385,82340,130475,40650,235420,144338,229942,63491,290001,140037,800079,505490,295163,596045,3230620,406114,113698,189872,122675,420638,202337,56427,34656,67564,164025,509008,18625,233209,333812,459732,89570,71686,260857,143885,99933,60104,37322.0,556361,334268,126719,313008,134383,45916,31292,436988,333372,307844,882062
2026-04-27 19:55:00+00:00,267.67999267578125,197.39999389648438,239.39999389648438,404.8399963378906,334.4800109863281,340.04998779296875,261.0799865722656,38.43000030517578,418.32000732421875,318.8800048828125,52.63999938964844,150.1699981689453,177.50999450683594,68.41999816894531,1057.1199951171875,59.939998626708984,129.16000366210938,324.6400146484375,282.6300048828125,281.94000244140625,33.63999938964844,194.10000610351562,121.69999694824219,998.0390014648438,180.27000427246094,88.2699966430664,33.66999816894531,78.36000061035156,184.8800048828125,117.33999633789062,180.63999938964844,48.19499969482422,133.22000122070312,58.66999816894531,12.496199607849121,196.42999267578125,127.7300033569336,77.95999908447266,350.3399963378906,938.02001953125,40.119998931884766,332.260009765625,332.3599853515625,223.77999877929688,228.0500030517578,84.99500274658203,389.92999267578125,470.94000244140625,225.33999633789062,311.7300109863281,30.950000762939453,75.44999694824219,868.239990234375,242.49000549316406,506.54998779296875,360.6300048828125,290.239990234375,82.91999816894531,678.4600219726562,227.27999877929688,110.23999786376953,190.17999267578125,425.05999755859375,45.16999816894531,20.825000762939453,90.45999908447266,216.6300048828125,172.98500061035156,91.97000122070312,57.26499938964844,154.10000610351562,26.81049919128418,148.38999938964844,201.97999572753906,221.3300018310547,164.1300048828125,49.779998779296875,150.25999450683594,744.6500244140625,97.87000274658203,90.7750015258789,55.244998931884766,437.2799987792969,329.1099853515625,51.2400016784668,129.7100067138672,157.53500366210938,468.0299987792969,241.25999450683594,378.70001220703125,269.4800109863281,354.7300109863281,55.98500061035156,309.7099914550781,238.27000427246094,426.010009765625,80.58499908447266,71.5999984741211,127.56999969482422,148.19000244140625,1483247,485302,256338,327280,1319824,170575,1830506,372730,537772,169311,2225111,364811,433359,682902,46714,1405603,382296,151519,135778,214400,1297541,284750,561754,78665,597870,695781,745906,366724,744358,232508,327810,891870,168499,660712,2290377,134323,388457,707593,1251939,77464,864576,234267,173410,171775,496552,5575841,111486,146837,620748,367651,1418003,1971177,178893,198147,224025,107268,446351,415335,452404,153891,1140782,269403,991949,1568984,747097,1193162,4842810,583480,415512,389169,235459,1699164,800395,215862,194686,201375,449443,1275883,37361,444619,665499,966795,186609,164545,651180,383206,296174,243595,97013.0,1666308,631095,315141,859442,430727,136222,123338,1143593,501245,720055,928340
2026-04-28 13:30:00+00:00,269.12188720703125,197.76499938964844,242.64999389648438,386.6000061035156,319.8244934082031,345.05999755859375,257.54998779296875,38.80500030517578,400.2950134277344,322.2200012207031,53.04999923706055,151.6999969482422,177.22999572753906,68.67500305175781,1065.6400146484375,60.20500183105469,130.33250427246094,329.69000244140625,287.1000061035156,285.4800109863281,33.70000076293945,194.2100067138672,123.42500305175781,1004.0050048828125,182.9449005126953,87.61000061035156,34.4900016784668,79.61000061035156,188.14500427246094,118.07499694824219,181.17999267578125,49.33000183105469,135.38499450683594,59.525001525878906,12.424699783325195,199.8800048828125,129.27000427246094,77.30500030517578,346.2099914550781,940.469970703125,40.83000183105469,335.54998779296875,335.4999084472656,227.40699768066406,229.38999938964844,81.83000183105469,400.3699951171875,468.6700134277344,227.89999389648438,313.7449951171875,31.415000915527344,79.625,873.489990234375,245.26499938964844,513.5399780273438,363.3900146484375,292.8999938964844,83.68000030517578,672.0,228.0500030517578,111.36000061035156,191.26499938964844,422.2550048828125,45.524200439453125,19.809999465942383,92.05999755859375,210.27000427246094,163.93649291992188,93.41999816894531,58.2599983215332,156.28500366210938,27.170000076293945,149.9600067138672,204.22999572753906,223.87750244140625,166.61500549316406,50.11000061035156,146.0850067138672,751.1649780273438,98.48500061035156,91.13999938964844,56.31999969482422,450.05999755859375,331.3999938964844,51.91999816894531,130.27000427246094,158.2050018310547,469.17498779296875,245.7449951171875,377.6199951171875,269.1300048828125,356.4574890136719,56.709999084472656,312.3699951171875,240.0399932861328,430.19000244140625,81.16000366210938,72.29000091552734,128.94500732421875,151.07000732421875,3536461,279190,550208,623728,7629035,100787,3159449,400201,2565437,177428,1209553,45560,508094,312959,10852,360436,322689,53868,39303,45955,512053,112519,398692,52230,644664,810071,298526,198439,686323,65578,298301,730187,86591,150873,2710177,60954,285419,1083971,2249712,60132,1044165,81365,192005,64006,344768,16325570,140688,81870,263458,449872,336353,3270739,135711,43800,102503,44694,159245,286223,766239,51474,365016,106479,2157558,867755,571222,1965472,23766254,7256181,159222,1059599,221111,8007146,308702,53413,79157,71464,496430,1738357,19639,200620,271569,598462,93972,39007,317788,67034,65420,102119,35499.0,3846131,290632,317314,439321,358797,69903,21242,62755,99294,714541,1000851
2026-04-28 13:35:00+00:00,269.8500061035156,197.1199951171875,241.60000610351562,384.2850036621094,321.9200134277344,343.9599914550781,257.8500061035156,38.88999938964844,402.9100036621094,321.67999267578125,53.33000183105469,150.85499572753906,177.0800018310547,69.23999786376953,1063.2850341796875,59.939998626708984,131.11000061035156,329.1000061035156,286.0799865722656,284.67999267578125,33.34000015258789,193.44000244140625,123.20999908447266,1000.7550048828125,182.47000122070312,87.48500061035156,34.43000030517578,79.91000366210938,187.75,116.81999969482422,179.8800048828125,49.255001068115234,134.8249969482422,59.630001068115234,12.414999961853027,199.44000244140625,128.58999633789062,77.6449966430664,348.8299865722656,943.0,40.95500183105469,333.9100036621094,334.6050109863281,227.56500244140625,228.6649932861328,82.93000030517578,398.7850036621094,464.6199951171875,228.42999267578125,314.5,31.40999984741211,79.55010223388672,874.6599731445312,244.0,512.9400024414062,365.9200134277344,292.364990234375,83.41999816894531,674.219970703125,227.58999633789062,111.4000015258789,191.7655029296875,422.7025146484375,45.130001068115234,20.190000534057617,91.54499816894531,211.39999389648438,165.3249969482422,92.875,58.11000061035156,156.11500549316406,27.125,149.66000366210938,202.6300048828125,223.1199951171875,166.3000030517578,49.920101165771484,145.92999267578125,748.1607055664062,97.3949966430664,91.08000183105469,56.560001373291016,447.1000061035156,329.239990234375,51.880001068115234,129.40499877929688,157.42999267578125,466.4200134277344,245.7899932861328,378.3800048828125,269.55999755859375,356.4100036621094,56.709999084472656,311.81500244140625,239.02000427246094,427.3949890136719,81.53500366210938,72.36990356445312,128.2100067138672,150.85000610351562,873165,99089,65624,280824,1832876,53833,743660,148583,638616,44427,832657,23366,142711,186842,2483,99873,171634,20775,14055,17413,292526,64071,48416,14917,155109,274664,79359,245799,262723,41023,93114,566886,43978,210353,669047,15778,28905,326411,804370,21411,156875,27477,46555,55354,86347,4587460,30539,29028,118692,84832,117539,1378901,39755,18637,37635,36411,48087,88883,297495,13063,125144,62079,415557,231888,164449,424813,4737413,1251781,122556,219872,47364,1152972,137638,14422,112282,46164,170698,344441,7338,89525,127549,478993,69888,12832,244948,29954,21850,39929,7671.0,1612614,95644,82385,140755,125487,23633,7143,652761,34129,262058,200354
2026-04-28 13:40:00+00:00,269.75,197.875,242.0800018310547,388.45001220703125,323.82000732421875,344.20001220703125,258.7699890136719,38.8849983215332,404.1000061035156,321.07000732421875,53.14500045776367,150.5050048828125,176.66000366210938,69.59500122070312,1061.655029296875,60.060001373291016,130.85000610351562,328.114990234375,285.82000732421875,284.489990234375,33.16999816894531,193.0,122.93499755859375,996.6799926757812,182.17999267578125,87.87000274658203,34.380001068115234,79.63999938964844,187.27000427246094,116.0199966430664,180.1999969482422,49.16999816894531,134.8800048828125,59.70500183105469,12.444999694824219,199.33999633789062,128.8300018310547,77.63500213623047,348.0400085449219,941.02001953125,40.849998474121094,332.385009765625,333.17999267578125,227.3300018310547,229.3300018310547,82.88980102539062,398.1300048828125,464.9150085449219,228.67999267578125,313.4599914550781,31.424999237060547,79.87000274658203,873.6500244140625,242.55499267578125,513.1599731445312,363.8500061035156,291.6099853515625,83.3499984741211,674.7000122070312,228.11000061035156,111.43000030517578,191.68499755859375,423.8500061035156,44.9900016784668,20.149999618530273,91.63999938964844,211.77999877929688,166.72000122070312,93.04499816894531,58.060001373291016,155.99000549316406,27.125,149.57000732421875,202.05999755859375,222.77000427246094,166.38999938964844,50.150001525878906,147.00999450683594,750.52001953125,97.16500091552734,90.96499633789062,56.650001525878906,446.95001220703125,327.75,51.720001220703125,128.92999267578125,157.4199981689453,467.4200134277344,245.53500366210938,377.4036865234375,270.3299865722656,357.42999267578125,56.630001068115234,312.42999267578125,240.64999389648438,428.7900085449219,81.58999633789062,72.51000213623047,128.0,150.3249969482422,593204,90846,56827,232699,1602257,35758,577665,63679,586977,31934,537857,21779,136093,130016,2822,98419,172800,28754,10367,24994,467521,49150,69352,27112,113210,176498,42037,71034,150734,20324,77461,114652,26123,41942,1251345,15365,42785,216672,528351,29261,123279,37793,46966,52565,62330,3622278,31800,30517,102160,89524,114055,897473,33813,22144,64394,18608,52624,69230,194531,10132,65591,93422,402752,228197,646102,418839,4764031,1008105,172452,199709,39809,1134506,104370,17490,19151,35836,446841,382760,7482,137287,94742,165608,67621,22684,193518,17121,47729,33111,18361.0,1176060,79544,67793,55753,141854,13832,7525,404234,74490,246411,220768
2026-04-28 13:45:00+00:00,270.43218994140625,197.72500610351562,243.48500061035156,384.55999755859375,322.7900085449219,343.4599914550781,259.80999755859375,38.7599983215332,403.95001220703125,319.760009765625,52.97999954223633,150.17999267578125,177.0399932861328,68.98999786376953,1061.4300537109375,59.790000915527344,130.4199981689453,328.17999267578125,286.2099914550781,285.20001220703125,33.165000915527344,192.57000732421875,122.77999877929688,995.5800170898438,183.14500427246094,87.87000274658203,34.27000045776367,80.25,187.05999755859375,114.91000366210938,179.63999938964844,48.999000549316406,134.90499877929688,59.644798278808594,12.399999618530273,198.35000610351562,128.94000244140625,76.70210266113281,349.0350036621094,938.010009765625,40.540000915527344,331.0400085449219,330.4849853515625,227.7550048828125,230.3800048828125,82.76499938964844,401.45001220703125,466.70001220703125,228.37010192871094,312.7799987792969,31.520000457763672,79.87999725341797,871.594970703125,242.02999877929688,513.4000244140625,362.5325012207031,291.2200012207031,83.33000183105469,676.6849975585938,227.97999572753906,111.44499969482422,191.33999633789062,426.05499267578125,45.0099983215332,20.18000030517578,92.16200256347656,212.02000427246094,166.125,92.53500366210938,58.09000015258789,155.72000122070312,26.9950008392334,149.74000549316406,202.03500366210938,222.6699981689453,166.46499633789062,50.429901123046875,147.10000610351562,750.0349731445312,97.11499786376953,90.9000015258789,56.279998779296875,451.2799987792969,327.5,51.584999084472656,128.8000030517578,157.10000610351562,468.0799865722656,245.82949829101562,378.0,269.4549865722656,360.25,56.474998474121094,312.5299987792969,240.58999633789062,427.9224853515625,81.44000244140625,72.58999633789062,127.87000274658203,150.38999938964844,653573,54525,110400,125769,985318,10447,1082712,112619,377401,41051,389615,25643,83085,135120,2677,164055,153379,20256,19769,18951,252918,34820,89798,19293,147111,131344,53958,103879,206974,65528,91052,172001,21699,59207,627844,14772,39961,193647,629514,16525,177070,27659,35721,30943,124756,2450222,44150,30343,81311,77055,163329,830157,39954,70185,58260,13522,48931,90906,194638,11183,75336,51257,679174,268262,356332,522298,3540153,1091519,96098,199359,36631,1266560,151984,47520,20008,49349,319084,338880,8146,111562,114968,300400,48006,26205,77155,72115,39599,36871,27214.0,1166751,61299,306421,59598,102071,24651,9678,174132,89776,215126,217484
2026-04-28 13:50:00+00:00,270.0950012207031,198.0699005126953,243.11000061035156,384.6199951171875,321.60699462890625,343.8550109863281,259.57000732421875,38.689998626708984,401.9100036621094,320.57000732421875,53.150001525878906,149.69000244140625,177.0399932861328,69.0999984741211,1059.8349609375,59.68000030517578,130.4600067138672,328.6499938964844,286.3399963378906,284.6400146484375,33.369998931884766,192.4499969482422,122.6500015258789,998.030029296875,182.8800048828125,87.91999816894531,34.14500045776367,80.4000015258789,186.8699951171875,114.4800033569336,179.74000549316406,48.849998474121094,134.3300018310547,59.375,12.375,197.4199981689453,128.77000427246094,76.47000122070312,347.8399963378906,937.5499877929688,40.625,330.80999755859375,331.1099853515625,227.68499755859375,230.17999267578125,82.72000122070312,400.9949951171875,467.489990234375,228.9095001220703,313.9949951171875,31.475000381469727,79.56089782714844,874.0,241.88999938964844,512.8400268554688,363.1600036621094,291.8299865722656,83.0999984741211,676.0,228.0800018310547,111.6312026977539,191.0,426.1499938964844,45.084999084472656,20.260000228881836,91.94999694824219,211.6199951171875,166.6699981689453,92.29000091552734,58.04970169067383,155.72500610351562,27.045000076293945,149.74000549316406,201.42999267578125,222.94000244140625,165.77999877929688,50.150001525878906,146.94500732421875,747.5,97.05000305175781,90.80999755859375,56.5099983215332,451.5400085449219,327.7650146484375,51.630001068115234,128.7050018310547,157.02499389648438,469.0199890136719,245.7100067138672,377.7799987792969,267.6400146484375,360.3299865722656,56.59000015258789,311.5799865722656,240.02000427246094,427.7850036621094,81.7699966430664,72.63999938964844,128.32000732421875,149.9600067138672,455725,72718,72691,132955,870036,12755,541886,82826,409931,30043,231197,26629,69335,131353,4179,127727,88212,15002,11551,26627,219667,58913,54132,13567,107247,100431,49498,110210,164538,72560,58744,119605,40813,68089,441233,18326,61160,185351,513163,17494,92723,31782,54186,19728,75096,2550469,26512,13932,73974,76734,77375,735645,33497,17478,43467,11673,38868,154512,181490,19052,59028,95458,640303,157142,118902,402611,2596985,776141,61044,303425,31278,498611,115697,45376,6761,21299,160659,256550,4777,136091,88969,212771,35306,9409,110302,27143,23921,22281,8421.0,809124,129262,176451,45592,115648,24044,16923,279482,45036,211482,200728
2026-04-28 13:55:00+00:00,269.9049987792969,198.0,241.9949951171875,387.3450012207031,322.9549865722656,343.5,259.32000732421875,38.81999969482422,403.6099853515625,319.2799987792969,52.915000915527344,149.3800048828125,176.41000366210938,69.08000183105469,1055.8399658203125,59.470001220703125,129.6750030517578,327.9800109863281,285.7200012207031,285.06500244140625,33.209999084472656,191.88999938964844,122.93000030517578,997.6500244140625,183.0800018310547,88.01000213623047,34.22999954223633,80.44000244140625,187.60910034179688,114.63999938964844,178.5850067138672,48.904998779296875,134.4499969482422,59.54999923706055,12.274999618530273,198.10000610351562,128.77000427246094,75.0999984741211,348.57000732421875,933.5075073242188,40.584999084472656,330.05499267578125,328.45001220703125,227.02999877929688,230.17999267578125,83.0199966430664,398.8900146484375,465.6099853515625,228.88499450683594,313.1400146484375,31.53499984741211,79.23999786376953,873.9199829101562,241.3350067138672,511.5,360.9649963378906,291.5950012207031,82.98999786376953,672.219970703125,228.64999389648438,111.53250122070312,190.22999572753906,426.67999267578125,44.88999938964844,20.200000762939453,91.55000305175781,212.2100067138672,167.6999969482422,92.26000213623047,58.18669891357422,155.78750610351562,27.030000686645508,149.625,201.0,222.1199951171875,166.11000061035156,49.95500183105469,147.22999572753906,747.0499877929688,96.9749984741211,90.48999786376953,56.349998474121094,445.9700012207031,325.70001220703125,51.470001220703125,128.26499938964844,156.55499267578125,466.4599914550781,246.3300018310547,378.84051513671875,267.2449951171875,360.2200012207031,56.400001525878906,311.54998779296875,240.1199951171875,427.2200012207031,81.47000122070312,72.80999755859375,128.2100067138672,150.52000427246094,362751,50332,50965,167387,933011,12080,661269,45768,428319,19771,244751,18742,99324,90619,5552,188580,132576,8614,8170,26101,230099,51286,82907,11499,214686,94613,45673,140719,209990,36875,38686,90144,66068,44588,771775,82861,158664,439676,532076,13435,82040,43377,63393,29225,60159,2111047,23604,16033,106338,78630,86103,624403,23028,33050,35432,17591,28856,73516,161817,14158,112728,56678,421362,120613,129740,460363,3077615,561521,42016,213375,43972,380683,82879,32043,9904,21266,89809,247323,5168,171009,97123,115646,43230,11374,84171,31827,25820,30872,10341.0,1190452,47052,129648,60393,105773,33229,9287,169349,153071,178353,215247
2026-04-28 14:00:00+00:00,269.7500915527344,198.25,241.99000549316406,384.2699890136719,322.3900146484375,342.739990234375,259.8900146484375,38.779998779296875,403.0799865722656,319.3900146484375,52.900001525878906,149.4600067138672,176.8300018310547,68.79000091552734,1055.7900390625,59.34000015258789,129.52000427246094,328.3900146484375,286.1300048828125,284.7349853515625,33.21500015258789,192.22500610351562,122.75,996.780029296875,182.65499877929688,87.81999969482422,34.154998779296875,80.45999908447266,187.52499389648438,114.86000061035156,178.8000030517578,48.83000183105469,134.30999755859375,59.57500076293945,12.300000190734863,197.02000427246094,128.67999267578125,74.88999938964844,349.0950927734375,932.1099853515625,40.4900016784668,329.9100036621094,330.1099853515625,227.39500427246094,230.75999450683594,83.19000244140625,399.3399963378906,466.6600036621094,228.72999572753906,312.8500061035156,31.565000534057617,79.66999816894531,874.3599853515625,241.72999572753906,513.375,361.0450134277344,292.0199890136719,82.91000366210938,673.3499755859375,228.77749633789062,111.72000122070312,189.97999572753906,425.739990234375,45.01499938964844,20.209999084472656,91.79000091552734,212.41000366210938,167.84500122070312,92.33000183105469,58.11000061035156,155.77999877929688,27.03499984741211,149.5050048828125,201.27499389648438,221.62249755859375,165.97000122070312,50.029998779296875,147.05250549316406,747.219970703125,97.03500366210938,90.44000244140625,56.0099983215332,449.1199951171875,325.2850036621094,51.470001220703125,128.125,156.52000427246094,466.8800048828125,245.8350067138672,379.7789001464844,267.6400146484375,360.3500061035156,56.34000015258789,311.989990234375,240.40499877929688,428.20001220703125,81.5199966430664,72.81999969482422,127.87840270996094,150.17999267578125,372954,100442,50344,98961,658143,21676,641871,98591,294217,46327,280876,25210,79440,135941,4748,307232,74274,21907,7281,18525,409260,72537,71615,9758,143119,125264,46288,64271,199733,59128,33642,120375,45930,58201,756979,21570,55255,300294,338817,19912,127220,47513,46992,26449,56918,1904805,22500,22451,77834,75384,134303,485131,18409,47741,44731,5307,31026,107794,154383,13843,124700,62380,321078,193094,118819,346796,3108436,563079,59262,152655,36572,384577,86255,43747,17242,26747,140991,346178,7598,157902,123521,283331,52776,33804,273085,44636,31577,26050,15970.0,1639002,46030,142087,66560,103692,28017,6957,227487,76081,208450,246286
2026-04-28 14:05:00+00:00,270.2250061035156,198.08999633789062,242.22000122070312,385.7049865722656,324.54998779296875,342.5799865722656,259.9800109863281,38.880001068115234,405.07000732421875,319.07501220703125,52.875,149.80499267578125,177.05999755859375,68.87000274658203,1055.76513671875,59.310001373291016,129.47999572753906,328.0,286.2699890136719,283.760009765625,33.334999084472656,192.5124969482422,123.0999984741211,994.5900268554688,183.11000061035156,87.75,34.20000076293945,80.56999969482422,188.19500732421875,114.62999725341797,178.7100067138672,48.90999984741211,134.38999938964844,59.599998474121094,12.3149995803833,197.1199951171875,128.5850067138672,75.01499938964844,350.14990234375,931.2449951171875,40.54499816894531,330.2699890136719,328.9849853515625,228.13999938964844,231.1699981689453,83.72000122070312,399.6000061035156,466.9100036621094,228.6300048828125,312.94989013671875,31.485000610351562,79.6500015258789,875.7999877929688,241.72000122070312,513.4249877929688,361.0400085449219,292.0299987792969,82.72840118408203,674.169921875,229.05999755859375,111.5199966430664,190.3300018310547,426.45001220703125,45.040000915527344,20.364999771118164,92.12000274658203,213.2100067138672,168.22000122070312,92.01000213623047,58.23500061035156,155.57000732421875,26.975000381469727,149.42999267578125,201.4250030517578,221.3300018310547,166.1199951171875,50.019901275634766,148.125,746.7100219726562,97.02999877929688,90.62000274658203,56.17499923706055,446.0450134277344,325.17999267578125,51.345001220703125,127.97000122070312,156.3300018310547,467.0,245.55999755859375,381.79998779296875,269.42999267578125,361.2300109863281,56.33000183105469,312.1199951171875,240.47999572753906,428.239990234375,81.5250015258789,72.69000244140625,127.36000061035156,150.25,348031,48461,57126,87028,737373,14475,632153,65449,230934,15894,125846,34702,56277,80531,7508,130719,45937,7206,84060,16596,283395,20286,174849,15979,111389,115729,32986,75328,166376,38190,23055,92468,139313,52777,413352,23866,27929,278120,564613,21546,156894,49162,27687,61876,78630,2667951,17219,17888,69235,40081,124662,372270,25266,13203,32885,15845,36791,59822,118052,13380,45874,40623,288409,109826,106248,328895,2957735,441934,41317,117595,18762,224895,211403,52547,13417,31899,87182,299290,4387,113727,114771,294247,26645,14022,261485,21799,21661,22023,10248.0,1578879,55034,75086,41884,99114,20420,4478,152091,76603,172761,167010
2026-04-28 14:10:00+00:00,270.2950134277344,197.7050018310547,242.0800018310547,385.0899963378906,325.3399963378906,341.9898986816406,260.57000732421875,38.834999084472656,405.0299987792969,318.010009765625,52.7599983215332,149.55999755859375,176.42999267578125,68.50499725341797,1052.81005859375,59.310001373291016,128.88999938964844,327.6099853515625,286.3299865722656,283.79998779296875,33.26499938964844,192.35000610351562,122.9999008178711,993.5250244140625,183.36500549316406,87.48999786376953,34.21500015258789,80.73999786376953,188.38999938964844,114.88999938964844,178.25999450683594,48.93000030517578,134.5,59.564998626708984,12.308500289916992,197.17999267578125,128.5399932861328,75.19999694824219,350.2300109863281,928.760009765625,40.404998779296875,329.5199890136719,326.92999267578125,228.05999755859375,231.67999267578125,83.625,399.6600036621094,466.42010498046875,228.5449981689453,312.260009765625,31.539899826049805,79.58499908447266,874.6099853515625,241.36000061035156,511.6000061035156,359.8999938964844,291.7650146484375,82.62999725341797,672.915283203125,229.0749969482422,111.37999725341797,189.7100067138672,425.4949951171875,45.01499938964844,20.295000076293945,92.23999786376953,213.14500427246094,168.17999267578125,91.80000305175781,58.189998626708984,155.50999450683594,26.985000610351562,149.50999450683594,201.60000610351562,220.8000030517578,166.25999450683594,49.93989944458008,148.27000427246094,745.6300048828125,97.12999725341797,90.25,55.959999084472656,444.69500732421875,324.4800109863281,51.23500061035156,127.77999877929688,156.125,465.760009765625,245.2100067138672,381.07000732421875,268.5299987792969,361.739990234375,56.209999084472656,311.80999755859375,240.2899932861328,428.3800048828125,81.32499694824219,72.7699966430664,127.12999725341797,150.3800048828125,321551,37214,38186,71418,1049514,8199,739447,79040,217766,24784,137902,18705,82364,92002,6616,74056,55757,9112,6518,14464,520615,16044,173075,11635,90594,105618,47226,44342,166632,27903,37343,72118,49963,43209,369709,9330,31644,193213,322078,14352,113822,18777,16647,22718,83214,2069037,13237,13145,73919,60981,113305,372635,24955,19754,38124,12714,48727,54714,184126,11948,77443,42658,323428,106574,104755,269832,2771130,364550,54586,83412,31019,230336,83189,13631,13281,18848,80109,257279,5021,177635,137244,213240,19596,28474,211468,26084,12251,16374,7607.0,1180632,69899,172918,44718,83395,30018,5702,131238,82859,163612,178067
2026-04-28 14:15:00+00:00,270.7200012207031,197.7100067138672,241.9199981689453,385.69000244140625,326.1000061035156,341.5899963378906,260.2799987792969,38.89979934692383,404.1499938964844,318.1300048828125,52.79499816894531,149.32000732421875,176.69000244140625,68.44000244140625,1050.8050537109375,59.06990051269531,128.82000732421875,328.19000244140625,286.1650085449219,283.70001220703125,33.08000183105469,192.48500061035156,123.06999969482422,991.9349975585938,183.13999938964844,87.52999877929688,34.38999938964844,80.77999877929688,187.9593963623047,114.66000366210938,177.41000366210938,49.189998626708984,134.8000030517578,59.720001220703125,12.295000076293945,197.97999572753906,128.735107421875,75.70999908447266,351.69500732421875,928.3499755859375,40.29499816894531,329.5799865722656,326.7749938964844,228.0399932861328,232.0050048828125,83.37000274658203,398.31500244140625,466.1300048828125,228.74000549316406,312.4049987792969,31.545000076293945,79.62999725341797,873.469970703125,241.63999938964844,511.4750061035156,359.5299987792969,291.4200134277344,82.6500015258789,671.77001953125,228.79629516601562,111.31999969482422,189.58999633789062,425.2699890136719,44.959999084472656,20.204999923706055,92.0999984741211,212.6300048828125,167.05499267578125,91.68000030517578,58.209999084472656,155.58999633789062,26.864999771118164,149.41000366210938,201.91000366210938,220.99000549316406,166.1999969482422,49.810001373291016,148.14999389648438,745.1799926757812,97.1500015258789,90.23999786376953,55.83000183105469,445.42498779296875,323.6499938964844,51.36000061035156,127.59500122070312,155.98500061035156,464.20001220703125,245.7100067138672,378.8299865722656,267.5799865722656,361.4100036621094,56.290000915527344,311.760009765625,239.81100463867188,428.0899963378906,81.37000274658203,72.68009948730469,127.12999725341797,150.50999450683594,509005,38338,42548,139734,864840,8937,691124,79463,187655,10824,149807,20834,73493,118198,4603,229477,70867,7172,15829,11901,267089,39461,99880,29579,97822,103249,87170,72790,138090,15717,36650,174071,28799,67864,917337,84037,65319,300042,532541,69338,109130,43975,25089,13769,122873,1883511,23541,20683,49667,44452,156156,291784,16163,19920,38981,8883,28234,42325,119122,8365,121227,24542,655176,140051,100185,277935,2420520,473468,52771,122093,30511,1789561,90696,23575,14849,20136,94238,386263,6068,77390,105071,132833,16433,24770,107440,59581,22767,49570,7954.0,963733,70651,142727,53949,80616,33064,6939,209672,63215,188761,170098
2026-04-28 14:20:00+00:00,270.7900085449219,197.8300018310547,242.17999267578125,383.8800048828125,324.1630859375,341.8974914550781,260.2049865722656,38.70000076293945,402.95001220703125,318.4700012207031,52.820098876953125,149.36000061035156,177.0800018310547,68.53179931640625,1053.030029296875,59.130001068115234,129.00999450683594,328.6499938964844,286.9949951171875,283.6099853515625,33.064998626708984,192.72000122070312,122.7699966430664,993.530029296875,183.31089782714844,87.44999694824219,34.314998626708984,80.81999969482422,187.91000366210938,115.22000122070312,178.10000610351562,49.064998626708984,134.61500549316406,59.70000076293945,12.324999809265137,197.0500030517578,128.73500061035156,76.12000274658203,351.4150085449219,929.8499755859375,40.375,330.4150085449219,328.0,228.49000549316406,232.38999938964844,82.82659912109375,399.92498779296875,466.5,228.9199981689453,312.81500244140625,31.524999618530273,79.69000244140625,875.4600219726562,241.94000244140625,512.385009765625,360.04998779296875,291.7099914550781,82.72000122070312,671.6199951171875,228.8699951171875,111.48999786376953,189.7935028076172,425.8999938964844,45.06999969482422,20.190000534057617,92.2300033569336,212.1800994873047,166.45159912109375,91.87999725341797,58.10499954223633,155.75999450683594,26.712200164794922,149.41000366210938,201.9149932861328,221.47500610351562,166.14999389648438,49.88999938964844,147.39999389648438,745.5499877929688,97.1500015258789,90.54000091552734,55.91999816894531,447.1600036621094,324.54998779296875,51.400001525878906,127.91000366210938,156.09500122070312,466.92498779296875,245.23500061035156,377.8800048828125,266.4549865722656,362.0,56.39500045776367,312.17999267578125,239.2899932861328,428.45001220703125,81.43000030517578,72.6500015258789,127.33000183105469,150.33999633789062,375281,27141,28745,63938,649233,8036,577112,44656,176296,25101,192705,23632,150528,80282,3142,115260,63086,6451,7240,14404,1121695,39141,58716,12752,129662,75628,89067,79993,135569,36744,35836,212661,41653,55336,534015,11944,36752,150276,628226,16623,200761,28564,28858,13119,102134,1955338,11863,14214,53713,52980,75401,313222,26166,11722,19751,13083,21825,53478,127948,11254,40077,53851,252392,126629,49701,233719,1968513,393997,75413,86570,27579,2722314,85701,9341,10387,20208,64521,383671,1693,86427,88851,146690,19855,13610,84371,24428,21455,17654,4404.0,931892,50547,121683,53658,102517,21469,4174,161573,42599,207667,134778
2026-04-28 14:25:00+00:00,271.2799072265625,197.97000122070312,242.5,384.1600036621094,323.95001220703125,342.0899963378906,259.9800109863281,38.540000915527344,402.80999755859375,318.2149963378906,52.724998474121094,148.6999969482422,177.2100067138672,68.4000015258789,1050.6099853515625,58.9900016784668,128.59500122070312,328.3800048828125,285.9800109863281,284.17999267578125,33.10020065307617,192.5850067138672,122.79000091552734,994.4749755859375,183.0800018310547,87.49500274658203,34.34000015258789,80.69000244140625,188.19000244140625,115.40499877929688,177.80999755859375,49.099998474121094,134.5449981689453,59.459999084472656,12.352399826049805,197.02000427246094,128.77999877929688,76.30999755859375,351.7699890136719,927.594970703125,40.275001525878906,329.04998779296875,327.1499938964844,227.7949981689453,231.9199981689453,82.81990051269531,400.07000732421875,465.07000732421875,229.86000061035156,312.57000732421875,31.44499969482422,79.76499938964844,872.7098999023438,241.11500549316406,512.8350830078125,359.0,291.55499267578125,82.54499816894531,672.760009765625,228.9600067138672,111.30000305175781,189.2899932861328,426.3901062011719,44.935001373291016,20.264999389648438,92.11000061035156,212.375,166.4149932861328,91.80999755859375,58.119998931884766,156.16990661621094,26.424999237060547,149.86000061035156,202.16000366210938,221.27499389648438,165.92999267578125,49.86000061035156,147.49000549316406,746.2100219726562,97.12000274658203,90.44999694824219,55.8849983215332,447.4599914550781,323.45001220703125,51.35499954223633,127.91000366210938,156.15499877929688,466.4100036621094,244.78500366210938,377.79998779296875,266.489990234375,360.9949951171875,56.28499984741211,312.3399963378906,239.44000244140625,428.239990234375,81.2699966430664,72.58999633789062,127.58000183105469,150.44000244140625,693435,40646,60299,71776,514060,21843,676367,54330,202410,16085,143167,25806,148688,87430,3665,125992,55021,7784,9496,43114,867304,23319,55167,8254,82563,99950,97172,69926,158914,28796,36057,178054,48997,97666,1476079,14308,37159,345879,414400,15720,134484,48814,12744,24969,64659,1779862,13982,20268,86700,33014,203779,279314,33199,15107,26108,11136,23963,27193,107712,10169,62294,24368,302751,121611,91510,208618,2136668,351320,33446,147886,27465,2472655,68225,11244,22640,18570,76325,176692,2676,64500,73251,133946,30001,18001,67239,25287,33562,17487,6460.0,901629,78854,98455,58158,94176,25267,6732,145030,45238,222087,189540
2026-04-28 14:30:00+00:00,271.44500732421875,197.89999389648438,242.41000366210938,382.3399963378906,322.2099914550781,341.75,259.9700012207031,38.4900016784668,402.7550048828125,318.5,52.709999084472656,148.58999633789062,176.97999572753906,68.25,1051.8299560546875,58.9900016784668,128.40499877929688,329.1300048828125,286.3399963378906,284.6300048828125,33.154998779296875,192.69000244140625,122.80000305175781,994.1699829101562,183.1999969482422,87.25,34.30009841918945,80.62999725341797,188.4499969482422,115.1449966430664,177.64999389648438,49.0703010559082,134.63999938964844,59.349998474121094,12.295000076293945,196.9199981689453,128.6699981689453,75.5999984741211,352.0950012207031,926.8250122070312,40.20000076293945,328.7650146484375,327.7200012207031,226.9550018310547,231.75,82.125,399.5199890136719,465.8500061035156,229.84500122070312,312.4100036621094,31.454999923706055,79.5,872.6649780273438,240.81500244140625,513.4400024414062,358.7749938964844,291.6000061035156,82.3499984741211,672.219970703125,228.93499755859375,111.23999786376953,189.1750030517578,426.5148010253906,44.939998626708984,20.25,92.23500061035156,212.22999572753906,166.72000122070312,91.83999633789062,58.04999923706055,156.0800018310547,26.520099639892578,149.88999938964844,202.63499450683594,220.88999938964844,165.58999633789062,49.88999938964844,146.87750244140625,744.469970703125,97.0199966430664,90.58499908447266,55.76499938964844,450.0,323.0050048828125,51.3849983215332,128.05999755859375,156.2050018310547,466.68499755859375,244.51499938964844,377.6383056640625,264.9200134277344,361.1300964355469,56.28499984741211,312.57000732421875,239.3800048828125,428.6199951171875,81.33999633789062,72.62999725341797,127.5250015258789,150.5800018310547,560235,28975,44335,80278,524847,12681,694471,44527,185967,11227,181689,20018,73612,73889,3106,124883,51004,55656,6530,17873,276234,18517,186001,11878,57902,125508,73186,86498,250964,13689,31835,126712,25211,44635,2100213,9100,23320,438807,434010,24427,92855,31089,15378,21559,42243,1725066,21419,13567,87442,45395,92421,315803,21749,15773,24862,7211,33609,78732,109250,14776,40364,24450,215362,122738,68442,236718,1681973,375169,38784,114075,30686,1121482,59184,36897,31430,16986,62684,227622,1716,54902,68055,111803,38374,15122,58936,32929,30316,15888,4915.0,580750,81887,55081,56013,49847,18583,3034,190794,51184,175997,222974
2026-04-28 14:35:00+00:00,271.05999755859375,198.4600067138672,242.52999877929688,380.875,319.3399963378906,342.3450012207031,259.8450012207031,38.665000915527344,401.4949951171875,318.92999267578125,52.744998931884766,148.57000732421875,176.69500732421875,68.30999755859375,1050.478759765625,58.9900016784668,128.32000732421875,330.2250061035156,286.8500061035156,285.0450134277344,33.23500061035156,192.80499267578125,123.12000274658203,996.2999877929688,183.10499572753906,87.06500244140625,34.400001525878906,80.7300033569336,189.1699981689453,115.26000213623047,177.91000366210938,49.209999084472656,135.02000427246094,59.52000045776367,12.324999809265137,197.74000549316406,129.0399932861328,75.80770111083984,350.8599853515625,926.72998046875,40.25,329.79998779296875,328.2950134277344,228.22000122070312,231.60000610351562,81.4749984741211,400.0299987792969,466.1199951171875,230.23500061035156,312.4800109863281,31.575000762939453,79.88500213623047,873.4077758789062,241.4600067138672,514.3350219726562,359.2349853515625,292.5,82.5,669.2449951171875,229.69000244140625,111.55500030517578,188.77999877929688,425.8099060058594,44.9900016784668,20.239999771118164,92.29000091552734,210.6199951171875,166.57000732421875,92.04000091552734,58.28499984741211,156.4600067138672,26.475000381469727,150.36000061035156,203.41000366210938,220.97999572753906,166.25999450683594,49.880001068115234,147.07000732421875,745.2750244140625,97.12999725341797,90.69210052490234,55.849998474121094,448.989990234375,323.5299987792969,51.400001525878906,128.1750030517578,156.63499450683594,467.0950012207031,245.72999572753906,375.6000061035156,264.4649963378906,362.3399963378906,56.310001373291016,313.2099914550781,240.5500030517578,429.3800048828125,81.44999694824219,72.81999969482422,127.6500015258789,150.99000549316406,607917,56413,48065,145882,928581,10677,509567,127443,272322,13531,278617,33645,68944,76713,7058,124868,112272,37411,11474,9960,281018,23107,57913,11166,125187,167725,75935,128013,230815,17416,34385,110251,22554,52257,659965,8603,64243,167634,422920,22057,134718,40687,16996,16970,51394,2967437,14782,20050,92119,55616,145785,389776,28439,11304,34971,11975,29409,39598,273439,18572,62841,47552,274155,254068,165925,408671,3429434,529600,39189,150985,51561,1193825,104760,13696,19037,12213,130605,237243,2344,64113,102555,147241,19298,14808,112942,28194,16834,27394,35355.0,1225531,83435,66288,75522,95528,21223,8836,131148,63991,229736,217234
2026-04-28 14:40:00+00:00,271.2349853515625,198.52499389648438,242.44000244140625,381.1600036621094,320.20989990234375,342.510009765625,259.92999267578125,38.65999984741211,401.30999755859375,318.4849853515625,52.709999084472656,148.9199981689453,176.6999969482422,68.33999633789062,1050.739990234375,59.06999969482422,128.1300048828125,330.1099853515625,287.45001220703125,285.375,33.20000076293945,192.24000549316406,122.9000015258789,996.5150146484375,182.8249969482422,87.12000274658203,34.38999938964844,80.83999633789062,188.66000366210938,115.4800033569336,178.13999938964844,49.19499969482422,134.8748016357422,59.4900016784668,12.289999961853027,197.5800018310547,129.02999877929688,75.8499984741211,352.2049865722656,927.2899780273438,40.22019958496094,329.79998779296875,328.0400085449219,228.91000366210938,231.4600067138672,81.71980285644531,400.75,467.1000061035156,230.11000061035156,312.5950012207031,31.53499984741211,79.95999908447266,873.978515625,241.55499267578125,514.4149780273438,359.4200134277344,292.6449890136719,82.66000366210938,669.9749755859375,229.0,111.62999725341797,188.86000061035156,425.5614929199219,44.974998474121094,20.21500015258789,91.83499908447266,210.4499053955078,166.5399932861328,92.09500122070312,58.17499923706055,156.75,26.565000534057617,150.4499969482422,203.39999389648438,220.7899932861328,165.89500427246094,49.85609817504883,147.4499969482422,748.239990234375,97.23500061035156,90.55000305175781,55.86000061035156,447.4100036621094,323.7799987792969,51.32500076293945,128.27000427246094,156.77499389648438,467.8299865722656,245.44500732421875,375.7383117675781,265.0350036621094,362.8399963378906,56.28499984741211,312.7699890136719,240.10000610351562,430.1099853515625,81.41999816894531,72.7699966430664,127.81500244140625,150.77789306640625,433016,55682,48030,176583,1164610,7408,497009,36476,326440,19805,160137,29977,126936,74583,2705,129469,101731,16032,15422,18795,237045,38724,42955,13585,107104,171312,65923,60481,176795,17503,47337,116583,38536,32486,722533,9533,35213,103032,523760,14874,100655,31671,42151,27850,48800,2998566,17462,9614,63441,48441,80635,464442,16593,10221,51671,9030,35231,63369,178982,12311,34123,33679,291109,150810,71053,249834,2825500,499281,43314,154692,50677,585355,98194,36289,14258,13690,74998,179396,3399,63911,48787,145394,21703,14072,168267,26494,14038,18418,7919.0,986153,93078,111862,89102,67435,22483,5146,108825,35381,242275,265398
2026-04-28 14:45:00+00:00,271.3900146484375,198.5749969482422,243.30999755859375,380.1698913574219,317.760009765625,343.44000244140625,259.9150085449219,38.810001373291016,399.010009765625,317.8399963378906,52.7599983215332,149.25,176.71499633789062,68.31500244140625,1047.9000244140625,58.959999084472656,128.18499755859375,331.1609191894531,288.3352355957031,285.7300109863281,33.14500045776367,192.60000610351562,123.19000244140625,998.8200073242188,182.8800048828125,87.1050033569336,34.5,81.08999633789062,189.2449951171875,115.83000183105469,177.8800048828125,49.3650016784668,135.3699951171875,59.47999954223633,12.295000076293945,197.91000366210938,129.41290283203125,75.93499755859375,351.364990234375,925.5850219726562,40.37763214111328,330.2699890136719,329.30999755859375,228.89999389648438,231.53500366210938,81.41500091552734,401.1700134277344,467.6199951171875,230.91000366210938,312.8599853515625,31.575000762939453,79.98719787597656,876.6099853515625,241.8800048828125,515.7493896484375,359.739990234375,293.260009765625,82.73500061035156,668.7150268554688,229.11131286621094,111.72000122070312,188.9499969482422,425.1650085449219,44.974998474121094,20.260000228881836,91.95500183105469,209.81500244140625,165.77000427246094,92.2699966430664,58.439998626708984,156.93499755859375,26.735000610351562,150.44000244140625,203.97500610351562,221.33250427246094,165.8800048828125,49.86000061035156,147.22000122070312,747.6699829101562,97.18000030517578,90.7249984741211,55.935001373291016,449.0299987792969,324.260009765625,51.349998474121094,128.60000610351562,157.13999938964844,468.7950134277344,246.01499938964844,374.3599853515625,264.8599853515625,362.9700012207031,56.290000915527344,313.0400085449219,239.60499572753906,430.67919921875,81.48987579345703,72.86610412597656,128.22999572753906,151.1699981689453,455407,52835,54031,76718,673469,13333,461658,86134,303984,28439,231624,22096,54998,89511,8336,394162,95260,17035,8119,13990,623927,25241,82337,13977,102613,149474,189816,200557,205713,26987,51908,239605,62834,56035,398639,11617,18228,105420,347373,20365,217501,28764,29908,12731,40955,1529165,17604,17652,88240,61390,92284,275395,28477,13702,50030,10694,40156,116841,113223,13290,75281,53809,293762,119451,399456,157510,2336726,378403,42809,219492,184956,806941,74812,16499,20825,25517,63439,224607,4144,123137,55868,170830,33102,14399,103197,34410,41329,23885,3911.0,814152,52600,96162,63682,87579,42621,4514,178261,139729,177951,245417
2026-04-28 14:50:00+00:00,271.4849853515625,199.10499572753906,243.32000732421875,378.4599914550781,316.9700012207031,343.9649963378906,259.9649963378906,38.82500076293945,397.2250061035156,317.6199951171875,52.79999923706055,149.33999633789062,177.03500366210938,68.62000274658203,1049.93505859375,58.970001220703125,128.25999450683594,331.3599853515625,288.2699890136719,286.05999755859375,33.10499954223633,192.27999877929688,123.33999633789062,999.7100219726562,182.79449462890625,86.98999786376953,34.560001373291016,80.99500274658203,189.08790588378906,116.27999877929688,177.72000122070312,49.44499969482422,135.7899932861328,59.5,12.300000190734863,198.0399932861328,129.61500549316406,75.98999786376953,350.8900146484375,925.7537841796875,40.525001525878906,330.239990234375,330.07501220703125,228.85000610351562,231.625,81.0999984741211,400.0299987792969,468.2900085449219,230.72000122070312,313.1600036621094,31.639999389648438,80.20999908447266,876.0700073242188,241.9149932861328,515.4874877929688,360.9800109863281,293.7699890136719,82.80999755859375,667.5700073242188,230.08999633789062,111.82499694824219,189.11000061035156,425.443115234375,44.82500076293945,20.329999923706055,91.62999725341797,208.6300048828125,165.52999877929688,92.5,58.400001525878906,157.17999267578125,26.774999618530273,150.7700958251953,204.19000244140625,221.67999267578125,166.25999450683594,49.810001373291016,147.27999877929688,751.2100219726562,97.29499816894531,90.77999877929688,55.85499954223633,451.6199951171875,324.5150146484375,51.41999816894531,128.92999267578125,157.4199981689453,468.42999267578125,245.92999267578125,373.7598876953125,265.1499938964844,362.8399963378906,56.3650016784668,313.2300109863281,239.98500061035156,431.239990234375,81.54499816894531,72.87000274658203,128.610107421875,151.27499389648438,483622,73153,68321,107248,688610,18413,703619,45465,391536,21739,196750,15666,93882,115192,4067,133282,40564,10113,18386,10208,331025,30640,57912,33841,106991,397849,256130,75995,213588,33904,23531,176730,71693,29986,540530,59594,29887,111926,433651,14240,158669,173923,23011,23451,40943,2016351,25891,11992,72113,37736,101249,395671,19093,10976,37183,11299,67384,77682,207614,41881,40559,46813,368315,225289,98053,214129,4031948,385972,33198,173655,123641,621941,79195,11476,10597,19484,78915,238427,5494,67654,47658,154014,28842,8383,44947,15875,16322,14809,7879.0,935949,74854,63546,77978,52385,15307,5859,141950,60904,234354,263158
2026-04-28 14:55:00+00:00,271.1300048828125,198.86000061035156,242.67990112304688,381.4601135253906,319.7900085449219,343.44000244140625,260.05999755859375,38.84000015258789,399.7200012207031,317.375,52.79999923706055,149.00999450683594,177.00999450683594,68.81999969482422,1051.6199951171875,59.02000045776367,128.31500244140625,330.8599853515625,287.7099914550781,285.25,33.189998626708984,192.03280639648438,123.18000030517578,999.17041015625,182.19000244140625,87.33999633789062,34.560001373291016,80.81500244140625,188.46499633789062,116.30500030517578,177.3800048828125,49.45500183105469,135.46499633789062,59.4900016784668,12.295000076293945,198.42999267578125,129.72999572753906,76.29759979248047,350.92999267578125,927.5,40.599998474121094,329.8299865722656,329.364990234375,228.77499389648438,231.17999267578125,81.92980194091797,398.82000732421875,467.2250061035156,230.27999877929688,313.3800048828125,31.604999542236328,80.21279907226562,874.1300048828125,241.6300048828125,515.030029296875,360.7300109863281,293.3299865722656,82.66000366210938,668.3499755859375,229.55999755859375,111.69999694824219,189.4600067138672,425.8500061035156,44.78499984741211,20.2549991607666,91.29910278320312,209.7655029296875,165.97000122070312,92.21499633789062,58.30500030517578,156.89999389648438,26.71500015258789,150.69000244140625,203.75999450683594,221.49000549316406,165.8249969482422,49.75,148.30999755859375,750.3150024414062,96.95999908447266,90.80999755859375,55.974998474121094,450.8900146484375,323.7699890136719,51.380001068115234,129.01499938964844,157.32000732421875,467.9599914550781,245.9550018310547,375.67999267578125,266.7449951171875,363.25,56.26499938964844,312.7099914550781,239.28500366210938,431.19000244140625,81.54000091552734,72.95999908447266,128.5,150.92999267578125,435079,36307,42647,85437,623156,9898,862866,79445,391695,26443,229033,17921,89034,91676,5094,388626,66939,41551,39185,15310,653508,25681,78161,17623,71917,159717,165467,48414,138485,15536,26977,238304,64943,65857,623832,71053,54850,142826,375296,10484,164597,29373,15853,32736,36689,1870501,20694,15086,53415,49448,138063,341835,22132,13355,29693,14443,28386,73826,155921,73758,50415,33513,325817,201028,78540,189427,2990754,526423,47844,149222,54908,421661,83531,10778,5833,17747,81598,239810,2792,118716,58286,144074,45614,11656,71035,16851,13769,19919,6147.0,915873,55055,111828,76728,61439,20250,8986,198989,58191,178235,194168
2026-04-28 15:00:00+00:00,271.5400085449219,198.96499633789062,242.82989501953125,380.04998779296875,320.2300109863281,343.0249938964844,260.3500061035156,38.86000061035156,398.94000244140625,317.8999938964844,52.88999938964844,149.3000030517578,177.08999633789062,68.62000274658203,1052.719970703125,59.13999938964844,128.2899932861328,331.2300109863281,288.0199890136719,285.2900085449219,33.26499938964844,192.16000366210938,123.0199966430664,998.0700073242188,182.27969360351562,87.20989990234375,34.61000061035156,81.08049774169922,188.3000030517578,116.5199966430664,177.89500427246094,49.525001525878906,135.27499389648438,59.459999084472656,12.324999809265137,198.60000610351562,129.74000549316406,76.41000366210938,350.6700134277344,928.5050048828125,40.494998931884766,329.8699951171875,328.80999755859375,229.17999267578125,231.59010314941406,81.69999694824219,399.4200134277344,468.0277099609375,230.14500427246094,313.510009765625,31.6200008392334,80.18000030517578,873.6699829101562,241.69000244140625,515.22998046875,360.6824951171875,294.1799011230469,82.69999694824219,668.5850219726562,228.41000366210938,111.73999786376953,189.65499877929688,426.42999267578125,44.810001373291016,20.2450008392334,91.41000366210938,209.66600036621094,166.5500030517578,92.29920196533203,58.34000015258789,157.14999389648438,26.764999389648438,150.88999938964844,203.69000244140625,221.6300048828125,165.22500610351562,49.7400016784668,147.76499938964844,749.4299926757812,97.12000274658203,91.0,55.77000045776367,450.9800109863281,324.1449890136719,51.439998626708984,129.05999755859375,157.75,468.6799011230469,245.66000366210938,375.5972900390625,266.239990234375,364.7248840332031,56.3849983215332,312.989990234375,238.69000244140625,431.1000061035156,81.75499725341797,72.87999725341797,128.47000122070312,150.72999572753906,404574,55954,37231,70833,614023,18379,492447,52520,410943,43601,133768,26711,57517,127250,5313,135328,67703,21395,8055,19595,304445,57622,61486,10549,101950,195318,138806,58386,138000,18523,35920,393933,38509,74290,316269,39296,30811,113957,220169,12087,122261,26524,11909,20901,39032,1763651,15764,22690,49690,45042,119567,341299,15192,11234,33321,5733,41558,66976,111480,29418,39221,33374,239696,159380,108680,202123,2396581,336264,30963,181462,57256,328475,98273,12534,5442,18919,68015,263359,1387,61701,57642,138195,18622,7999,47876,56707,22488,14369,3983.0,767607,43280,146651,60834,64058,21922,7582,109543,54361,122059,223214
2026-04-28 15:05:00+00:00,271.65020751953125,198.8800048828125,243.1699981689453,379.54998779296875,319.8299865722656,343.4100036621094,259.9649963378906,38.86000061035156,397.2099914550781,318.0299987792969,52.8849983215332,149.3300018310547,177.5800018310547,68.76000213623047,1052.56494140625,59.16999816894531,128.27000427246094,331.4200134277344,287.6499938964844,284.8900146484375,33.25,192.5,123.0999984741211,997.9000244140625,182.16000366210938,87.16999816894531,34.564998626708984,81.12999725341797,188.75999450683594,116.44000244140625,178.125,49.415000915527344,135.30999755859375,59.564998626708984,12.34000015258789,198.6750030517578,129.67999267578125,76.3499984741211,350.3089904785156,928.2999877929688,40.52000045776367,329.6700134277344,329.5450134277344,228.76499938964844,231.57000732421875,81.3949966430664,398.6099853515625,467.6050109863281,230.1750030517578,313.6099853515625,31.625,80.18000030517578,872.4257202148438,241.36000061035156,515.2000122070312,361.20001220703125,294.239990234375,82.59500122070312,666.75,229.25,111.75,189.64999389648438,425.92498779296875,44.814998626708984,20.225000381469727,91.34989929199219,209.25999450683594,165.97000122070312,92.31999969482422,58.369998931884766,157.1750030517578,26.759899139404297,150.7100067138672,203.9134979248047,222.02499389648438,165.43499755859375,49.724998474121094,147.44500732421875,748.97998046875,97.05110168457031,90.94000244140625,55.80500030517578,451.3800048828125,324.4800109863281,51.45000076293945,129.29010009765625,157.86000061035156,469.3550109863281,246.16000366210938,376.0,266.1499938964844,364.6499938964844,56.415000915527344,313.0249938964844,239.0749969482422,431.3399963378906,81.7249984741211,72.93000030517578,128.60000610351562,150.97999572753906,535684,44968,168178,62824,393419,21633,542330,69425,259972,27350,145433,14112,73370,139653,2841,94701,50096,17037,5986,15043,226086,13215,93830,23299,69445,140365,116390,55224,174544,16681,22130,458000,22821,81540,501239,21498,32290,233621,313607,8323,88566,14503,15571,11845,204162,1117318,25677,14675,34990,39164,86962,312254,15443,10910,26374,9737,44264,47071,153196,14066,39464,25453,278710,119415,37120,368262,1963410,232435,18687,157822,43728,683611,99680,9689,17265,14458,84070,161879,1943,57112,67011,107016,15974,10183,97819,44534,17988,12965,8064.0,656784,41389,111244,69855,31691,13937,6525,133531,46140,111602,119143
2026-04-28 15:10:00+00:00,271.55499267578125,198.7899932861328,244.8800048828125,380.1700134277344,321.0899963378906,343.1499938964844,260.6050109863281,38.96929931640625,397.57000732421875,318.2200012207031,52.86980056762695,149.44000244140625,177.5500030517578,68.79499816894531,1053.1800537109375,59.119998931884766,128.25999450683594,331.260009765625,288.20001220703125,284.7250061035156,33.185001373291016,192.44000244140625,123.3499984741211,995.969970703125,182.71209716796875,87.27999877929688,34.63999938964844,80.9800033569336,188.9499969482422,116.2300033569336,177.85989379882812,49.54499816894531,135.5850067138672,59.709999084472656,12.345000267028809,199.16000366210938,129.4199981689453,76.66000366210938,351.3999938964844,928.489990234375,40.525001525878906,329.45001220703125,327.8599853515625,229.1199951171875,231.5,81.58499908447266,398.3999938964844,466.989990234375,229.5850067138672,313.04998779296875,31.655000686645508,80.05500030517578,871.97998046875,241.22999572753906,515.2050170898438,360.4324951171875,294.1600036621094,82.48999786376953,667.8499755859375,228.91000366210938,111.59500122070312,189.8800048828125,426.61248779296875,44.81999969482422,20.204999923706055,91.6500015258789,209.85000610351562,166.76499938964844,92.2300033569336,58.43000030517578,157.14500427246094,26.70800018310547,150.6699981689453,203.77999877929688,221.7949981689453,165.58999633789062,49.810001373291016,147.7949981689453,748.030029296875,96.96499633789062,90.87999725341797,55.814998626708984,450.17999267578125,324.4599914550781,51.3849983215332,129.24000549316406,157.60020446777344,468.8599853515625,246.15499877929688,376.9100036621094,266.0899963378906,364.2799987792969,56.33000183105469,313.125,238.89999389648438,431.2699890136719,81.61000061035156,73.05999755859375,128.3800048828125,151.25999450683594,485542,55236,97569,92605,417697,18047,374105,51559,330644,15611,124817,23799,76413,112624,2429,96735,56108,17774,11154,22550,168803,17033,193823,8017,94136,72724,65468,89312,192962,15710,23020,195586,30019,29078,315409,31791,21859,184813,210617,8619,114108,15818,34196,20999,36559,1515889,34174,26334,80594,28170,86588,179288,17797,11067,36471,9366,30644,39575,100342,8365,52033,27329,307449,86185,162490,196904,2291733,281037,19059,156494,19125,339817,76742,10579,12747,25217,82912,137624,2439,93995,41462,111118,27497,18943,36857,22098,14984,17120,28976.0,747478,38114,116652,45563,51843,24099,8139,223065,79035,92471,174416
2026-04-28 15:15:00+00:00,270.9750061035156,198.82000732421875,244.39500427246094,381.0,321.0299987792969,343.0199890136719,260.2200012207031,39.040000915527344,398.510009765625,317.6440124511719,52.82500076293945,149.33999633789062,177.55979919433594,68.93000030517578,1052.52001953125,58.959999084472656,128.2949981689453,330.9800109863281,288.0799865722656,284.79998779296875,33.10499954223633,192.02999877929688,123.5999984741211,996.02001953125,182.5800018310547,87.54000091552734,34.59000015258789,81.24500274658203,189.2550048828125,116.20999908447266,177.60499572753906,49.48500061035156,135.57000732421875,59.775001525878906,12.324999809265137,199.3699951171875,129.59500122070312,76.61000061035156,351.1400146484375,929.239990234375,40.560001373291016,329.1099853515625,328.0899963378906,229.1300048828125,231.4149932861328,81.88999938964844,397.25,466.07501220703125,229.9199981689453,312.7106018066406,31.674999237060547,79.93499755859375,871.3699951171875,240.8699951171875,514.9349975585938,360.125,293.9840087890625,82.41000366210938,667.7100219726562,228.86000061035156,111.72000122070312,189.74000549316406,426.45001220703125,44.80500030517578,20.21500015258789,91.55000305175781,209.91000366210938,166.5399932861328,92.12000274658203,58.49020004272461,156.97999572753906,26.774999618530273,150.64019775390625,203.5399932861328,221.77000427246094,165.4149932861328,49.73500061035156,147.4199981689453,748.75,96.94999694824219,90.87999725341797,56.04499816894531,449.9100036621094,323.88751220703125,51.380001068115234,129.41000366210938,157.7050018310547,468.32501220703125,246.36000061035156,376.7633056640625,266.3299865722656,364.4681091308594,56.35499954223633,312.6650085449219,238.88499450683594,431.0950012207031,81.56500244140625,72.91999816894531,128.30999755859375,151.6699981689453,321017,40570,84531,53987,328530,6663,399569,103088,200809,20216,113281,21476,53730,107747,1905,130509,48690,25045,4630,20400,210659,15405,43626,7289,60228,294128,57905,131624,121381,10664,22421,123966,30405,69705,951045,17222,35531,209294,164612,11411,93028,21019,11406,20255,20786,1146778,15365,17871,62229,29722,96369,234495,19997,11175,49481,7641,29002,44486,124219,11966,36569,27625,203894,98998,100010,146104,1473975,544539,12909,95974,27992,257777,66523,6171,6307,21077,43717,142150,2423,53012,41192,156206,17209,19814,28601,16298,15289,13829,6834.0,436989,30066,100726,36997,61759,19647,8718,102074,141870,102095,200616
2026-04-28 15:20:00+00:00,271.2200012207031,199.00999450683594,244.72999572753906,380.2099914550781,319.4849853515625,343.4100036621094,259.3599853515625,39.099998474121094,396.8349914550781,318.0050048828125,52.84000015258789,149.4499969482422,177.18499755859375,68.98999786376953,1053.3299560546875,59.095001220703125,128.4499969482422,331.45001220703125,288.70001220703125,285.17999267578125,33.095001220703125,192.2949981689453,123.75,996.594970703125,182.4499969482422,87.30500030517578,34.70000076293945,81.20500183105469,189.49000549316406,116.48999786376953,177.99000549316406,49.650001525878906,135.52000427246094,59.84000015258789,12.335000038146973,199.8300018310547,129.875,76.55000305175781,350.9049987792969,928.22998046875,40.584999084472656,329.6300048828125,327.92999267578125,228.98500061035156,231.57919311523438,81.80999755859375,397.0799865722656,466.75,230.1999969482422,313.0434875488281,31.704999923706055,80.21499633789062,871.3300170898438,241.25,515.9000244140625,360.4200134277344,294.239990234375,82.47750091552734,667.97998046875,228.6699981689453,111.77999877929688,189.60000610351562,426.0299987792969,44.875,20.28499984741211,91.66000366210938,209.2100067138672,165.86500549316406,92.12000274658203,58.56999969482422,157.1300048828125,26.819900512695312,150.76499938964844,203.6699981689453,221.80999755859375,165.5800018310547,49.77009963989258,147.4001007080078,749.0349731445312,97.05999755859375,90.91999816894531,56.165000915527344,449.0400085449219,324.2799987792969,51.42499923706055,129.5500030517578,157.85000610351562,468.79998779296875,246.8699951171875,374.9198913574219,266.2950134277344,364.54998779296875,56.470001220703125,313.1400146484375,239.0050048828125,431.19000244140625,81.68499755859375,72.9000015258789,128.38999938964844,151.88999938964844,313876,35136,60644,53823,321736,6630,615612,42888,205284,15592,137685,19792,51657,50687,2019,261257,48822,15407,167566,20732,148985,19358,52401,5337,43661,284898,80655,68747,192787,18441,26634,194422,116451,89420,368227,20742,20538,197392,185685,8483,50824,29929,14598,13980,22898,854907,31730,14644,52417,33262,71276,332503,18703,15165,50478,7940,26907,62314,86145,9426,50924,46653,179176,155555,47958,142095,1692391,348163,30547,115974,26313,396496,53632,7739,13052,15190,52604,104957,2715,50723,36239,119599,16801,13017,42217,27054,17091,9929,3349.0,628421,30882,85505,46780,43422,17121,3986,103084,53185,94797,224398
2026-04-28 15:25:00+00:00,270.32501220703125,198.9600067138672,244.0200958251953,380.4649963378906,319.69989013671875,343.31988525390625,259.5400085449219,39.1150016784668,396.8500061035156,317.875,52.8650016784668,149.17999267578125,176.75,68.94000244140625,1052.8299560546875,58.95000076293945,128.44000244140625,331.4800109863281,288.57501220703125,285.17999267578125,33.064998626708984,192.4600067138672,123.9000015258789,997.030029296875,182.13999938964844,87.1500015258789,34.685001373291016,81.24500274658203,189.57000732421875,116.41999816894531,177.9199981689453,49.630001068115234,135.69000244140625,59.810001373291016,12.345000267028809,200.0,129.6199951171875,76.40499877929688,351.010009765625,929.260009765625,40.60499954223633,329.4129943847656,327.20001220703125,228.2050018310547,231.80499267578125,81.91000366210938,396.9200134277344,465.8500061035156,230.00999450683594,312.9800109863281,31.71500015258789,80.17500305175781,871.5499877929688,241.05999755859375,516.0399780273438,360.20001220703125,294.0950012207031,82.33000183105469,667.4149780273438,228.83999633789062,111.73500061035156,189.60499572753906,425.8002014160156,44.90999984741211,20.309999465942383,91.43499755859375,209.10000610351562,165.6999969482422,92.01000213623047,58.619998931884766,157.24000549316406,26.774999618530273,150.77999877929688,203.58999633789062,221.92999267578125,165.57000732421875,49.7400016784668,147.47999572753906,749.0999755859375,96.95999908447266,90.93499755859375,56.154998779296875,448.114990234375,323.57000732421875,51.40999984741211,129.62669372558594,157.7100067138672,468.92498779296875,246.97999572753906,374.989990234375,266.6650085449219,365.07501220703125,56.529998779296875,312.9949951171875,238.99000549316406,431.0299987792969,81.71499633789062,72.9000015258789,128.3800048828125,151.88999938964844,304886,30273,48891,47840,309271,7846,301685,91188,170973,31272,134127,16099,120775,54742,1017,141801,44922,10717,109152,14985,98180,17395,45666,5917,85112,100068,294795,66898,110116,17112,28736,422164,11385,60895,756682,17778,36345,265123,171520,10010,53987,33142,13914,22982,34855,737775,17118,8226,29927,31474,75173,218894,19892,12292,31662,7321,17762,41396,102995,9436,35576,27403,156814,129737,19707,129890,1746819,304975,25170,101305,21630,260835,38737,10081,6649,11772,52686,107611,2547,47921,25494,141482,20175,12466,78352,14265,13222,6718,4560.0,557932,35798,156220,88352,50286,9352,7244,111627,146127,76993,219604
2026-04-28 15:30:00+00:00,270.2300109863281,198.89999389648438,243.5850067138672,379.45001220703125,318.8399963378906,343.260009765625,259.510009765625,39.091800689697266,395.67999267578125,318.07000732421875,52.900001525878906,149.38999938964844,176.72000122070312,68.80500030517578,1052.9000244140625,58.89500045776367,128.5500030517578,332.2300109863281,287.69000244140625,285.3299865722656,33.040000915527344,192.63499450683594,124.12000274658203,997.2449951171875,182.28500366210938,86.98999786376953,34.779998779296875,81.1500015258789,189.86000061035156,116.50990295410156,177.94000244140625,49.75,136.1199951171875,59.95000076293945,12.3149995803833,200.46499633789062,129.72000122070312,76.36000061035156,350.6099853515625,929.0574951171875,40.66780090332031,329.510009765625,326.8500061035156,228.19000244140625,231.86500549316406,81.91000366210938,397.75,466.4700012207031,230.25999450683594,313.239990234375,31.78499984741211,80.0199966430664,871.8400268554688,240.75,516.5900268554688,359.8900146484375,293.9599914550781,82.3499984741211,668.1849975585938,229.17999267578125,111.80999755859375,189.5800018310547,426.1600036621094,44.869998931884766,20.295000076293945,91.52999877929688,209.02000427246094,165.41000366210938,92.17500305175781,58.70000076293945,157.3000030517578,26.770000457763672,150.75999450683594,203.5749969482422,221.94000244140625,165.86500549316406,49.70500183105469,147.19000244140625,748.1749877929688,96.7699966430664,90.87000274658203,56.2599983215332,448.4200134277344,323.6099853515625,51.44499969482422,129.4199981689453,157.8300018310547,468.6549987792969,247.5500030517578,375.0199890136719,266.1099853515625,365.1600036621094,56.51499938964844,313.5400085449219,239.27999877929688,431.260009765625,81.7750015258789,72.98999786376953,128.27000427246094,152.19000244140625,229305,54925,59496,46704,297244,6780,271057,133290,287612,18500,112074,20425,102723,91495,3329,160226,47240,11210,49235,29129,156356,20084,90627,8092,80017,140892,230352,233562,116219,25705,42007,168003,32724,66278,864405,13838,20704,212203,179945,5252,71699,32371,16312,14906,30635,1050730,15363,12467,35772,27203,91010,291872,15379,38197,24408,14748,31301,73374,98562,7941,31912,24721,300955,132896,35774,111320,1453227,272259,44681,176853,22938,288062,59276,10991,14695,12288,92394,131562,1675,105067,40241,123348,14493,13048,38142,199882,13524,20229,5909.0,399658,40044,158003,36516,83324,17703,4401,137631,63018,80062,141425
2026-04-28 15:35:00+00:00,270.1700134277344,198.38999938964844,244.11749267578125,380.2099914550781,318.9200134277344,343.0150146484375,259.7449951171875,39.13999938964844,396.8999938964844,318.0799865722656,52.904998779296875,149.36000061035156,176.9149932861328,68.80500030517578,1053.719970703125,58.959999084472656,128.3800048828125,332.1300048828125,287.9849853515625,284.9750061035156,33.099998474121094,192.43499755859375,124.18000030517578,996.9749755859375,182.3800048828125,86.9000015258789,34.76499938964844,81.2699966430664,189.7949981689453,116.37999725341797,178.0399932861328,49.744998931884766,136.1649932861328,59.940101623535156,12.3149995803833,200.6699981689453,129.58999633789062,76.1500015258789,350.1400146484375,928.8400268554688,40.70000076293945,329.489990234375,327.25,228.53500366210938,231.9010009765625,81.88999938964844,398.260009765625,466.7699890136719,229.97999572753906,313.18499755859375,31.825000762939453,79.875,870.260009765625,240.67999267578125,516.52001953125,359.7449951171875,294.04998779296875,82.33499908447266,668.7000122070312,229.4600067138672,111.4303970336914,189.52999877929688,426.4649963378906,44.91999816894531,20.325000762939453,91.33999633789062,209.17999267578125,165.89500427246094,92.23999786376953,58.7599983215332,157.35000610351562,26.700000762939453,150.77999877929688,203.7050018310547,222.16000366210938,166.02000427246094,49.77000045776367,147.30999755859375,747.1599731445312,96.93000030517578,90.79000091552734,56.29499816894531,449.1499938964844,323.510009765625,51.47999954223633,129.5399932861328,157.75,468.8399963378906,247.75999450683594,375.1499938964844,266.364990234375,365.0899963378906,56.55500030517578,313.2149963378906,239.5,430.80499267578125,81.78500366210938,73.04499816894531,128.3300018310547,152.22999572753906,238326,32436,29582,59663,220467,8677,350098,83320,255862,18404,121812,13944,55821,64112,2412,94303,36616,75597,7461,6265,228794,13316,74470,5162,54792,76252,75404,168616,132245,18709,22059,148343,20405,35076,300680,12740,31812,106421,242733,11901,66817,18639,14784,21155,28303,1017664,16165,11318,75084,35747,94518,335297,18250,21468,21710,26980,35869,64716,108690,7039,107976,20895,260852,86314,31034,188559,1369921,317299,33117,98763,38951,377778,50828,27587,15212,20559,54521,138669,2426,58392,43733,154630,14714,11731,36185,23702,25773,17283,9821.0,450379,35615,83937,49613,79757,14573,7183,90419,81856,87889,198519
2026-04-28 15:40:00+00:00,269.92999267578125,198.44500732421875,243.36000061035156,380.9200134277344,318.43499755859375,342.9100036621094,259.5299072265625,39.099998474121094,396.42999267578125,318.1199951171875,52.87009811401367,149.34500122070312,176.22999572753906,68.86000061035156,1053.0550537109375,59.04499816894531,128.3300018310547,332.17498779296875,287.95001220703125,284.67498779296875,33.160099029541016,192.50999450683594,124.18000030517578,996.3300170898438,182.13999938964844,86.875,34.71500015258789,81.08509826660156,189.6999969482422,116.2699966430664,177.9499969482422,49.65999984741211,136.1750030517578,59.92499923706055,12.305000305175781,201.0800018310547,129.58999633789062,76.2699966430664,350.0299987792969,928.1400146484375,40.685001373291016,329.625,327.82501220703125,228.3350067138672,231.5500030517578,82.08000183105469,397.76239013671875,466.55999755859375,229.9499969482422,313.0299987792969,31.815000534057617,80.02999877929688,871.125,240.6699981689453,516.1900024414062,359.7650146484375,294.2250061035156,82.27999877929688,669.280029296875,229.25999450683594,111.44999694824219,189.33999633789062,426.2749938964844,44.91999816894531,20.264999389648438,90.98999786376953,209.48989868164062,165.92999267578125,92.2300033569336,58.70500183105469,157.3300018310547,26.70009994506836,150.8800048828125,203.75,222.25,165.81500244140625,49.755001068115234,147.32000732421875,747.969970703125,96.94000244140625,90.77999877929688,56.22999954223633,447.79998779296875,323.3999938964844,51.46500015258789,129.60000610351562,157.58999633789062,469.0350036621094,247.3249969482422,374.7799987792969,266.7699890136719,364.1600036621094,56.54999923706055,313.1050109863281,238.84500122070312,430.75,81.79000091552734,72.98999786376953,128.3300018310547,152.1699981689453,692127,40701,34715,43186,281696,7436,346118,42498,193102,19890,100693,10231,507962,84985,1182,76855,61332,10240,3551,9297,135812,13289,64335,2381,43690,75469,63916,60937,141667,9122,27164,80272,24614,34997,375233,66153,20674,120886,181347,5369,42804,13204,6083,27438,24434,1021966,7397,8558,47221,21948,79363,136054,12309,7904,23018,53360,20651,38291,106015,8367,34907,19526,155525,156020,28629,150602,1736425,210643,21959,93209,25472,554170,49999,8118,3907,20428,40141,67059,1167,34546,29123,296914,16103,8170,25186,23455,12890,5873,5142.0,373733,26818,193172,59542,43343,19993,7000,98805,108578,82353,235540
2026-04-28 15:45:00+00:00,269.79010009765625,198.5,243.43499755859375,380.57000732421875,318.5199890136719,343.19000244140625,259.3699951171875,39.06999969482422,395.6000061035156,317.9100036621094,52.8650016784668,149.22500610351562,176.51499938964844,68.83999633789062,1052.6400146484375,59.0099983215332,128.2899932861328,332.4200134277344,287.5150146484375,284.9100036621094,33.13999938964844,192.5,124.12999725341797,997.0,182.0500030517578,86.91999816894531,34.69599914550781,81.05999755859375,189.4499969482422,116.38999938964844,178.24000549316406,49.6349983215332,135.9499969482422,59.88999938964844,12.300000190734863,200.92999267578125,129.66510009765625,76.16999816894531,349.80999755859375,928.4268798828125,40.66999816894531,329.8399963378906,327.6000061035156,228.4250030517578,231.41000366210938,81.72000122070312,398.010009765625,466.29998779296875,230.00010681152344,312.989990234375,31.829999923706055,79.96499633789062,871.719970703125,240.9250030517578,516.1500244140625,359.7200012207031,294.16900634765625,82.19999694824219,668.6981811523438,229.83999633789062,111.41999816894531,189.30499267578125,426.7799987792969,44.92499923706055,20.295000076293945,91.05000305175781,209.02999877929688,165.92999267578125,92.2300033569336,58.724998474121094,157.3000030517578,26.764999389648438,151.0399932861328,203.875,222.1199951171875,165.9149932861328,49.77000045776367,147.1699981689453,748.4099731445312,96.91000366210938,90.81999969482422,56.095001220703125,447.3699951171875,322.9200134277344,51.45500183105469,129.69000244140625,157.6699981689453,469.6199951171875,247.46800231933594,374.3550109863281,266.7699890136719,364.3100891113281,56.58000183105469,312.75,239.24000549316406,431.2950134277344,81.74500274658203,73.05000305175781,128.4600067138672,151.96009826660156,216412,38312,45568,50552,209025,5535,334462,29639,353827,19418,109995,12324,63177,51744,1723,82637,33394,32906,8086,12334,64890,15050,51592,5574,66826,68034,124134,56144,97640,14010,20163,115622,38600,31724,268755,40806,20996,112582,223024,10010,62289,14324,9681,17899,20476,1279081,26201,5626,67863,21151,76828,157005,13293,9058,28349,11619,31486,47466,124916,9566,46402,14252,686930,66707,28313,175256,1390574,161731,37666,126891,20287,387555,54057,12044,8512,18668,41892,88600,2619,85836,27516,113984,13904,14522,36591,15292,16832,9888,3572.0,541439,41292,80229,40406,74178,17726,7778,91189,182858,70228,137649
2026-04-28 15:50:00+00:00,269.68499755859375,198.44000244140625,243.44500732421875,380.8699951171875,319.2550048828125,343.42498779296875,259.67999267578125,38.95000076293945,395.0299072265625,318.2416076660156,52.88029861450195,149.34500122070312,176.6300048828125,68.75499725341797,1052.175048828125,58.994998931884766,128.35499572753906,332.5400085449219,287.29998779296875,284.8399963378906,33.185001373291016,192.6750030517578,124.03500366210938,996.7000122070312,182.2449951171875,86.83999633789062,34.64699935913086,81.12999725341797,189.16000366210938,116.62249755859375,178.3800048828125,49.564998626708984,135.89999389648438,59.95000076293945,12.307000160217285,200.14500427246094,129.6649932861328,76.06999969482422,349.4794006347656,927.7750244140625,40.635101318359375,330.1300048828125,328.30999755859375,229.44200134277344,231.53990173339844,81.70999908447266,398.5,466.4150085449219,229.88999938964844,313.2200012207031,31.834999084472656,80.01499938964844,871.030029296875,241.02000427246094,516.2625122070312,359.9150085449219,294.3550109863281,82.3009033203125,668.2999877929688,229.30999755859375,111.51000213623047,189.4499969482422,427.3999938964844,44.95500183105469,20.315000534057617,91.11000061035156,209.5800018310547,165.85069274902344,92.19999694824219,58.650001525878906,157.42999267578125,26.790000915527344,151.14999389648438,203.90499877929688,222.22000122070312,165.7550048828125,49.83000183105469,147.23989868164062,748.469970703125,97.0199966430664,90.87000274658203,56.09000015258789,447.3800048828125,323.1199951171875,51.44499969482422,129.7550048828125,157.66000366210938,470.29998779296875,247.6199951171875,374.7554931640625,266.54998779296875,364.9945068359375,56.56999969482422,312.9599914550781,238.76499938964844,431.69000244140625,81.80999755859375,73.08000183105469,128.47000122070312,151.72999572753906,231952,35700,65350,47659,362142,7188,240256,57023,314793,12386,112565,15139,35162,45510,1452,86972,30787,14098,8099,8555,164631,21403,52181,5290,39744,99858,41661,34636,66723,19512,16468,75644,36406,42445,550961,29953,23218,123938,139937,4890,60191,16155,8417,26951,19190,1068838,8565,13697,48135,21222,90130,132735,12682,8061,17561,4556,22144,41407,86121,17693,31079,16415,320183,42156,51290,88998,1257214,149112,34318,83006,14344,516144,29569,8546,3773,45344,36397,108449,1061,40904,52748,104152,12351,7427,31575,14503,14519,6469,7579.0,355011,52090,46588,40146,43204,11626,7567,93982,41324,50268,119179
2026-04-28 15:55:00+00:00,269.6400146484375,198.42999267578125,243.2100067138672,381.3999938964844,319.8999938964844,343.0849914550781,259.8299865722656,38.95000076293945,395.3450012207031,318.0950012207031,52.85499954223633,149.27499389648438,176.8699951171875,68.7699966430664,1051.41015625,58.79999923706055,128.39999389648438,332.114990234375,287.45001220703125,284.8699951171875,33.20500183105469,192.47999572753906,124.07499694824219,997.844970703125,182.02000427246094,86.83999633789062,34.630001068115234,81.1500015258789,189.2449951171875,116.7300033569336,178.27830505371094,49.54499816894531,135.8800048828125,59.97999954223633,12.295000076293945,199.8800048828125,129.58999633789062,75.94000244140625,349.19500732421875,928.030029296875,40.70500183105469,330.2099914550781,327.8450012207031,229.8000030517578,231.22000122070312,81.7750015258789,398.760009765625,466.2200012207031,229.8350067138672,313.0350036621094,31.854999542236328,80.01499938964844,870.2100219726562,241.07000732421875,516.2160034179688,360.1700134277344,294.29998779296875,82.2300033569336,668.8200073242188,229.17799377441406,111.38999938964844,189.42999267578125,427.68548583984375,44.970001220703125,20.454999923706055,91.0999984741211,209.75050354003906,166.1300048828125,92.12000274658203,58.689998626708984,157.3699951171875,26.78499984741211,151.07000732421875,203.8699951171875,222.08999633789062,165.64500427246094,49.849998474121094,147.32000732421875,747.7957763671875,97.01499938964844,90.84500122070312,56.255001068115234,447.135009765625,323.07000732421875,51.44499969482422,129.77000427246094,157.68499755859375,469.6650085449219,247.75,375.2900085449219,266.6300048828125,365.44000244140625,56.57500076293945,312.79998779296875,238.72999572753906,430.8349914550781,81.7750015258789,73.08000183105469,128.57000732421875,151.7550048828125,157931,41365,41161,51729,269004,6378,272799,36089,154666,17015,125568,16787,55352,90873,3236,353476,86662,17192,6400,10745,226377,15981,96938,8211,49480,60323,43130,37436,49628,9929,24134,87486,22114,51766,365018,23052,23445,144562,188133,5641,39662,17384,12346,22137,30574,1001314,16208,17055,67783,23459,81431,127672,147225,9299,20122,8536,23443,34903,89303,8679,44132,15969,278871,57336,76336,97185,1067632,196714,34005,95741,18936,254675,52269,17704,6682,23559,44396,755425,1708,35696,30752,81569,22005,14152,35805,15447,18991,15123,4136.0,369623,18771,62371,52248,37535,14819,8857,85086,111635,62648,67065
2026-04-28 16:00:00+00:00,269.9949951171875,198.27000427246094,243.53500366210938,382.82110595703125,320.3999938964844,342.57501220703125,260.44000244140625,38.95500183105469,396.29998779296875,318.0849914550781,52.89500045776367,149.14999389648438,176.7899932861328,68.76000213623047,1052.7650146484375,58.869998931884766,128.50999450683594,331.8299865722656,287.3949890136719,284.8349914550781,33.10499954223633,192.55999755859375,124.13999938964844,997.9650268554688,181.7899932861328,86.93499755859375,34.6609001159668,81.16000366210938,189.17999267578125,116.69999694824219,178.13999938964844,49.58000183105469,135.89999389648438,59.959999084472656,12.28499984741211,199.97999572753906,129.5500030517578,76.23059844970703,348.8999938964844,929.5653076171875,40.720001220703125,330.5050048828125,328.1050109863281,230.1999969482422,231.21249389648438,82.20500183105469,398.3299865722656,466.7349853515625,229.52000427246094,313.0199890136719,31.834999084472656,80.04000091552734,867.969970703125,241.49000549316406,515.1099853515625,360.239990234375,294.2749938964844,82.1500015258789,667.5,229.1999969482422,111.29000091552734,189.52000427246094,427.739990234375,44.904998779296875,20.514999389648438,90.97000122070312,209.80499267578125,166.01499938964844,92.24500274658203,58.71500015258789,157.26499938964844,26.774999618530273,151.02499389648438,203.73500061035156,222.17999267578125,165.50999450683594,49.81999969482422,147.39999389648438,746.760009765625,96.94499969482422,90.79000091552734,56.20000076293945,447.3900146484375,322.7650146484375,51.45500183105469,129.71490478515625,157.7100067138672,468.04998779296875,247.88999938964844,375.3599853515625,266.8450012207031,366.69000244140625,56.619998931884766,312.2900085449219,238.7534942626953,429.6650085449219,81.84980010986328,73.20999908447266,128.4550018310547,151.7100067138672,229323,39492,24099,58631,264400,4349,883840,46618,166539,18938,121790,21374,34233,54998,3068,142182,51483,11811,6998,8806,157744,27151,62643,6494,69178,77027,105349,44479,75661,16484,17874,92014,12336,30316,484651,9164,22005,74600,261328,7044,51716,12771,11063,36265,27069,1026012,7742,14175,49425,31927,87968,319594,47578,7637,44733,7483,22206,35635,76305,8428,59365,15952,563541,74583,84808,110112,1138304,175481,76688,100304,20497,321564,41348,11729,7248,14910,42083,102676,1419,41880,30180,110938,15302,6998,34832,20129,16526,43517,2326.0,390972,36395,162999,56119,65900,9910,7326,97239,87477,103386,105663
2026-04-28 16:05:00+00:00,269.94000244140625,198.27000427246094,243.75,383.44000244140625,321.0950012207031,342.70001220703125,260.19000244140625,38.96500015258789,396.6600036621094,318.1400146484375,52.88999938964844,149.35000610351562,176.74000549316406,68.81999969482422,1053.6700439453125,58.759498596191406,128.55999755859375,332.05499267578125,287.8324890136719,284.82501220703125,33.08000183105469,192.88499450683594,124.09500122070312,997.969970703125,182.02999877929688,86.91500091552734,34.68000030517578,81.23999786376953,189.21499633789062,116.66999816894531,178.29299926757812,49.619998931884766,135.91000366210938,60.0099983215332,12.28499984741211,200.0301055908203,129.3800048828125,76.25,348.9599914550781,929.4199829101562,40.744998931884766,330.6700134277344,327.8800048828125,230.55499267578125,231.5,82.48999786376953,398.3500061035156,467.3450012207031,228.89999389648438,312.9200134277344,31.834999084472656,80.06500244140625,868.159912109375,241.61000061035156,514.5800170898438,359.9100036621094,294.4200134277344,82.15010070800781,667.239990234375,229.5,111.34500122070312,189.48500061035156,427.7611999511719,44.910099029541016,20.530000686645508,90.83499908447266,209.8699951171875,166.05999755859375,92.06999969482422,58.814998626708984,157.27999877929688,26.795000076293945,150.94000244140625,203.9499969482422,222.1750030517578,165.72999572753906,49.8650016784668,147.8000030517578,746.509521484375,97.1500015258789,90.75,56.244998931884766,446.94500732421875,322.739990234375,51.46500015258789,129.75,157.67010498046875,468.0299987792969,247.9499969482422,375.61920166015625,266.9750061035156,367.20001220703125,56.6349983215332,311.7300109863281,238.80499267578125,429.57000732421875,81.86000061035156,73.2300033569336,128.3000030517578,151.75,160359,27447,20149,44501,344161,6016,544989,51222,235915,14582,77959,12324,50385,52870,1562,129139,89310,13342,9963,3271,127156,13537,45113,6102,39213,159351,44172,24232,44628,14759,41390,78302,12365,80218,561469,5189,19614,120958,123357,6044,60762,12629,10321,20134,23710,1420523,13593,9382,124360,25927,91430,186539,21626,17779,28220,5647,23073,35357,119041,8175,37489,14280,281068,49194,49244,138368,1453878,251054,16969,110309,12745,189018,34996,24258,4526,18090,76096,110023,3836,51474,23244,68301,8832,9238,34365,38037,13179,32041,8179.0,320609,27537,183352,87918,53451,9657,5490,76722,44746,94784,69087
2026-04-28 16:10:00+00:00,269.8699951171875,198.35000610351562,243.9199981689453,383.3699951171875,320.55499267578125,342.5199890136719,260.239990234375,38.938499450683594,396.8599853515625,318.260009765625,52.915000915527344,149.4250030517578,176.82000732421875,68.79000091552734,1053.7900390625,58.720001220703125,128.55999755859375,332.1700134277344,287.54998779296875,285.1300048828125,33.1150016784668,192.9600067138672,124.20500183105469,998.0399780273438,182.1750030517578,86.86000061035156,34.713600158691406,81.22000122070312,189.33999633789062,116.62000274658203,178.39999389648438,49.665000915527344,136.08999633789062,60.029998779296875,12.274999618530273,200.30499267578125,129.36000061035156,76.27999877929688,348.8597106933594,929.739990234375,40.689998626708984,330.4200134277344,328.1400146484375,230.60000610351562,231.5,82.42880249023438,398.5899963378906,467.9800109863281,229.15499877929688,313.1000061035156,31.825000762939453,80.24500274658203,868.0,241.7899932861328,514.5599975585938,360.42999267578125,294.55999755859375,82.24500274658203,667.6699829101562,229.91000366210938,111.29000091552734,189.61500549316406,427.7699890136719,44.92499923706055,20.440000534057617,90.7249984741211,209.9949951171875,166.32000732421875,92.08999633789062,58.94499969482422,157.57420349121094,26.78499984741211,150.97000122070312,204.00999450683594,222.22000122070312,165.86000061035156,49.904998779296875,147.7100067138672,746.530029296875,97.22000122070312,90.8427963256836,56.185001373291016,447.2349853515625,323.1300048828125,51.49509811401367,129.67750549316406,157.57000732421875,468.9599914550781,248.05499267578125,375.010009765625,266.8299865722656,367.8374938964844,56.6150016784668,312.0375061035156,239.38999938964844,429.760009765625,81.82499694824219,73.25,128.36000061035156,151.8699951171875,115092,42320,21115,34465,168041,5147,277078,24948,169419,14172,95820,15269,27966,48841,1845,86643,66481,16507,11841,10577,163175,26415,53733,5840,48644,232246,30119,43054,43100,12398,19658,60433,28213,26672,416092,5632,16629,96425,109287,7701,34903,22978,7049,26945,36475,893794,7078,5136,36602,25075,57603,149332,25119,7149,24942,7742,18536,25781,57959,11289,25479,20873,667297,43751,57356,135576,1168232,437618,35277,133249,30990,263940,36169,10211,5659,19651,63824,59732,2739,54117,28997,77622,8822,6791,34141,17411,9034,48044,2180.0,368675,32220,137949,99656,46656,18446,3876,80532,42169,57511,91492
2026-04-28 16:15:00+00:00,269.6700134277344,198.1699981689453,243.72000122070312,383.2650146484375,320.95001220703125,342.45001220703125,260.4849853515625,38.810699462890625,396.69000244140625,318.1549987792969,52.91999816894531,149.35400390625,176.6999969482422,68.68000030517578,1052.8900146484375,58.54499816894531,128.55999755859375,332.0050048828125,287.29998779296875,285.0849914550781,33.07500076293945,192.8300018310547,124.0999984741211,998.0399780273438,182.10000610351562,86.7750015258789,34.65409851074219,81.2300033569336,189.3300018310547,116.72000122070312,178.3350067138672,49.584999084472656,136.02999877929688,59.95000076293945,12.279999732971191,200.05999755859375,129.24000549316406,76.17500305175781,349.4700012207031,929.4299926757812,40.630001068115234,330.2900085449219,328.32000732421875,230.10000610351562,231.33999633789062,82.47000122070312,398.697509765625,467.5249938964844,229.0500030517578,312.8500061035156,31.815000534057617,80.11499786376953,867.2100219726562,241.6999969482422,513.77001953125,360.239990234375,294.5400085449219,82.05000305175781,669.0449829101562,230.10000610351562,111.16000366210938,189.49000549316406,427.69000244140625,44.92499923706055,20.360000610351562,90.75,210.01010131835938,166.47999572753906,92.0250015258789,58.8849983215332,157.6999969482422,26.764999389648438,150.75999450683594,203.90499877929688,222.22999572753906,165.97999572753906,49.88999938964844,147.89999389648438,745.989990234375,97.0999984741211,90.79499816894531,56.09000015258789,447.0899963378906,322.54998779296875,51.5,129.5749969482422,157.72999572753906,468.82501220703125,248.27000427246094,375.54998779296875,266.94000244140625,368.4599914550781,56.595001220703125,311.6549987792969,239.51499938964844,429.8800048828125,81.91000366210938,73.26000213623047,128.25999450683594,151.86000061035156,132390,50674,22778,28067,158703,9936,351388,94612,159267,16566,101048,17188,27549,60771,1529,134348,38166,9175,15907,4424,138453,15291,63201,6592,54193,102999,102122,29392,40078,19761,13913,82147,39503,44248,667098,5809,15664,86961,208797,8801,35200,10193,8492,24370,23272,834830,11091,8331,66352,20288,79206,143661,17056,6860,27953,7210,23042,66090,78531,4170,50946,13210,192717,62860,41964,154855,1326258,259605,27870,193026,18292,404212,40156,12488,5061,51171,73476,72943,3330,88158,26250,112003,25762,16831,56597,11947,14868,12786,4765.0,337279,25931,222655,55413,46735,37380,2765,216615,76689,62647,136663
2026-04-28 16:20:00+00:00,269.3900146484375,198.0800018310547,243.8699951171875,383.55999755859375,321.1650085449219,342.5799865722656,260.072998046875,38.779998779296875,396.82000732421875,318.3800048828125,52.94499969482422,149.4499969482422,177.11000061035156,68.48500061035156,1053.6600341796875,58.595001220703125,128.7248992919922,332.1449890136719,287.4949951171875,284.8599853515625,33.11000061035156,192.90499877929688,123.91999816894531,997.5549926757812,182.32000732421875,86.66500091552734,34.61000061035156,81.2300033569336,189.1300048828125,116.82499694824219,178.3350067138672,49.52009963989258,135.85000610351562,59.939998626708984,12.3100004196167,199.64999389648438,129.24000549316406,76.74500274658203,349.260009765625,929.8200073242188,40.630001068115234,330.3800048828125,328.7749938964844,230.13999938964844,231.4550018310547,82.41999816894531,398.6099853515625,467.1449890136719,228.85000610351562,313.04998779296875,31.81999969482422,80.17500305175781,867.405029296875,241.83999633789062,513.4000244140625,360.5950012207031,294.6099853515625,82.05500030517578,669.0349731445312,230.22999572753906,111.19000244140625,189.50999450683594,428.1449890136719,44.95500183105469,20.31999969482422,90.68499755859375,210.42999267578125,166.83799743652344,91.95999908447266,58.83000183105469,157.83999633789062,26.75,150.8000030517578,204.22000122070312,222.27000427246094,165.89500427246094,49.869998931884766,148.38999938964844,745.47998046875,97.08989715576172,90.76000213623047,56.005001068115234,446.9599914550781,322.8550109863281,51.529998779296875,129.36500549316406,157.7550048828125,469.0425109863281,247.92999267578125,375.6299133300781,267.2900085449219,368.43499755859375,56.630001068115234,311.760009765625,239.50999450683594,430.29681396484375,81.93499755859375,73.2300033569336,128.17999267578125,151.6768035888672,190090,82344,11919,29163,274241,6595,279246,30614,171425,11183,71544,10573,44516,46206,1664,388921,29757,13526,18477,8795,92900,24919,227299,4470,51424,102877,29558,38324,50595,14890,17383,97499,32115,30839,472728,5549,18138,169323,130429,5448,45271,14787,8020,8850,20085,662575,5367,11155,119154,16850,95490,122298,11826,12378,15367,4296,16235,106807,63707,8018,35677,20158,210333,53605,27048,89328,1480786,175081,12254,100101,22288,272705,23124,8006,19058,12946,60716,109896,730,58375,31704,143429,11316,10090,27675,19680,11401,6133,6164.0,339089,29440,154771,38198,38174,7024,4883,84809,154105,60494,77194
2026-04-28 16:25:00+00:00,269.5159912109375,197.97000122070312,243.86000061035156,382.5950012207031,320.54998779296875,342.4549865722656,260.1600036621094,38.790000915527344,396.6499938964844,318.3599853515625,52.904998779296875,149.36000061035156,177.0800018310547,68.58999633789062,1053.050048828125,58.650001525878906,128.62010192871094,332.023193359375,287.6499938964844,284.92999267578125,33.17499923706055,192.8300018310547,123.95999908447266,997.4000244140625,182.61000061035156,86.69000244140625,34.599998474121094,81.23500061035156,189.22999572753906,116.68499755859375,178.36000061035156,49.494998931884766,135.71499633789062,59.90999984741211,12.295000076293945,199.63999938964844,129.19500732421875,76.63999938964844,349.2200012207031,929.2449951171875,40.64500045776367,330.1400146484375,328.7650146484375,230.60499572753906,231.4499969482422,82.24849700927734,398.75439453125,465.9100036621094,228.9199981689453,312.8399963378906,31.834999084472656,80.23999786376953,867.0900268554688,241.61500549316406,513.4600219726562,360.8500061035156,294.510009765625,82.06330108642578,669.3381958007812,230.4499969482422,111.11000061035156,189.41000366210938,428.4949951171875,45.025001525878906,20.325000762939453,90.68499755859375,210.11000061035156,166.7100067138672,91.91000366210938,58.8849983215332,157.9674072265625,26.774999618530273,150.8300018310547,204.17999267578125,222.1999969482422,165.90499877929688,49.849998474121094,148.11000061035156,742.3699951171875,97.16500091552734,90.69999694824219,55.9900016784668,446.2449951171875,322.6300048828125,51.52000045776367,129.39540100097656,157.74000549316406,468.9100036621094,248.14999389648438,375.0899963378906,266.9800109863281,368.75,56.59000015258789,311.69000244140625,239.5399932861328,429.56500244140625,81.87000274658203,73.28500366210938,128.18499755859375,151.72999572753906,125906,34005,19157,32144,191096,10168,223376,20957,110657,12718,119265,15329,41100,45731,1226,159401,30118,7454,7846,8153,126624,11324,73398,4357,54279,118870,33100,32347,55122,19974,32027,75165,40063,33023,417369,9431,10765,84276,130801,8235,27655,17544,12047,17201,17118,734852,10551,9423,72360,23534,76800,196364,12134,11326,20183,12903,19117,48919,40337,13266,28393,11597,169342,80880,17663,184555,1026889,222187,18226,203676,185928,151711,193442,4765,8157,14474,55007,147102,13287,60453,21447,157730,9108,14278,49484,23199,14400,9624,2705.0,300709,42426,159477,36056,30818,15118,5937,154580,36297,53708,95082
2026-04-28 16:30:00+00:00,269.57000732421875,197.72000122070312,243.52000427246094,382.2193908691406,319.8949890136719,342.1000061035156,260.1449890136719,38.78499984741211,395.80999755859375,318.3550109863281,52.8650016784668,148.99000549316406,177.0500030517578,68.58999633789062,1052.9000244140625,58.459999084472656,128.63499450683594,332.125,287.4750061035156,284.56500244140625,33.150001525878906,192.80999755859375,123.90499877929688,996.72998046875,182.1699981689453,86.69000244140625,34.599998474121094,81.2300033569336,189.27999877929688,116.5999984741211,178.39500427246094,49.5,135.75999450683594,59.88999938964844,12.305000305175781,199.46499633789062,129.05999755859375,76.94999694824219,348.7300109863281,929.27001953125,40.6349983215332,329.8900146484375,328.8299865722656,231.3000030517578,231.85000610351562,81.69000244140625,398.67498779296875,465.0,228.60000610351562,312.8699951171875,31.854999542236328,80.19000244140625,867.2750244140625,241.3699951171875,512.1799926757812,360.7749938964844,294.2049865722656,81.91999816894531,669.0001220703125,230.46499633789062,111.05999755859375,189.41000366210938,427.7300109863281,44.939998626708984,20.295000076293945,90.41500091552734,210.0500030517578,167.11160278320312,91.80999755859375,58.88999938964844,157.875,26.729999542236328,150.77000427246094,204.22999572753906,222.10499572753906,166.08999633789062,49.849998474121094,147.99000549316406,741.0449829101562,97.0999984741211,90.80999755859375,55.974998474121094,446.2200012207031,322.25,51.505001068115234,129.33999633789062,157.82000732421875,467.8699951171875,247.8000946044922,375.0050048828125,266.17999267578125,368.8999938964844,56.564998626708984,311.30999755859375,239.85000610351562,429.3200988769531,81.82859802246094,73.37999725341797,127.95999908447266,151.80999755859375,184342,56998,26165,43746,182822,9443,289622,40586,158572,16119,181615,10505,103518,36162,1639,180133,31953,13463,9970,5886,146592,21770,77241,4601,94473,130591,36649,30770,52120,13168,43303,68579,15389,36548,301042,6765,24361,134620,180581,12253,32683,16705,5317,35084,61195,1203063,20481,15623,65691,32693,106867,169810,15681,15728,44246,7713,20581,55144,46531,6970,52714,19907,181407,150384,49277,213966,907750,337489,16541,96212,77620,278892,47199,8684,5952,14505,40272,63834,5805,59841,41272,129130,9954,12511,52510,18083,12816,16829,6058.0,349806,46559,87778,36481,62069,9508,4928,153812,32308,55989,96045
2026-04-28 16:35:00+00:00,269.79998779296875,197.7100067138672,243.57009887695312,381.65008544921875,319.3999938964844,341.94000244140625,259.9200134277344,38.78499984741211,396.4200134277344,318.3999938964844,52.86000061035156,148.97000122070312,177.16000366210938,68.55000305175781,1052.05322265625,58.290000915527344,128.5800018310547,331.9700012207031,287.4750061035156,284.6199951171875,33.165000915527344,192.51499938964844,123.9000015258789,996.385009765625,182.38999938964844,86.6500015258789,34.58000183105469,81.2300033569336,189.30499267578125,116.62999725341797,178.4499969482422,49.46500015258789,135.67999267578125,59.900001525878906,12.29990005493164,199.375,129.01499938964844,76.9000015258789,349.3299865722656,928.1199951171875,40.630001068115234,329.68499755859375,328.5299987792969,231.1649932861328,232.38499450683594,81.73500061035156,398.9700012207031,465.1600036621094,228.35000610351562,312.67999267578125,31.850000381469727,80.11499786376953,866.2249755859375,241.3300018310547,512.1699829101562,360.4700012207031,294.17999267578125,81.88999938964844,669.4099731445312,230.49000549316406,110.94000244140625,189.38150024414062,427.8900146484375,44.92499923706055,20.3700008392334,90.49669647216797,209.51499938964844,166.74000549316406,91.79000091552734,58.8650016784668,157.85000610351562,26.690000534057617,150.72999572753906,204.1699981689453,222.0800018310547,166.10000610351562,49.84000015258789,148.55999755859375,741.2899780273438,97.125,90.86000061035156,56.02000045776367,445.9849853515625,322.19000244140625,51.474998474121094,129.24000549316406,157.8300018310547,468.3599853515625,247.9600067138672,375.3450012207031,266.25,369.0950012207031,56.540000915527344,310.7799987792969,239.71499633789062,429.7550048828125,81.76499938964844,73.45999908447266,127.95999908447266,151.7100067138672,136325,49023,16941,57922,311196,6448,254331,29198,144923,26728,122836,11619,121867,34951,2698,408129,113084,9368,5675,9400,105924,33883,39628,3163,40970,107296,38365,29926,43913,10562,26024,64246,14594,56562,143039,5024,11792,73952,159430,26102,30094,24062,13036,22674,56180,1308961,10914,6609,78428,33777,71351,158315,18086,7081,171289,8964,19449,79088,50942,10450,46075,19352,205224,45771,107671,282076,1411005,187345,16384,65310,35867,144973,25518,6289,5855,23386,58519,134814,3085,54255,60609,169366,11616,13667,37603,17934,11750,30257,2617.0,382221,65957,124091,82420,48177,17473,4437,123244,96004,78108,143904
2026-04-28 16:40:00+00:00,269.6549987792969,197.30999755859375,243.39999389648438,382.0199890136719,320.4932861328125,341.3500061035156,259.5899963378906,38.77000045776367,396.2900085449219,318.7799987792969,52.875,148.8300018310547,176.4499969482422,68.56500244140625,1051.4300537109375,58.2599983215332,128.74000549316406,331.6400146484375,286.4200134277344,284.635009765625,33.15999984741211,192.6649932861328,123.87999725341797,995.3350219726562,182.39999389648438,86.55500030517578,34.564998626708984,81.0,189.32000732421875,116.6449966430664,178.46499633789062,49.44499969482422,135.41000366210938,59.869998931884766,12.295000076293945,199.39500427246094,128.86000061035156,76.94000244140625,349.20001220703125,928.89501953125,40.72010040283203,329.4700012207031,328.2250061035156,230.25,232.1199951171875,81.93499755859375,399.0199890136719,464.70001220703125,228.00999450683594,312.55999755859375,31.815000534057617,80.11499786376953,865.9400024414062,241.1199951171875,511.9200134277344,360.42999267578125,293.94500732421875,81.83000183105469,668.3701171875,230.58999633789062,110.75,189.375,427.8800048828125,44.900001525878906,20.375,90.26499938964844,209.96499633789062,166.2899932861328,91.6500015258789,58.849998474121094,157.65199279785156,26.690000534057617,150.66000366210938,204.0399932861328,221.9600067138672,165.875,49.80500030517578,148.5500030517578,740.260009765625,97.12999725341797,90.93000030517578,56.064998626708984,445.5050048828125,322.17999267578125,51.43000030517578,129.25999450683594,157.80999755859375,467.92999267578125,247.6999969482422,375.92999267578125,266.3599853515625,368.5799865722656,56.494998931884766,310.9700012207031,239.5,429.19500732421875,81.73500061035156,73.41000366210938,127.76010131835938,151.6199951171875,166428,32207,19012,51222,212098,7869,233881,26163,118236,42351,103026,12920,20085,37747,1376,232870,63721,5217,12952,7437,62728,7003,66386,8751,47542,73957,31209,59152,45829,11457,20663,100077,18324,22400,193442,4656,20132,77300,99624,7340,136908,17396,13533,129514,39622,679864,6380,8302,30615,30937,81070,188955,14585,9804,24690,5216,23624,44257,45225,11511,63389,12570,172489,68827,64927,190756,986741,156102,20943,45983,25512,234055,30361,8226,5143,13103,45307,90986,2589,58949,36700,57320,9426,9619,37327,12985,14210,6908,2886.0,372386,39135,126911,44730,46329,6511,8960,112935,36067,62068,76963
2026-04-28 16:45:00+00:00,269.81500244140625,197.34500122070312,243.5749969482422,383.16571044921875,321.0799865722656,341.260009765625,259.2099914550781,38.779998779296875,396.6499938964844,318.6099853515625,52.84400177001953,148.64999389648438,176.625,68.53500366210938,1050.8050537109375,58.2599983215332,128.60000610351562,331.6549987792969,286.3550109863281,284.8299865722656,33.165000915527344,192.69000244140625,123.81999969482422,995.614990234375,182.5050048828125,86.55500030517578,34.595001220703125,81.06680297851562,189.30999755859375,116.6449966430664,178.52999877929688,49.48500061035156,135.25999450683594,59.8849983215332,12.305000305175781,199.35000610351562,128.84500122070312,76.9800033569336,349.1700134277344,928.52001953125,40.685001373291016,329.4150085449219,328.5199890136719,230.88999938964844,232.27999877929688,82.06500244140625,399.26251220703125,464.4800109863281,227.7100067138672,312.3349914550781,31.815000534057617,80.06999969482422,865.8043212890625,241.1999969482422,512.0999755859375,360.6499938964844,293.9849853515625,81.81500244140625,669.0999755859375,230.38999938964844,110.7300033569336,189.38999938964844,427.9649963378906,44.92499923706055,20.350000381469727,90.19000244140625,210.24549865722656,166.23500061035156,91.71499633789062,58.939998626708984,157.61000061035156,26.670000076293945,150.50999450683594,204.14500427246094,221.75999450683594,165.82000732421875,49.814998626708984,148.77000427246094,740.4099731445312,97.01000213623047,90.94000244140625,56.02000045776367,445.05499267578125,322.2349853515625,51.435001373291016,129.27499389648438,157.82000732421875,468.07000732421875,247.6649932861328,376.3900146484375,267.0199890136719,367.7650146484375,56.48500061035156,311.05999755859375,239.36000061035156,429.32000732421875,81.68499755859375,73.30999755859375,127.8499984741211,151.60000610351562,185348,63634,17204,57012,248655,54665,370577,36185,156295,46182,103768,11670,45851,29069,1771,136676,72584,13318,17743,10536,59718,13780,40053,3945,125786,201617,36982,27816,58720,11190,13114,99473,36410,39261,189417,2984,11227,50046,114445,10510,44129,14056,8271,17688,28166,834230,8862,5038,26013,37541,79343,107313,8756,7484,21506,5422,15795,34106,38314,40336,47452,11184,136844,51226,41028,214271,996492,211366,18127,117641,22548,294211,25724,12001,12491,13537,67052,102784,5405,44351,54052,57587,22563,7225,33514,10491,13460,10062,2395.0,431109,30016,130851,61781,62706,10002,3024,90886,82514,53937,136644
2026-04-28 16:50:00+00:00,269.91900634765625,197.1999969482422,243.60000610351562,382.510009765625,322.1199951171875,341.0849914550781,259.44000244140625,38.790000915527344,397.32000732421875,318.4649963378906,52.849998474121094,148.6649932861328,176.75,68.22000122070312,1051.199951171875,58.31999969482422,128.71499633789062,331.3500061035156,285.5799865722656,284.8800048828125,33.150001525878906,192.61000061035156,123.91000366210938,995.5,182.69500732421875,86.55999755859375,34.625,81.02999877929688,189.32000732421875,116.62999725341797,178.50999450683594,49.53499984741211,135.36000061035156,59.95000076293945,12.3149995803833,199.44500732421875,128.80999755859375,77.01499938964844,349.6499938964844,929.239990234375,40.650001525878906,329.3500061035156,329.30999755859375,230.97000122070312,232.4499969482422,82.42500305175781,399.20001220703125,464.92498779296875,227.46499633789062,312.3349914550781,31.799999237060547,80.04499816894531,865.155029296875,241.02000427246094,511.9200134277344,360.6300048828125,294.0249938964844,81.86000061035156,670.219970703125,230.6300048828125,110.66999816894531,189.4499969482422,428.7349853515625,44.94499969482422,20.434999465942383,90.26499938964844,210.7718048095703,166.74000549316406,91.55999755859375,58.95500183105469,157.50999450683594,26.645000457763672,150.3800048828125,203.90499877929688,221.6649932861328,165.80499267578125,49.82500076293945,148.8300018310547,740.4299926757812,97.03500366210938,91.03500366210938,55.959999084472656,444.875,322.2402038574219,51.43000030517578,129.14500427246094,157.72000122070312,468.1650085449219,247.5,376.8904113769531,267.6199951171875,367.260009765625,56.415000915527344,310.9800109863281,239.5800018310547,429.20001220703125,81.69499969482422,73.29000091552734,127.79499816894531,151.69000244140625,158472,78719,16807,283512,256668,11318,338198,31609,184221,14658,131258,9539,26782,128135,2817,99586,105702,6567,7361,9012,63317,13819,42052,3143,67217,194399,45299,26671,74793,5784,25971,84676,33336,28044,110065,10627,16371,53433,114615,13290,65387,13967,14194,45505,49546,1087651,4917,6889,41484,30560,53960,130622,17825,8922,15275,3225,14665,62119,64842,9311,50328,17291,197290,95349,55476,169195,1634516,139916,17626,80984,21028,356085,25430,27653,5355,19449,50080,122759,3655,37008,70937,92088,7201,9166,39635,13025,20495,8727,4095.0,343161,43416,110153,100815,51654,8684,3959,77805,36396,69107,85050
2026-04-28 16:55:00+00:00,269.94000244140625,196.55999755859375,244.40499877929688,379.1549987792969,322.2099914550781,340.3999938964844,259.3999938964844,38.77000045776367,397.489990234375,318.55999755859375,52.880001068115234,148.77000427246094,177.13999938964844,68.28500366210938,1051.6300048828125,58.27149963378906,128.67999267578125,331.45001220703125,285.9750061035156,284.9700012207031,33.150001525878906,192.66000366210938,123.83499908447266,995.6099853515625,182.82000732421875,86.44999694824219,34.60499954223633,81.04000091552734,189.08999633789062,116.7249984741211,178.4550018310547,49.5,135.41000366210938,59.90999984741211,12.324999809265137,199.30999755859375,128.66000366210938,77.33999633789062,349.5,929.9000244140625,40.689998626708984,329.3450012207031,329.80999755859375,231.22000122070312,232.52999877929688,82.41500091552734,399.4700012207031,464.989990234375,227.0800018310547,312.4200134277344,31.774999618530273,80.05500030517578,864.1400146484375,240.97999572753906,512.4500122070312,360.95001220703125,293.94500732421875,81.86499786376953,670.239990234375,230.50999450683594,110.5,189.63999938964844,428.5249938964844,44.974998474121094,20.4950008392334,90.3550033569336,210.69090270996094,166.78500366210938,91.56500244140625,58.88999938964844,157.57000732421875,26.610000610351562,150.36000061035156,203.72999572753906,221.6300048828125,165.72999572753906,49.834999084472656,149.02000427246094,739.6199951171875,96.93009948730469,91.08000183105469,56.02000045776367,444.989990234375,322.143798828125,51.39500045776367,128.9149932861328,157.65750122070312,467.9599914550781,247.53750610351562,376.9100036621094,267.364990234375,367.07000732421875,56.45500183105469,311.2300109863281,239.5449981689453,428.3599853515625,81.7406997680664,73.20999908447266,127.72000122070312,151.5500030517578,138727,97694,35033,231616,215398,9889,320353,41863,137606,14854,149812,18227,30766,35990,1057,161673,39912,11783,12845,17840,253678,10849,43121,4254,40447,146712,57095,38274,109576,19076,36775,157065,48770,38699,402961,5797,29932,75058,96238,12832,45727,15582,10185,19446,24794,771208,10212,7764,54577,30786,78997,114081,20961,9345,15686,7225,20238,34665,49575,14164,72060,15754,220494,80148,168406,227917,1154260,115623,32005,72770,145531,231538,29744,7288,7814,13995,166793,107480,6404,40929,30326,52653,12200,12963,78512,29276,16214,7905,3455.0,422932,33410,84556,122716,35472,12281,4964,88024,68848,65758,79336
2026-04-28 17:00:00+00:00,269.9750061035156,196.97500610351562,244.25,379.8399963378906,321.681884765625,338.8999938964844,258.9999084472656,38.775001525878906,397.04998779296875,318.5199890136719,52.8650016784668,148.77999877929688,177.27999877929688,68.27999877929688,1050.3699951171875,58.27000045776367,128.64999389648438,331.2349853515625,285.6900939941406,285.4599914550781,33.1349983215332,192.61000061035156,123.86000061035156,995.625,182.7899932861328,86.45999908447266,34.599998474121094,81.16999816894531,189.02000427246094,116.72000122070312,178.36000061035156,49.494998931884766,135.375,59.86000061035156,12.324999809265137,199.36000061035156,128.53500366210938,77.37999725341797,348.6600036621094,929.530029296875,40.7400016784668,329.1499938964844,329.25,231.67999267578125,232.25999450683594,82.41000366210938,399.4150085449219,464.4800109863281,226.8800048828125,312.2099914550781,31.716999053955078,79.78500366210938,864.6099853515625,240.90499877929688,511.82000732421875,360.6549987792969,293.9314880371094,81.86000061035156,669.7360229492188,230.25,110.54000091552734,189.625,428.0299987792969,44.994998931884766,20.459999084472656,90.44000244140625,210.3350067138672,166.5449981689453,91.58000183105469,58.935001373291016,157.4199981689453,26.594999313354492,150.24000549316406,203.6999969482422,221.44000244140625,165.7899932861328,49.845001220703125,149.22999572753906,738.6699829101562,96.66999816894531,91.13999938964844,56.005001068115234,444.614990234375,321.9984130859375,51.36000061035156,128.9149932861328,157.63600158691406,467.29998779296875,247.44000244140625,376.45001220703125,266.9750061035156,367.92999267578125,56.42499923706055,311.1650085449219,239.4199981689453,428.6700134277344,81.72000122070312,73.11000061035156,127.72000122070312,151.63999938964844,196901,46962,33570,104318,219497,34828,415061,20035,132427,12722,95830,13737,26857,32213,4005,108121,33818,8288,20644,12669,66317,13912,40324,2869,71046,115573,24932,50884,72597,10237,43550,55590,88105,23966,149660,5438,16776,73862,261712,13186,74044,16954,11758,17851,25268,887707,8890,4960,30740,43296,133382,243391,14468,6381,16555,8543,16396,42710,40942,8716,34660,12572,209440,81247,23068,136299,1097510,333329,34420,107427,31386,208302,32583,5410,7867,13464,44804,124882,1214,135630,52062,93497,21595,10481,34768,53438,16461,9663,3160.0,375694,38856,91761,39338,52373,9961,4331,88722,37438,47611,60446
2026-04-28 17:05:00+00:00,269.8599853515625,196.9600067138672,244.32000732421875,380.2200012207031,321.82000732421875,339.3699951171875,258.8399963378906,38.762001037597656,397.0799865722656,318.5050048828125,52.87099838256836,148.8300018310547,177.4199981689453,68.21499633789062,1050.5799560546875,58.3650016784668,128.6300048828125,331.389892578125,285.7300109863281,285.6099853515625,33.165000915527344,192.5,123.9000015258789,995.7100219726562,182.75999450683594,86.49500274658203,34.584999084472656,81.19499969482422,188.92999267578125,116.62000274658203,178.5500030517578,49.470001220703125,135.22999572753906,59.84000015258789,12.34000015258789,199.35000610351562,128.5500030517578,77.94499969482422,348.79998779296875,929.4249877929688,40.69499969482422,329.2799987792969,329.0,232.13999938964844,232.2899932861328,82.49500274658203,399.45001220703125,464.4800109863281,226.75999450683594,312.375,31.729999542236328,79.73999786376953,864.72998046875,241.02000427246094,511.70001220703125,360.5799865722656,293.9599914550781,81.87999725341797,669.9149780273438,230.06500244140625,110.58000183105469,189.6699981689453,427.75,44.98500061035156,20.450000762939453,90.5999984741211,210.59500122070312,166.69000244140625,91.70999908447266,58.809898376464844,157.60000610351562,26.600000381469727,150.27999877929688,203.80999755859375,221.36000061035156,165.77000427246094,49.8849983215332,149.55999755859375,738.5499877929688,96.83999633789062,91.1449966430664,55.970001220703125,444.7099914550781,321.9621887207031,51.36000061035156,128.77000427246094,157.6168975830078,468.010009765625,247.375,376.19500732421875,266.8699951171875,368.2699890136719,56.45000076293945,311.2799987792969,239.16859436035156,428.61749267578125,81.7750015258789,73.12000274658203,127.61000061035156,151.39500427246094,171724,32691,19191,59895,148834,18889,225669,36497,118887,10441,87812,10772,59316,21327,2347,100221,45131,12145,5199,10610,83880,16533,56248,3156,47437,65856,43548,25113,57671,15397,16804,71467,25028,24476,265923,12117,18191,118640,166362,9128,31006,17627,12885,33668,23159,631331,8334,12962,51057,33426,82084,130717,12464,5349,17292,6933,13765,38060,43843,6749,31366,19764,138476,104489,27970,144997,926431,128988,26879,117753,32313,256767,31582,10018,6203,8825,26146,164137,6182,68024,56476,72180,14683,10076,32754,13937,10820,5307,4634.0,295485,34205,62708,43446,34660,9558,2817,71690,27271,66808,82797
2026-04-28 17:10:00+00:00,269.70001220703125,196.97500610351562,244.593505859375,380.8800048828125,321.6809997558594,339.5899963378906,258.5392150878906,38.81999969482422,397.072509765625,318.6499938964844,52.904998779296875,148.94509887695312,177.57000732421875,68.19000244140625,1051.3199462890625,58.349998474121094,128.6999969482422,331.25,285.95001220703125,285.885009765625,33.165000915527344,192.66000366210938,124.0,996.125,182.69000244140625,86.48999786376953,34.619998931884766,81.22000122070312,189.0,116.72000122070312,178.69000244140625,49.505001068115234,135.2100067138672,59.869998931884766,12.354999542236328,199.02000427246094,128.65499877929688,78.16999816894531,348.7900085449219,929.3099975585938,40.69499969482422,329.2699890136719,328.6400146484375,232.2899932861328,232.3699951171875,82.49009704589844,399.7349853515625,464.3389892578125,226.6999969482422,312.6199951171875,31.735000610351562,79.79000091552734,865.02001953125,240.92050170898438,512.1400146484375,360.7300109863281,294.1600036621094,81.9000015258789,669.4949951171875,230.3249969482422,110.6500015258789,189.75,427.9700012207031,44.95989990234375,20.434999465942383,90.6050033569336,210.56500244140625,166.47000122070312,91.69999694824219,58.77439880371094,157.6699981689453,26.604999542236328,150.3800048828125,203.9499969482422,221.66000366210938,165.6999969482422,49.880001068115234,149.72999572753906,737.7949829101562,96.80500030517578,91.1449966430664,56.0099983215332,444.614990234375,321.8500061035156,51.380001068115234,129.00999450683594,157.84500122070312,468.54998779296875,247.375,375.9800109863281,267.0299987792969,368.43499755859375,56.4900016784668,311.3800048828125,239.38999938964844,428.7749938964844,81.79000091552734,73.16999816894531,127.66999816894531,151.41000366210938,135683,40704,23158,63218,148791,10905,350835,23676,101446,10407,96308,13497,27238,33940,2426,130055,35707,4878,5515,14534,37607,8468,65838,4322,41733,92074,32175,22614,74364,12908,27147,55864,29004,26861,260859,4048,10353,130519,94181,4720,60026,12089,10696,17883,42651,653429,7644,5685,65512,26800,44936,101079,7989,8229,14391,5481,264869,57991,47317,20437,25158,30213,205453,104045,25660,116731,892203,90469,11955,144070,36551,141291,25357,7475,15417,30911,41025,163807,2054,92582,48318,61793,9141,16138,30233,12526,12909,7588,1224.0,318925,32189,69599,43153,30618,5845,3730,65215,17238,61239,102893
2026-04-28 17:15:00+00:00,269.5950012207031,197.17999267578125,244.77999877929688,379.79998779296875,321.6000061035156,339.1050109863281,258.1993103027344,38.84000015258789,396.6099853515625,318.8078918457031,52.88750076293945,149.0800018310547,177.34500122070312,68.20500183105469,1051.06005859375,58.32500076293945,128.59500122070312,331.260009765625,286.0350036621094,285.9898986816406,33.165000915527344,192.64999389648438,124.05000305175781,996.451904296875,182.82000732421875,86.31999969482422,34.65999984741211,81.11000061035156,189.02999877929688,116.66999816894531,178.7550048828125,49.57500076293945,135.36000061035156,59.89500045776367,12.350099563598633,199.35000610351562,128.63499450683594,78.04499816894531,348.6449890136719,928.5900268554688,40.689998626708984,329.26220703125,328.1199951171875,231.96499633789062,232.33999633789062,82.37000274658203,399.8599853515625,463.94000244140625,226.67999267578125,312.43499755859375,31.725000381469727,79.74500274658203,865.197021484375,241.02499389648438,512.3800048828125,360.5,294.1087951660156,81.80999755859375,669.6599731445312,230.4600067138672,110.52999877929688,189.55999755859375,428.5,44.9900016784668,20.475000381469727,90.96499633789062,210.27000427246094,166.1999969482422,91.68499755859375,58.76499938964844,157.49000549316406,26.58989906311035,150.24000549316406,204.0050048828125,221.5399932861328,165.82000732421875,49.94499969482422,149.51499938964844,736.7849731445312,96.70279693603516,91.31999969482422,55.96500015258789,445.0,321.79998779296875,51.35100173950195,128.9499969482422,157.80499267578125,468.4100036621094,247.4720001220703,375.7799987792969,267.0400085449219,367.8699951171875,56.45000076293945,311.614990234375,239.5225067138672,428.9100036621094,81.75499725341797,73.0999984741211,127.62000274658203,151.60000610351562,127934,39650,24020,45302,140242,14881,293072,28144,100441,28540,161785,13900,30869,24958,1638,106228,151231,40183,9369,23655,94366,14624,31792,3647,65112,74224,35082,45023,56938,8820,13923,81602,40009,19954,320729,5018,15440,84175,98023,9960,45835,15371,17448,10334,50679,620985,9361,25381,81883,25565,60085,114157,8807,4258,13999,8305,19241,50657,39569,9834,29816,21936,156837,122733,34135,200978,1063034,158115,15917,97111,22279,176565,24197,13997,7633,10521,36233,118321,2449,58804,48642,79226,9121,12885,24079,23525,18036,9967,5731.0,319985,22921,54899,119459,46530,8339,3648,85819,40791,55992,96855
2026-04-28 17:20:00+00:00,269.69000244140625,197.0800018310547,244.71499633789062,380.1300048828125,321.9501037597656,339.3500061035156,258.0533142089844,38.80500030517578,396.8699951171875,318.8399963378906,52.8650016784668,149.19000244140625,177.33999633789062,68.17500305175781,1050.9300537109375,58.4900016784668,128.8000030517578,330.8599853515625,286.1199951171875,285.614990234375,33.150001525878906,192.60000610351562,123.98500061035156,996.2349853515625,182.9550018310547,86.27999877929688,34.650001525878906,81.12999725341797,188.89500427246094,116.62999725341797,178.8699951171875,49.57500076293945,135.2899932861328,59.904998779296875,12.368599891662598,199.38499450683594,128.66000366210938,77.95999908447266,348.75,928.375,40.64500045776367,329.2799987792969,328.04998779296875,232.14999389648438,232.3350067138672,82.47419738769531,400.5249938964844,464.2699890136719,226.47999572753906,312.3999938964844,31.704999923706055,79.80000305175781,865.0599975585938,241.00999450683594,512.4349975585938,360.1449890136719,293.8949890136719,81.91500091552734,669.569580078125,230.55499267578125,110.54000091552734,189.5800018310547,428.8399963378906,44.994998931884766,20.44499969482422,91.11000061035156,210.52999877929688,166.5,91.68000030517578,58.72999954223633,157.2899932861328,26.59000015258789,150.1750030517578,204.02999877929688,221.48500061035156,165.74000549316406,49.939998626708984,150.3000030517578,736.0700073242188,96.63990020751953,91.41000366210938,55.869998931884766,444.3800048828125,321.93499755859375,51.36000061035156,128.8000030517578,157.72500610351562,468.94000244140625,247.67999267578125,375.88958740234375,267.0899963378906,368.1000061035156,56.439998626708984,311.4800109863281,239.5399932861328,428.8999938964844,81.76000213623047,73.08999633789062,127.54109954833984,151.4550018310547,121310,78304,22876,77653,125646,16671,311850,20328,131516,9978,132394,14148,26755,28892,2461,132623,41593,11076,6558,15108,65863,35870,33639,5183,74007,148885,35922,30250,56348,10227,20408,90915,19688,30686,302518,5115,16611,81033,122632,8167,41998,17076,5917,13922,27095,492733,8654,7542,70051,29381,55862,100848,10011,6822,17994,7709,15287,47046,38752,12985,27313,13944,155351,374318,99824,228079,860454,97700,14676,64088,25299,205465,29988,5566,10911,11434,78985,219051,4348,58879,146268,70733,23214,9945,36839,29420,11542,9133,4247.0,233591,29857,67197,36390,40317,9099,3402,69238,41404,61987,88415
2026-04-28 17:25:00+00:00,269.8699951171875,197.07000732421875,245.2050018310547,379.70001220703125,322.6401062011719,339.1700134277344,258.0,38.78499984741211,397.260009765625,319.0400085449219,52.875,149.16000366210938,177.39999389648438,68.1050033569336,1051.7650146484375,58.5099983215332,128.82000732421875,330.7699890136719,286.5199890136719,285.69000244140625,33.20500183105469,192.8000030517578,124.00499725341797,996.5449829101562,183.3699951171875,86.25499725341797,34.63999938964844,81.13999938964844,188.97000122070312,116.81999969482422,178.85000610351562,49.54499816894531,135.3000030517578,59.88999938964844,12.369999885559082,199.5126953125,128.66000366210938,77.90499877929688,348.9049987792969,928.6599731445312,40.625,329.0299987792969,327.1499938964844,232.4600067138672,232.69000244140625,82.5199966430664,401.2099914550781,464.5899963378906,226.71499633789062,312.4501037597656,31.68000030517578,79.62999725341797,865.1500244140625,240.80999755859375,512.3599853515625,359.56500244140625,293.67999267578125,81.88999938964844,670.2200927734375,230.58009338378906,110.47000122070312,189.7949981689453,428.7300109863281,45.09000015258789,20.450000762939453,91.41999816894531,210.7899932861328,166.9499969482422,91.61000061035156,58.724998474121094,157.23500061035156,26.600000381469727,150.0850067138672,203.9499969482422,221.5399932861328,165.88999938964844,49.935001373291016,150.78500366210938,735.9949951171875,96.58000183105469,91.43000030517578,55.790000915527344,443.7650146484375,321.8699951171875,51.36000061035156,128.97000122070312,157.77000427246094,469.510009765625,247.6999969482422,376.30999755859375,266.9800109863281,368.45001220703125,56.5,311.5,239.3000030517578,428.6199951171875,81.80999755859375,73.05999755859375,127.5999984741211,151.4199981689453,132036,65620,32774,55855,220467,21620,247738,33496,103489,12871,98799,20632,27775,30939,3090,89073,197955,4419,22388,25340,129732,19543,38587,4274,135674,119392,59470,28084,67485,11886,28049,58903,45491,27398,266183,14318,33022,103491,99282,10582,40767,26773,14125,17137,30294,647731,21456,13526,337148,22390,133286,154200,14087,19510,12655,13484,26769,55880,39118,9375,43984,23263,208279,314500,263782,191234,757560,172712,27138,49009,35412,208073,46400,17025,14728,19810,219208,318777,4082,52107,95464,151114,11986,14217,31275,16669,23952,7496,7230.0,362589,30983,52718,191569,40584,14233,3598,94334,45964,67581,69051
2026-04-28 17:30:00+00:00,269.9549865722656,197.2100067138672,244.94000244140625,381.4649963378906,323.8999938964844,338.6700134277344,258.29998779296875,38.685001373291016,397.8550109863281,319.2799987792969,52.90999984741211,148.89999389648438,177.50059509277344,68.08000183105469,1052.6199951171875,58.4379997253418,128.84500122070312,330.625,286.20001220703125,285.7799987792969,33.15999984741211,193.1300048828125,123.83499908447266,995.2000122070312,183.30499267578125,86.36499786376953,34.590301513671875,81.08999633789062,188.91000366210938,116.74500274658203,179.0399932861328,49.474998474121094,135.1300048828125,59.775001525878906,12.354999542236328,199.30999755859375,128.64999389648438,77.7750015258789,348.94000244140625,930.1849975585938,40.6150016784668,328.9700012207031,327.1700134277344,232.3350067138672,232.10000610351562,82.78500366210938,401.0,463.95001220703125,226.8300018310547,312.6050109863281,31.65250015258789,79.7699966430664,865.47998046875,240.77499389648438,512.7999877929688,359.5899963378906,293.6698913574219,81.875,670.2000122070312,230.4250030517578,110.38999938964844,190.0399932861328,428.4800109863281,45.07500076293945,20.389999389648438,91.36499786376953,211.02999877929688,166.8699951171875,91.50499725341797,58.540000915527344,157.22500610351562,26.610000610351562,150.10000610351562,203.8249969482422,221.6199951171875,165.36000061035156,49.935001373291016,150.6199951171875,736.0499877929688,96.47000122070312,91.49500274658203,55.80500030517578,444.010009765625,321.6700134277344,51.375,128.85000610351562,157.69000244140625,470.4100036621094,247.61500549316406,376.3699035644531,267.67999267578125,368.7200012207031,56.54499816894531,311.54998779296875,239.0749969482422,428.2699890136719,81.86000061035156,73.0,127.45999908447266,151.33999633789062,118130,28117,35833,53200,278192,80052,301070,62106,138977,16917,201653,28709,35235,39235,2935,79005,83643,3439,9577,13236,100653,67053,74888,10322,86090,141246,50153,26718,59068,16039,18393,63693,29720,32167,142200,8278,27126,81305,138158,16601,41472,51074,12618,10115,51268,802530,16837,9274,32987,26333,82331,149553,10517,12317,13525,7646,19544,52627,78815,8225,68643,25116,204571,105077,110315,185607,1192037,134131,23123,117282,23148,257565,32688,28628,9077,40249,61426,217736,9126,53656,57238,143262,49929,11340,27260,14192,12656,9774,9931.0,320873,31550,87049,80190,29913,6881,4943,85768,51466,62368,82442
2026-04-28 17:35:00+00:00,270.0010070800781,197.24000549316406,244.3000030517578,382.4849853515625,323.7300109863281,338.3399963378906,258.3800048828125,38.689998626708984,397.7799987792969,319.05999755859375,52.89500045776367,148.69000244140625,177.5399932861328,68.05500030517578,1052.4599609375,58.47999954223633,129.36000061035156,330.05999755859375,286.0299987792969,285.57501220703125,33.220001220703125,193.0749969482422,123.83999633789062,995.1300048828125,183.13999938964844,86.41999816894531,34.57500076293945,80.87000274658203,188.8249969482422,116.68000030517578,179.1649932861328,49.45000076293945,135.0050048828125,59.720001220703125,12.369999885559082,199.28500366210938,128.83999633789062,78.05500030517578,349.0199890136719,930.3699951171875,40.6349983215332,328.67999267578125,327.0199890136719,232.5,231.73129272460938,83.07009887695312,401.2900085449219,463.739990234375,226.97999572753906,312.6300048828125,31.645000457763672,79.66999816894531,864.5700073242188,240.72999572753906,512.6300048828125,359.3450012207031,293.55499267578125,81.94499969482422,670.0399780273438,230.0800018310547,110.43499755859375,190.0399932861328,428.05999755859375,45.09000015258789,20.344999313354492,91.32499694824219,211.2299041748047,167.1199951171875,91.37969970703125,58.51499938964844,157.07000732421875,26.594999313354492,150.08999633789062,203.68499755859375,221.60499572753906,165.02000427246094,49.89500045776367,151.125,735.8350219726562,96.5199966430664,91.5,55.814998626708984,444.5799865722656,321.57000732421875,51.3849983215332,128.7050018310547,157.8800048828125,471.57000732421875,247.4199981689453,376.1861877441406,267.7950134277344,368.70001220703125,56.45500183105469,311.4493103027344,238.7449951171875,428.6499938964844,81.86499786376953,72.95999908447266,127.31500244140625,151.25999450683594,133523,35601,36515,51440,389160,27935,366635,36203,199927,14762,186091,33717,56557,26287,1747,94612,149747,7908,25504,8953,133250,14722,45085,3673,57443,86425,34917,112280,48625,10521,22018,68710,42025,26812,83180,6544,39557,99825,96705,6655,42366,34741,16996,13787,42991,1439537,8638,9309,49398,37555,54416,110142,12656,8016,14278,18822,20794,119178,43809,38643,35706,17545,203222,110293,67922,176161,1036775,165587,33367,84353,28171,194324,39648,20369,8787,27074,34337,241968,3620,100575,65087,53383,11887,11401,45889,18564,34657,11825,13935.0,312903,28917,84004,63082,37836,11100,4760,87263,27927,64368,77997
2026-04-28 17:40:00+00:00,270.07000732421875,197.13999938964844,244.5,383.20001220703125,324.0199890136719,338.68499755859375,258.29998779296875,38.654998779296875,397.7550048828125,319.010009765625,52.8650016784668,148.80999755859375,177.3800048828125,68.06500244140625,1052.730224609375,58.42499923706055,129.39999389648438,330.04998779296875,285.9150085449219,285.8280029296875,33.185001373291016,193.0500030517578,123.77999877929688,994.6599731445312,183.08999633789062,86.44999694824219,34.56999969482422,81.07499694824219,188.75,116.6050033569336,179.15499877929688,49.45000076293945,134.85000610351562,59.70500183105469,12.364999771118164,199.05999755859375,128.9196014404297,78.13999938964844,349.05999755859375,930.0499877929688,40.654998779296875,328.4800109863281,327.6099853515625,232.5800018310547,231.83999633789062,83.35009765625,401.3999938964844,463.70001220703125,227.15499877929688,312.4700012207031,31.665000915527344,79.68000030517578,864.9749755859375,240.47999572753906,512.60498046875,359.0899963378906,293.44000244140625,81.95999908447266,670.260009765625,230.0449981689453,110.44999694824219,190.1999969482422,427.79998779296875,45.07500076293945,20.385000228881836,91.38500213623047,211.29010009765625,167.25999450683594,91.41999816894531,58.4900016784668,156.9770050048828,26.59000015258789,150.08900451660156,203.71499633789062,221.5,164.8699951171875,49.900001525878906,151.13999938964844,737.6199951171875,96.51499938964844,91.51499938964844,55.834999084472656,444.42498779296875,321.45001220703125,51.375,128.6999969482422,157.88250732421875,471.4700012207031,247.4250030517578,376.135009765625,267.489990234375,369.4200134277344,56.415000915527344,311.55499267578125,238.65499877929688,428.7099914550781,81.83000183105469,72.97000122070312,127.19000244140625,151.1300048828125,109652,41848,20408,63468,281240,46943,237728,43200,125965,8531,124884,15638,39322,23341,3256,75877,72724,3653,9762,5448,99124,28465,54941,6672,41719,107791,37783,41465,75586,30721,17260,75222,31436,72018,106811,7357,32802,128053,116281,12873,44689,22906,6679,15746,20683,906078,10986,9945,29943,23341,49423,141134,10759,12550,15109,8463,15000,42594,39677,12558,25852,41115,170099,83823,79529,162880,1091865,169431,23823,62745,22082,164024,28007,9067,8053,27524,27382,238056,5344,129702,59554,50223,8815,9193,27761,12772,28742,10356,2398.0,268957,22860,92811,26053,35410,9542,3949,72634,24606,57666,76043
2026-04-28 17:45:00+00:00,270.32000732421875,197.25999450683594,244.6999969482422,382.510009765625,324.2200012207031,338.8299865722656,258.2799987792969,38.630001068115234,397.8575134277344,319.010009765625,52.85499954223633,148.69000244140625,177.49000549316406,67.98500061035156,1051.9599609375,58.459999084472656,129.35000610351562,329.69000244140625,285.9501037597656,285.57501220703125,33.20500183105469,193.24000549316406,123.7699966430664,992.1099853515625,183.19000244140625,86.29010009765625,34.564998626708984,81.04000091552734,188.67050170898438,116.46009826660156,179.18499755859375,49.440101623535156,134.9499969482422,59.67499923706055,12.350000381469727,199.01499938964844,129.08999633789062,78.02010345458984,349.3492126464844,929.344970703125,40.625,328.2650146484375,326.5899963378906,232.67250061035156,231.7899932861328,83.55000305175781,402.1199951171875,463.69500732421875,227.1300048828125,312.3900146484375,31.670000076293945,79.66999816894531,865.7100219726562,240.23500061035156,512.2349853515625,358.6400146484375,293.5899963378906,81.81999969482422,670.5800170898438,230.17999267578125,110.57499694824219,190.13499450683594,427.8399963378906,45.0099983215332,20.399999618530273,91.43000030517578,211.27999877929688,167.4199981689453,91.31500244140625,58.494998931884766,156.97999572753906,26.610000610351562,149.85000610351562,203.67999267578125,221.3699951171875,164.72999572753906,49.869998931884766,150.4499969482422,737.8900146484375,96.54000091552734,91.5999984741211,55.74769973754883,444.4200134277344,321.510009765625,51.3650016784668,128.55999755859375,157.75,471.4599914550781,247.10000610351562,376.0201110839844,266.9200134277344,369.0799865722656,56.369998931884766,311.5899963378906,238.57000732421875,429.0,81.77999877929688,72.97000122070312,127.12000274658203,151.17999267578125,191551,34288,22322,56644,178687,11800,227202,41800,168248,12100,135915,16251,33591,30989,2192,86697,44709,8482,7479,9030,92272,19528,50152,9473,70497,149995,19919,52095,54822,12718,25181,43636,28312,26382,476237,8580,37834,170743,111727,5620,57532,21855,10954,19056,31412,1300989,20685,5421,61665,19294,58668,122433,13986,11860,16648,10004,17716,50144,64231,9550,34469,24889,196382,83987,51050,185385,1073668,174713,39780,53278,32134,155344,44575,9255,8861,20464,39065,179186,1911,49641,83669,66791,11077,16927,38255,18790,24332,10787,4681.0,246818,47901,108856,35086,51855,20852,2992,88161,21387,57599,67832
2026-04-28 17:50:00+00:00,270.5299987792969,197.1999969482422,244.81500244140625,382.54998779296875,324.6400146484375,338.8699951171875,258.4100036621094,38.6150016784668,398.4800109863281,318.92498779296875,52.845001220703125,148.60499572753906,177.39999389648438,67.94499969482422,1051.4100341796875,58.40999984741211,129.35000610351562,329.4949951171875,285.82000732421875,285.489990234375,33.165000915527344,193.25,123.63999938964844,990.6799926757812,183.41000366210938,86.21499633789062,34.55500030517578,81.04000091552734,188.40989685058594,116.48249816894531,179.38999938964844,49.41450119018555,134.84500122070312,59.654998779296875,12.354999542236328,198.9250030517578,129.11000061035156,78.09500122070312,349.2799987792969,929.22998046875,40.60499954223633,328.2850036621094,326.80999755859375,232.69000244140625,231.5500030517578,83.53009796142578,402.1400146484375,464.1400146484375,227.03500366210938,312.42999267578125,31.645000457763672,79.58999633789062,866.1400146484375,240.2725067138672,512.280029296875,358.9700012207031,293.2099914550781,81.83999633789062,670.8099975585938,229.82000732421875,110.51000213623047,190.08999633789062,427.9200134277344,44.96500015258789,20.434999465942383,91.54499816894531,211.3101043701172,167.42999267578125,91.36000061035156,58.459999084472656,156.82000732421875,26.594999313354492,149.6300048828125,203.63999938964844,221.2949981689453,164.63999938964844,49.89500045776367,150.77999877929688,738.239990234375,96.70999908447266,91.58000183105469,55.71500015258789,444.70001220703125,321.5299987792969,51.3650016784668,128.3800048828125,157.72999572753906,471.5,247.25,375.4549865722656,266.6715087890625,368.260009765625,56.345001220703125,311.31500244140625,238.16744995117188,429.1499938964844,81.68000030517578,72.94000244140625,127.12000274658203,150.97999572753906,180340,42169,19728,48907,242928,19107,233306,21570,124633,9876,131388,12897,33088,34733,1990,75003,32397,10721,5765,10743,284356,35602,58950,10972,108757,107412,59260,35663,71214,11802,43556,66268,20114,30574,473915,7675,37253,109051,95181,8733,64270,31675,6962,13214,38708,1805672,16494,9413,48313,25066,57856,94412,16173,14778,18151,14524,27097,106119,44226,8258,26257,22826,157598,67456,40340,199761,927596,147442,24775,70816,34432,206059,63315,11515,13698,25106,23407,149817,3597,73528,49287,71653,10292,21423,43904,19459,33482,11772,13509.0,298243,37794,110606,49941,37582,11358,4161,97026,28898,57226,97316
2026-04-28 17:55:00+00:00,270.5199890136719,197.23500061035156,244.7050018310547,382.69000244140625,324.8399963378906,338.7149963378906,258.7301025390625,38.6349983215332,398.3599853515625,318.8699951171875,52.845001220703125,148.63999938964844,177.64999389648438,67.93499755859375,1051.5400390625,58.279998779296875,129.33999633789062,329.42999267578125,286.05999755859375,285.260009765625,33.185001373291016,193.07000732421875,123.69000244140625,991.20751953125,183.3800048828125,86.31510162353516,34.564998626708984,81.02999877929688,188.33999633789062,116.47000122070312,179.27490234375,49.435001373291016,134.88999938964844,59.65999984741211,12.350000381469727,198.97000122070312,129.19000244140625,78.24500274658203,349.17999267578125,929.4500122070312,40.61000061035156,328.5,327.5050048828125,232.50999450683594,231.5399932861328,83.63999938964844,402.125,463.7099914550781,226.97000122070312,312.4200134277344,31.639999389648438,79.55500030517578,866.3945922851562,240.22000122070312,512.1699829101562,359.7699890136719,293.3500061035156,81.81999969482422,670.3699951171875,230.0800018310547,110.56999969482422,190.0,427.864990234375,44.970001220703125,20.410999298095703,91.47000122070312,211.76499938964844,167.4188995361328,91.41999816894531,58.42499923706055,156.6999969482422,26.58009910583496,149.4499969482422,203.47000122070312,221.32000732421875,165.08599853515625,49.88779830932617,150.41000366210938,738.1849975585938,96.76000213623047,91.5999984741211,55.70500183105469,444.6300048828125,321.3399963378906,51.3849983215332,128.3800048828125,157.7899932861328,471.9800109863281,247.22000122070312,375.8999938964844,266.7099914550781,368.17498779296875,56.36000061035156,311.19000244140625,238.57000732421875,429.3550109863281,81.66999816894531,72.88500213623047,127.20989990234375,150.9774932861328,128178,46868,17619,42142,238563,9851,239029,15114,133564,11425,115763,40015,111302,26491,3113,87719,27269,8005,6515,7179,181535,39934,33097,14320,61061,71034,40617,21086,45031,8162,21432,76891,22294,22904,266751,5655,38511,472027,499747,8190,39195,20794,12753,13516,30842,1529494,14397,7004,27238,21961,83797,102325,19721,5969,14123,15050,21631,68804,47125,9776,28897,17586,107859,48154,306947,167545,910962,90398,18771,50915,36233,253777,94747,15638,6706,50964,56459,105574,3004,142396,43767,75927,7873,7002,33958,28182,19705,10995,4453.0,241103,20849,88558,37771,32621,25231,3182,75000,36357,80804,77135
2026-04-28 18:00:00+00:00,270.3949890136719,197.3000030517578,244.24000549316406,381.989990234375,324.7250061035156,339.1700134277344,258.989990234375,38.63999938964844,398.3399963378906,318.6600036621094,52.790000915527344,148.91000366210938,177.08999633789062,67.8949966430664,1051.3800048828125,58.369998931884766,129.22000122070312,329.4800109863281,286.17498779296875,285.5899963378906,33.154998779296875,192.89999389648438,123.58000183105469,990.3125,183.0449981689453,86.23999786376953,34.560001373291016,81.01000213623047,188.10000610351562,116.3499984741211,179.42999267578125,49.435001373291016,134.9040069580078,59.65999984741211,12.380000114440918,198.9499969482422,129.22500610351562,78.72000122070312,349.4800109863281,929.1099853515625,40.630001068115234,328.56500244140625,327.0400085449219,232.35499572753906,231.60000610351562,83.63999938964844,401.3299865722656,463.9800109863281,226.8800048828125,312.07000732421875,31.665000915527344,79.18000030517578,866.489990234375,240.3000030517578,512.1176147460938,359.4800109863281,292.7900085449219,81.87999725341797,670.3499755859375,230.4949951171875,110.59529876708984,190.0399932861328,427.1499938964844,44.974998474121094,20.385000228881836,91.08999633789062,211.75,166.97999572753906,91.48999786376953,58.39500045776367,156.6300048828125,26.584999084472656,149.2899932861328,203.50999450683594,221.18499755859375,165.1750030517578,49.904998779296875,150.57000732421875,737.510009765625,96.88999938964844,91.5999984741211,55.654998779296875,445.2300109863281,321.8500061035156,51.33000183105469,128.3249969482422,157.72000122070312,471.7900085449219,247.4550018310547,375.95001220703125,266.4800109863281,368.6300048828125,56.34000015258789,311.25,238.8800048828125,429.67498779296875,81.6449966430664,72.94000244140625,127.2249984741211,150.91000366210938,246366,34154,20649,41365,198501,36240,482107,34207,89989,21115,119684,12877,51957,48734,2238,106377,19939,3320,2718,7862,102987,51357,49964,7854,50143,111989,43412,23842,94588,11496,32989,50150,14552,35670,492263,8738,36242,128472,152034,11166,57029,55166,11936,16765,24977,843419,20328,13076,36225,42719,69694,326328,8351,10929,21634,5402,44407,30352,54289,8783,36037,20872,197125,57318,38855,214728,987072,265705,79847,62034,17867,209669,54417,9796,11810,25248,56475,136578,4983,67219,55247,84725,10407,34941,40885,17859,51194,18177,5108.0,312463,22083,60752,31732,43136,8383,2074,77782,43354,92511,97535
2026-04-28 18:05:00+00:00,270.3800048828125,197.17999267578125,243.3699951171875,383.2200012207031,325.07000732421875,339.0,259.3900146484375,38.60499954223633,398.6400146484375,318.3949890136719,52.790000915527344,148.99000549316406,177.02999877929688,67.88500213623047,1051.375,58.29999923706055,129.19000244140625,329.010009765625,285.8699951171875,285.239990234375,33.154998779296875,192.8699951171875,123.4800033569336,988.8499755859375,182.61000061035156,86.18499755859375,34.54499816894531,81.05000305175781,188.16000366210938,116.27999877929688,179.47500610351562,49.415000915527344,134.85499572753906,59.625,12.385000228881836,198.8699951171875,129.14999389648438,78.86499786376953,349.9200134277344,929.1900024414062,40.584999084472656,328.5799865722656,327.07501220703125,232.1199951171875,231.56500244140625,83.52999877929688,400.2200012207031,463.947509765625,227.14999389648438,312.1050109863281,31.655000686645508,79.04499816894531,866.3800048828125,240.32000732421875,511.2699890136719,359.3699951171875,292.54998779296875,81.79499816894531,671.1799926757812,230.33999633789062,110.5199966430664,190.32510375976562,426.8160095214844,44.92259979248047,20.375,90.7300033569336,211.97999572753906,166.48500061035156,91.4000015258789,58.3849983215332,156.5290069580078,26.542699813842773,149.17999267578125,203.19500732421875,221.1199951171875,164.83999633789062,49.779998779296875,150.44000244140625,738.0800170898438,96.94499969482422,91.55000305175781,55.64500045776367,445.0299987792969,322.06500244140625,51.314998626708984,128.27000427246094,157.6649932861328,471.3500061035156,247.40499877929688,376.2149963378906,266.4849853515625,368.70001220703125,56.334999084472656,311.07000732421875,238.67999267578125,429.7200012207031,81.60009765625,72.87999725341797,127.02999877929688,150.89999389648438,860934,31059,102253,53109,160668,15388,461984,36905,99892,14832,111261,25648,75809,38687,3117,99298,33087,7688,7988,15267,90420,15718,50999,15663,80098,117258,32111,56527,73272,14997,58100,58765,18355,30998,349522,8307,16788,228737,105549,13384,55542,30513,11384,12006,76092,1033910,19443,7520,33987,25555,54698,210692,10117,8702,17046,8948,24160,57510,61701,7907,26429,26417,219037,78762,52778,200441,1053545,193615,23664,59097,20805,242490,74426,13095,7748,26111,69141,102517,1483,64954,55989,130269,7001,9602,38695,18325,17603,14202,5420.0,220342,22311,93833,38058,37017,7096,3480,81987,44053,75088,99749
2026-04-28 18:10:00+00:00,270.5199890136719,197.26499938964844,243.5749969482422,383.6300048828125,324.7200012207031,338.9849853515625,259.3169860839844,38.65999984741211,399.2650146484375,318.2379150390625,52.7599983215332,148.92999267578125,177.43499755859375,67.9000015258789,1051.22998046875,58.279998779296875,129.02999877929688,328.9649963378906,286.2049865722656,285.260009765625,33.08000183105469,192.8000030517578,123.69999694824219,988.1699829101562,182.42999267578125,86.13500213623047,34.59000015258789,81.11820220947266,188.2899932861328,116.2750015258789,179.5399932861328,49.48500061035156,135.11000061035156,59.70000076293945,12.395000457763672,199.19000244140625,129.11000061035156,78.58000183105469,349.6700134277344,929.2999877929688,40.584999084472656,328.1600036621094,327.29998779296875,232.47000122070312,231.41000366210938,83.93000030517578,399.6650085449219,464.1050109863281,227.1649932861328,311.9849853515625,31.68000030517578,79.04499816894531,867.13037109375,240.2050018310547,511.20001220703125,359.5150146484375,292.531005859375,81.7750015258789,671.033203125,230.9149932861328,110.54000091552734,190.24000549316406,426.79998779296875,44.8849983215332,20.364999771118164,90.70999908447266,212.1967010498047,166.52000427246094,91.43000030517578,58.494998931884766,156.5500030517578,26.565000534057617,149.1699981689453,203.25,221.02999877929688,165.05499267578125,49.75,150.49000549316406,737.0999755859375,96.9000015258789,91.5,55.584999084472656,444.010009765625,321.8800048828125,51.29999923706055,128.21499633789062,157.4199981689453,471.1199951171875,247.72000122070312,376.0,266.3699951171875,367.989990234375,56.32500076293945,310.7449951171875,239.02000427246094,429.239990234375,81.54000091552734,72.93000030517578,126.98999786376953,150.99000549316406,232383,38666,49205,37151,186098,12196,277678,27092,105804,17880,122026,17953,62350,34600,4706,108600,20064,17370,7357,6291,86713,9283,36220,9815,60575,78546,29214,26911,60346,8902,25838,66062,18629,25840,293423,5064,15865,101591,111834,8169,36007,40004,17615,18470,30726,890122,12046,6405,21154,28599,58762,297340,10320,9075,26957,5234,23740,54871,67890,10900,29505,18720,119220,99761,26812,125757,1388770,130253,16998,92497,12533,238558,68279,6776,7690,17315,32824,92062,2778,57583,53707,114819,18791,9346,36838,10994,17999,10889,6263.0,193189,46561,104234,28690,28417,13675,3946,74619,33750,62857,84580
2026-04-28 18:15:00+00:00,270.6199951171875,197.26400756835938,243.58999633789062,384.4750061035156,324.9649963378906,338.6650085449219,259.4700012207031,38.72999954223633,399.8699951171875,318.04998779296875,52.777099609375,148.73500061035156,177.4550018310547,67.91999816894531,1051.4150390625,58.20000076293945,129.1300048828125,328.760009765625,286.1400146484375,285.1300048828125,33.04499816894531,192.84500122070312,123.88999938964844,986.3699951171875,182.41000366210938,85.91999816894531,34.709999084472656,81.18000030517578,188.25,116.12000274658203,179.0,49.630001068115234,135.22000122070312,59.72999954223633,12.395000457763672,199.52999877929688,129.05999755859375,78.59500122070312,350.1099853515625,930.1199951171875,40.709999084472656,328.5799865722656,327.04998779296875,233.10499572753906,231.66000366210938,84.37000274658203,399.3299865722656,464.2300109863281,227.14999389648438,312.05999755859375,31.674999237060547,78.91999816894531,866.6900024414062,240.4199981689453,510.68499755859375,359.2349853515625,292.1499938964844,81.7300033569336,670.969970703125,231.4199981689453,110.50499725341797,190.4499969482422,426.7698974609375,44.8849983215332,20.5,90.67990112304688,212.4199981689453,166.8946990966797,91.38999938964844,58.55500030517578,156.32000732421875,26.540000915527344,149.14500427246094,203.125,221.1999969482422,165.4600067138672,49.75,150.66000366210938,737.1599731445312,96.9000015258789,91.51000213623047,55.630001068115234,443.489990234375,322.32000732421875,51.33000183105469,128.0399932861328,157.36500549316406,470.7900085449219,248.0,376.5098876953125,266.2799987792969,367.3900146484375,56.345001220703125,310.7250061035156,239.6199951171875,428.9700012207031,81.55999755859375,72.91999816894531,126.83999633789062,151.09500122070312,171800,27189,19543,46698,257299,12264,428326,42124,152240,16900,82892,16205,38540,43366,3711,133943,39041,5980,6265,8271,161097,18722,54868,19478,49646,169266,69423,45760,104495,21436,36161,69426,212394,25399,568689,8844,26299,73913,128842,9811,64746,69105,11367,25043,31357,1873197,11375,13983,32889,34174,68111,158977,12843,6959,24913,8120,23432,52808,52104,9567,65988,20742,150837,52537,32960,143068,1325818,210459,20614,81469,24063,230880,56330,9360,6652,20587,39993,92135,3009,37563,42543,126215,8853,10956,41415,31969,24567,15078,5382.0,177990,43263,100241,33010,50853,16320,3477,66275,28643,342066,93717
2026-04-28 18:20:00+00:00,270.590087890625,197.14999389648438,243.27000427246094,385.8800048828125,325.8900146484375,338.3949890136719,259.5299987792969,38.63999938964844,400.2959899902344,317.79998779296875,52.775001525878906,148.89999389648438,177.13499450683594,67.92500305175781,1051.0999755859375,58.119998931884766,129.11500549316406,328.3999938964844,285.94000244140625,285.010009765625,32.994998931884766,192.77999877929688,123.83999633789062,987.7550048828125,181.9499969482422,85.93730163574219,34.66999816894531,81.25,188.16990661621094,116.27999877929688,178.97000122070312,49.57500076293945,135.1300048828125,59.65999984741211,12.395000457763672,199.64999389648438,129.0449981689453,78.66529846191406,349.7699890136719,930.1300048828125,40.67509841918945,328.42498779296875,326.8550109863281,232.89999389648438,231.8300018310547,84.31500244140625,398.5799865722656,464.0,226.875,311.7749938964844,31.655000686645508,78.84500122070312,865.52001953125,240.2050018310547,509.7099914550781,359.0899963378906,292.07000732421875,81.58999633789062,671.3699951171875,231.39999389648438,110.41000366210938,190.2899932861328,426.67120361328125,44.849998474121094,20.485000610351562,90.52999877929688,212.9250030517578,166.6699981689453,91.4000015258789,58.470001220703125,156.24000549316406,26.53499984741211,149.02000427246094,202.85000610351562,220.89999389648438,165.50999450683594,49.68259811401367,150.85499572753906,737.875,96.86000061035156,91.37999725341797,55.6150016784668,442.57501220703125,322.5350036621094,51.25,127.94000244140625,157.30499267578125,470.3299865722656,247.81500244140625,376.8999938964844,265.9649963378906,368.0400085449219,56.30500030517578,310.135009765625,239.72000122070312,428.6400146484375,81.54000091552734,72.88999938964844,126.91999816894531,150.91000366210938,224287,41727,24243,57680,298570,11141,224896,30492,237905,24454,150470,27054,48895,37696,3425,124042,30964,6875,5974,9240,138475,11454,79940,11119,62147,137134,44513,46447,82226,16197,66116,83714,26640,39255,312897,42974,31503,93974,220079,11222,55501,36973,10617,19909,22560,1763720,12971,7036,41330,49642,74232,183273,19079,9263,20558,7452,21211,123935,64981,11813,47578,19553,198010,63201,33327,147298,1525529,160559,23892,101798,26301,215946,95651,12227,10790,20584,66966,142639,2642,58927,58622,92847,10688,13094,60538,41135,14699,8824,6968.0,432356,69639,118421,43458,59758,13614,3741,96355,29759,64388,112047
2026-04-28 18:25:00+00:00,270.5,196.91000366210938,243.3249969482422,386.30999755859375,325.9599914550781,338.1000061035156,259.69000244140625,38.724998474121094,400.55999755859375,317.5400085449219,52.724998474121094,148.69500732421875,176.97000122070312,68.13999938964844,1050.469970703125,58.310001373291016,128.9600067138672,328.0,285.79998779296875,284.92999267578125,32.92499923706055,192.64999389648438,124.04000091552734,987.6699829101562,182.14999389648438,85.81999969482422,34.70500183105469,81.3385009765625,188.28500366210938,116.1500015258789,178.9600067138672,49.6349983215332,135.16009521484375,59.6349983215332,12.385000228881836,199.6199951171875,128.92999267578125,78.6449966430664,349.94000244140625,928.8900146484375,40.724998474121094,328.05999755859375,326.4125061035156,233.02000427246094,232.34500122070312,84.26000213623047,399.1199951171875,464.125,226.74000549316406,311.5299987792969,31.674999237060547,78.8550033569336,866.0,239.99000549316406,509.17999267578125,358.94000244140625,291.760009765625,81.59500122070312,671.7479858398438,231.89500427246094,110.30000305175781,190.27000427246094,426.6099853515625,44.83000183105469,20.524999618530273,90.6449966430664,212.84500122070312,166.99000549316406,91.33999633789062,58.564998626708984,156.22999572753906,26.5049991607666,148.77499389648438,202.6300048828125,220.63999938964844,165.61000061035156,49.665000915527344,150.7899932861328,736.0499877929688,96.87999725341797,91.19999694824219,55.67499923706055,443.0199890136719,322.260009765625,51.185001373291016,127.91999816894531,157.26499938964844,469.9200134277344,247.7899932861328,377.510009765625,265.9599914550781,368.07000732421875,56.23500061035156,310.0199890136719,240.2449951171875,428.66241455078125,81.44000244140625,72.95999908447266,126.9000015258789,150.94500732421875,168174,55744,23145,43795,214306,14684,248652,21911,96158,19378,145955,18121,46135,67339,14204,231355,22902,12946,14702,8940,145778,12387,44222,9374,60485,128608,29005,224134,45724,14662,29843,78639,16367,34343,236133,13619,32382,85638,113742,14120,42934,32766,111523,34983,35818,1153503,163667,14998,29435,27758,65209,94961,15225,18607,25241,7031,25129,44933,48631,10766,39435,18622,200904,131206,35218,152676,1066054,137244,24737,52902,28122,641153,63292,11072,17311,15334,52522,428017,6695,44622,65362,83623,8058,60352,65172,20896,25499,13093,8042.0,374213,42637,63536,35320,72779,25193,4377,89783,34861,62667,86059
2026-04-28 18:30:00+00:00,270.5,196.88499450683594,243.2899932861328,385.2550048828125,325.0199890136719,338.2900085449219,259.30999755859375,38.78499984741211,400.489990234375,317.5050048828125,52.70000076293945,148.625,176.4499969482422,68.08499908447266,1050.300048828125,58.275001525878906,128.8800048828125,328.4549865722656,286.1600036621094,284.9150085449219,32.96500015258789,192.44000244140625,124.05999755859375,987.0,181.75,85.88999938964844,34.73500061035156,81.2699966430664,188.39999389648438,116.01000213623047,178.88999938964844,49.67499923706055,135.27999877929688,59.61000061035156,12.369999885559082,199.7689971923828,128.99000549316406,78.69999694824219,349.6000061035156,928.3300170898438,40.70500183105469,327.8550109863281,325.80499267578125,233.04299926757812,232.4600067138672,84.36000061035156,399.6199951171875,463.95001220703125,226.8699951171875,311.6400146484375,31.674999237060547,78.80999755859375,866.030029296875,239.9499969482422,509.25,358.17999267578125,291.57000732421875,81.56999969482422,671.1699829101562,231.9600067138672,110.2300033569336,190.17999267578125,426.1695861816406,44.79499816894531,20.44499969482422,90.43499755859375,212.7801055908203,166.8300018310547,91.43000030517578,58.6349983215332,156.2100067138672,26.4950008392334,148.80999755859375,202.92999267578125,220.61000061035156,165.83999633789062,49.6349983215332,150.63519287109375,735.3300170898438,96.80010223388672,91.06999969482422,55.57500076293945,442.44000244140625,321.92999267578125,51.18000030517578,127.8499984741211,157.1750030517578,469.7099914550781,247.99000549316406,377.0199890136719,265.45001220703125,368.3299865722656,56.220001220703125,310.1780090332031,240.5399932861328,428.3349914550781,81.43499755859375,72.94999694824219,126.87000274658203,150.88999938964844,256811,55909,20199,45126,320370,13065,261667,40306,191785,15106,172754,24852,80840,31266,2369,150223,24470,25804,6448,10622,161087,32308,42558,11412,64135,449154,46539,75693,66771,14172,203629,73974,18160,42407,202627,8702,71828,105407,130516,15883,46458,37691,22127,23472,50429,958022,25215,9585,42239,32522,66435,107682,9674,7234,27712,5980,29103,86205,87418,10980,50237,18383,198764,131283,489552,121676,1381670,92272,23214,74938,30239,392205,79425,10995,9575,24574,50298,122714,4081,87198,49562,74517,6485,40370,62277,16644,22671,13216,7901.0,404725,49523,67288,38051,64672,19199,3961,74127,28786,47918,96145
2026-04-28 18:35:00+00:00,270.3699951171875,196.85000610351562,243.49000549316406,385.1549987792969,324.9649963378906,337.8999938964844,259.31500244140625,38.78499984741211,400.3399963378906,317.8299865722656,52.68989944458008,148.47999572753906,176.35499572753906,68.05000305175781,1050.06005859375,58.11000061035156,128.94000244140625,328.0,285.760009765625,284.6700134277344,33.025001525878906,192.63999938964844,124.05000305175781,987.5399780273438,181.82000732421875,85.86000061035156,34.744998931884766,81.08000183105469,188.36500549316406,115.8949966430664,179.0399932861328,49.71500015258789,135.3300018310547,59.61000061035156,12.365400314331055,199.6750030517578,128.88499450683594,78.73139953613281,349.5299987792969,929.0900268554688,40.71500015258789,328.04998779296875,326.0,233.0850067138672,232.1999969482422,84.41999816894531,399.75,464.6199035644531,226.5491943359375,311.54998779296875,31.66010093688965,78.70999908447266,865.1054077148438,240.0800018310547,509.0,357.9200134277344,291.44000244140625,81.48500061035156,671.5999755859375,232.17999267578125,110.08000183105469,190.2100067138672,426.55999755859375,44.84000015258789,20.44499969482422,90.6050033569336,213.3800048828125,166.74000549316406,91.38999938964844,58.60499954223633,156.2449951171875,26.47719955444336,148.74000549316406,202.5500030517578,220.38999938964844,165.86000061035156,49.689998626708984,150.66000366210938,734.7999877929688,96.87999725341797,91.02999877929688,55.525001525878906,442.4849853515625,321.1875,51.17499923706055,127.8550033569336,157.13999938964844,469.2449951171875,248.08999633789062,376.6499938964844,265.5050048828125,368.1900939941406,56.209999084472656,310.0400085449219,240.57000732421875,428.1099853515625,81.34230041503906,72.94999694824219,126.86000061035156,150.8000030517578,157724,37383,18917,49800,199161,7771,202376,34781,118367,17238,189901,17953,57607,29791,2905,142496,29862,6575,12361,6921,109986,14182,43156,6100,50679,93980,46397,118779,44819,9930,26516,80058,24171,37380,558125,6291,21384,71310,98612,21904,51260,61556,20213,51968,33385,945428,17852,8974,25596,20853,60600,135630,8843,8939,17398,13134,32819,103500,47600,10575,43147,15041,173452,66087,60013,116309,1693217,139430,18231,99238,25693,330184,49328,9738,11212,42367,41755,91723,2535,44934,30033,204315,5001,7068,35656,16261,20016,15227,6867.0,351703,19719,44306,34412,51267,14516,8908,395046,32438,74291,91749
2026-04-28 18:40:00+00:00,270.2300109863281,196.80999755859375,243.44500732421875,385.7300109863281,325.2749938964844,338.2300109863281,259.1600036621094,38.731998443603516,400.239990234375,317.9200134277344,52.67499923706055,148.3018035888672,176.44500732421875,67.94499969482422,1050.18505859375,58.15999984741211,128.97000122070312,327.8699951171875,285.6600036621094,284.6700134277344,33.05139923095703,192.6699981689453,124.02999877929688,988.5650024414062,181.9499969482422,85.86000061035156,34.71500015258789,81.02999877929688,188.2646026611328,116.12760162353516,179.30999755859375,49.665000915527344,135.29100036621094,59.56999969482422,12.375,199.6199951171875,129.00999450683594,78.52999877929688,349.6700134277344,930.3099975585938,40.66999816894531,328.3500061035156,325.8699951171875,233.52000427246094,232.27000427246094,84.37999725341797,399.9700012207031,464.1700134277344,226.6199951171875,311.42999267578125,31.655000686645508,78.74169921875,865.2152709960938,240.28500366210938,509.1000061035156,358.1300048828125,291.6216125488281,81.53459930419922,671.6699829101562,232.0,109.95999908447266,190.27000427246094,426.69000244140625,44.869998931884766,20.375,90.66000366210938,213.89990234375,166.76499938964844,91.3949966430664,58.56999969482422,156.21499633789062,26.422300338745117,148.6750030517578,202.57000732421875,220.38999938964844,165.75599670410156,49.65999984741211,150.75999450683594,735.6300048828125,96.88999938964844,90.99500274658203,55.415000915527344,442.2250061035156,321.05999755859375,51.150001525878906,127.8550033569336,156.9600067138672,469.7650146484375,248.1199951171875,378.1050109863281,265.79998779296875,369.0899963378906,56.224998474121094,310.0450134277344,240.44000244140625,428.3349914550781,81.38500213623047,72.91000366210938,126.96990203857422,150.7050018310547,178574,33458,19702,37424,182893,15297,220767,31193,122292,30523,152307,21330,42910,32951,4175,103891,23781,12013,15027,11843,94802,11019,38902,11636,55703,84592,48409,34258,51499,17621,31251,58654,18228,26407,359902,8663,17790,120531,76014,6880,42804,28976,17201,31003,43127,659858,15458,9059,30914,28921,49752,96344,16865,8898,20973,11242,28743,34904,53666,13510,78668,33571,273851,58418,40366,141605,1952856,86231,26902,71840,20715,691728,58581,9500,9425,33728,48346,87830,3150,54310,83309,161950,8095,11191,38191,17267,20619,12481,9303.0,382078,22667,85064,35462,66528,12024,3340,150313,18852,47679,62604
2026-04-28 18:45:00+00:00,270.2101135253906,197.05499267578125,243.81500244140625,385.6964111328125,324.864990234375,338.8399963378906,259.0799865722656,38.744998931884766,400.45001220703125,317.9997863769531,52.71500015258789,148.39999389648438,176.94000244140625,67.87999725341797,1050.5400390625,58.209999084472656,128.94000244140625,327.6099853515625,285.7598876953125,284.5249938964844,33.03499984741211,192.77000427246094,124.08000183105469,988.6599731445312,182.08999633789062,86.0,34.73500061035156,81.06999969482422,188.10000610351562,116.20999908447266,179.49000549316406,49.685001373291016,135.30999755859375,59.57500076293945,12.380000114440918,199.67999267578125,129.07000732421875,78.62999725341797,349.6600036621094,930.3499755859375,40.665000915527344,328.3800048828125,325.54998779296875,233.80999755859375,232.22999572753906,84.19999694824219,400.3800048828125,464.16619873046875,226.80999755859375,311.45001220703125,31.645000457763672,78.68000030517578,865.280029296875,240.35000610351562,509.5,358.3999938964844,291.67999267578125,81.54000091552734,671.5599975585938,232.13499450683594,110.00499725341797,190.3000030517578,426.8599853515625,44.8849983215332,20.389999389648438,90.70999908447266,213.61000061035156,166.72999572753906,91.45999908447266,58.54499816894531,156.27000427246094,26.3799991607666,148.72999572753906,202.38999938964844,220.4199981689453,165.7158203125,49.69499969482422,151.10000610351562,734.2849731445312,96.89510345458984,90.99500274658203,55.474998474121094,442.114990234375,321.2900085449219,51.13999938964844,127.80500030517578,156.73500061035156,470.2749938964844,247.97999572753906,378.20001220703125,266.2850036621094,368.739990234375,56.244998931884766,310.32501220703125,240.6649932861328,428.29998779296875,81.3949966430664,72.9000015258789,127.08000183105469,150.63999938964844,145265,154388,17381,28345,175403,9423,227843,22034,107357,10671,115483,28521,152636,60792,2704,222272,27839,30272,11819,8253,111412,14767,47905,4976,54312,143385,31431,31091,70981,10513,44036,75974,18365,31861,143321,5652,19163,78466,125847,7671,51037,37003,18479,15875,30246,938486,16127,14819,33829,46190,71022,134141,12414,9248,24680,9661,39222,36383,42643,10524,45928,22528,284901,65538,39594,113866,1516986,173610,52959,49374,35836,658755,64334,12037,13800,26521,59751,171480,4445,81888,50272,88478,8049,17223,38899,30923,27460,10404,7882.0,417978,44459,125319,29083,67165,15572,2461,79002,31258,85932,101857
2026-04-28 18:50:00+00:00,270.06500244140625,197.2100067138672,243.74249267578125,385.8399963378906,324.7998962402344,339.1050109863281,258.9849853515625,38.654998779296875,400.6099853515625,317.8500061035156,52.73500061035156,148.27999877929688,176.9199981689453,67.87999725341797,1051.0400390625,58.165000915527344,128.97999572753906,327.2950134277344,285.0,284.3500061035156,33.04499816894531,192.78500366210938,124.0,988.5900268554688,182.0749969482422,86.22000122070312,34.64500045776367,80.96499633789062,188.0,116.19000244140625,179.52999877929688,49.51620101928711,135.1199951171875,59.5099983215332,12.375,199.50999450683594,128.89500427246094,78.6500015258789,349.9100036621094,931.5599975585938,40.6150016784668,328.260009765625,325.6499938964844,234.14999389648438,232.5399932861328,84.24500274658203,401.135009765625,464.5249938964844,227.0,311.474609375,31.655000686645508,78.6050033569336,865.0,240.25999450683594,509.2749938964844,358.54998779296875,291.7698974609375,81.45500183105469,672.5,231.81500244140625,109.9000015258789,190.4949951171875,427.5,44.910099029541016,20.375,90.74500274658203,213.83999633789062,166.7899932861328,91.41500091552734,58.525001525878906,156.0449981689453,26.364999771118164,148.5050048828125,202.15750122070312,220.5,165.38999938964844,49.730098724365234,151.0500030517578,734.1900024414062,96.99500274658203,91.08000183105469,55.474998474121094,442.42498779296875,321.1099853515625,51.13999938964844,127.875,156.6999969482422,470.6400146484375,247.57000732421875,378.0400085449219,266.4049987792969,368.75,56.244998931884766,310.2149963378906,240.1300048828125,428.54998779296875,81.40070343017578,72.87999725341797,127.05999755859375,150.4199981689453,145620,37940,28119,32537,144094,7674,192679,54309,127932,13320,243903,9550,61087,37868,4564,130895,26901,11476,19078,7856,89037,31304,61989,4486,60363,113954,60269,21860,66427,14131,38271,114701,25774,37678,216976,10767,42228,50744,137060,7347,64718,23895,30196,41025,46066,774828,16029,11383,37942,43220,70469,113550,17955,13252,18366,10490,25681,30576,130917,8721,72979,21524,209402,65589,44123,128528,1124627,147562,34130,88017,21283,432863,72199,11582,17798,15546,34432,110474,5262,57634,51547,84826,56431,11248,69782,33708,22488,17522,9978.0,1313670,30653,45174,29180,75778,10722,4538,84584,30989,52685,75873
2026-04-28 18:55:00+00:00,270.0600891113281,197.4149932861328,243.5,385.7200012207031,325.75,339.04998779296875,259.0400085449219,38.67499923706055,400.2799987792969,317.6300048828125,52.70000076293945,148.51499938964844,176.63999938964844,67.93000030517578,1049.8599853515625,58.099998474121094,128.8000030517578,327.5199890136719,285.1700134277344,284.57000732421875,32.974998474121094,192.7100067138672,123.9800033569336,988.7650146484375,181.75,86.2699966430664,34.6349983215332,80.83999633789062,188.04029846191406,116.17500305175781,179.44000244140625,49.505001068115234,135.13999938964844,59.52000045776367,12.364999771118164,199.68499755859375,128.93499755859375,78.6500015258789,349.8299865722656,930.010009765625,40.62839889526367,328.2349853515625,326.0150146484375,233.50999450683594,232.53500366210938,84.0999984741211,401.1700134277344,463.8500061035156,227.00999450683594,311.3299865722656,31.71500015258789,78.65499877929688,864.22998046875,240.39999389648438,508.8500061035156,358.6099853515625,291.6387939453125,81.37999725341797,671.3350219726562,231.36000061035156,110.0,190.32000732421875,427.6437072753906,44.90999984741211,20.334999084472656,90.63999938964844,214.06500244140625,166.64999389648438,91.48500061035156,58.51499938964844,156.1699981689453,26.424999237060547,148.72000122070312,202.14999389648438,220.2899932861328,165.2100067138672,49.67499923706055,151.05999755859375,734.7874755859375,96.94999694824219,91.05000305175781,55.59000015258789,441.0400085449219,320.5899963378906,51.150001525878906,127.76000213623047,156.6649932861328,470.364990234375,247.32969665527344,377.7699890136719,266.2099914550781,368.1000061035156,56.185001373291016,309.8500061035156,239.51499938964844,428.4200134277344,81.33499908447266,72.91000366210938,127.13999938964844,150.47000122070312,222209,47526,18320,56223,301663,23759,223660,54982,353933,9533,154399,53972,46651,44287,2462,117827,36784,11745,19695,9261,93006,16399,91972,7365,61830,113745,45593,24124,64203,12727,35587,88691,21640,32587,327423,8159,23282,66200,92612,9022,70068,22784,106426,51684,29575,1047810,17757,7533,56788,47043,169523,105680,23606,11824,28320,8264,35203,43717,66971,15210,43609,31290,290097,70395,80961,91522,1564856,205302,33478,74242,30367,334776,87974,12160,8973,30361,41911,111311,2006,55585,71035,138306,19866,12871,100973,105999,25701,12923,10758.0,235458,36590,57379,33596,73743,23885,4120,123358,41229,98830,66486
2026-04-28 19:00:00+00:00,270.135009765625,197.02999877929688,243.19540405273438,386.29998779296875,326.4100036621094,338.6856994628906,259.260009765625,38.58150100708008,401.2174987792969,317.32501220703125,52.709999084472656,148.4199981689453,176.64500427246094,67.98999786376953,1049.8699951171875,58.209999084472656,128.57000732421875,327.4599914550781,285.3299865722656,284.489990234375,32.935001373291016,192.49000549316406,123.94000244140625,988.6298828125,181.5500030517578,86.45999908447266,34.625,80.81999969482422,187.86000061035156,116.02999877929688,179.4149932861328,49.46500015258789,135.0749969482422,59.52000045776367,12.364999771118164,199.69000244140625,128.91000366210938,78.44000244140625,350.1300048828125,929.6500244140625,40.66999816894531,327.989990234375,325.739990234375,233.88499450683594,232.22999572753906,84.0999984741211,400.3599853515625,463.9750061035156,227.22500610351562,311.2900085449219,31.71500015258789,78.58619689941406,865.7100219726562,240.09500122070312,508.260009765625,358.6000061035156,291.55499267578125,81.30000305175781,669.655029296875,231.5,110.04000091552734,190.08999633789062,427.2300109863281,44.89500045776367,20.3700008392334,90.5740966796875,214.19000244140625,166.5399932861328,91.41000366210938,58.435001373291016,156.1699981689453,26.44499969482422,148.61000061035156,202.05999755859375,220.44000244140625,165.10000610351562,49.599998474121094,150.97000122070312,735.3300170898438,97.05999755859375,91.00499725341797,55.665000915527344,439.92999267578125,320.3399963378906,51.189998626708984,127.80000305175781,156.6699981689453,470.3699951171875,247.63999938964844,377.989990234375,265.92999267578125,367.7149963378906,56.2400016784668,309.67999267578125,239.46499633789062,428.9750061035156,81.36759948730469,72.94999694824219,127.16000366210938,150.39010620117188,170236,51498,28761,52017,317719,13306,371260,116571,178681,13992,193203,18332,81985,69135,3746,299202,70628,8960,10454,8822,91340,33131,86391,7496,88373,97916,103814,42154,79634,31170,59816,85595,17756,38981,508218,18508,56196,95393,118237,12542,73349,31635,25951,22358,74108,1022128,28219,9153,71539,71414,123907,172579,23731,14460,29619,9214,75783,75476,99334,21482,145903,50110,230379,67483,47340,163554,1559882,142886,42163,70382,28220,363732,75508,12486,19726,23234,87385,280332,2516,83611,43920,98806,17233,11347,120817,24041,25917,9386,9055.0,282481,58297,102057,47816,96745,13046,5404,75878,36863,76193,83095
2026-04-28 19:05:00+00:00,270.2250061035156,197.33999633789062,243.22000122070312,385.8299865722656,326.07501220703125,338.8599853515625,259.54998779296875,38.54499816894531,401.1499938964844,317.4649963378906,52.730098724365234,148.4600067138672,176.5399932861328,68.0250015258789,1050.199951171875,58.29999923706055,128.61000061035156,327.55999755859375,285.0950012207031,284.81500244140625,32.935001373291016,192.46499633789062,123.97000122070312,988.7360229492188,181.68609619140625,86.54499816894531,34.595001220703125,80.76000213623047,187.88999938964844,115.88999938964844,179.49000549316406,49.420101165771484,135.07000732421875,59.55500030517578,12.375,199.77000427246094,129.0,78.73999786376953,350.2699890136719,929.280029296875,40.665000915527344,328.07501220703125,326.010009765625,233.6750030517578,232.4199981689453,84.12989807128906,400.6700134277344,464.3599853515625,227.30999755859375,311.44500732421875,31.735000610351562,78.51499938964844,866.9000244140625,240.0800018310547,508.42999267578125,358.5299987792969,291.760009765625,81.38999938964844,670.739990234375,231.6300048828125,110.1500015258789,190.14999389648438,427.8999938964844,44.900001525878906,20.354999542236328,90.50659942626953,214.60499572753906,166.7866973876953,91.41999816894531,58.44499969482422,156.22000122070312,26.44499969482422,148.50999450683594,202.0500030517578,220.4499969482422,165.24000549316406,49.572601318359375,150.25,735.0,97.12000274658203,91.0199966430664,55.64500045776367,440.1449890136719,320.3349914550781,51.15999984741211,127.76000213623047,156.80999755859375,470.7099914550781,247.4499969482422,377.9200134277344,265.9200134277344,367.5299987792969,56.255001068115234,309.6000061035156,239.55499267578125,429.04998779296875,81.41500091552734,73.0,127.1500015258789,150.50999450683594,168568,62812,26093,49749,226207,10733,206285,65346,199537,11752,122844,15755,109121,46741,4561,227568,45709,10038,22060,6784,66469,24010,69811,8287,52113,84841,69746,51889,68874,19082,45760,87788,18546,38751,272655,9373,24310,108786,192388,13992,37659,28958,17427,28442,24188,741384,13982,18896,48994,29116,148243,104529,22041,27322,24604,8441,32967,156776,70350,8946,90344,28891,191066,59214,48877,143650,1967116,172345,41896,71544,31778,304810,57239,12978,15567,32096,64527,320588,4891,79076,40302,69299,13426,18182,89339,18413,32791,12037,8848.0,277472,45101,73973,43050,77311,30172,10542,134011,35187,72427,97272
2026-04-28 19:10:00+00:00,270.45001220703125,197.5500030517578,243.22999572753906,385.7998962402344,325.5199890136719,338.875,259.6000061035156,38.59989929199219,400.45001220703125,317.5299987792969,52.73500061035156,148.35000610351562,176.6199951171875,68.16500091552734,1049.949951171875,58.25,128.50999450683594,328.6000061035156,285.5398864746094,285.0199890136719,32.840999603271484,192.4250030517578,124.08499908447266,991.510009765625,181.6300048828125,86.44000244140625,34.625,80.93499755859375,188.0800018310547,116.02069854736328,179.52499389648438,49.474998474121094,135.17999267578125,59.58000183105469,12.375,199.91000366210938,128.61000061035156,78.80999755859375,350.1549987792969,928.9000244140625,40.68000030517578,328.2099914550781,325.7674865722656,232.77000427246094,232.41000366210938,84.04989624023438,400.635009765625,464.7799987792969,227.39500427246094,311.43499755859375,31.69499969482422,78.53500366210938,868.8250122070312,240.15499877929688,508.8550109863281,358.3500061035156,291.9100036621094,81.4175033569336,670.4749755859375,231.74000549316406,110.12000274658203,190.08999633789062,427.6600036621094,44.904998779296875,20.389999389648438,90.55000305175781,214.1699981689453,166.6199951171875,91.53500366210938,58.52000045776367,156.39999389648438,26.3799991607666,148.7100067138672,202.13999938964844,220.64999389648438,165.05499267578125,49.56999969482422,150.5800018310547,736.0800170898438,97.13999938964844,91.06500244140625,55.6349983215332,440.3550109863281,320.6000061035156,51.154998779296875,127.80999755859375,156.99000549316406,470.5799865722656,247.59750366210938,377.8500061035156,265.81500244140625,367.57000732421875,56.244998931884766,309.6724853515625,239.61000061035156,428.9599914550781,81.4113998413086,73.01000213623047,127.41000366210938,150.6300048828125,180899,53165,29466,45730,236418,84401,285564,43663,152754,13776,109895,32721,76869,74292,4839,129675,69167,11751,8528,26842,164903,15388,49174,12105,61977,144472,58175,131188,80434,29384,44727,75727,20224,54327,138615,10205,38199,66647,636694,7958,64543,25126,29265,49732,32108,801384,14725,13803,33820,26905,159479,157502,27550,11999,24014,9873,36530,106564,59419,31260,43075,28233,213962,67782,53981,134390,1876809,136823,42908,97990,24300,445712,62033,11995,20754,29694,61507,174485,3652,95920,40965,80658,17564,12744,49321,38135,28556,16088,12938.0,444198,44359,68896,30204,73062,16371,5656,286112,42451,115387,81428
2026-04-28 19:15:00+00:00,270.4599914550781,197.91000366210938,243.13999938964844,384.45001220703125,324.7412109375,339.510009765625,259.55999755859375,38.51070022583008,399.8599853515625,317.489990234375,52.755001068115234,148.2100067138672,177.01499938964844,67.95500183105469,1050.43994140625,58.14500045776367,128.49000549316406,328.7049865722656,285.4800109863281,285.6199951171875,32.779998779296875,192.5,124.0999984741211,991.3350219726562,181.7449951171875,86.43000030517578,34.584999084472656,81.05999755859375,188.08999633789062,116.125,179.72999572753906,49.42499923706055,135.18499755859375,59.560001373291016,12.385000228881836,199.86000061035156,128.875,79.05999755859375,349.8800048828125,929.2999877929688,40.68000030517578,328.1000061035156,326.114990234375,230.74000549316406,232.85000610351562,83.76349639892578,401.2749938964844,464.9800109863281,227.58999633789062,311.6499938964844,31.704999923706055,78.55000305175781,870.77001953125,239.9149932861328,508.5299987792969,358.70001220703125,291.6499938964844,81.5,670.489990234375,231.8800048828125,110.13500213623047,190.19000244140625,427.8172912597656,44.91999816894531,20.325000762939453,90.66999816894531,213.66000366210938,166.61000061035156,91.58499908447266,58.55500030517578,156.3300018310547,26.434999465942383,148.5500030517578,202.47000122070312,220.6750030517578,164.9499969482422,49.56999969482422,150.5,735.7899780273438,97.08999633789062,91.09500122070312,55.564998626708984,440.864990234375,320.54998779296875,51.16999816894531,127.86000061035156,157.1199951171875,471.239990234375,247.67999267578125,377.31500244140625,265.32000732421875,367.3599853515625,56.26499938964844,309.6700134277344,239.22999572753906,429.5,81.49500274658203,73.03500366210938,127.22000122070312,150.6699981689453,275373,45821,42533,63132,333075,15174,268182,54717,155251,10899,170345,32401,83454,82811,4787,200388,80012,8085,10045,16453,242607,26896,39981,10317,98456,136410,65281,52234,70246,18179,50528,83816,22005,61132,245317,9989,48601,92213,175003,13376,48852,26768,22125,67128,59307,1093220,20188,22673,56734,341890,131955,307099,24067,12375,29173,11410,41673,72292,218106,21796,129847,30164,191140,80183,47415,154688,2037298,154116,29687,105825,34265,428638,71655,24320,32166,32535,141886,168808,5113,116441,74439,74361,20309,14114,78629,31554,41312,13201,11588.0,468172,634575,77493,44207,104064,28243,8668,126183,75542,2605971,102182
2026-04-28 19:20:00+00:00,270.375,197.7050018310547,242.91000366210938,384.3349914550781,324.80499267578125,338.9912109375,259.5299987792969,38.45500183105469,400.8599853515625,317.3399963378906,52.689998626708984,148.3800048828125,176.8800048828125,67.94000244140625,1050.1099853515625,58.209999084472656,128.3800048828125,328.510009765625,284.8900146484375,285.75,32.80500030517578,192.41000366210938,124.08999633789062,991.1300048828125,181.875,86.40080261230469,34.560001373291016,81.05500030517578,188.08900451660156,115.9800033569336,179.63499450683594,49.400001525878906,135.30999755859375,59.61000061035156,12.375,199.6999969482422,128.5800018310547,79.24250030517578,349.6600036621094,928.4749755859375,40.68000030517578,328.114990234375,325.6000061035156,230.94000244140625,232.77169799804688,83.66280364990234,401.239990234375,465.56500244140625,227.57000732421875,311.5950012207031,31.719999313354492,78.4800033569336,871.97998046875,239.85000610351562,508.7099914550781,358.6400146484375,291.6600036621094,81.48999786376953,670.6599731445312,232.24000549316406,110.12999725341797,190.07000732421875,428.2900085449219,44.94499969482422,20.2450008392334,90.67500305175781,214.02999877929688,166.64999389648438,91.44999694824219,58.540000915527344,156.24000549316406,26.434999465942383,148.6750030517578,202.4199981689453,220.72940063476562,165.0050048828125,49.540000915527344,150.33999633789062,733.9000244140625,97.05000305175781,90.99030303955078,55.4900016784668,441.3399963378906,320.6600036621094,51.119998931884766,127.78500366210938,157.16000366210938,470.8999938964844,247.77000427246094,377.0450134277344,265.4150085449219,367.93499755859375,56.244998931884766,309.6700134277344,240.02499389648438,429.68499755859375,81.40499877929688,73.00499725341797,127.19499969482422,150.69000244140625,198627,52742,45217,44752,236669,34338,230418,67799,178652,21961,177911,34094,71912,105511,3540,278282,69245,11797,25922,15423,214785,27454,52022,9533,75793,120255,111058,49721,68814,18037,33772,72592,45085,68220,378653,9521,27643,156050,139596,8116,60501,21118,17847,46126,36044,1196048,23023,35737,44601,38053,119489,256126,61648,14701,27621,8330,28594,135415,71119,17543,74231,37382,972654,82958,115660,95047,1795397,296152,47415,162001,31791,399775,68100,12233,16487,29925,84159,153386,7681,87396,50789,127585,15822,25871,57302,31499,23701,14886,12231.0,695871,45981,87047,60763,57227,35033,18005,158601,44696,88298,74154
2026-04-28 19:25:00+00:00,270.2250061035156,197.5399932861328,243.05499267578125,384.8999938964844,324.6203918457031,339.0950012207031,259.5400085449219,38.54999923706055,400.8999938964844,317.1099853515625,52.67499923706055,148.27000427246094,176.64999389648438,67.80000305175781,1049.9300537109375,58.13999938964844,128.30999755859375,328.5799865722656,284.6650085449219,286.0,32.77000045776367,192.33999633789062,124.12999725341797,990.4099731445312,182.02999877929688,86.5250015258789,34.599998474121094,81.01000213623047,188.13999938964844,115.84500122070312,179.5,49.44499969482422,135.41000366210938,59.7400016784668,12.350000381469727,199.9199981689453,128.82000732421875,78.68000030517578,349.75,928.4600219726562,40.665000915527344,328.0400085449219,324.5799865722656,230.0800018310547,233.26499938964844,83.56999969482422,401.7550048828125,466.1299133300781,227.5449981689453,311.6000061035156,31.767499923706055,78.4749984741211,872.2750244140625,239.50999450683594,508.489990234375,357.6199951171875,291.42999267578125,81.44000244140625,670.5,232.86000061035156,109.92500305175781,190.02999877929688,428.9949951171875,44.89500045776367,20.239999771118164,90.86000061035156,214.06500244140625,167.05499267578125,91.41000366210938,58.58000183105469,156.1199951171875,26.405000686645508,148.53500366210938,202.2899932861328,220.57000732421875,165.44000244140625,49.58000183105469,150.33999633789062,732.8599853515625,96.84500122070312,90.93000030517578,55.45000076293945,440.9200134277344,320.94000244140625,51.02000045776367,127.51000213623047,156.76499938964844,470.5199890136719,248.50999450683594,377.3399963378906,265.3550109863281,367.8299865722656,56.16999816894531,309.6199951171875,240.86000061035156,429.82000732421875,81.33499908447266,73.08999633789062,127.04000091552734,150.8000030517578,200259,64571,60628,54048,164393,38660,277474,69092,169688,21382,143396,36634,80142,86421,3654,228157,78778,14177,9339,18652,194916,16415,72140,10059,76659,166291,69128,51552,83007,24095,54312,95379,38095,87969,311124,15402,53602,160895,140599,9673,79848,34536,29497,92601,84822,1054994,23989,19141,49799,46970,158877,333004,42637,20014,43956,16691,46315,90155,54707,17997,139069,25005,375830,148009,87554,144201,1705467,146875,54297,104990,43153,409318,71609,18389,21439,53487,150178,157009,9031,114528,83351,134885,15945,22414,111312,64488,28690,36613,9606.0,262433,55118,63174,62028,90060,28723,20910,158094,68902,135273,95206
2026-04-28 19:30:00+00:00,270.0299987792969,197.28500366210938,242.9949951171875,384.6099853515625,324.42999267578125,338.5,259.409912109375,38.650001525878906,400.67999267578125,316.44000244140625,52.630001068115234,147.9149932861328,176.25999450683594,67.80500030517578,1049.1650390625,58.150001525878906,128.1199951171875,328.2799987792969,284.4750061035156,285.55999755859375,32.69350051879883,192.0,124.32499694824219,988.9650268554688,182.35000610351562,86.34500122070312,34.71500015258789,81.2249984741211,188.11500549316406,115.5199966430664,179.08999633789062,49.60499954223633,135.6699981689453,59.726600646972656,12.354999542236328,200.37289428710938,128.85000610351562,78.80000305175781,349.739990234375,926.5800170898438,40.720001220703125,327.44000244140625,324.19000244140625,230.9499969482422,233.04879760742188,83.88500213623047,401.29998779296875,466.5899963378906,227.12109375,311.4700012207031,31.7549991607666,78.18000030517578,872.719970703125,239.0800018310547,508.5199890136719,357.20001220703125,291.07000732421875,81.2699966430664,669.4700927734375,233.50999450683594,109.70999908447266,189.8249969482422,429.2799987792969,44.875,20.260000228881836,90.8550033569336,214.22000122070312,166.83999633789062,91.1500015258789,58.72999954223633,155.8000030517578,26.325000762939453,148.597412109375,202.07000732421875,220.3000030517578,165.72000122070312,49.48500061035156,150.6300048828125,731.2899780273438,96.69059753417969,90.73999786376953,55.47999954223633,438.7799987792969,320.57501220703125,50.95000076293945,126.97010040283203,156.61000061035156,471.1400146484375,248.77000427246094,377.0150146484375,265.07000732421875,368.1400146484375,56.09000015258789,309.4599914550781,241.2449951171875,429.7799987792969,81.26100158691406,73.08999633789062,126.80999755859375,150.7899932861328,229441,60891,67139,59745,271624,105211,275823,58039,150038,23116,172578,51418,117798,89364,5981,411905,65743,18342,14470,24386,266035,40970,77078,13307,105213,119820,101490,57668,82350,34089,110440,117989,30962,83905,802005,26433,133827,190139,136262,13783,134467,62219,37265,44594,68326,1502731,28440,27433,63255,45444,168680,340178,37134,26557,91353,22838,56534,113763,92744,72838,110696,39670,415496,134881,124788,180842,1409546,237084,70703,140102,56634,750884,102212,27690,30101,43432,179327,186512,15676,133367,80068,111015,27089,19744,147433,89430,52304,21434,15797.0,281044,60230,170528,59614,96742,42835,10846,150249,67456,153310,111061
2026-04-28 19:35:00+00:00,270.42010498046875,197.35000610351562,243.16000366210938,384.260009765625,323.8349914550781,338.4599914550781,259.3500061035156,38.64929962158203,400.6400146484375,316.3999938964844,52.66999816894531,148.3800048828125,175.6750030517578,67.83000183105469,1049.2099609375,58.28499984741211,128.25999450683594,328.6650085449219,284.8349914550781,285.3999938964844,32.80500030517578,191.9199981689453,124.2699966430664,990.375,182.22999572753906,86.30899810791016,34.66790008544922,81.12000274658203,188.3000030517578,115.87000274658203,179.22999572753906,49.54499816894531,135.5,59.63999938964844,12.354999542236328,199.83999633789062,128.97000122070312,78.86000061035156,350.2799987792969,926.4099731445312,40.650001525878906,327.94500732421875,324.739990234375,231.33999633789062,233.00750732421875,83.86499786376953,401.0299987792969,466.42999267578125,227.38999938964844,311.635009765625,31.75,78.12999725341797,873.030029296875,239.6199951171875,508.42999267578125,357.9649963378906,291.510009765625,81.41000366210938,670.2000122070312,233.35000610351562,109.89199829101562,189.82000732421875,429.36370849609375,44.93000030517578,20.264999389648438,90.73999786376953,213.90989685058594,166.75999450683594,91.23999786376953,58.69499969482422,155.85000610351562,26.354999542236328,148.60000610351562,202.52999877929688,220.58999633789062,165.72999572753906,49.58000183105469,150.5449981689453,733.3400268554688,96.91999816894531,90.86000061035156,55.474998474121094,439.42498779296875,321.3500061035156,50.95500183105469,127.06999969482422,156.8249969482422,471.3550109863281,248.5800018310547,376.7550048828125,265.1199951171875,367.1000061035156,56.15999984741211,309.4049987792969,241.07000732421875,430.07000732421875,81.35099792480469,73.05619812011719,127.08000183105469,150.6750030517578,273464,106158,56211,62956,299317,29798,350232,123997,179925,36091,248343,49321,152706,65536,6996,200046,66312,14026,20329,29256,270326,51590,69908,14206,95219,163635,125622,88506,99258,33148,57695,93376,32862,91684,550136,19029,48672,191931,169189,13445,112456,45812,49051,69450,55840,978659,28565,25369,67032,46523,244289,230151,28392,16975,41347,18919,42976,118461,97497,27804,117238,72344,329292,104964,97434,141328,1450543,215289,69842,135055,68597,562143,85281,20967,26616,57784,146016,211602,17267,149963,130742,109167,21017,24977,123134,63285,42909,22679,20109.0,341208,52048,111048,60341,143126,20856,11361,160562,64967,126781,129915
2026-04-28 19:40:00+00:00,270.5400085449219,197.1649932861328,243.01499938964844,384.5,324.1614990234375,338.5299987792969,259.54998779296875,38.64500045776367,400.8009948730469,316.69000244140625,52.70500183105469,148.4600067138672,175.57000732421875,67.93000030517578,1050.2099609375,58.36000061035156,128.35000610351562,328.9020080566406,284.760009765625,285.3599853515625,32.8650016784668,192.25999450683594,124.23999786376953,990.0499877929688,182.0186004638672,86.30999755859375,34.654998779296875,81.12999725341797,188.13499450683594,115.95999908447266,179.32000732421875,49.529998779296875,135.53500366210938,59.59000015258789,12.364999771118164,199.8249969482422,128.97500610351562,78.69000244140625,350.30499267578125,927.02001953125,40.63999938964844,328.30999755859375,324.06500244140625,230.69000244140625,233.2313995361328,83.79000091552734,401.2200012207031,466.0,227.47500610351562,311.8599853515625,31.7549991607666,78.2249984741211,874.0999755859375,239.6999969482422,508.2900085449219,358.1000061035156,291.6300048828125,81.5199966430664,670.3900146484375,232.80999755859375,109.93000030517578,190.02999877929688,429.1499938964844,44.95500183105469,20.280000686645508,90.7249984741211,213.67999267578125,166.61000061035156,91.23999786376953,58.689998626708984,155.97000122070312,26.385000228881836,148.6999969482422,202.53500366210938,220.88250732421875,165.5500030517578,49.529998779296875,150.5500030517578,734.0599975585938,97.04000091552734,91.04000091552734,55.4900016784668,438.3800048828125,321.1400146484375,51.04499816894531,127.18000030517578,156.9149932861328,471.4599914550781,248.44000244140625,376.5,264.9800109863281,367.42999267578125,56.224998474121094,309.5,240.78500366210938,429.4700012207031,81.37000274658203,73.08999633789062,127.13999938964844,150.7050018310547,246317,95187,65492,103002,292870,18154,358877,54125,139017,32300,258738,45990,174285,74152,19522,340487,78333,21479,11782,37099,266941,40404,95755,11004,120525,131922,78564,80730,84626,32577,53531,108317,41393,67394,392245,12624,76778,189714,209873,16412,91859,36557,31704,106479,73644,829132,27366,25328,50223,65277,217962,393967,40544,29660,45114,12175,57688,178707,69620,53673,96164,40529,485089,119168,79721,194588,1249529,202268,53812,94426,59038,750032,100555,13882,23630,56612,145100,179809,8555,190565,463306,109344,22875,30167,82879,78303,31292,25673,13808.0,250868,71425,82397,62892,105948,28630,12681,104927,91971,99832,134590
2026-04-28 19:45:00+00:00,270.6099853515625,197.3249969482422,243.1699981689453,384.3900146484375,323.875,339.1579895019531,259.6199951171875,38.625,401.25,316.739990234375,52.689998626708984,148.77000427246094,175.36000061035156,68.00499725341797,1050.6099853515625,58.30500030517578,128.36500549316406,329.1499938964844,284.5899963378906,284.70001220703125,32.80500030517578,192.1999969482422,124.1449966430664,990.7349853515625,182.06500244140625,86.4749984741211,34.654998779296875,81.11090087890625,188.24000549316406,115.84500122070312,179.49000549316406,49.505001068115234,135.47000122070312,59.4900016784668,12.370100021362305,199.9300994873047,129.07000732421875,78.7300033569336,350.32000732421875,926.7625122070312,40.64500045776367,328.7099914550781,323.7650146484375,231.0399932861328,233.2899932861328,83.91000366210938,400.3800048828125,466.17999267578125,227.32000732421875,311.739990234375,31.764999389648438,78.12999725341797,872.6699829101562,240.10000610351562,508.1099853515625,358.2449951171875,291.6400146484375,81.58000183105469,670.6099853515625,232.625,109.91000366210938,189.99000549316406,429.4200134277344,44.959999084472656,20.274999618530273,90.7249984741211,213.4355010986328,166.5500030517578,91.37000274658203,58.6150016784668,156.0198974609375,26.385000228881836,148.72000122070312,202.66000366210938,220.88499450683594,165.3300018310547,49.540000915527344,150.6199951171875,734.364990234375,96.80000305175781,90.98500061035156,55.494998931884766,436.94000244140625,321.70001220703125,51.07500076293945,127.23500061035156,156.97500610351562,472.04998779296875,248.43499755859375,376.1596984863281,265.1099853515625,367.3299865722656,56.20000076293945,309.6400146484375,240.58999633789062,429.760009765625,81.39009857177734,73.06500244140625,127.17500305175781,150.77000427246094,344468,123173,52751,61677,232779,127950,438125,116356,192234,25409,207930,62820,198566,114466,6315,284085,69149,20152,21536,34298,303558,57763,128950,12965,110516,236497,107542,95015,98354,44808,131930,144256,37020,117574,850787,14207,328561,233222,214583,52231,98483,46007,34878,65215,110075,908554,20246,34553,70937,47042,244308,511485,41242,51098,43844,17240,69164,200180,85049,32335,114127,45569,278851,173727,213664,158823,1433562,267606,98685,117043,73596,836431,89763,28462,26003,67011,123625,205747,8185,137132,145636,326371,34111,34409,111628,47122,45337,33113,24767.0,347428,98557,94398,120886,112594,24203,10360,157912,110005,92006,156537
2026-04-28 19:50:00+00:00,270.6099853515625,197.94500732421875,243.6300048828125,381.81500244140625,322.9800109863281,339.5849914550781,259.4309997558594,38.665000915527344,400.1600036621094,316.8599853515625,52.685001373291016,148.9550018310547,174.24000549316406,67.69999694824219,1051.0899658203125,58.32500076293945,128.44500732421875,329.739990234375,284.6600036621094,284.5299987792969,32.93000030517578,192.4499969482422,124.08499908447266,993.3798828125,181.9199981689453,86.81999969482422,34.67499923706055,81.27999877929688,187.97000122070312,115.9800033569336,179.27999877929688,49.55500030517578,135.56500244140625,59.439998626708984,12.375,200.0050048828125,129.35000610351562,78.72000122070312,349.8599853515625,926.6300048828125,40.68000030517578,328.9200134277344,323.8299865722656,229.6699981689453,233.2100067138672,84.16999816894531,400.5899963378906,465.8949890136719,227.60009765625,311.7099914550781,31.764999389648438,78.12000274658203,874.2949829101562,240.3699951171875,508.07000732421875,358.625,292.0249938964844,81.81500244140625,671.4124755859375,232.30999755859375,110.16999816894531,190.125,428.8599853515625,45.040000915527344,20.264999389648438,90.69999694824219,213.52999877929688,165.6999969482422,91.55999755859375,58.57500076293945,156.16000366210938,26.434999465942383,148.8800048828125,202.80999755859375,221.11000061035156,164.90499877929688,49.525001525878906,150.42999267578125,733.9400024414062,96.9749984741211,90.7699966430664,55.474998474121094,434.0450134277344,321.9100036621094,51.13999938964844,127.19000244140625,157.3249969482422,472.8450012207031,248.25999450683594,376.3699951171875,265.1099853515625,366.625,56.16999816894531,309.4800109863281,239.82000732421875,430.5199890136719,81.44000244140625,73.08499908447266,127.43000030517578,150.55999755859375,601081,130047,111115,315606,542404,47868,875035,264404,450928,86918,732747,87947,505020,347585,13450,429056,144394,34684,39483,62648,472913,60248,211505,36383,141136,383212,324352,188738,222157,91974,89982,332351,73543,191791,846736,35819,138323,364086,534131,32638,322904,111181,91509,94379,164067,2045847,47061,59158,180770,94847,469089,745621,63125,57113,87919,44261,96254,211566,164298,79978,207939,94787,592356,358965,242009,346299,2549037,579439,158474,277762,160889,1522629,190615,46736,33189,115702,281827,462926,19356,294957,229557,404600,113753,67722,177621,140883,92118,62470,45330.0,669686,337850,147092,197216,232271,51423,21285,231353,159010,300724,797338
2026-04-28 19:55:00+00:00,270.760009765625,197.69000244140625,243.0800018310547,381.0400085449219,323.1099853515625,339.57000732421875,259.7699890136719,38.65999984741211,399.8299865722656,314.9800109863281,52.68000030517578,149.5,173.27000427246094,67.6709976196289,1049.780029296875,58.45500183105469,128.52999877929688,330.3500061035156,285.0400085449219,284.5299987792969,32.869998931884766,192.10000610351562,124.33000183105469,994.0,181.3699951171875,86.8499984741211,34.63999938964844,81.0,188.35499572753906,115.80999755859375,179.00999450683594,49.5,135.7899932861328,59.43000030517578,12.399999618530273,200.0800018310547,129.22999572753906,78.94999694824219,349.8349914550781,926.5499877929688,40.80500030517578,329.0799865722656,323.3699951171875,229.86000061035156,233.0,84.52999877929688,400.3900146484375,466.6199951171875,227.77999877929688,311.5199890136719,31.790000915527344,78.38999938964844,874.4299926757812,240.2899932861328,507.67999267578125,358.2799987792969,292.42498779296875,81.9000015258789,671.22998046875,232.60000610351562,110.05000305175781,190.3800048828125,429.3599853515625,45.02000045776367,20.309999465942383,90.50499725341797,213.14999389648438,165.97999572753906,91.55000305175781,58.60499954223633,156.27999877929688,26.479999542236328,149.1699981689453,203.0399932861328,220.9600067138672,165.10000610351562,49.63999938964844,150.00999450683594,731.9199829101562,97.29000091552734,90.8550033569336,55.65999984741211,433.44000244140625,321.45001220703125,51.15999984741211,127.13999938964844,157.2100067138672,470.2200012207031,248.3699951171875,375.95001220703125,264.95098876953125,366.739990234375,56.224998474121094,309.42999267578125,240.27000427246094,430.1300048828125,81.5,73.05000305175781,127.58999633789062,150.60499572753906,1420770,494855,247761,927124,913995,146776,2093817,425249,1374213,264802,1695136,303789,990511,994814,38667,1307750,607703,92740,100032,152864,1600903,193984,420972,79911,555365,931962,764656,644295,514001,237260,389977,832673,214567,544672,1815886,127055,358705,853705,1057288,80141,1017672,271215,230621,234482,338636,4453545,144204,150159,358581,298797,1462496,1892911,164389,144445,263987,99351,233452,541023,374561,250771,591488,279198,1120652,825443,867705,935475,4182365,1436785,429074,442442,317926,2708327,504139,158494,149796,273419,711771,1278308,59018,815237,513962,954171,245284,157209,531633,407829,268196,216543,118244.0,1099229,548570,323263,602931,558895,154586,78873,628185,545562,811365,653362
2026-04-29 13:30:00+00:00,268.19500732421875,198.38999938964844,240.69500732421875,382.29998779296875,321.16400146484375,335.7900085449219,258.2698974609375,39.71500015258789,399.10009765625,315.7749938964844,52.310001373291016,147.77000427246094,168.1699981689453,68.74500274658203,1050.844970703125,57.46500015258789,127.61000061035156,329.4574890136719,286.5899963378906,283.3699951171875,32.81999969482422,191.47000122070312,126.19499969482422,987.0599975585938,178.6649932861328,87.25830078125,35.08000183105469,81.81999969482422,190.35000610351562,114.0999984741211,178.76499938964844,50.15999984741211,137.24000549316406,59.87900161743164,12.295000076293945,203.21499633789062,129.2949981689453,76.11000061035156,346.29998779296875,919.260009765625,41.33000183105469,324.32000732421875,320.3500061035156,216.7100067138672,229.82000732421875,87.86399841308594,393.0000915527344,460.0,225.7899932861328,309.6300048828125,31.719999313354492,78.72560119628906,863.7999877929688,237.82969665527344,529.1799926757812,356.30999755859375,291.2200012207031,80.91999816894531,665.5700073242188,236.6199951171875,109.22370147705078,188.28500366210938,422.3800048828125,44.84270095825195,20.56999969482422,88.36000061035156,211.02999877929688,161.39700317382812,91.26499938964844,59.18000030517578,156.0500030517578,26.485000610351562,147.84500122070312,203.0,221.30999755859375,170.16160583496094,49.54999923706055,152.74000549316406,699.02001953125,101.97000122070312,90.20999908447266,56.29100036621094,432.2799987792969,318.0,51.189998626708984,126.0,156.1009979248047,473.4700012207031,250.5749969482422,375.0881042480469,270.4917907714844,365.44500732421875,56.220001220703125,338.8999938964844,243.66000366210938,425.989990234375,81.01000213623047,73.37000274658203,126.15499877929688,152.47549438476562,1642314,704081,237983,207601,2337409,79835,3061877,298861,955610,87766,816589,59637,1245673,223649,11388,788914,164625,36577,61244,25742,620589,85660,301671,37258,316072,382603,445240,345631,527933,65848,48277,652690,104609,193361,1092507,66273,109581,302393,2179271,57869,513255,166604,120104,241514,199071,13939977,81225,54441,153809,281610,249952,870054,147560,30037,661232,20627,245263,258698,611658,58238,519912,74551,2109961,793617,149642,1288320,8197139,1904871,98553,849744,110814,1538786,686155,32375,82622,161169,510908,2050610,59360,1809070,87144,524742,61117,45623,139589,133064,81765,40001,23927.0,2357453,357497,388297,142160,2397276,146445,34446,508985,124091,568602,480018
2026-04-29 13:35:00+00:00,268.625,196.57000732421875,241.10000610351562,382.44000244140625,319.7699890136719,336.2300109863281,259.1210021972656,39.43000030517578,401.7900085449219,315.06500244140625,52.150001525878906,147.02499389648438,168.8800048828125,68.16999816894531,1044.1300048828125,57.21670150756836,127.23999786376953,328.8500061035156,286.8299865722656,282.4700012207031,32.9900016784668,191.85499572753906,125.55879974365234,988.4500122070312,178.63499450683594,87.42780303955078,35.09000015258789,81.83000183105469,190.0399932861328,114.42500305175781,178.09500122070312,50.16999816894531,137.10000610351562,60.130001068115234,12.220000267028809,203.0800018310547,129.1300048828125,75.75,347.8699951171875,915.0700073242188,41.16999816894531,321.75,318.7799987792969,215.5500030517578,229.52499389648438,87.51319885253906,393.57000732421875,458.3800048828125,225.69500732421875,309.3999938964844,31.704999923706055,78.90499877929688,863.2449951171875,236.00999450683594,527.9149780273438,354.1199951171875,291.2099914550781,80.62000274658203,666.3499755859375,235.91000366210938,109.23999786376953,187.47999572753906,423.1499938964844,44.689998626708984,20.545700073242188,88.19999694824219,211.7050018310547,161.99000549316406,90.83999633789062,58.775001525878906,155.97000122070312,26.489999771118164,148.0,202.6750030517578,221.0749969482422,169.44500732421875,49.47999954223633,153.16000366210938,702.0,102.63500213623047,89.81999969482422,55.880001068115234,431.05999755859375,316.75,51.130001068115234,125.9000015258789,155.8800048828125,472.5299987792969,250.0,373.0050048828125,269.3399963378906,366.9599914550781,56.189998626708984,339.6499938964844,243.05999755859375,425.79998779296875,81.15499877929688,73.37000274658203,126.0199966430664,151.89999389648438,487236,239223,46671,70485,1250882,19730,856040,57132,214077,44847,345732,34676,491701,81050,8431,261577,75434,15354,23377,11228,304589,73799,69401,19043,115597,133124,129305,60696,196686,21644,50467,210733,46100,106244,969185,14734,38924,207022,500763,28657,135450,114842,28603,96515,69550,5813343,27434,14666,42363,75872,95444,380048,38429,19402,146706,10604,28673,99808,218309,7807,65141,45868,629075,192298,90320,503563,2664037,647956,135946,236943,30227,519267,54244,12450,13018,38849,141100,500643,44647,658563,47719,238071,18177,13518,97987,31856,49216,8660,4118.0,1358694,166234,142037,35375,831655,19796,5971,329914,84157,230879,242780
2026-04-29 13:40:00+00:00,268.5000915527344,197.125,240.55999755859375,382.57000732421875,321.1199951171875,335.18499755859375,260.6199951171875,39.34000015258789,402.04998779296875,314.8900146484375,51.93000030517578,146.35000610351562,169.51499938964844,67.86000061035156,1037.5899658203125,56.97999954223633,127.11000061035156,327.8999938964844,287.4800109863281,283.05499267578125,32.81999969482422,190.91000366210938,125.4000015258789,988.0800170898438,178.67999267578125,87.63999938964844,35.11000061035156,81.88999938964844,189.97999572753906,114.25,178.07000732421875,50.220001220703125,136.99000549316406,60.03499984741211,12.255000114440918,202.44000244140625,128.9949951171875,76.27999877929688,348.7200012207031,907.1699829101562,41.08000183105469,321.8699951171875,317.510009765625,220.0050048828125,230.0500030517578,87.80999755859375,394.0400085449219,455.885009765625,225.7100067138672,307.9599914550781,31.700000762939453,78.91000366210938,860.1799926757812,236.02999877929688,527.5,352.7550048828125,290.8949890136719,80.33000183105469,664.8699951171875,235.7100067138672,108.91999816894531,186.18499755859375,424.489990234375,44.595001220703125,20.5,88.1449966430664,211.00100708007812,161.6199951171875,90.68000030517578,58.77050018310547,155.9550018310547,26.469999313354492,147.89999389648438,202.84249877929688,220.0749969482422,169.85499572753906,49.38999938964844,152.85009765625,691.3150024414062,103.0999984741211,89.51010131835938,55.70500183105469,428.0,315.0,51.0,125.47000122070312,155.74000549316406,470.0574951171875,250.02499389648438,373.42999267578125,270.69000244140625,367.6300048828125,56.07500076293945,339.2300109863281,242.31500244140625,424.8550109863281,80.9000015258789,73.44999694824219,126.16999816894531,151.55999755859375,451730,196017,42333,100138,902863,18504,1100042,73647,218937,33021,301343,44108,478373,129215,3887,330661,118191,12165,18863,19620,236370,85720,58743,12743,89705,178616,58849,64780,123918,33431,79370,176756,18443,41096,645873,10648,29169,212164,434415,68471,137426,98071,24277,119671,52075,3589070,19931,14643,49836,115650,180941,254245,115732,34869,140625,18827,33162,76776,169793,22469,78414,94643,554825,199386,22042,316393,2248339,561838,61728,207506,59304,348305,48561,20481,11884,152099,103134,415761,26422,556058,39381,122073,34716,19356,66683,36347,38500,15394,10682.0,1036171,101341,208726,36363,375250,52722,6611,136668,38956,144165,246918
2026-04-29 13:45:00+00:00,269.3450012207031,197.875,241.89999389648438,381.4800109863281,320.1300048828125,335.80499267578125,260.9700012207031,39.36000061035156,400.4898986816406,314.510009765625,51.98500061035156,146.8350067138672,172.18499755859375,67.55500030517578,1037.33251953125,57.375,127.15499877929688,327.55999755859375,287.67999267578125,282.1700134277344,32.720001220703125,190.5,125.28500366210938,988.489990234375,180.19500732421875,87.5,35.150001525878906,81.88999938964844,189.77000427246094,113.94999694824219,178.56500244140625,50.279998779296875,136.875,60.1150016784668,12.21500015258789,201.97999572753906,129.67999267578125,76.30999755859375,350.1000061035156,910.010009765625,40.91999816894531,320.8800048828125,315.7799987792969,224.92999267578125,230.60000610351562,87.38150024414062,395.8999938964844,455.32818603515625,225.69000244140625,307.8900146484375,31.655000686645508,79.08499908447266,863.3300170898438,235.0399932861328,524.0850219726562,352.05999755859375,290.94000244140625,80.18499755859375,667.530029296875,236.05999755859375,109.04000091552734,186.77999877929688,425.05499267578125,44.54999923706055,20.469999313354492,88.37000274658203,210.51499938964844,161.94000244140625,90.83999633789062,58.709999084472656,155.72000122070312,26.44499969482422,148.07000732421875,202.85499572753906,219.58999633789062,170.1300048828125,49.459999084472656,153.08999633789062,690.8800048828125,102.82499694824219,89.75,55.45000076293945,426.7699890136719,315.0249938964844,50.9900016784668,125.83999633789062,155.8300018310547,469.82501220703125,249.75999450683594,374.989990234375,270.20001220703125,369.3699951171875,56.029998779296875,336.0450134277344,243.2949981689453,426.4599914550781,80.875,73.3550033569336,126.48500061035156,151.19000244140625,450804,240448,34341,85056,505196,20123,1251201,42769,263141,28998,471334,26529,892479,94880,10898,372524,162850,11295,15909,24909,682064,70298,92148,8657,107128,144521,107659,55996,142316,21177,34556,251977,14311,40250,417569,12631,35651,224161,527341,42056,159775,70217,31625,54839,76864,3366292,23804,31575,46383,98166,148868,215939,52277,18489,142059,25266,32852,135805,217466,11714,85913,99738,722386,321688,22351,325530,2261793,461311,45187,154627,43568,920847,114175,21228,15755,69983,136795,347873,39779,427774,55263,87799,34323,35149,76492,80999,20624,12718,9038.0,962275,141335,141128,43552,454599,56022,7525,203852,68483,205300,197100
2026-04-29 13:50:00+00:00,269.0799865722656,198.5800018310547,240.7899932861328,384.5249938964844,323.54998779296875,335.17999267578125,261.8800048828125,39.564998626708984,401.54998779296875,314.5,51.904998779296875,146.27999877929688,172.38999938964844,67.7300033569336,1036.949951171875,57.290000915527344,127.13999938964844,327.05999755859375,287.8349914550781,282.2099914550781,32.86000061035156,190.5,125.45999908447266,986.510009765625,179.52999877929688,87.48999786376953,35.220001220703125,81.82499694824219,190.30999755859375,113.69000244140625,179.17999267578125,50.380001068115234,136.72000122070312,60.03969955444336,12.1899995803833,202.55999755859375,128.875,76.08999633789062,350.84991455078125,909.9299926757812,41.119998931884766,321.010009765625,314.55999755859375,224.59500122070312,230.61000061035156,88.05500030517578,395.7300109863281,453.7300109863281,225.41000366210938,307.5899963378906,31.614999771118164,79.03500366210938,863.760009765625,234.67999267578125,521.6300048828125,350.29998779296875,290.3450012207031,80.08499908447266,669.739990234375,236.8350067138672,108.73999786376953,186.74000549316406,426.64208984375,44.48500061035156,20.59000015258789,88.47000122070312,211.3800048828125,162.77999877929688,90.83000183105469,59.04999923706055,155.64999389648438,26.375,147.5800018310547,202.9550018310547,219.11000061035156,170.27000427246094,49.400001525878906,152.75,685.0499877929688,102.80999755859375,89.6500015258789,55.79499816894531,428.3999938964844,314.19500732421875,50.90999984741211,125.8499984741211,155.59500122070312,468.2300109863281,249.5399932861328,375.6095886230469,269.7850036621094,367.92999267578125,55.83000183105469,334.6600036621094,244.8800048828125,424.29998779296875,80.81999969482422,73.33999633789062,126.44000244140625,151.6199951171875,386119,205243,28814,59911,1042208,12677,1153723,48184,184925,19577,636531,38781,416756,116752,3297,217964,92079,15235,14036,9420,441516,49094,54375,8386,53456,129353,53679,47142,144971,35315,43942,145491,18306,32471,585623,13884,67055,182218,391812,35761,50644,85898,92183,74427,31731,2758421,13922,37088,34014,80905,153593,380413,30249,24835,121402,17803,37548,268458,179616,11000,52346,51613,571641,159944,21046,284260,1900128,403070,63958,220488,29381,318947,57705,8400,8993,72693,181826,283054,20042,433650,42251,129133,22783,44389,63411,31556,19213,12842,10580.0,1011333,61850,105204,32001,512277,71874,15953,140105,53715,163285,136690
2026-04-29 13:55:00+00:00,269.28118896484375,198.86000061035156,240.15499877929688,384.67999267578125,323.2950134277344,336.260009765625,262.67498779296875,39.7599983215332,401.1099853515625,314.9649963378906,52.310001373291016,146.3300018310547,172.3300018310547,67.8550033569336,1036.18994140625,57.16999816894531,128.04010009765625,327.0249938964844,288.43499755859375,282.42999267578125,32.77000045776367,191.4149932861328,125.76000213623047,986.0399780273438,179.40499877929688,87.95999908447266,35.3129997253418,81.77999877929688,190.88999938964844,112.87000274658203,178.7449951171875,50.5099983215332,137.19000244140625,60.20000076293945,12.204999923706055,203.4600067138672,128.7550048828125,76.44999694824219,351.6000061035156,915.8350219726562,41.364498138427734,319.8500061035156,314.94000244140625,223.8699951171875,230.4324951171875,88.20999908447266,394.8500061035156,451.7250061035156,225.33999633789062,309.6300048828125,31.69499969482422,79.06500244140625,861.844970703125,233.91000366210938,523.35498046875,350.3999938964844,290.5299987792969,80.01000213623047,669.5850219726562,239.07000732421875,108.70500183105469,187.35000610351562,425.5450134277344,44.53499984741211,20.6299991607666,88.01010131835938,210.85009765625,163.03729248046875,90.79000091552734,59.244998931884766,155.38999938964844,26.399999618530273,147.19000244140625,202.8300018310547,219.8300018310547,172.05999755859375,49.3650016784668,153.38999938964844,695.0,103.47000122070312,89.8499984741211,56.08000183105469,427.04998779296875,313.5350036621094,51.064998626708984,125.93000030517578,155.3249969482422,468.3399963378906,250.35000610351562,374.6400146484375,269.6099853515625,367.3800048828125,56.06999969482422,335.7550048828125,247.44000244140625,424.6449890136719,81.24250030517578,73.41000366210938,126.43000030517578,152.25,252056,87765,31657,47651,810084,18285,926757,40853,232514,32484,472096,28038,277276,42374,4538,159641,101797,14059,24364,11374,1114757,28071,249978,18031,44292,166148,68232,50396,101421,31017,22399,291570,53136,37534,542864,18379,35169,166396,360326,29448,98124,109348,51573,41337,26357,4034174,15852,22159,36348,176537,52676,206438,41032,21895,87100,15122,49574,109490,176289,25705,61484,48864,442314,156687,34107,170910,1479737,325897,23284,226701,31931,230557,95727,15276,14683,56313,96052,535698,45597,490586,34806,146719,16716,17856,58930,34665,25340,16427,3863.0,648361,99427,93642,28327,441417,89568,11859,145435,88836,118617,188981
2026-04-29 14:00:00+00:00,269.8399963378906,198.25999450683594,240.02000427246094,383.82000732421875,321.57000732421875,336.81500244140625,262.9469909667969,39.70500183105469,399.5150146484375,315.32501220703125,52.33000183105469,146.7899932861328,173.22999572753906,67.7699966430664,1040.68994140625,57.18000030517578,128.0,326.6400146484375,289.3399963378906,282.239990234375,32.775001525878906,191.72999572753906,125.91999816894531,986.9000244140625,179.24000549316406,87.875,35.22999954223633,82.0199966430664,191.03500366210938,112.91999816894531,178.7899932861328,50.369998931884766,137.1699981689453,60.11000061035156,12.211899757385254,203.49000549316406,128.75,76.1500015258789,351.5050048828125,916.6099853515625,41.189998626708984,320.5675048828125,315.1600036621094,223.7449951171875,230.4550018310547,88.4000015258789,394.06500244140625,450.8999938964844,225.5399932861328,310.2124938964844,31.645000457763672,78.95999908447266,862.5349731445312,234.0399932861328,523.701904296875,351.095703125,290.9599914550781,80.07499694824219,670.5963745117188,240.09519958496094,109.19000244140625,187.97000122070312,424.6400146484375,44.43000030517578,20.59000015258789,87.81999969482422,210.41110229492188,162.61000061035156,90.78500366210938,59.27000045776367,155.4600067138672,26.479999542236328,147.2498016357422,203.0399932861328,220.0449981689453,172.27499389648438,49.41999816894531,154.0,691.8350219726562,103.79070281982422,90.16999816894531,56.084999084472656,425.67999267578125,313.8900146484375,51.03499984741211,126.27999877929688,155.61500549316406,470.19000244140625,250.05499267578125,372.92999267578125,269.3599853515625,367.67999267578125,56.11000061035156,334.6400146484375,247.8000030517578,425.5224914550781,81.29499816894531,73.27999877929688,126.69499969482422,152.13999938964844,412241,131592,34473,71312,547992,22004,1154720,49328,188934,43444,716407,32399,266226,79719,5817,162667,66530,9810,46695,12195,1168356,37834,153954,13200,83265,127696,39499,47504,166041,39343,70901,298946,26260,42818,518493,15234,47957,176361,317759,24235,121729,103141,69277,37254,35935,3172746,18825,32054,38382,105815,131629,319848,34982,36316,63367,13496,22427,104268,192651,60626,61681,42164,454261,292510,74507,322067,3032671,337780,50972,184237,33845,292503,110514,14156,19592,100490,71287,510242,35972,527037,65748,154011,46106,23581,97996,48520,24186,20011,13250.0,1298169,75269,114339,62852,324149,104829,24755,200972,37649,137300,234192
2026-04-29 14:05:00+00:00,269.75,199.5800018310547,240.02000427246094,382.9649963378906,320.4200134277344,337.3800048828125,263.260009765625,39.56010055541992,398.94000244140625,315.8900146484375,52.3650016784668,146.81500244140625,173.27999877929688,68.0,1038.7650146484375,57.189998626708984,127.94999694824219,327.25,288.760009765625,282.3399963378906,32.80500030517578,192.0,125.69999694824219,988.5150146484375,178.875,87.93000030517578,35.185001373291016,81.87999725341797,190.82000732421875,113.31999969482422,178.3000030517578,50.33000183105469,137.1051025390625,60.08000183105469,12.234999656677246,203.6300048828125,128.77000427246094,76.23500061035156,351.1549987792969,916.1300048828125,41.209999084472656,322.135009765625,316.2300109863281,225.55999755859375,230.0500030517578,88.4749984741211,391.8550109863281,451.5,225.69500732421875,310.79998779296875,31.690000534057617,79.05000305175781,862.9400024414062,235.10499572753906,525.1300048828125,351.9949951171875,291.5799865722656,80.13500213623047,670.8400268554688,240.0,109.3499984741211,188.27000427246094,424.55499267578125,44.404998779296875,20.610000610351562,87.58000183105469,210.32989501953125,161.99000549316406,91.23999786376953,59.095001220703125,155.3300018310547,26.424999237060547,147.19000244140625,203.02000427246094,220.2899932861328,172.58999633789062,49.462799072265625,154.1999969482422,692.47998046875,104.1449966430664,90.12999725341797,56.119998931884766,424.54998779296875,314.010009765625,50.9900016784668,126.94850158691406,156.10499572753906,470.45001220703125,249.91000366210938,372.1567077636719,270.42999267578125,367.8949890136719,56.150001525878906,335.17999267578125,247.32000732421875,424.4200134277344,81.3949966430664,73.36000061035156,126.99299621582031,152.10000610351562,607288,109485,154971,113273,556326,23600,1046257,46797,126944,30956,268088,24461,135018,116119,7021,223388,73949,7330,9066,10323,1047320,60599,112088,13637,79204,101293,34114,49539,86366,45439,126622,167664,16945,56631,677999,35695,45804,126326,235915,15080,124550,66515,31962,62246,32833,3027345,30091,41844,50109,112414,134392,164410,30695,25774,82859,22137,29000,99446,192166,69610,40833,43052,383935,189372,65814,299521,1580720,323599,54191,103733,35996,363261,70787,16331,15777,51095,78048,388271,10538,710439,95722,114313,34435,23863,150346,33578,31497,10410,8688.0,836248,56493,175071,62959,269067,54710,10516,131728,53633,151227,126699
2026-04-29 14:10:00+00:00,269.5050048828125,200.0800018310547,240.25900268554688,382.385009765625,322.364990234375,336.0899963378906,263.9599914550781,39.625,399.0350036621094,315.7174987792969,52.3849983215332,146.5449981689453,175.3699951171875,68.06999969482422,1039.1300048828125,57.2400016784668,128.24000549316406,326.9599914550781,288.30499267578125,282.6499938964844,32.814998626708984,192.3249969482422,125.57499694824219,988.9000244140625,178.96749877929688,87.8499984741211,35.220001220703125,81.81999969482422,190.61000061035156,113.69000244140625,178.58999633789062,50.35499954223633,137.22500610351562,60.130001068115234,12.210100173950195,204.26499938964844,128.58999633789062,76.12000274658203,352.1300048828125,915.0599975585938,41.14500045776367,322.7900085449219,315.9700012207031,227.21499633789062,229.5800018310547,89.26000213623047,391.8999938964844,451.17999267578125,225.13999938964844,310.7049865722656,31.655000686645508,78.88999938964844,860.8900146484375,235.1699981689453,525.3300170898438,352.7049865722656,291.3599853515625,80.05000305175781,672.5800170898438,240.72000122070312,109.00499725341797,187.80499267578125,423.9949951171875,44.474998474121094,20.559999465942383,87.68920135498047,211.2100067138672,162.72000122070312,91.2300033569336,59.13999938964844,154.8699951171875,26.3700008392334,146.82000732421875,202.66000366210938,220.22000122070312,173.25,49.650001525878906,154.27999877929688,688.1699829101562,104.1500015258789,90.01000213623047,56.060001373291016,425.6199951171875,313.0,50.93000030517578,126.97000122070312,156.3300018310547,470.3450012207031,250.16000366210938,372.4100036621094,270.7300109863281,367.8399963378906,56.15999984741211,335.8399963378906,248.38999938964844,423.5,81.41000366210938,73.38999938964844,127.12000274658203,152.28500366210938,283962,175734,31889,35300,554629,11687,1008405,36716,103726,28519,241216,56588,205278,105452,2825,232718,97607,19910,16486,7723,453444,48104,75460,10754,84003,83427,27717,31054,66589,25984,97763,101527,8742,64520,910125,25269,20297,120253,397227,17771,134239,46798,32441,61151,26955,4726338,18242,24691,49106,58477,55350,145404,21813,27557,88327,38028,42356,84853,255190,26545,47520,32290,354108,177164,33439,235991,1813212,260190,59124,84175,56366,504677,80905,12642,12669,68369,87092,265526,15696,566639,47566,172797,25954,30788,206149,27752,38222,13697,10821.0,820311,49035,82074,49351,325571,77207,13745,133587,38689,89933,98678
2026-04-29 14:15:00+00:00,269.6400146484375,198.44000244140625,240.11500549316406,382.45001220703125,324.2799987792969,335.3800048828125,264.00360107421875,39.54999923706055,399.60009765625,315.75,52.3650016784668,146.30999755859375,176.4499969482422,68.28500366210938,1037.18994140625,57.150001525878906,128.05999755859375,326.44500732421875,288.3900146484375,282.3800964355469,32.84000015258789,192.1750030517578,125.30000305175781,989.1849975585938,178.97999572753906,87.51499938964844,35.18000030517578,81.70999908447266,190.2100067138672,113.52999877929688,178.34500122070312,50.28499984741211,136.97000122070312,60.15999984741211,12.225000381469727,203.875,128.35000610351562,76.20500183105469,352.3550109863281,915.1900024414062,41.185001373291016,322.010009765625,315.6199951171875,227.8699951171875,229.63499450683594,90.0999984741211,392.04998779296875,452.19000244140625,225.24000549316406,310.69000244140625,31.704999923706055,78.59500122070312,858.2000122070312,234.8699951171875,525.1500244140625,352.8299865722656,290.79998779296875,80.04000091552734,671.3099975585938,239.94000244140625,108.79499816894531,187.77499389648438,424.3349914550781,44.380001068115234,20.565000534057617,87.56999969482422,210.97000122070312,163.47500610351562,91.05999755859375,59.029998779296875,154.44500732421875,26.325000762939453,146.6649932861328,202.5500030517578,220.02000427246094,173.14999389648438,49.724998474121094,153.77000427246094,684.6400146484375,104.45500183105469,90.00499725341797,56.1349983215332,427.5400085449219,313.1199951171875,50.869998931884766,127.16999816894531,156.12600708007812,469.6199951171875,250.2100067138672,372.4703063964844,270.3399963378906,369.0150146484375,56.1349983215332,336.4849853515625,247.4499969482422,423.04998779296875,81.29000091552734,73.38999938964844,126.91000366210938,152.05999755859375,232046,120009,23127,30360,684104,12703,784410,56897,89527,20156,156949,14469,426249,66699,5028,304536,75078,6554,15008,10253,260974,181640,40897,19893,67414,105045,40422,28930,68235,19519,43485,118046,19167,54087,729686,37662,36220,135684,316319,12251,152409,61293,28440,45131,38864,6291008,24629,33825,49037,51928,169843,140873,36148,23793,60237,18000,22661,81527,240179,16378,64020,21724,453609,127703,36941,200574,1305088,285085,67434,87720,51721,377343,74689,25877,10261,57520,88439,511544,18810,557999,27590,103196,29154,31953,397421,55055,21868,17512,4154.0,543971,81844,105176,27865,196604,39616,8474,155024,68629,113427,95309
2026-04-29 14:20:00+00:00,269.1549987792969,199.47000122070312,240.74000549316406,383.260009765625,325.8949890136719,334.8500061035156,264.3399963378906,39.584999084472656,400.88690185546875,317.0950012207031,52.470001220703125,146.47500610351562,175.17999267578125,68.26000213623047,1041.260009765625,57.119998931884766,128.25999450683594,325.625,288.4200134277344,281.92999267578125,32.915000915527344,193.40499877929688,125.2699966430664,988.39501953125,179.6300048828125,87.66000366210938,35.130001068115234,81.73500061035156,190.14999389648438,113.51000213623047,178.74249267578125,50.22999954223633,136.8800048828125,60.13999938964844,12.244999885559082,204.07000732421875,128.39999389648438,76.38999938964844,352.7200012207031,916.8400268554688,41.15999984741211,321.8999938964844,315.19000244140625,228.5449981689453,229.44000244140625,90.77010345458984,392.7799987792969,452.4800109863281,225.07749938964844,310.67498779296875,31.709999084472656,78.58499908447266,858.719970703125,234.58999633789062,526.1099853515625,352.95001220703125,290.5181884765625,80.04000091552734,672.0999755859375,240.49000549316406,109.2300033569336,188.23500061035156,424.80999755859375,44.439998626708984,20.565000534057617,87.91000366210938,210.68499755859375,163.9501953125,91.00499725341797,59.005001068115234,154.28990173339844,26.334999084472656,146.39999389648438,201.91000366210938,220.3000030517578,172.9250030517578,49.90999984741211,154.63999938964844,682.5399780273438,104.44499969482422,90.1500015258789,55.970001220703125,429.4100036621094,313.3299865722656,51.04999923706055,126.94999694824219,155.89999389648438,469.6400146484375,249.92999267578125,372.4800109863281,270.0899963378906,368.7550048828125,56.154998779296875,337.9100036621094,247.4550018310547,421.67999267578125,81.44999694824219,73.30000305175781,126.56999969482422,151.92999267578125,228550,69542,24894,22970,608881,17241,986002,39684,167282,28617,339379,23489,180804,110837,2641,209231,89491,16390,9997,8204,236241,50636,35573,12640,88811,86273,18533,34908,57378,19176,32325,85128,17115,35262,639480,31461,110262,87992,941500,21084,140682,50849,24700,41253,32413,5160823,19388,30414,47106,72717,166416,131579,34162,12981,69429,5762,19549,99440,116245,64462,298281,38678,272864,114612,32923,229801,1341183,247615,27051,76130,38854,213950,59917,6728,17017,28059,108477,286063,14188,370297,37028,68748,58735,17761,139517,37238,19466,8986,3836.0,591898,45869,84962,52917,307347,26363,9329,115380,40202,151960,120493
2026-04-29 14:25:00+00:00,269.3999938964844,198.03500366210938,240.99000549316406,382.80999755859375,326.8399963378906,334.1050109863281,265.4825134277344,39.599998474121094,401.3900146484375,317.4440002441406,52.4900016784668,146.22000122070312,174.6300048828125,68.16000366210938,1041.52001953125,57.189998626708984,128.27999877929688,325.20001220703125,288.67498779296875,282.32000732421875,33.0,193.1425018310547,125.19999694824219,987.6599731445312,180.0500030517578,87.55999755859375,35.06999969482422,81.76000213623047,190.0500030517578,113.22000122070312,178.6300048828125,50.165000915527344,137.0050048828125,59.84000015258789,12.270000457763672,204.02999877929688,128.08999633789062,76.43000030517578,353.6099853515625,915.219970703125,41.06999969482422,321.3349914550781,315.0199890136719,229.14500427246094,229.4600067138672,90.85910034179688,392.7749938964844,452.8699951171875,224.88999938964844,310.2749938964844,31.709999084472656,78.41000366210938,858.0499877929688,234.0399932861328,526.3300170898438,352.0,290.3299865722656,79.91000366210938,671.969970703125,240.22500610351562,109.51000213623047,188.0500030517578,425.20001220703125,44.369300842285156,20.549999237060547,88.01000213623047,211.11000061035156,163.9499969482422,90.7750015258789,59.04999923706055,153.97000122070312,26.259899139404297,146.3800048828125,201.52499389648438,220.16000366210938,173.0,49.93000030517578,155.92999267578125,685.0900268554688,104.76000213623047,90.11499786376953,55.970001220703125,429.2900085449219,312.92999267578125,51.01499938964844,126.91500091552734,155.5800018310547,469.2049865722656,249.72999572753906,373.39990234375,269.5033874511719,369.19000244140625,56.064998626708984,338.489990234375,247.6999969482422,421.17999267578125,81.30000305175781,73.23699951171875,126.38500213623047,152.02000427246094,211984,67906,27325,33118,643152,20315,1576480,90681,150520,33396,214804,20619,122532,121975,2381,281166,58364,7415,17334,25185,264532,37260,41606,12711,78285,87951,26543,25293,86163,13799,25120,72050,18110,50838,251443,22063,27482,107194,407972,10111,192729,44529,20081,38200,35224,4518181,13875,19200,78015,39303,120007,137304,53347,12225,47711,10330,22680,106616,110202,24545,187444,25960,295896,102988,24224,265196,1418126,281258,34481,93654,42471,375964,144202,12419,8989,19861,96508,501109,22532,274181,29214,97842,33087,24669,52032,18659,20887,8259,3571.0,644268,67377,261842,29508,197423,29974,21330,112983,44497,126579,132981
2026-04-29 14:30:00+00:00,269.2099914550781,197.94000244140625,240.56500244140625,382.82000732421875,329.4599914550781,334.07000732421875,265.4750061035156,39.619998931884766,401.5899963378906,317.489990234375,52.459999084472656,146.13999938964844,173.77999877929688,68.13999938964844,1041.1500244140625,57.2400016784668,128.31500244140625,325.0199890136719,288.6199951171875,282.6400146484375,33.14500045776367,192.90499877929688,125.27999877929688,987.2550048828125,179.4499969482422,87.86000061035156,35.119998931884766,81.86000061035156,190.13999938964844,113.41000366210938,178.55999755859375,50.23030090332031,137.17999267578125,59.7599983215332,12.28499984741211,204.2550048828125,128.16000366210938,76.5199966430664,355.0398864746094,914.875,41.14500045776367,320.80499267578125,315.1700134277344,228.44000244140625,228.80999755859375,91.69000244140625,391.5950012207031,452.3500061035156,225.17140197753906,310.25,31.684999465942383,78.3499984741211,857.4199829101562,233.55999755859375,527.8350219726562,352.54998779296875,290.54998779296875,79.88500213623047,672.5499877929688,240.9600067138672,109.5199966430664,188.1699981689453,425.5299987792969,44.34000015258789,20.5049991607666,87.5999984741211,211.33999633789062,163.66000366210938,90.58000183105469,59.21500015258789,153.75,26.289899826049805,146.3699951171875,201.14999389648438,220.125,173.6699981689453,49.94499969482422,155.25999450683594,686.5,105.44499969482422,90.09500122070312,56.04999923706055,427.7650146484375,312.75,51.005001068115234,126.93000030517578,155.52999877929688,469.6400146484375,250.74000549316406,373.4800109863281,269.7650146484375,369.06500244140625,56.1150016784668,339.42999267578125,249.00999450683594,420.5050048828125,81.37999725341797,73.09500122070312,126.18000030517578,152.19000244140625,199018,117960,25770,95631,821700,27240,930559,43546,132465,29447,344422,39584,198923,90250,2649,222824,57695,22149,11501,20956,199715,40200,75745,7761,96845,835723,25064,27510,82497,15827,24281,75604,45939,289905,427114,35449,23389,106486,607532,9780,121043,66527,12597,36609,93585,4000622,16676,13605,39990,73845,118964,175111,19746,25146,48183,11695,24483,148327,93852,23910,157890,33829,273078,198793,23156,281314,1615170,240551,30784,130307,49379,383400,48885,16345,9114,20082,85340,494456,17926,537806,30440,88946,35328,79876,60076,28465,22890,8813,12157.0,582018,41822,159788,39456,178654,28796,11815,125720,53967,101731,153558
2026-04-29 14:35:00+00:00,269.260009765625,198.52999877929688,240.52499389648438,383.2049865722656,330.8800048828125,333.94000244140625,265.375,39.654998779296875,401.63250732421875,316.7250061035156,52.435001373291016,145.86000061035156,174.0800018310547,68.27999877929688,1040.6400146484375,57.25,128.1999969482422,324.8999938964844,288.3299865722656,283.07000732421875,32.98500061035156,192.4600067138672,125.19999694824219,987.510009765625,179.57000732421875,88.31500244140625,35.154998779296875,81.77999877929688,190.14999389648438,113.25,178.27999877929688,50.275001525878906,137.13999938964844,59.720001220703125,12.26990032196045,204.25999450683594,128.1199951171875,76.51000213623047,354.9800109863281,913.9849853515625,41.179901123046875,319.8949890136719,314.7049865722656,227.92999267578125,228.72999572753906,91.97799682617188,391.0799865722656,451.5,225.53500366210938,310.0799865722656,31.639999389648438,78.25,855.3049926757812,232.72000122070312,527.2100219726562,352.0249938964844,290.5101013183594,79.94000244140625,673.4249877929688,241.02999877929688,109.43000030517578,188.0800018310547,425.0150146484375,44.35770034790039,20.524999618530273,87.63590240478516,211.53500366210938,163.6999969482422,90.4000015258789,59.190101623535156,153.5749969482422,26.274999618530273,146.38999938964844,201.00999450683594,219.72000122070312,174.13999938964844,49.915000915527344,155.74000549316406,686.9898071289062,105.32499694824219,89.91000366210938,55.9900016784668,428.17498779296875,312.75,50.94499969482422,127.08499908447266,155.4499969482422,468.3399963378906,250.43499755859375,372.8851013183594,272.1000061035156,368.7900085449219,56.07500076293945,338.5299987792969,248.97000122070312,420.2099914550781,81.33000183105469,72.97000122070312,126.25,152.15069580078125,192266,67892,20980,41542,1333307,12838,627328,40052,100961,22655,91307,44479,235854,68600,2556,257250,50076,10456,11693,12316,236895,33420,37935,7818,90744,116193,28476,32275,55218,23195,41200,117548,21572,114619,239031,20219,27151,105925,474374,8833,94761,83783,14407,35023,41331,4895950,31017,13997,33083,43512,148435,123984,46960,39838,46285,15018,17857,97185,215375,18477,93317,38101,231042,107806,38063,192600,1690241,191482,36877,82228,53087,242535,60298,16873,8103,22624,73519,347684,12944,279127,41733,72418,20049,72925,56558,39293,25795,9790,9974.0,574946,102968,184139,51426,159085,21827,12676,144431,114569,108836,114887
2026-04-29 14:40:00+00:00,269.3900146484375,199.47500610351562,240.7899932861328,382.6549987792969,331.25,334.2200012207031,265.52978515625,39.61000061035156,401.80999755859375,316.56500244140625,52.40999984741211,145.6649932861328,174.51499938964844,68.2300033569336,1040.7950439453125,57.25,128.08999633789062,324.6788024902344,288.07501220703125,282.864990234375,32.935001373291016,192.30999755859375,125.23999786376953,986.4149780273438,179.5800018310547,88.31999969482422,35.099998474121094,81.80000305175781,190.02499389648438,113.30000305175781,178.10000610351562,50.20500183105469,137.10000610351562,59.470001220703125,12.265000343322754,204.02999877929688,128.27000427246094,76.56500244140625,354.8900146484375,914.0399780273438,41.084999084472656,319.8399963378906,313.8399963378906,227.5,229.66000366210938,91.53009796142578,392.010009765625,450.9100036621094,225.70460510253906,310.0400085449219,31.635000228881836,78.19999694824219,854.3800048828125,232.8000030517578,527.2929077148438,351.68499755859375,290.4100036621094,79.81999969482422,672.905029296875,240.77999877929688,109.30999755859375,187.94500732421875,425.5350036621094,44.32500076293945,20.479999542236328,87.81500244140625,211.5800018310547,164.65499877929688,90.3949966430664,59.09090042114258,153.51840209960938,26.270000457763672,146.36000061035156,200.64999389648438,219.92433166503906,173.9199981689453,50.0,155.4149932861328,687.3400268554688,104.67500305175781,90.21499633789062,55.80500030517578,429.5,312.3699951171875,50.95500183105469,127.36000061035156,155.3350067138672,468.4375,250.34500122070312,373.07501220703125,271.8949890136719,368.1199951171875,56.029998779296875,338.4624938964844,248.51499938964844,421.7699890136719,81.27999877929688,72.93000030517578,126.26000213623047,152.10000610351562,194098,141739,32524,51382,889844,47010,1007419,27271,238718,19478,149070,22737,101808,57475,2717,182097,57821,10570,9937,8880,162295,27418,109576,11502,48093,117098,37961,45772,55509,73901,54020,100123,27466,72076,201040,20128,93613,90982,508993,8521,89431,49449,22588,16769,41895,2976635,24353,16345,42125,45887,153070,135718,79602,39811,54584,29197,20052,96062,121690,22740,79425,33643,345382,113469,32578,162221,1184541,227271,44206,94864,40535,205348,45918,16087,6686,19447,105236,260286,17837,488938,275964,65563,12637,25336,76269,19826,40706,12953,5041.0,549197,57626,120431,35946,137849,22951,26383,80238,68920,125955,108635
2026-04-29 14:45:00+00:00,269.6650085449219,199.2449951171875,241.10000610351562,381.8900146484375,329.989990234375,334.6700134277344,265.3699951171875,39.68000030517578,400.739990234375,316.6000061035156,52.3849983215332,145.5500030517578,174.3699951171875,68.13999938964844,1038.6400146484375,57.16569900512695,128.05999755859375,325.0249938964844,288.32000732421875,283.2149963378906,32.869998931884766,192.24000549316406,125.3550033569336,987.2249755859375,179.83999633789062,88.27999877929688,35.14139938354492,81.93499755859375,190.24000549316406,113.3375015258789,177.85000610351562,50.26499938964844,137.30999755859375,59.470001220703125,12.274999618530273,204.0050048828125,128.6199951171875,76.81999969482422,353.7550048828125,913.22998046875,41.07500076293945,319.8800048828125,313.2900085449219,227.00750732421875,229.35000610351562,91.83999633789062,392.3349914550781,450.4200134277344,225.6999969482422,310.159912109375,31.645000457763672,78.44000244140625,853.10498046875,232.58999633789062,528.3150024414062,351.19500732421875,290.5387878417969,79.79000091552734,671.27001953125,241.13999938964844,109.2249984741211,188.06500244140625,425.1549987792969,44.30500030517578,20.454999923706055,87.94000244140625,211.0399932861328,164.67999267578125,90.34339904785156,59.334999084472656,153.82000732421875,26.290000915527344,146.2899932861328,200.5850067138672,219.8699951171875,174.58999633789062,50.040000915527344,155.06500244140625,690.0999755859375,104.77999877929688,90.33509826660156,55.70000076293945,430.1000061035156,312.0899963378906,50.974998474121094,127.45500183105469,155.39500427246094,467.9750061035156,250.48500061035156,373.6755065917969,271.375,368.54998779296875,56.01499938964844,338.5199890136719,248.72000122070312,421.9700012207031,81.36000061035156,72.95999908447266,126.63999938964844,152.22999572753906,203931,49653,25876,36498,791243,16696,608904,63158,129471,28444,645788,38725,55967,55059,3007,150658,71928,21699,9421,17977,136446,23674,28041,10273,34891,99039,29279,24513,55007,34491,47456,66780,19456,102537,283596,22577,28329,109806,311970,13465,62576,37380,13668,44889,37579,2654127,16079,39910,23663,47327,120940,164578,39669,26454,48431,8975,23205,95439,110834,15500,180285,29536,248824,94787,32900,365209,1435822,163792,46128,114011,41352,131491,40286,15886,9362,38350,97393,259981,10219,243793,34502,86288,23416,18601,68724,57280,20038,13764,7956.0,592044,47471,104333,43301,158605,34484,9445,85330,49428,100852,94891
2026-04-29 14:50:00+00:00,269.9100036621094,199.8800048828125,240.93099975585938,383.2900085449219,332.345703125,334.8999938964844,265.0950927734375,39.54999923706055,400.44000244140625,316.92498779296875,52.48500061035156,145.6374969482422,174.27000427246094,68.05000305175781,1037.6175537109375,57.064998626708984,128.10000610351562,325.5299987792969,288.2200012207031,283.32000732421875,32.939998626708984,192.22250366210938,125.19000244140625,988.2050170898438,179.85009765625,88.2699966430664,35.09000015258789,81.87999725341797,190.1300048828125,113.49500274658203,178.16000366210938,50.185001373291016,137.03500366210938,59.31999969482422,12.274999618530273,203.44000244140625,128.74000549316406,76.95999908447266,353.07000732421875,913.969970703125,41.04999923706055,319.9200134277344,313.4200134277344,226.1300048828125,229.9550018310547,92.45999908447266,391.9200134277344,450.5,225.6699981689453,310.3399963378906,31.649999618530273,78.51499938964844,854.114990234375,232.6999969482422,529.6799926757812,350.5625,290.5350036621094,79.68499755859375,671.780029296875,240.9875030517578,109.45999908447266,188.27999877929688,425.0508117675781,44.38990020751953,20.434999465942383,88.07499694824219,210.73500061035156,164.33599853515625,90.31500244140625,59.20000076293945,154.30999755859375,26.3085994720459,146.4199981689453,201.05499267578125,219.6999969482422,174.70309448242188,50.04999923706055,155.4499969482422,685.510009765625,105.61499786376953,90.37999725341797,55.6349983215332,430.42999267578125,311.94000244140625,50.96500015258789,127.66500091552734,155.27000427246094,468.0050048828125,250.00999450683594,373.635009765625,271.4200134277344,367.6600036621094,56.01499938964844,338.2749938964844,249.1199951171875,421.80999755859375,81.43000030517578,72.97000122070312,126.75,152.25,178856,60538,19459,27467,674014,24764,523594,38181,85467,25825,170795,14952,121092,108722,3843,200652,51793,29765,6632,10187,178063,27669,25743,11308,37597,68194,27514,51017,58871,43408,48122,59160,24105,72374,278336,32053,67250,102988,554439,6045,69093,31258,26212,23784,36086,4219910,11898,15028,39601,47119,74104,125212,62849,15472,49876,11478,19683,71619,87457,5306,206866,26795,184317,165165,38703,221294,1430704,179904,41992,80205,49809,199971,35129,22309,8615,23138,56114,385396,20071,611115,28536,84132,16112,25351,41317,23233,20000,16915,5513.0,453398,59129,52882,20745,152837,55339,7490,94679,62523,65074,88452
2026-04-29 14:55:00+00:00,269.32000732421875,202.53500366210938,241.14500427246094,382.5450134277344,332.7900085449219,335.489990234375,265.1650085449219,39.439998626708984,400.8500061035156,316.9200134277344,52.494998931884766,145.7449951171875,174.55999755859375,68.02999877929688,1037.9300537109375,56.959999084472656,127.9000015258789,324.989990234375,287.92498779296875,283.7200012207031,33.03499984741211,191.99000549316406,125.25,987.2550048828125,180.16000366210938,88.44999694824219,35.07500076293945,81.875,190.27999877929688,113.4800033569336,178.11000061035156,50.13999938964844,137.0,59.279998779296875,12.274999618530273,203.47500610351562,128.71499633789062,76.9800033569336,352.07958984375,913.5,41.125,319.30999755859375,312.7300109863281,227.98500061035156,230.01499938964844,93.29000091552734,392.3999938964844,450.29998779296875,225.63999938964844,310.05999755859375,31.665000915527344,78.56999969482422,852.8599853515625,231.88499450683594,528.2899780273438,350.18499755859375,290.510009765625,79.56500244140625,672.0850219726562,240.99000549316406,109.62999725341797,188.18499755859375,425.3299865722656,44.3849983215332,20.40999984741211,88.20999908447266,211.3000030517578,164.35000610351562,90.33999633789062,59.20000076293945,154.42849731445312,26.325000762939453,146.25,200.8000030517578,219.22000122070312,174.7949981689453,50.040000915527344,155.30499267578125,685.8200073242188,106.04499816894531,90.34500122070312,55.61000061035156,430.54998779296875,311.760009765625,50.91999816894531,127.58000183105469,155.25,466.92999267578125,249.82000732421875,373.0378112792969,271.55999755859375,367.8900146484375,55.915000915527344,336.5400085449219,248.5800018310547,423.1000061035156,81.38500213623047,72.9800033569336,126.63999938964844,152.27000427246094,180345,299259,17322,30840,887536,14970,587650,41332,105007,18876,112629,20804,135307,54268,2466,434685,54253,38524,14975,15836,728362,20807,32130,6676,42848,78409,42558,48753,76904,22985,52658,137311,17764,127698,464845,22700,43313,112277,413950,9403,61515,53353,14035,28834,28645,5743157,8745,19683,35898,29933,58307,159397,55936,40802,48409,11174,19129,149491,66362,34996,137293,33860,207630,96806,36136,112370,1234913,298718,56709,55780,30808,139895,47165,12529,7080,28760,66848,288186,13306,382518,48853,93190,11098,37059,45164,46343,26374,15257,28601.0,609166,55129,110684,69569,172572,53163,10760,97665,87594,85440,125477
2026-04-29 15:00:00+00:00,269.0400085449219,201.01510620117188,241.64999389648438,382.3800048828125,332.1549987792969,336.0799865722656,264.239990234375,39.42509841918945,400.4800109863281,317.0101013183594,52.474998474121094,145.77000427246094,172.97000122070312,67.95429992675781,1035.8380126953125,57.04499816894531,127.8499984741211,325.00750732421875,288.2699890136719,284.07000732421875,32.96500015258789,191.9600067138672,125.26499938964844,987.989990234375,180.5050048828125,88.42060089111328,35.04999923706055,82.0,190.5,113.55999755859375,178.36500549316406,50.10499954223633,137.1699981689453,59.45000076293945,12.239999771118164,203.41000366210938,128.9149932861328,76.54000091552734,352.8599853515625,912.7100219726562,41.029998779296875,319.3900146484375,312.760009765625,229.7949981689453,230.7899932861328,93.12999725341797,393.2099914550781,450.8450012207031,225.50999450683594,309.94769287109375,31.700000762939453,78.58999633789062,853.1799926757812,231.65499877929688,527.60498046875,350.3500061035156,290.2543029785156,79.68000030517578,671.260009765625,241.33999633789062,109.8949966430664,188.1300048828125,425.70001220703125,44.43000030517578,20.375,88.23500061035156,210.85000610351562,164.0,90.3499984741211,59.26499938964844,154.47000122070312,26.325000762939453,146.48500061035156,200.92999267578125,219.3249969482422,174.1999969482422,50.09000015258789,154.3350067138672,685.6900024414062,105.90499877929688,90.44000244140625,55.439998626708984,430.2250061035156,312.06500244140625,50.915000915527344,127.75,155.5,466.8399963378906,249.4550018310547,371.7900085449219,271.68499755859375,368.7900085449219,55.915000915527344,336.1499938964844,248.3634033203125,423.6400146484375,81.34500122070312,73.04499816894531,126.66999816894531,152.27999877929688,234277,328286,16361,29737,960368,23632,893773,44147,106256,39477,180179,40541,112924,71976,6297,265630,69242,27178,12781,25596,251286,27644,41583,9745,60633,125953,31064,42587,67101,16650,102874,114610,33913,168779,305231,12821,61515,93020,318678,10158,54417,40857,21528,50468,33786,5219566,18339,20208,41258,43918,67890,97617,87512,41612,49743,10995,26099,161426,136078,23881,190552,56023,263828,146378,24686,209171,1042440,221458,45115,109367,31264,282684,61534,20066,22695,55766,97196,249772,21105,203488,71001,274422,19176,20496,42560,47088,50375,21902,22628.0,469213,90936,138009,47696,199411,38802,14810,112409,63030,75948,137037
2026-04-29 15:05:00+00:00,269.20001220703125,202.3300018310547,241.21499633789062,381.8500061035156,330.1300048828125,336.7300109863281,264.20001220703125,39.439998626708984,399.8999938964844,316.260009765625,52.44499969482422,145.5500030517578,172.6649932861328,68.0199966430664,1037.77001953125,56.97999954223633,127.69000244140625,324.8399963378906,288.17498779296875,284.2200012207031,33.005001068115234,191.61500549316406,125.26000213623047,987.239990234375,180.1300048828125,88.4000015258789,35.029998779296875,81.9800033569336,190.3800048828125,113.61009979248047,178.30999755859375,50.060001373291016,137.18499755859375,59.459999084472656,12.25,203.02000427246094,129.35499572753906,76.41500091552734,352.0799865722656,911.219970703125,41.04999923706055,319.5299987792969,312.5299987792969,229.27000427246094,230.7050018310547,92.64990234375,392.70001220703125,450.375,225.80999755859375,309.8349914550781,31.75,78.68499755859375,853.5700073242188,231.5399932861328,527.9400024414062,350.0299987792969,290.4700927734375,79.73999786376953,670.4299926757812,241.27999877929688,110.00499725341797,187.80999755859375,425.1300048828125,44.35499954223633,20.344999313354492,88.30000305175781,210.69000244140625,163.57000732421875,90.44999694824219,59.239898681640625,154.44000244140625,26.35740089416504,146.56500244140625,201.00999450683594,219.02999877929688,174.47000122070312,49.9900016784668,154.19000244140625,683.9650268554688,105.73999786376953,90.43000030517578,55.41999816894531,430.29998779296875,312.3500061035156,50.8849983215332,127.52999877929688,155.68499755859375,467.0199890136719,249.30999755859375,370.5249938964844,271.3399963378906,368.9200134277344,55.900001525878906,336.9750061035156,248.22999572753906,423.0899963378906,81.30000305175781,73.1500015258789,126.80000305175781,152.2949981689453,223594,116541,18468,31175,686400,36287,657005,29479,80397,17338,155570,17925,135062,71691,4100,181216,72311,20852,5736,6523,221717,28494,29840,9898,54783,139007,27304,26176,55988,13939,48617,113851,25460,41686,180905,12359,231025,73185,222474,15384,83786,59229,12908,21038,32856,4519412,16821,25268,40303,48159,56971,89983,37072,60273,30228,7944,21845,83287,102328,15356,99632,23803,165176,99774,34883,158152,887576,210241,72039,66787,24698,493299,56441,13638,8896,29959,58089,188903,16878,434706,82763,115024,49509,24669,55934,37304,25284,15659,8160.0,764956,54312,107547,31920,150397,33242,7483,96243,69204,67011,110004
2026-04-29 15:10:00+00:00,268.9150085449219,202.72999572753906,240.75999450683594,382.06219482421875,329.19000244140625,337.7250061035156,263.4150085449219,39.529998779296875,400.05999755859375,315.5799865722656,52.435001373291016,145.5749969482422,171.77999877929688,67.9800033569336,1038.5250244140625,56.990699768066406,127.74500274658203,325.04998779296875,289.04998779296875,284.4912109375,32.92499923706055,191.31500244140625,125.48999786376953,988.4099731445312,179.6649932861328,88.3949966430664,35.09000015258789,82.04000091552734,190.54010009765625,113.76000213623047,178.25,50.16999816894531,137.2899932861328,59.439998626708984,12.234999656677246,203.36500549316406,129.33999633789062,76.4000015258789,351.5899963378906,910.302490234375,41.029998779296875,319.97088623046875,312.70001220703125,229.5500030517578,230.3699951171875,92.22989654541016,391.9551086425781,450.5650939941406,226.22000122070312,309.6499938964844,31.774999618530273,78.73500061035156,856.010009765625,232.08999633789062,527.0,349.8399963378906,290.75,79.87000274658203,668.8599853515625,241.33999633789062,110.02999877929688,187.66419982910156,424.1900939941406,44.309898376464844,20.30500030517578,87.80989837646484,210.38999938964844,163.36500549316406,90.6500015258789,59.38999938964844,154.50999450683594,26.3799991607666,146.55499267578125,201.1750030517578,219.00469970703125,174.27000427246094,49.814998626708984,154.1199951171875,687.5900268554688,105.6500015258789,90.44999694824219,55.404998779296875,429.5325012207031,313.05999755859375,50.86000061035156,127.5199966430664,155.75999450683594,467.3700866699219,249.74249267578125,371.57501220703125,271.55499267578125,368.1899108886719,55.849998474121094,336.0,247.99000549316406,424.114990234375,81.19999694824219,73.29000091552734,126.7699966430664,152.3800048828125,254993,245618,16222,31117,721024,32991,785331,35070,100255,36693,143066,16971,133934,76753,2668,204016,42222,9026,13336,12241,157424,25398,35036,6338,95855,122347,29905,42149,70466,28661,29775,241544,41666,36704,415861,13578,43451,65077,328097,16125,61197,29452,17590,29499,38172,3888918,11039,21031,75185,36874,59518,113131,37226,31308,33261,12474,25480,72355,149069,17244,75509,32322,256982,153448,24328,230989,1321993,182049,38832,101871,31701,273826,105978,11625,13958,15607,61057,314381,9777,260588,61694,97227,10956,42755,50522,11934,21816,10488,17127.0,774204,79405,66657,43563,116453,24257,7600,83668,120455,77799,103552
2026-04-29 15:15:00+00:00,268.875,202.23500061035156,240.83009338378906,382.4800109863281,329.44000244140625,338.3699951171875,263.2898864746094,39.4900016784668,400.489990234375,315.5350036621094,52.44499969482422,145.3699951171875,172.09860229492188,68.04000091552734,1038.739990234375,56.92499923706055,127.7677001953125,324.7149963378906,289.05499267578125,284.7900085449219,32.82500076293945,191.10000610351562,125.48500061035156,989.1799926757812,179.8000030517578,88.47000122070312,35.084999084472656,82.06009674072266,190.5449981689453,113.93499755859375,178.4199981689453,50.154998779296875,137.25,59.380001068115234,12.240400314331055,203.35499572753906,129.38999938964844,76.31999969482422,351.8500061035156,909.8599853515625,41.01499938964844,320.0150146484375,312.04998779296875,229.125,230.52499389648438,93.01499938964844,392.3301086425781,451.1400146484375,226.17999267578125,309.46990966796875,31.790000915527344,78.86499786376953,855.8350219726562,231.91000366210938,526.510009765625,349.69000244140625,291.0199890136719,79.94409942626953,670.0650024414062,241.74000549316406,110.33000183105469,187.72999572753906,424.3500061035156,44.25,20.2450008392334,87.79499816894531,210.88499450683594,163.6999969482422,90.5199966430664,59.292198181152344,154.72999572753906,26.375,146.59500122070312,201.20010375976562,219.05999755859375,174.55560302734375,49.849998474121094,153.64500427246094,689.9299926757812,105.41999816894531,90.66500091552734,55.279998779296875,429.0450134277344,312.7300109863281,50.86000061035156,127.39969635009766,155.89999389648438,467.7300109863281,249.58999633789062,373.2300109863281,271.6499938964844,367.30670166015625,55.79499816894531,335.364990234375,248.30499267578125,424.8900146484375,81.20500183105469,73.2249984741211,126.8499984741211,152.36000061035156,203075,67093,11126,26544,516629,29503,705622,48819,85888,25162,150288,20678,126970,43063,6958,237438,45085,15665,22191,32394,207323,27576,38641,4715,38274,159665,25295,26093,51030,18860,42726,45998,25348,49227,433707,9239,35704,111952,245699,11386,67578,34083,26371,28467,27310,3792973,11316,18547,36444,52365,53650,126486,27908,19665,43750,6319,24612,87576,149989,18533,240931,35559,214992,158281,31147,208107,1189973,146914,50308,69005,28805,135066,46258,15121,6609,27212,51542,288870,25972,251177,77352,121414,14178,61390,40339,18769,41177,7932,5242.0,675815,51935,62365,49767,96902,28793,10302,104703,87978,82093,110434
2026-04-29 15:20:00+00:00,268.9599914550781,202.25999450683594,241.31500244140625,382.6390075683594,328.8399963378906,338.05511474609375,263.8999938964844,39.505001068115234,400.1700134277344,315.510009765625,52.44499969482422,145.30999755859375,172.73500061035156,68.15499877929688,1037.39501953125,56.88999938964844,127.75,324.54998779296875,288.7803955078125,284.9800109863281,32.875,191.2050018310547,125.5,989.97998046875,180.09500122070312,88.54000091552734,35.04999923706055,82.02999877929688,190.52000427246094,113.66500091552734,178.3249969482422,50.10499954223633,137.25999450683594,59.33000183105469,12.239999771118164,203.33689880371094,129.35499572753906,76.20500183105469,351.55999755859375,909.2999877929688,41.079898834228516,320.7449951171875,312.20001220703125,229.3000030517578,230.55499267578125,92.83999633789062,393.44000244140625,451.9700012207031,226.52999877929688,309.0899963378906,31.80500030517578,78.80500030517578,857.6300048828125,232.49000549316406,527.0,350.1099853515625,291.3500061035156,79.88999938964844,671.0501098632812,241.99000549316406,110.34500122070312,187.52999877929688,424.55120849609375,44.220001220703125,20.364999771118164,87.91999816894531,210.8350067138672,163.6230010986328,90.4800033569336,59.369998931884766,155.0,26.3700008392334,146.67999267578125,201.3249969482422,219.0,175.139892578125,49.90999984741211,153.6999969482422,690.2849731445312,105.87000274658203,90.79499816894531,55.33000183105469,429.44000244140625,313.2049865722656,50.85499954223633,127.34500122070312,155.92999267578125,467.0199890136719,249.64999389648438,373.42498779296875,271.44000244140625,367.385009765625,55.814998626708984,336.5400085449219,248.7949981689453,424.6549987792969,81.09989929199219,73.21499633789062,126.95010375976562,152.39999389648438,190737,81932,13612,21511,509954,19720,410044,33465,183902,23471,219989,72599,89368,57375,2458,230331,51538,8054,10679,15906,204678,27207,42130,7972,64692,76503,15719,46710,58978,18926,80081,51983,25094,42987,205725,10345,32939,82685,215079,11096,175292,38482,25344,32881,22827,2894841,16763,12396,60097,47801,66682,123720,36149,37051,33642,12375,20513,78291,132401,26482,110719,26783,231309,147753,56090,190620,888989,132047,66066,154929,28431,603234,52595,9717,34404,24681,75862,248335,12796,165808,107087,139626,16282,47245,41459,24964,18035,11406,8418.0,613013,46041,73448,66341,121402,37963,9834,117841,153870,77890,105198
2026-04-29 15:25:00+00:00,268.8399963378906,203.11000061035156,241.30499267578125,382.39471435546875,328.19500732421875,338.55499267578125,263.94000244140625,39.617000579833984,400.6300048828125,315.3599853515625,52.47999954223633,145.3800048828125,174.17999267578125,68.16470336914062,1035.7349853515625,56.78900146484375,127.63999938964844,324.3900146484375,288.95001220703125,285.3599853515625,32.897178649902344,191.0,125.70999908447266,990.2550048828125,179.98500061035156,88.62000274658203,35.130001068115234,82.13990020751953,190.75999450683594,113.63999938964844,178.44000244140625,50.24509811401367,137.52000427246094,59.279998779296875,12.239899635314941,203.85499572753906,129.36500549316406,76.23999786376953,351.80999755859375,908.7349853515625,41.11724853515625,320.67999267578125,312.0199890136719,230.44000244140625,230.52999877929688,93.1500015258789,393.5400085449219,451.2850036621094,226.9600067138672,308.8399963378906,31.780000686645508,78.74500274658203,856.7750244140625,232.47000122070312,527.1799926757812,349.8599853515625,291.29998779296875,79.81500244140625,671.7849731445312,242.5800018310547,110.38999938964844,187.35400390625,424.3583068847656,44.255001068115234,20.344999313354492,87.81999969482422,210.8000030517578,163.75,90.52999877929688,59.525001525878906,155.0753936767578,26.375,146.65499877929688,201.25,218.8800048828125,175.05499267578125,49.90299987792969,153.49249267578125,692.280029296875,106.25,90.7249984741211,55.35499954223633,428.8399963378906,313.2099914550781,50.819801330566406,127.43000030517578,155.85000610351562,467.16009521484375,249.11000061035156,374.1400146484375,270.6099853515625,367.94000244140625,55.73500061035156,337.125,249.34327697753906,425.2200012207031,81.12989807128906,73.08999633789062,126.94999694824219,152.55999755859375,189727,149194,12180,37600,503099,32528,489206,25956,66820,38711,288925,46747,95868,33087,3571,455585,52072,10596,16289,27611,206284,21313,34654,5294,44010,106990,31155,40878,70910,25752,37874,63154,20028,64156,250406,13340,36394,101869,215950,14053,126572,36574,21674,22566,30982,2975495,18227,15664,60291,52125,108697,100359,31353,35691,32207,8979,23398,72907,131556,24256,132269,27915,233931,144470,34434,159803,885981,138479,42148,98751,19441,234427,52183,6358,10117,17931,80000,261394,21191,237682,127084,154876,15714,95749,38395,16076,15395,13059,17464.0,598776,45915,126037,36988,129760,28342,10701,87491,26558,95486,133466
2026-04-29 15:30:00+00:00,268.77508544921875,203.5500030517578,240.9801025390625,382.04998779296875,327.7261962890625,337.989990234375,264.489990234375,39.61000061035156,401.2749938964844,315.07000732421875,52.44499969482422,145.5399932861328,173.16000366210938,68.30000305175781,1034.375,56.650001525878906,127.3499984741211,323.7349853515625,288.5400085449219,285.4100036621094,32.904998779296875,190.35499572753906,125.70999908447266,989.2080078125,179.65499877929688,88.44999694824219,35.119998931884766,82.06999969482422,190.66000366210938,113.56999969482422,178.5500030517578,50.224998474121094,137.61000061035156,59.31999969482422,12.219900131225586,203.91000366210938,129.11000061035156,76.1500015258789,352.44000244140625,907.1699829101562,41.1150016784668,320.3550109863281,311.989990234375,230.22999572753906,230.13999938964844,93.22000122070312,392.7300109863281,450.8500061035156,226.85000610351562,308.4200134277344,31.780000686645508,78.55999755859375,855.155029296875,232.2100067138672,525.5900268554688,349.79998779296875,291.07000732421875,79.69000244140625,671.0399780273438,242.27000427246094,110.24785614013672,187.22000122070312,425.1700134277344,44.224998474121094,20.424999237060547,87.54000091552734,211.3350067138672,163.625,90.4302978515625,59.689998626708984,154.75999450683594,26.34000015258789,146.2100067138672,201.03990173339844,218.5449981689453,174.32000732421875,49.93000030517578,153.92999267578125,691.1099853515625,106.6050033569336,90.73999786376953,55.494998931884766,428.5299987792969,312.9849853515625,50.724998474121094,127.2249984741211,155.72500610351562,466.9599914550781,249.42999267578125,373.9649963378906,270.0299987792969,367.0199890136719,55.6349983215332,336.29998779296875,249.0,424.5,81.05500030517578,73.0999984741211,126.88999938964844,152.58999633789062,242530,142600,17415,33190,421189,20403,1563114,36101,173795,20931,428038,24357,102123,47969,5809,350449,74408,10803,23935,10765,215860,20163,37270,155800,64344,85560,25756,38407,111591,12141,89039,86822,123965,45785,355525,9050,26814,69756,276670,15628,72782,29191,14850,22196,39921,3948366,8812,15283,62024,49718,65102,116035,27808,29927,31638,9115,19455,80315,185976,18661,85437,25363,263785,102654,20722,399607,1254531,149060,33970,187682,31529,204143,50904,13032,10140,28741,52318,199056,6797,273375,174074,127038,41098,30400,55664,14244,18614,17315,4216.0,613754,55287,58513,38614,136617,19289,6885,84417,35727,170941,122810
2026-04-29 15:35:00+00:00,269.07000732421875,205.52499389648438,241.11000061035156,381.4750061035156,327.2535095214844,337.69500732421875,264.5400085449219,39.599998474121094,400.80999755859375,314.9949951171875,52.44499969482422,145.32000732421875,173.3699951171875,68.375,1032.75,56.584999084472656,127.2699966430664,323.7900085449219,288.29998779296875,285.6300048828125,32.82500076293945,190.02999877929688,125.69000244140625,989.4099731445312,179.6750030517578,88.4801025390625,35.08000183105469,82.08999633789062,190.61000061035156,113.62999725341797,178.6699981689453,50.13999938964844,137.5,59.310001373291016,12.21780014038086,203.72500610351562,129.13999938964844,76.2249984741211,352.3500061035156,907.1300048828125,41.060001373291016,320.0801086425781,311.7900085449219,232.01499938964844,230.02999877929688,93.5250015258789,392.2550048828125,451.0400085449219,226.92250061035156,308.2099914550781,31.78499984741211,78.66999816894531,855.6199951171875,232.16000366210938,526.1699829101562,349.70001220703125,291.0299987792969,79.70999908447266,671.1300048828125,240.86000061035156,110.08999633789062,187.1300048828125,424.6499938964844,44.17499923706055,20.514999389648438,87.54000091552734,211.17999267578125,163.39999389648438,90.5199966430664,59.775001525878906,154.73500061035156,26.30500030517578,146.4149932861328,200.72999572753906,218.3699951171875,174.22000122070312,49.90999984741211,154.0399932861328,689.4400024414062,106.88999938964844,90.70999908447266,55.47999954223633,428.8599853515625,313.4200134277344,50.685001373291016,127.18000030517578,155.83999633789062,466.54998779296875,249.3800048828125,373.1099853515625,269.8900146484375,367.2301025390625,55.630001068115234,336.57000732421875,248.69000244140625,424.489990234375,81.06500244140625,73.16000366210938,126.98500061035156,152.52000427246094,252599,347174,14099,27895,383845,14090,431777,39608,94190,18965,313072,59476,55249,56916,3558,349146,55488,15433,21341,11362,177044,33857,23846,2974,31279,79587,29165,35782,95007,8700,128162,355199,25052,44255,211616,10963,19193,131748,190537,18472,60593,26332,18656,27390,39642,3904262,9928,8851,70695,64225,65120,177441,27009,34782,29317,10533,20262,88255,102438,84580,47906,27362,254155,84392,338719,288660,1097028,187821,29828,185597,21402,209770,41381,6369,7864,24283,39753,195426,12146,387513,65656,131863,15312,40573,37397,11772,23574,9785,1771.0,406904,38407,75231,36938,85279,23067,6722,121414,26833,47355,82025
2026-04-29 15:40:00+00:00,269.0350036621094,204.91000366210938,241.3800048828125,381.2099914550781,328.67999267578125,337.8399963378906,264.2650146484375,39.619998931884766,400.8550109863281,315.0799865722656,52.470001220703125,145.38999938964844,173.6999969482422,68.2699966430664,1033.8399658203125,56.6150016784668,127.29000091552734,323.55999755859375,288.239990234375,285.5400085449219,32.869998931884766,190.31500244140625,125.77999877929688,988.8900146484375,179.88999938964844,88.48999786376953,35.09000015258789,82.08000183105469,190.82000732421875,113.62999725341797,178.77999877929688,50.150001525878906,137.32000732421875,59.130001068115234,12.239999771118164,203.94000244140625,129.7050018310547,76.43000030517578,351.8916931152344,907.260009765625,41.025001525878906,320.07000732421875,312.32000732421875,233.30499267578125,230.30999755859375,93.81999969482422,392.79998779296875,450.6549987792969,226.9499969482422,308.4700012207031,31.844999313354492,78.61499786376953,855.219970703125,232.33999633789062,526.3099975585938,350.4100036621094,291.1300048828125,79.74500274658203,671.0399780273438,241.34500122070312,110.12000274658203,187.23500061035156,424.57000732421875,44.224998474121094,20.479999542236328,87.66500091552734,211.0,163.39999389648438,90.51000213623047,59.70500183105469,154.6300048828125,26.295000076293945,146.3249969482422,200.75999450683594,218.44000244140625,174.55999755859375,49.939998626708984,154.19500732421875,687.3300170898438,107.04000091552734,90.6500015258789,55.375,429.3500061035156,313.44000244140625,50.685001373291016,127.30999755859375,155.6199951171875,466.7449951171875,249.6699981689453,372.5400085449219,269.2749938964844,367.44000244140625,55.61000061035156,336.3800048828125,248.49000549316406,424.5,81.08000183105469,73.16000366210938,126.9800033569336,152.7550048828125,182428,300054,15037,30858,358960,8818,372438,37596,58975,18200,106138,14403,42031,81056,2269,277401,69750,12242,8140,8776,103408,52512,34748,7739,63347,58834,16070,35282,55430,14228,23526,68558,55843,113175,388736,7568,116814,61634,158463,9591,49802,38193,16755,26844,31405,2936898,12274,9965,32209,28328,143596,110725,37511,23256,39260,5643,13831,64885,59814,13374,47420,29560,158863,102544,31187,180032,887386,170226,22620,211380,24411,274897,31476,9453,5603,22933,39207,173949,12189,313389,53862,100993,13899,57405,30138,13280,9925,8625,11212.0,445804,73459,44711,26860,99685,23173,3555,71337,34781,67590,99980
2026-04-29 15:45:00+00:00,268.7950134277344,204.77999877929688,242.00999450683594,381.5899963378906,328.2900085449219,338.1499938964844,264.31500244140625,39.53499984741211,400.5249938964844,315.510009765625,52.505001068115234,145.52999877929688,174.00999450683594,68.2300033569336,1035.52001953125,56.6349983215332,127.38999938964844,324.1000061035156,288.5150146484375,285.80999755859375,32.875,190.52000427246094,125.61499786376953,989.469970703125,180.1750030517578,88.57499694824219,35.064998626708984,82.1500015258789,190.8699951171875,113.80999755859375,178.9857940673828,50.14500045776367,137.14999389648438,59.189998626708984,12.234999656677246,203.6750030517578,129.55999755859375,76.52999877929688,352.1099853515625,907.8499755859375,40.994998931884766,320.5299987792969,311.885009765625,233.25,230.4250030517578,93.63690185546875,394.30499267578125,451.54998779296875,227.00999450683594,308.67999267578125,31.80500030517578,78.625,857.0349731445312,232.81500244140625,526.8699951171875,350.55999755859375,291.3399963378906,79.80999755859375,671.1174926757812,241.1699981689453,110.25,187.35000610351562,424.94000244140625,44.28499984741211,20.489999771118164,87.83000183105469,211.03309631347656,163.52000427246094,90.55999755859375,59.67499923706055,154.74000549316406,26.334999084472656,146.47000122070312,201.21499633789062,218.2899932861328,174.1750030517578,49.994998931884766,154.36000061035156,683.6799926757812,107.02999877929688,90.83499908447266,55.435001373291016,430.1449890136719,314.07000732421875,50.71500015258789,127.4000015258789,155.71499633789062,467.6499938964844,249.52499389648438,372.8500061035156,269.4700012207031,367.75,55.599998474121094,336.28009033203125,247.8000030517578,425.2099914550781,81.1449966430664,73.16500091552734,127.0,152.6649932861328,280186,144803,21092,29942,294171,12009,520060,29811,106684,24901,175967,38954,48504,39373,3620,197912,41248,7756,6763,7559,120677,35713,25784,4985,117278,78575,24140,27843,72646,17718,46999,135969,27517,71801,113447,9236,35383,65833,152875,8226,55298,21800,21754,27125,30323,2390083,97112,7635,48117,28449,37567,81499,40249,33160,32760,5617,16621,78260,62990,40970,48452,27797,129828,84192,32184,142998,692514,78463,27282,117483,16351,166142,39365,13272,8282,17240,53568,204640,35053,253104,120081,85267,19076,45126,35919,31579,16878,8695,13444.0,299028,41244,37170,35512,120127,20795,7401,74663,68832,138698,103763
2026-04-29 15:50:00+00:00,268.4200134277344,204.5749969482422,241.3000030517578,381.2550048828125,327.6400146484375,337.6000061035156,263.4949951171875,39.67499923706055,399.1400146484375,314.6099853515625,52.36000061035156,145.60499572753906,172.72000122070312,68.2249984741211,1032.005126953125,56.625,126.80000305175781,323.8450012207031,288.3399963378906,285.8699951171875,32.869998931884766,190.02999877929688,125.93000030517578,990.3900146484375,179.64500427246094,88.62999725341797,35.154998779296875,82.1500015258789,191.3300018310547,113.63999938964844,178.63999938964844,50.28499984741211,137.41000366210938,59.255001068115234,12.229900360107422,204.4199981689453,129.64999389648438,76.37999725341797,351.1199951171875,901.0,40.97999954223633,320.260009765625,311.5199890136719,234.0,229.67999267578125,92.82980346679688,392.6600036621094,450.7550048828125,227.02000427246094,307.7799987792969,31.825000762939453,78.6449966430664,856.3099975585938,232.36000061035156,526.3900146484375,349.7300109863281,291.2349853515625,79.76499938964844,668.739990234375,242.00999450683594,110.23509979248047,186.03500366210938,423.8349914550781,44.26499938964844,20.46500015258789,87.4800033569336,210.3699951171875,162.82000732421875,90.53500366210938,60.029998779296875,154.8800048828125,26.315000534057617,146.64500427246094,201.1999969482422,218.07989501953125,174.69000244140625,49.86000061035156,153.54010009765625,687.7100219726562,106.73500061035156,90.58000183105469,55.404998779296875,429.8949890136719,313.70001220703125,50.59000015258789,127.25,155.72999572753906,467.4299011230469,249.90499877929688,370.6499938964844,269.32000732421875,367.78009033203125,55.5099983215332,335.8349914550781,248.63499450683594,424.989990234375,80.95999908447266,73.18000030517578,127.18499755859375,153.16000366210938,365259,109661,55562,38619,310006,92226,602698,57101,132028,35298,264891,29996,89843,43043,3357,148378,121341,12013,13165,17676,361018,46338,52656,9495,62792,153361,39410,37005,135896,19603,36246,269792,80405,71614,359889,18602,78228,70455,297645,50060,71057,40597,40123,29375,49326,3133523,21349,13558,68341,81614,64198,108403,37419,23616,42434,10964,16830,78196,181694,22124,57671,127444,289401,166543,32511,239840,1171181,209800,36367,484810,32968,282010,53021,8374,14876,15783,90493,175612,8040,303924,109904,108950,14561,15379,78818,76966,27120,12851,8510.0,736830,60602,71220,64930,117259,21630,4712,114820,33239,165361,161053
2026-04-29 15:55:00+00:00,268.6300048828125,204.67999267578125,241.5749969482422,381.1099853515625,327.8599853515625,338.1499938964844,263.4750061035156,39.76499938964844,399.44000244140625,314.885009765625,52.3849983215332,145.9600067138672,172.27000427246094,68.26000213623047,1032.5999755859375,56.689998626708984,126.80999755859375,324.1300048828125,288.1600036621094,286.04998779296875,32.8650016784668,190.02000427246094,126.11000061035156,991.1599731445312,180.02000427246094,88.68000030517578,35.27000045776367,82.13999938964844,191.55999755859375,113.58999633789062,178.75,50.435001373291016,137.59010314941406,59.36000061035156,12.210000038146973,204.56500244140625,129.88999938964844,76.4000015258789,351.2651062011719,900.6950073242188,41.10499954223633,320.4800109863281,312.70001220703125,234.0500030517578,229.66000366210938,92.95700073242188,393.69000244140625,451.8299865722656,227.4499969482422,307.7300109863281,31.864999771118164,78.81500244140625,855.3599853515625,232.375,526.9749755859375,349.4599914550781,291.4700012207031,79.80000305175781,669.219970703125,242.06500244140625,110.22000122070312,186.0050048828125,424.3349914550781,44.20000076293945,20.475000381469727,87.87000274658203,210.66000366210938,163.08999633789062,90.58000183105469,60.290000915527344,155.22500610351562,26.344999313354492,146.75999450683594,201.10000610351562,218.1750030517578,174.7550048828125,49.880001068115234,153.86500549316406,685.1300048828125,106.47000122070312,90.52999877929688,55.52000045776367,429.8800048828125,313.80499267578125,50.61000061035156,127.0199966430664,155.6999969482422,467.92498779296875,249.94000244140625,370.82000732421875,270.07989501953125,368.2300109863281,55.53499984741211,336.3500061035156,249.2899932861328,424.864990234375,81.02999877929688,73.23999786376953,127.23999786376953,153.63999938964844,174730,96700,30115,33585,244880,40485,495133,107552,101634,10431,179581,14235,90813,41679,1569,155473,150335,7023,9750,6067,268166,43812,62984,8442,21480,116562,39952,16989,66518,19700,29987,232823,82004,55364,159897,21635,34594,64994,226246,55754,90931,29486,79445,24870,53999,2205681,19020,10691,58147,31377,78602,118369,21358,46324,35388,11668,25154,80138,91968,31467,49953,74921,214285,89127,28771,191931,1089408,137648,51452,401405,21994,187299,40637,10482,5686,17505,42860,153811,13641,252184,45285,146242,29047,26326,33358,65364,19126,7506,44820.0,758331,23081,61680,27473,104096,24540,11999,97039,39459,84518,281784
2026-04-29 16:00:00+00:00,269.0350036621094,204.47999572753906,241.64500427246094,380.75,328.0350036621094,337.4800109863281,263.04998779296875,39.7599983215332,399.2099914550781,314.95001220703125,52.415000915527344,146.3000030517578,172.1649932861328,68.36499786376953,1033.875,56.720001220703125,127.04989624023438,324.8399963378906,288.79998779296875,286.17999267578125,32.80500030517578,190.27000427246094,126.0199966430664,992.5,180.1699981689453,88.78500366210938,35.2400016784668,82.29010009765625,191.625,113.8550033569336,179.02999877929688,50.39500045776367,137.66000366210938,59.5,12.21150016784668,204.49000549316406,129.7550048828125,76.43000030517578,350.6000061035156,901.1900024414062,41.17499923706055,320.79998779296875,313.8599853515625,236.16000366210938,229.4250030517578,92.7300033569336,393.8299865722656,452.1700134277344,227.71499633789062,308.260009765625,31.864999771118164,78.96929931640625,855.2050170898438,232.52000427246094,526.97998046875,349.7349853515625,291.6499938964844,79.88999938964844,669.0499877929688,241.93499755859375,110.51000213623047,186.26499938964844,424.489990234375,44.23500061035156,20.454999923706055,87.92500305175781,210.84500122070312,163.0500030517578,90.52999877929688,60.20000076293945,155.30999755859375,26.354999542236328,146.84410095214844,201.0500030517578,218.74000549316406,174.50999450683594,49.95500183105469,154.2949981689453,690.7949829101562,106.49500274658203,90.65499877929688,55.53499984741211,430.5400085449219,314.0400085449219,50.654998779296875,126.88999938964844,155.63999938964844,468.3299865722656,249.58099365234375,371.43499755859375,270.1000061035156,369.04998779296875,55.60499954223633,335.8399963378906,248.47999572753906,425.19000244140625,81.18000030517578,73.2698974609375,127.3949966430664,153.53500366210938,147583,54211,18631,34664,137909,58875,439098,67242,71138,44313,162871,16436,76889,39438,2188,109473,72775,4195,8748,9979,241627,23534,85134,8300,41553,92635,31757,32051,96269,16193,26362,114481,23410,98472,356776,10562,49069,91536,297680,32382,455056,22145,49743,50149,63712,2125509,11999,12567,52144,35136,79434,96921,58171,15818,23683,15877,12830,60929,64774,26721,90385,37549,141543,96857,18907,135335,682116,101252,73688,316409,40636,164431,44661,9677,9460,11265,51570,126087,41282,248020,43533,101243,15449,51380,34936,20727,20218,5996,10463.0,475562,25386,66705,41829,97189,37335,4899,103486,43424,117098,150033
2026-04-29 16:05:00+00:00,268.7200012207031,204.33999633789062,241.5,380.8299865722656,328.2300109863281,337.5950012207031,262.8800048828125,39.83000183105469,399.1600036621094,315.1000061035156,52.39500045776367,146.22000122070312,171.89999389648438,68.44999694824219,1034.8699951171875,56.834999084472656,126.83000183105469,324.42999267578125,288.80010986328125,286.30999755859375,32.779998779296875,190.35000610351562,126.11000061035156,993.2449951171875,180.25999450683594,88.92500305175781,35.22999954223633,82.4800033569336,191.94000244140625,113.98999786376953,178.9949951171875,50.3849983215332,137.81500244140625,59.58000183105469,12.220000267028809,204.67999267578125,129.6699981689453,76.37100219726562,350.25,902.0499877929688,41.2400016784668,320.70001220703125,314.0199890136719,238.3000030517578,229.22999572753906,92.99500274658203,393.2200927734375,451.9700012207031,227.6300048828125,308.2200012207031,31.875,78.95500183105469,853.5599975585938,232.3800048828125,527.8250122070312,349.6700134277344,291.7900085449219,79.88999938964844,670.8950805664062,242.0850067138672,110.47000122070312,186.24000549316406,424.69500732421875,44.26499938964844,20.559999465942383,87.76020050048828,211.05499267578125,163.14999389648438,90.4749984741211,60.250099182128906,155.38999938964844,26.354999542236328,146.88999938964844,200.9199981689453,218.72999572753906,174.64999389648438,49.959999084472656,154.02999877929688,691.3800048828125,106.74909973144531,90.58499908447266,55.44499969482422,430.8949890136719,314.1300048828125,50.6349983215332,126.94499969482422,155.47999572753906,468.1499938964844,250.13999938964844,371.8550109863281,269.6600036621094,369.0249938964844,55.564998626708984,336.6650085449219,248.8300018310547,425.42999267578125,81.1500015258789,73.30000305175781,127.33999633789062,153.68499755859375,143361,52371,14336,33988,180924,121160,460169,48584,57260,15538,185436,19981,52809,74676,2077,112785,48849,6115,8527,10266,91491,21166,47329,6097,49108,86905,62233,41819,130750,11045,84745,112791,13440,62080,122423,8342,109906,66270,207043,26561,63348,22410,33918,48931,46772,2166251,8446,14208,59662,25645,75042,114574,41911,19761,43486,6351,12521,81530,131211,14029,112389,27494,110820,78306,60340,108216,844743,131092,42723,217080,24241,164925,37034,13381,5142,15011,35770,129322,4171,212544,43079,97108,22739,16562,27105,35445,14271,11002,19664.0,346374,39531,127695,22508,79787,16013,5984,364139,24721,120199,107605
2026-04-29 16:10:00+00:00,269.0050048828125,203.69000244140625,241.41000366210938,380.9599914550781,327.3450012207031,337.9100036621094,262.659912109375,39.875,398.9200134277344,314.9049987792969,52.393001556396484,146.22000122070312,172.35499572753906,68.4000015258789,1034.739990234375,56.814998626708984,126.73999786376953,324.7099914550781,288.94000244140625,286.42999267578125,32.724998474121094,190.14010620117188,126.16000366210938,994.989990234375,180.13999938964844,89.01499938964844,35.23500061035156,82.66000366210938,191.93499755859375,114.23999786376953,178.8699951171875,50.3849983215332,137.99000549316406,59.51100158691406,12.21500015258789,204.85499572753906,129.5,76.5199966430664,350.4750061035156,901.010009765625,41.28499984741211,320.9100036621094,313.8299865722656,236.9824981689453,229.43499755859375,92.56999969482422,393.67498779296875,452.2900085449219,227.6199951171875,307.9317932128906,31.864999771118164,78.94999694824219,851.2611083984375,232.46499633789062,527.6199951171875,349.4599914550781,291.8760986328125,79.8499984741211,671.6500244140625,242.32000732421875,110.4800033569336,185.96499633789062,424.20001220703125,44.255001068115234,20.530000686645508,87.6449966430664,210.5050048828125,162.77000427246094,90.80999755859375,60.32500076293945,155.58999633789062,26.375,146.94500732421875,201.0399932861328,218.64999389648438,175.14500427246094,49.904998779296875,154.0,693.0800170898438,106.79910278320312,90.51000213623047,55.4827995300293,430.9100036621094,314.6400146484375,50.6150016784668,127.08499908447266,155.5500030517578,467.8424987792969,249.6699981689453,371.989990234375,269.7300109863281,369.42498779296875,55.56999969482422,336.760009765625,249.27499389648438,425.0,81.1449966430664,73.26000213623047,127.58000183105469,153.9250030517578,155660,58628,17276,25365,219192,36222,462357,69729,66589,16142,154777,6595,44964,34881,1168,93113,51987,8930,5812,8540,287660,16308,66901,7378,24053,123779,25791,106013,111992,20436,40734,81933,14806,29419,94239,12063,33381,81306,92314,13950,62824,40136,19124,42993,40444,1744890,9077,8119,31173,44211,54839,72238,56280,13959,29158,7916,12465,56100,117646,90299,68125,30257,153084,75005,40229,113413,813617,106821,43093,122895,15153,80426,37532,10254,5949,26384,58643,112677,6463,162245,37993,81505,19297,34881,37701,36782,28115,4204,26003.0,368702,22033,82766,17855,103593,23520,9580,83870,33883,84707,189259
2026-04-29 16:15:00+00:00,268.760009765625,204.25,241.39999389648438,380.239990234375,326.239990234375,338.510009765625,262.2550048828125,39.974998474121094,398.1400146484375,315.1300048828125,52.415000915527344,146.45509338378906,172.50999450683594,68.59500122070312,1034.8199462890625,56.880001068115234,126.86000061035156,325.1300048828125,289.17498779296875,286.5799865722656,32.73849868774414,190.25,126.56999969482422,994.7000122070312,180.17999267578125,88.8499984741211,35.28229904174805,82.76000213623047,192.36000061035156,114.33000183105469,178.82000732421875,50.45500183105469,138.27000427246094,59.54999923706055,12.217399597167969,205.17010498046875,129.41000366210938,76.47250366210938,349.9599914550781,902.7127075195312,41.380001068115234,320.989990234375,313.9849853515625,237.22000122070312,229.2449951171875,92.51000213623047,393.7699890136719,452.135009765625,228.07000732421875,308.2799987792969,31.875,79.04000091552734,853.7459716796875,232.3699951171875,528.3499755859375,350.20001220703125,292.1000061035156,79.95999908447266,670.219970703125,242.9199981689453,110.68499755859375,186.27999877929688,423.2300109863281,44.290000915527344,20.56999969482422,87.72000122070312,209.93499755859375,162.52999877929688,90.7300033569336,60.349998474121094,155.8800048828125,26.434999465942383,147.36000061035156,201.2550048828125,218.4801025390625,175.66000366210938,49.935001373291016,153.77499389648438,690.9000244140625,106.76000213623047,90.58999633789062,55.630001068115234,430.95001220703125,314.8800048828125,50.685001373291016,127.25,155.5399932861328,467.3999938964844,249.8300018310547,370.9549865722656,269.989990234375,369.5150146484375,55.724998474121094,337.5799865722656,249.28500366210938,425.489990234375,81.16500091552734,73.30999755859375,127.55000305175781,154.2550048828125,130770,65139,20126,40264,278032,48878,513214,71786,104307,21914,192863,14850,49267,42796,3263,179150,66321,22506,4718,9150,165334,32876,64116,5971,46488,120078,33708,73500,119442,17418,25819,85582,52571,44433,228483,52419,28947,97850,231655,13613,114551,24961,11040,25752,29181,1498166,13418,16699,37565,31190,50195,93980,44859,41139,32136,6172,13482,99033,150560,61947,39643,28127,302085,65272,40709,174015,1508177,171324,28276,133631,15533,215338,80303,13992,13188,32919,45931,130098,5834,158511,30427,94952,9077,19784,27731,28634,19504,23679,3948.0,458933,45469,41619,220662,98107,23024,6088,125604,35511,99415,163809
2026-04-29 16:20:00+00:00,269.7550048828125,203.8249969482422,241.5500030517578,379.7699890136719,326.8800048828125,338.5799865722656,261.9200134277344,40.08000183105469,398.3699951171875,315.1400146484375,52.42499923706055,146.52999877929688,172.51499938964844,68.6698989868164,1035.5849609375,56.92499923706055,126.86000061035156,325.0849914550781,289.364990234375,286.2200012207031,32.78499984741211,190.24000549316406,126.7699966430664,995.1500244140625,180.3300018310547,88.70999908447266,35.314998626708984,82.80500030517578,192.38999938964844,114.16500091552734,178.8249969482422,50.4900016784668,138.4199981689453,59.61840057373047,12.212200164794922,205.35000610351562,129.3249969482422,76.37999725341797,349.875,902.27001953125,41.46500015258789,321.1400146484375,314.239990234375,238.5449981689453,229.15499877929688,92.61959838867188,393.75,452.2950134277344,228.1999969482422,308.1300048828125,31.895000457763672,79.04000091552734,854.9500122070312,232.74000549316406,529.1099853515625,350.6050109863281,292.260009765625,79.96499633789062,669.5349731445312,243.3800048828125,110.62999725341797,185.97000122070312,422.3399963378906,44.275001525878906,20.594999313354492,87.68000030517578,210.33999633789062,162.76499938964844,90.77999877929688,60.45000076293945,155.8800048828125,26.43400001525879,147.36000061035156,201.16000366210938,218.61000061035156,175.92999267578125,49.974998474121094,154.1199951171875,687.9400024414062,106.5199966430664,90.625,55.654998779296875,430.8800048828125,315.239990234375,50.689998626708984,127.29000091552734,155.55999755859375,467.7699890136719,249.85000610351562,371.6050109863281,269.6400146484375,369.1600036621094,55.73500061035156,337.95001220703125,249.5500030517578,425.3399963378906,81.19499969482422,73.38999938964844,127.58499908447266,154.4499969482422,424778,41319,15921,41622,339271,48911,485594,123959,77138,18831,118223,30553,54048,31263,3923,123582,46678,11841,8833,15829,131859,12269,147635,5711,56506,92384,30614,47105,106571,13674,31953,92803,16889,43996,495705,14714,34212,60582,238188,13765,104247,36951,12106,47328,26026,1595977,13993,7927,34109,29600,34580,75865,21383,20600,57724,10847,19012,79741,71379,97661,47943,51855,346930,72516,32151,146740,1211957,128065,22485,242383,22184,114032,61874,8323,3901,24089,38524,102407,4491,179835,33493,76132,7239,15002,68736,43696,10407,25020,13797.0,379670,34683,69745,30708,118625,24833,3839,72587,36476,67835,147483
2026-04-29 16:25:00+00:00,269.82501220703125,204.3300018310547,241.25,378.7300109863281,328.0799865722656,338.52508544921875,261.30999755859375,40.290000915527344,397.8599853515625,315.17999267578125,52.42499923706055,146.92999267578125,172.34500122070312,68.7249984741211,1036.35498046875,56.96500015258789,126.80000305175781,325.25,289.739990234375,286.1600036621094,32.78499984741211,190.0399932861328,126.83000183105469,994.3499755859375,180.3350067138672,88.80500030517578,35.33000183105469,82.77999877929688,192.33999633789062,114.19000244140625,178.85000610351562,50.525001525878906,138.5399932861328,59.63999938964844,12.211000442504883,205.38009643554688,129.2949981689453,76.44000244140625,349.3699951171875,902.7000122070312,41.48500061035156,320.8450012207031,314.3299865722656,237.47000122070312,229.10499572753906,92.12999725341797,393.7099914550781,452.1099853515625,228.35000610351562,307.8949890136719,31.889999389648438,79.18000030517578,854.989990234375,232.47000122070312,529.0,350.75,292.3599853515625,80.08499908447266,669.1199951171875,243.77999877929688,110.7300033569336,185.6999969482422,422.010009765625,44.20500183105469,20.626216888427734,87.55999755859375,209.6699981689453,162.59500122070312,90.9000015258789,60.56990051269531,156.0200958251953,26.441999435424805,147.4600067138672,201.59500122070312,218.5749969482422,176.35000610351562,49.95500183105469,153.9600067138672,691.610107421875,106.18000030517578,90.51499938964844,55.665000915527344,431.0,315.29998779296875,50.68000030517578,127.17250061035156,155.52000427246094,468.07000732421875,250.02000427246094,371.55499267578125,269.67999267578125,368.7699890136719,55.747501373291016,337.8324890136719,249.8300018310547,425.6300048828125,81.16000366210938,73.37999725341797,127.2699966430664,154.48500061035156,365392,38088,20448,32674,306552,10689,573005,139557,92150,12372,186622,18681,66925,32982,1719,93661,69502,28493,11311,7958,221184,18591,32841,4763,47128,67276,23753,39703,86557,26357,16147,62289,17277,39087,284138,9401,26596,46824,158469,9601,91974,26812,24674,18529,26023,2232262,5920,9056,47704,30995,43645,111892,23960,16748,28687,3801,12685,99352,80712,52239,111414,60076,368628,61470,23110,176432,1172819,132351,22347,230699,18635,164814,39996,9083,7814,45085,62635,109995,4966,220771,35417,63831,6273,21552,49906,88690,14338,6490,9938.0,333437,25374,62586,19401,65684,28465,7699,80823,26017,196004,148748
2026-04-29 16:30:00+00:00,269.9599914550781,204.80999755859375,240.74000549316406,377.1099853515625,328.2699890136719,338.44500732421875,260.67498779296875,40.334999084472656,396.82000732421875,314.8599853515625,52.43989944458008,146.91000366210938,172.0399932861328,68.78500366210938,1035.06005859375,57.05500030517578,126.75499725341797,325.6199951171875,289.2850036621094,286.7705993652344,32.709999084472656,189.89999389648438,126.97000122070312,995.3499755859375,179.94000244140625,88.78500366210938,35.380001068115234,82.66999816894531,192.42999267578125,114.16500091552734,178.78500366210938,50.599998474121094,138.6300048828125,59.65999984741211,12.194999694824219,205.44000244140625,129.25999450683594,76.29000091552734,348.42999267578125,899.9500122070312,41.48419952392578,321.4200134277344,314.4800109863281,236.32000732421875,229.08999633789062,92.30000305175781,392.8299865722656,453.04998779296875,228.60000610351562,308.0249938964844,31.924999237060547,79.20500183105469,854.5700073242188,232.72000122070312,529.7750244140625,350.1499938964844,292.30999755859375,80.1050033569336,667.1300048828125,243.9600067138672,110.875,185.52000427246094,420.94000244140625,44.19499969482422,20.604999542236328,87.22000122070312,209.28500366210938,162.54989624023438,90.95999908447266,60.6349983215332,156.139892578125,26.43000030517578,147.50999450683594,201.875,218.5,176.41000366210938,49.875,153.57000732421875,694.22998046875,106.26000213623047,90.56999969482422,55.61069869995117,431.3900146484375,315.7546081542969,50.65769958496094,127.17500305175781,155.5449981689453,467.7300109863281,250.27000427246094,370.9750061035156,269.05999755859375,368.2149963378906,55.689998626708984,337.875,250.1199951171875,424.9100036621094,81.19999694824219,73.45999908447266,127.50499725341797,154.66000366210938,247778,31215,14178,83101,398715,26792,751200,51821,115041,19007,161791,21249,57625,85099,2642,201512,86397,35695,10261,12013,103419,26125,57161,10092,61503,75314,32675,31825,157534,14045,20902,119520,25113,29420,303506,14611,20604,47384,286377,11179,152882,35202,33038,33412,37391,2131039,7312,15463,67376,22845,54058,151687,14588,42980,47086,15350,16082,49106,96257,54060,108409,34695,291364,119025,24272,222421,1897461,162349,34168,166186,19315,183274,36469,9013,28452,19177,50129,117274,16860,149902,44414,115727,10227,82308,37859,10148,21229,7180,3937.0,391875,98994,58443,20611,83039,55839,13700,81010,43121,105482,188304
2026-04-29 16:35:00+00:00,269.948486328125,205.24000549316406,240.6020050048828,378.70001220703125,329.9700012207031,338.7699890136719,260.93499755859375,40.165000915527344,397.6000061035156,315.0274963378906,52.400001525878906,146.75999450683594,172.0399932861328,68.73999786376953,1035.760009765625,56.849998474121094,126.69999694824219,325.7950134277344,289.32000732421875,286.7449951171875,32.744998931884766,190.22000122070312,126.77999877929688,994.280029296875,180.11500549316406,88.80500030517578,35.279998779296875,82.66000366210938,191.99000549316406,114.04499816894531,178.8000030517578,50.459999084472656,138.41000366210938,59.56999969482422,12.204999923706055,205.05999755859375,129.35499572753906,76.19000244140625,348.30999755859375,901.3900146484375,41.40999984741211,321.75,314.5799865722656,236.94500732421875,229.6649932861328,92.99500274658203,393.510009765625,452.760009765625,228.3699951171875,308.21209716796875,31.864999771118164,79.0999984741211,855.260009765625,233.2100067138672,529.3699951171875,350.2850036621094,292.17498779296875,80.19000244140625,668.0900268554688,243.84500122070312,110.80000305175781,185.6300048828125,421.42498779296875,44.20500183105469,20.545000076293945,87.33999633789062,209.60699462890625,162.63999938964844,90.9800033569336,60.429901123046875,156.05499267578125,26.420000076293945,147.52000427246094,201.9499969482422,218.61500549316406,176.0,49.875,154.1199951171875,694.4949951171875,105.51499938964844,90.55999755859375,55.4900016784668,431.69500732421875,315.94500732421875,50.665000915527344,127.08000183105469,155.4600067138672,468.81500244140625,249.60000610351562,371.2301025390625,269.0299987792969,367.8500061035156,55.66999816894531,337.4649963378906,249.91000366210938,425.19000244140625,81.16999816894531,73.37000274658203,127.2699966430664,154.27000427246094,168113,98057,15742,30812,523664,12652,490798,63959,129445,8753,953880,26071,54977,101568,2050,234643,65164,20605,8017,11626,124126,26163,45105,7581,24188,91590,35785,73186,81218,19148,35642,101030,14035,35132,206582,7983,32401,51571,220085,19206,106992,22697,23308,39878,35418,2795466,8831,8448,89408,27129,76614,113505,22710,19859,58623,7775,12896,74664,92608,18690,79887,29994,435891,104686,75630,182457,1132400,132082,28220,202593,18187,177919,36919,7445,15708,22299,42120,120582,21827,186026,25485,157609,7666,31057,44421,24815,11135,18034,62158.0,401849,27593,88431,110490,87057,20169,7208,166603,33439,80875,162793
2026-04-29 16:40:00+00:00,270.20001220703125,204.40499877929688,240.8800048828125,379.2950134277344,329.92498779296875,338.7099914550781,261.0899963378906,40.03499984741211,397.3399963378906,315.1449890136719,52.404998779296875,146.9250030517578,172.08999633789062,68.62999725341797,1036.2449951171875,56.84000015258789,126.7074966430664,326.010009765625,289.135009765625,287.2250061035156,32.80500030517578,190.25,126.52999877929688,995.3900146484375,180.36000061035156,88.82499694824219,35.2400016784668,82.73999786376953,191.58999633789062,114.33999633789062,178.89999389648438,50.39500045776367,138.0,59.40999984741211,12.204999923706055,204.57000732421875,129.32000732421875,76.31999969482422,348.5450134277344,900.885009765625,41.334999084472656,322.3599853515625,315.0950012207031,236.0399932861328,229.83999633789062,93.17269897460938,393.8599853515625,453.1000061035156,228.36500549316406,308.2200012207031,31.81999969482422,79.11499786376953,855.25,233.85499572753906,529.7349853515625,351.1700134277344,291.9599914550781,80.09500122070312,668.27001953125,243.66000366210938,110.83000183105469,185.69749450683594,422.18499755859375,44.2400016784668,20.565000534057617,87.58999633789062,209.58999633789062,162.97999572753906,91.12999725341797,60.2599983215332,155.8300018310547,26.415000915527344,147.57000732421875,202.0500030517578,218.47000122070312,175.97000122070312,49.880001068115234,154.41510009765625,688.8800048828125,105.87000274658203,90.55500030517578,55.36000061035156,431.54998779296875,316.4150085449219,50.67499923706055,127.3499984741211,155.64999389648438,469.3360900878906,249.38999938964844,372.3497009277344,268.9599914550781,368.2101135253906,55.69020080566406,337.3699951171875,249.73500061035156,424.7300109863281,81.2249984741211,73.3290023803711,127.51499938964844,154.10000610351562,168440,48032,20613,26121,419320,11056,431735,44541,112445,22387,112465,16776,35160,155832,1571,143278,48770,11886,9165,10673,180921,22771,55355,9556,54184,72881,62660,53036,96496,10620,63186,177294,16599,41527,579814,11394,25399,41597,186150,16632,80041,33882,15523,21738,28131,2665353,40710,10109,62394,30259,57068,125655,20251,14214,48375,9413,24608,73017,186792,32789,90928,24577,203159,157167,88291,175497,856357,145436,33155,200956,37503,124546,39142,9679,2922,20414,54903,199975,21466,323781,31614,179858,4842,27176,33587,14524,11915,9462,9045.0,389500,102419,58162,89662,85573,14084,5798,99592,37268,76362,128334
2026-04-29 16:45:00+00:00,270.489990234375,204.4250030517578,240.8300018310547,379.3999938964844,330.0400085449219,338.3599853515625,261.3299865722656,40.08000183105469,397.0,315.1199951171875,52.415000915527344,146.77000427246094,172.25999450683594,68.6050033569336,1037.0,56.60049819946289,126.7750015258789,326.32000732421875,289.17999267578125,287.3299865722656,32.78499984741211,190.2550048828125,126.69000244140625,995.1950073242188,180.16000366210938,88.97000122070312,35.28499984741211,82.75,191.75999450683594,114.08999633789062,178.65499877929688,50.470001220703125,137.97650146484375,59.400001525878906,12.194999694824219,204.94000244140625,129.22999572753906,76.2300033569336,348.29998779296875,900.9849853515625,41.345001220703125,322.1199951171875,315.6099853515625,233.72250366210938,229.875,93.25,393.8500061035156,452.9750061035156,228.3300018310547,308.17999267578125,31.850000381469727,78.98999786376953,854.2249755859375,233.4550018310547,529.77001953125,351.8999938964844,291.7200012207031,79.9000015258789,668.02001953125,244.44000244140625,110.70500183105469,185.8300018310547,422.19000244140625,44.179298400878906,20.579999923706055,87.51000213623047,209.5800018310547,162.9499969482422,91.11000061035156,60.38999938964844,155.66000366210938,26.434999465942383,147.52000427246094,202.16000366210938,218.6999969482422,176.47500610351562,49.880001068115234,154.77999877929688,684.5800170898438,105.6500015258789,90.5999984741211,55.48500061035156,431.2099914550781,315.5199890136719,50.665000915527344,127.16999816894531,155.66000366210938,468.44000244140625,249.75999450683594,372.635009765625,268.6000061035156,368.5199890136719,55.70000076293945,337.7250061035156,250.88999938964844,424.6549987792969,81.23500061035156,73.38999938964844,127.56999969482422,154.31500244140625,174138,63265,18745,31919,213107,9829,272546,57630,77911,19734,95900,14053,36788,64953,1068,224734,48932,9519,15782,9902,96325,18332,35217,3767,69855,83418,29368,86155,40523,34912,56463,78079,47175,41821,431213,14018,25276,28319,187153,11546,77498,25415,20283,30561,21782,1888687,10965,12601,45911,23756,35846,64779,33847,19762,57186,42324,18233,93904,58528,29991,32612,17136,173759,96962,50173,83321,924121,93510,24310,171622,20579,152179,39494,11253,6217,22989,45521,690683,22317,451925,26822,86422,6228,32475,48991,19028,13244,5317,5280.0,328480,46154,72703,17747,74232,21866,6310,68314,26891,72567,105568
2026-04-29 16:50:00+00:00,270.79998779296875,204.61000061035156,240.77999877929688,379.3699951171875,330.5450134277344,338.0199890136719,261.239990234375,40.13999938964844,397.2699890136719,315.19000244140625,52.369998931884766,146.9199981689453,172.75999450683594,68.7300033569336,1036.4100341796875,56.6349983215332,126.70999908447266,326.0,289.989990234375,287.6499938964844,32.79499816894531,190.08999633789062,126.84500122070312,995.260009765625,180.19000244140625,88.96499633789062,35.34000015258789,82.79000091552734,191.74000549316406,113.95999908447266,178.58999633789062,50.540000915527344,138.0449981689453,59.3849983215332,12.204999923706055,205.41000366210938,129.1199951171875,76.20999908447266,348.2049865722656,901.3900146484375,41.41999816894531,321.989990234375,315.8900146484375,234.72000122070312,229.8699951171875,93.19000244140625,393.6050109863281,452.69000244140625,228.2899932861328,307.9200134277344,31.81999969482422,79.00499725341797,853.0999755859375,233.3800048828125,530.2874755859375,352.760009765625,291.8399963378906,79.94999694824219,667.6649780273438,244.1199951171875,110.79000091552734,185.58999633789062,422.614990234375,44.244998931884766,20.594999313354492,87.67749786376953,209.19000244140625,163.13999938964844,91.1050033569336,60.429298400878906,155.6199951171875,26.430099487304688,147.5449981689453,202.11500549316406,218.57000732421875,176.42999267578125,49.89500045776367,154.75,680.8150024414062,105.875,90.58000183105469,55.470001220703125,431.6199951171875,315.1700134277344,50.68000030517578,127.19000244140625,155.74000549316406,468.260009765625,249.67750549316406,372.80999755859375,268.44000244140625,369.010009765625,55.709999084472656,337.8900146484375,250.50999450683594,424.375,81.22000122070312,73.36000061035156,127.51499938964844,154.3800048828125,265521,28634,29513,18741,222661,10876,296660,65575,76741,13206,159006,7229,52952,43546,2264,149653,90079,28827,35651,9978,84465,18314,29050,6773,39983,52987,35771,33998,36141,6145,33116,93218,33822,32645,137248,10892,32608,35304,147093,15711,43390,27626,14387,42706,21763,2797859,9788,4663,23423,30469,40708,53892,20190,20709,70353,9943,23436,72512,76693,14690,80676,33619,150371,87927,25704,113323,837989,99934,25259,88535,27428,101642,28292,9146,5050,29305,34699,125076,22056,134393,25582,88366,5397,22134,23721,23236,10302,3832,16760.0,435018,21517,38545,29777,58277,53861,5443,86340,33909,91976,117859
2026-04-29 16:55:00+00:00,270.95001220703125,204.22999572753906,240.69000244140625,379.31500244140625,330.8999938964844,337.5299987792969,261.5849914550781,40.11000061035156,397.6549987792969,315.239990234375,52.38990020751953,146.74000549316406,173.2100067138672,68.71499633789062,1035.4100341796875,56.53499984741211,126.69999694824219,326.3999938964844,290.0150146484375,287.25,32.775001525878906,190.13999938964844,126.95500183105469,996.0,180.14010620117188,88.94499969482422,35.435001373291016,82.70999908447266,191.9600067138672,113.92500305175781,178.43499755859375,50.68000030517578,138.17999267578125,59.41999816894531,12.215100288391113,205.50999450683594,129.05499267578125,76.19999694824219,347.9200134277344,902.0798950195312,41.45500183105469,321.8399963378906,315.92999267578125,235.40499877929688,229.69500732421875,93.2300033569336,392.3949890136719,452.3900146484375,227.97000122070312,308.0400085449219,31.795000076293945,78.9800033569336,851.97998046875,233.46499633789062,530.1099853515625,352.67498779296875,291.7200012207031,79.86000061035156,667.6849975585938,244.91000366210938,110.5999984741211,185.75999450683594,422.42999267578125,44.314998626708984,20.59000015258789,87.56999969482422,208.89999389648438,162.86000061035156,91.08999633789062,60.48500061035156,155.5399932861328,26.405000686645508,147.61000061035156,202.1300048828125,218.5399932861328,176.7899932861328,49.93000030517578,154.80999755859375,681.1749877929688,105.76499938964844,90.56999969482422,55.494998931884766,431.375,314.5299987792969,50.65999984741211,127.2699966430664,155.97000122070312,467.5299987792969,249.89999389648438,372.5498046875,268.43499755859375,368.989990234375,55.70000076293945,337.70001220703125,250.9199981689453,423.79998779296875,81.19999694824219,73.33999633789062,127.61630249023438,154.57000732421875,300514,30271,16862,19149,258441,16659,328011,69367,71803,19858,106135,14531,66024,29131,5510,127442,71334,10674,9257,11145,92575,28815,38192,8116,21120,58691,52792,44278,77951,12017,29516,255123,14244,52532,140704,37048,18015,40608,150885,17086,69543,17160,21080,27703,24770,2271684,18475,7668,45024,26238,70510,68568,21777,13218,38606,5236,9788,57659,62163,22909,32460,30646,168487,76773,28367,65298,1671192,138046,23360,85888,22747,118794,29085,5427,7534,18773,31090,126843,19243,96097,21994,44855,5374,14297,26971,17862,40584,5323,3989.0,285470,22492,96473,31369,60909,35093,5254,74896,17755,61056,91486
2026-04-29 17:00:00+00:00,270.3299865722656,204.14999389648438,240.39999389648438,378.9200134277344,330.610107421875,337.17999267578125,261.760009765625,40.150001525878906,397.6199951171875,315.1650085449219,52.43000030517578,146.67999267578125,172.9199981689453,68.75,1036.0450439453125,56.52000045776367,126.83499908447266,326.0799865722656,289.989990234375,287.4999084472656,32.724998474121094,190.22000122070312,127.05999755859375,995.4500122070312,179.83999633789062,88.7699966430664,35.529998779296875,82.79000091552734,192.44000244140625,113.97000122070312,178.1999969482422,50.80500030517578,138.41000366210938,59.494998931884766,12.199999809265137,205.72000122070312,128.91000366210938,76.08999633789062,347.8599853515625,902.469970703125,41.435001373291016,321.82501220703125,315.4599914550781,236.2949981689453,229.56500244140625,93.29499816894531,391.4150085449219,452.0,228.13499450683594,308.1600036621094,31.860000610351562,78.93000030517578,852.22998046875,233.27999877929688,529.4500122070312,352.1300048828125,291.3399963378906,79.8499984741211,667.8900146484375,245.2100067138672,110.33999633789062,186.10499572753906,422.3399963378906,44.40999984741211,20.565000534057617,87.45500183105469,209.13999938964844,162.72999572753906,91.08999633789062,60.630001068115234,155.55999755859375,26.350000381469727,147.55999755859375,202.0500030517578,218.6199951171875,176.9149932861328,49.900001525878906,154.8800048828125,678.9149780273438,106.13999938964844,90.6050033569336,55.45500183105469,431.67498779296875,314.54998779296875,50.67499923706055,127.29000091552734,155.9250030517578,467.2699890136719,250.32000732421875,372.19000244140625,268.1600036621094,368.7900085449219,55.7599983215332,337.04998779296875,251.3800048828125,423.1600036621094,81.2300033569336,73.41000366210938,127.625,154.91000366210938,197157,48465,13185,26898,274053,10831,376237,95301,63124,19593,99373,13032,46088,87929,5797,148481,73799,12017,8563,14267,137045,16293,74774,4851,46566,109501,56482,51649,130587,19337,58497,165604,19411,33710,225779,17485,26908,48386,181332,17026,53497,18774,16337,125648,38293,1789511,15752,6617,56428,23049,55187,105234,23541,12568,30712,7664,16528,52738,56853,21420,76674,24429,473513,186276,39000,76220,1166887,102575,28348,142067,30429,211474,33468,6767,8110,27120,56986,155634,14870,185191,28531,73949,5762,14627,21548,16511,43096,4564,4861.0,298617,27871,40112,20421,63991,16659,9057,79424,43378,75830,158336
2026-04-29 17:05:00+00:00,270.3699951171875,204.46499633789062,240.47999572753906,378.92498779296875,330.8949890136719,337.0487060546875,262.1400146484375,39.93000030517578,397.9599914550781,314.9100036621094,52.45500183105469,146.4199981689453,172.0850067138672,68.76000213623047,1036.5,56.41999816894531,126.91000366210938,325.57000732421875,289.6499938964844,287.25,32.70500183105469,190.0,126.8499984741211,994.782470703125,179.89500427246094,88.70500183105469,35.52000045776367,82.71499633789062,192.1199951171875,114.04000091552734,178.22999572753906,50.77000045776367,138.27999877929688,59.38999938964844,12.180000305175781,205.56500244140625,128.83999633789062,75.98999786376953,348.30499267578125,902.5750122070312,41.369998931884766,321.760009765625,315.7099914550781,236.1699981689453,229.52000427246094,93.23999786376953,391.2850036621094,452.2200012207031,228.11500549316406,308.1449890136719,31.844999313354492,79.0,853.1599731445312,232.96499633789062,528.8599853515625,352.07501220703125,291.4599914550781,79.80000305175781,669.9998779296875,244.38499450683594,110.44999694824219,186.26010131835938,422.7049865722656,44.4900016784668,20.559999465942383,87.44390106201172,209.55999755859375,162.89999389648438,91.0999984741211,60.52000045776367,155.6649932861328,26.33139991760254,147.52999877929688,201.88999938964844,218.74000549316406,176.39999389648438,49.86009979248047,155.14999389648438,677.7150268554688,106.20500183105469,90.61000061035156,55.42499923706055,431.8900146484375,314.25799560546875,50.665000915527344,127.25,155.94000244140625,466.7300109863281,249.72999572753906,372.67999267578125,268.1499938964844,368.70001220703125,55.775001525878906,336.7699890136719,250.73500061035156,423.0199890136719,81.26499938964844,73.3499984741211,127.66999816894531,154.60000610351562,108574,43723,8324,15676,137949,6828,409483,77792,47506,16596,104333,18364,73931,102478,1533,119002,61854,11302,7382,11363,138185,26824,51593,6724,3364,120873,101914,33768,85773,7962,28100,205243,14882,58879,382940,11846,18920,61160,166528,20174,56277,13137,39048,16436,26223,1107877,8420,6672,44289,22520,54783,80883,28774,20581,33563,6015,13380,38175,100710,15948,103464,26490,177771,132759,33963,86522,1003526,96443,24142,90510,19394,140971,47182,5147,19237,24043,53088,163310,11852,96162,29293,86643,5460,9891,64717,26436,12315,6583,12072.0,230851,28010,43271,47469,62978,22330,3272,101270,34362,70299,161197
2026-04-29 17:10:00+00:00,270.135009765625,204.27999877929688,240.10000610351562,379.5299987792969,332.4800109863281,336.94500732421875,262.0299987792969,40.04499816894531,398.19000244140625,314.9200134277344,52.494998931884766,146.5,171.91810607910156,68.87000274658203,1036.9599609375,56.41999816894531,126.93499755859375,325.3699951171875,289.55999755859375,287.1400146484375,32.64500045776367,190.0749969482422,126.91999816894531,995.2899780273438,179.64999389648438,88.65499877929688,35.54499816894531,82.79499816894531,192.33990478515625,114.08000183105469,178.13499450683594,50.814998626708984,138.4199981689453,59.5099983215332,12.177300453186035,205.6699981689453,128.82000732421875,75.81500244140625,348.28009033203125,903.6300048828125,41.459999084472656,321.9549865722656,315.7149963378906,237.5,229.6699981689453,93.48989868164062,390.5450134277344,452.0,228.27000427246094,308.2099914550781,31.864999771118164,78.95140075683594,853.0700073242188,232.9250030517578,528.4400024414062,351.9775085449219,291.3544921875,79.82499694824219,670.0800170898438,244.2899932861328,110.34500122070312,186.3000030517578,422.17498779296875,44.48500061035156,20.565000534057617,87.16500091552734,209.5,162.8000030517578,91.05500030517578,60.58000183105469,155.66000366210938,26.334999084472656,147.22999572753906,201.75999450683594,218.8249969482422,176.41000366210938,49.7599983215332,155.25999450683594,677.7949829101562,105.76000213623047,90.66000366210938,55.4900016784668,431.5150146484375,313.9800109863281,50.68000030517578,127.08000183105469,155.89999389648438,466.9150085449219,249.52000427246094,373.1294860839844,268.489990234375,368.5899963378906,55.814998626708984,336.260009765625,250.6300048828125,422.8599853515625,81.22000122070312,73.41000366210938,127.66000366210938,154.77000427246094,105659,41795,10513,18557,292325,10135,379274,79192,91504,15767,189507,4475,76612,47670,2794,98561,55671,5309,6448,12200,170061,38959,57715,4092,40318,60376,27074,41752,65687,11029,26142,91389,16599,39735,237054,14327,12623,89897,134985,12001,34934,23302,9949,28750,22081,1546554,13845,5428,36314,30152,39480,68152,23843,20235,44374,5870,16711,52148,83844,18241,28567,23245,119561,136801,27765,83612,795382,75020,25795,104218,19821,124856,57410,6922,2018,15823,94009,125328,9431,156694,26833,68800,6431,12123,43910,18651,11044,7516,9374.0,314017,34177,29635,16052,53057,17163,4164,267359,59867,80270,108813
2026-04-29 17:15:00+00:00,270.0050048828125,204.11000061035156,240.22000122070312,379.2349853515625,331.739990234375,337.0849914550781,262.3800048828125,39.970001220703125,398.1700134277344,315.125,52.52000045776367,146.35499572753906,172.11000061035156,68.86000061035156,1037.510009765625,56.33000183105469,127.01000213623047,325.5400085449219,289.8800048828125,286.8500061035156,32.665000915527344,190.25,126.91999816894531,994.9299926757812,179.68499755859375,88.68000030517578,35.47999954223633,82.7699966430664,192.2899932861328,113.75499725341797,178.26499938964844,50.720001220703125,138.41000366210938,59.45000076293945,12.164999961853027,205.39999389648438,128.86000061035156,75.93000030517578,348.6199951171875,903.3524780273438,41.470001220703125,321.7884216308594,315.760009765625,237.0,229.72999572753906,93.4551010131836,390.80999755859375,451.68499755859375,228.27000427246094,308.30999755859375,31.844999313354492,78.93499755859375,852.1799926757812,232.72999572753906,528.864990234375,351.9549865722656,291.19500732421875,79.69000244140625,670.27001953125,244.34249877929688,110.37000274658203,186.4199981689453,422.32501220703125,44.4900016784668,20.55500030517578,87.18000030517578,209.32989501953125,162.69000244140625,90.97000122070312,60.58000183105469,155.5800018310547,26.329999923706055,147.11000061035156,201.8000030517578,218.94500732421875,176.1300048828125,49.810001373291016,155.25990295410156,677.280029296875,105.88999938964844,90.70999908447266,55.61000061035156,431.57000732421875,313.57000732421875,50.654998779296875,127.16000366210938,155.85000610351562,467.07000732421875,249.30999755859375,373.0799865722656,268.8299865722656,368.6199951171875,55.84000015258789,336.3599853515625,250.80999755859375,422.8699951171875,81.2300033569336,73.38999938964844,127.5999984741211,154.6199951171875,144624,35566,11009,29872,248435,11451,289999,78286,126801,12058,101849,23096,39237,29415,1393,132021,44621,18433,9956,19023,146551,22757,50232,4251,46102,82491,25372,69627,50464,12423,17433,148845,26177,31124,177027,15861,17256,45815,176777,7752,40393,21699,10317,22043,18905,955412,12079,6701,122903,21339,63310,50814,28506,18644,34194,7519,14553,69521,126531,21233,39056,19474,150665,74770,43065,105845,792115,82615,36015,100417,30514,170795,34017,7915,5637,19251,40434,137618,12758,96016,21838,82986,4729,9983,42354,19531,16790,9658,18509.0,204539,35279,29392,136358,79840,12262,4564,78253,27219,67850,105209
2026-04-29 17:20:00+00:00,270.06329345703125,203.7899932861328,240.5458984375,379.010009765625,332.5799865722656,337.25,262.28009033203125,39.88999938964844,398.3299865722656,315.1199951171875,52.559898376464844,146.29750061035156,172.52000427246094,68.81999969482422,1037.425048828125,56.3650016784668,127.0250015258789,324.9849853515625,290.25,286.45001220703125,32.69499969482422,190.2449951171875,126.79000091552734,994.5599975585938,179.85499572753906,88.63999938964844,35.5,82.79000091552734,192.05999755859375,113.76499938964844,178.0850067138672,50.7400016784668,138.16000366210938,59.45000076293945,12.170100212097168,205.1699981689453,128.82000732421875,76.05000305175781,349.05999755859375,902.5499877929688,41.45500183105469,321.9200134277344,315.79998779296875,236.88999938964844,229.63999938964844,93.30220031738281,390.9200134277344,451.4800109863281,227.89500427246094,308.32000732421875,31.849899291992188,78.88500213623047,852.155029296875,232.85000610351562,528.3049926757812,351.9599914550781,291.30999755859375,79.5999984741211,670.419921875,244.1999969482422,110.43000030517578,186.25,422.67999267578125,44.54499816894531,20.549999237060547,87.3499984741211,209.2899932861328,162.78500366210938,91.02999877929688,60.45000076293945,155.5449981689453,26.30500030517578,147.0500030517578,201.4550018310547,218.77000427246094,175.91000366210938,49.820098876953125,155.60000610351562,677.181396484375,105.98999786376953,90.61000061035156,55.6349983215332,430.6600036621094,313.2099914550781,50.665000915527344,127.19999694824219,155.84010314941406,465.92999267578125,249.25,373.42999267578125,268.3500061035156,368.42999267578125,55.82500076293945,336.17999267578125,250.68800354003906,422.69000244140625,81.25499725341797,73.36499786376953,127.70999908447266,154.47320556640625,166382,24793,15791,23432,271275,8657,421588,44373,116354,17783,271638,19263,42775,55800,1903,182825,53292,24222,13966,17870,107158,25125,49668,6686,27380,87588,107615,35719,61797,12736,79382,104876,22406,36882,373151,20254,17543,39046,214347,14658,56868,26582,30579,19476,22135,1077001,14232,17369,81075,27321,44809,85359,24336,37169,41045,4871,12616,62940,105442,22991,37405,18272,149466,119273,36553,101528,627380,111947,29730,154461,16984,136216,31592,11504,8435,18470,29338,162856,14038,226434,39645,117141,6897,14122,40914,12055,11961,23932,6495.0,328982,18349,24816,36063,91720,15110,3815,134399,49026,62907,111493
2026-04-29 17:25:00+00:00,270.20001220703125,203.86000061035156,240.65499877929688,378.9599914550781,333.2950134277344,336.92999267578125,262.0899963378906,39.85900115966797,398.45001220703125,315.2699890136719,52.58000183105469,146.2050018310547,173.40499877929688,68.68000030517578,1037.880126953125,56.35499954223633,127.12999725341797,325.0,290.1300048828125,286.385009765625,32.67499923706055,190.5,126.66999816894531,995.6300048828125,180.08999633789062,88.71499633789062,35.43989944458008,82.76499938964844,191.86000061035156,113.91999816894531,178.06500244140625,50.654998779296875,137.9499969482422,59.369998931884766,12.1899995803833,204.63499450683594,128.7050018310547,76.20999908447266,349.07000732421875,903.0900268554688,41.42499923706055,322.0150146484375,316.0199890136719,236.5850067138672,230.13499450683594,93.06999969482422,391.239990234375,450.8299865722656,227.94500732421875,308.4700012207031,31.815000534057617,78.92500305175781,852.4650268554688,232.7550048828125,529.426025390625,352.5,291.1199951171875,79.56500244140625,670.6699829101562,243.7899932861328,110.47000122070312,186.19000244140625,423.1600036621094,44.56999969482422,20.575000762939453,87.51499938964844,209.43699645996094,162.91000366210938,91.0199966430664,60.369998931884766,155.60000610351562,26.30500030517578,147.0,201.33749389648438,218.72000122070312,175.67999267578125,49.89500045776367,155.57000732421875,675.6500244140625,105.37000274658203,90.59500122070312,55.54499816894531,431.54998779296875,312.5899963378906,50.67499923706055,127.25499725341797,155.92999267578125,466.17498779296875,249.08999633789062,373.20001220703125,268.510009765625,368.0849914550781,55.790000915527344,336.6050109863281,250.49000549316406,422.75,81.2300033569336,73.33000183105469,127.81009674072266,154.42999267578125,116718,30464,9860,33782,316966,12016,496684,23932,70624,13193,127967,7864,58809,39161,561,89490,31651,9228,14356,8080,85505,44478,63894,5412,41636,92064,31986,28630,47475,20167,44351,84478,15556,50510,201024,10590,16360,46305,104245,11935,62785,19586,20716,21425,38854,1167067,10106,9228,39429,21281,73596,63914,21242,32384,42317,4782,8172,47400,66295,12569,36142,27664,119580,75839,32895,78551,642832,74364,25205,95245,19120,66001,40339,8130,6318,16863,37874,157309,12747,153830,42838,85379,5619,22473,40719,28384,6831,5875,5586.0,231083,33036,36505,40642,76922,20224,3556,109087,40890,64367,91042
2026-04-29 17:30:00+00:00,270.3800048828125,204.28500366210938,240.9499969482422,378.4800109863281,333.28680419921875,336.885986328125,262.125,39.779998779296875,398.6449890136719,315.1499938964844,52.650001525878906,146.2449951171875,172.75999450683594,68.66500091552734,1038.550048828125,56.3650016784668,127.2300033569336,324.94000244140625,290.4549865722656,286.31500244140625,32.71500015258789,190.69000244140625,126.75499725341797,996.6500244140625,180.24000549316406,88.83000183105469,35.41999816894531,82.71499633789062,191.64500427246094,114.12999725341797,177.91000366210938,50.630001068115234,137.80499267578125,59.34000015258789,12.194999694824219,204.5749969482422,128.61000061035156,76.2300033569336,349.04998779296875,903.4000244140625,41.43000030517578,322.29998779296875,315.9200134277344,236.92044067382812,229.97500610351562,92.92500305175781,390.7699890136719,450.8349914550781,227.8800048828125,308.7049865722656,31.80500030517578,78.98500061035156,852.1500244140625,233.03500366210938,530.6500244140625,352.6050109863281,291.1400146484375,79.66000366210938,670.4450073242188,242.74000549316406,110.36000061035156,186.3350067138672,423.3349914550781,44.64500045776367,20.55500030517578,87.83999633789062,209.3300018310547,162.97999572753906,91.08499908447266,60.25,155.63499450683594,26.274999618530273,147.02999877929688,201.4149932861328,218.92250061035156,175.22999572753906,49.9900016784668,155.9199981689453,675.54248046875,105.36499786376953,90.66999816894531,55.505001068115234,431.7699890136719,313.0400085449219,50.72999954223633,127.2249984741211,156.16990661621094,465.4725036621094,249.22999572753906,373.05999755859375,268.3599853515625,368.1449890136719,55.810001373291016,337.0199890136719,249.88999938964844,422.3699951171875,81.23999786376953,73.24500274658203,127.9800033569336,154.3000030517578,122273,48214,13975,20857,362657,8486,329383,39219,53270,25809,169302,8073,83011,46017,2349,112964,50711,17348,16087,8476,120091,27318,75730,6252,30836,72114,61069,62516,88916,20375,20504,1565451,18615,109006,684438,16187,24058,55205,153812,9736,88914,38236,14359,36021,41746,1070710,17174,15558,53053,36516,86368,83741,21110,26241,50190,3931,19455,69181,83686,50066,49265,20533,347016,114043,19834,116350,553185,95911,40339,136766,19823,191525,36168,7472,22380,13671,54247,331519,8979,168512,34200,69830,6052,19561,48189,21498,16722,8123,17651.0,220636,19349,36261,28635,75310,15956,4155,102797,37530,110660,111331
2026-04-29 17:35:00+00:00,270.39898681640625,204.47999572753906,241.2899932861328,378.29998779296875,332.7294006347656,337.3800048828125,262.4913024902344,39.869998931884766,399.31988525390625,315.0150146484375,52.654998779296875,146.25999450683594,172.75999450683594,68.80500030517578,1038.1300048828125,56.32500076293945,127.12000274658203,325.0,290.6700134277344,286.29998779296875,32.70500183105469,190.5,126.91000366210938,996.875,180.2100067138672,88.76000213623047,35.474998474121094,82.69999694824219,192.02000427246094,114.02999877929688,177.82000732421875,50.709999084472656,137.99000549316406,59.470001220703125,12.194999694824219,205.02999877929688,128.7082061767578,76.12000274658203,348.92999267578125,902.4500122070312,41.474998474121094,322.07000732421875,316.1099853515625,237.22000122070312,229.7100067138672,93.21790313720703,391.18499755859375,450.7900085449219,227.80999755859375,308.44000244140625,31.84000015258789,79.00499725341797,852.5250244140625,232.74000549316406,530.2899780273438,352.739990234375,291.156005859375,79.5999984741211,669.7550048828125,243.25999450683594,110.47000122070312,185.99000549316406,423.614990234375,44.619998931884766,20.55500030517578,87.87000274658203,209.22999572753906,162.9499969482422,91.06999969482422,60.43000030517578,155.625,26.270000457763672,146.97999572753906,201.1699981689453,218.8300018310547,175.6999969482422,50.01499938964844,156.00999450683594,676.72998046875,105.4000015258789,90.56999969482422,55.525001525878906,432.010009765625,313.2049865722656,50.709999084472656,127.2300033569336,155.9700927734375,465.6600036621094,249.25999450683594,372.5950012207031,268.364990234375,368.1400146484375,55.78499984741211,336.32000732421875,250.44000244140625,422.57000732421875,81.27999877929688,73.3550033569336,128.01499938964844,154.5800018310547,119914,34149,17204,12569,314361,16211,353768,19753,92167,16985,113158,23308,47323,35833,786,130719,32081,24989,25536,7580,119114,18282,84994,4501,71411,590742,33446,26713,57451,13142,26698,1628801,15453,36336,216297,16137,14148,52064,131769,10534,67287,28061,27191,20996,49065,962763,19164,11691,17497,24313,51661,100702,28583,28491,40212,6487,12827,42818,123162,20832,62150,24493,125009,90292,38309,126807,589830,89825,54039,122646,18168,104514,29972,8960,6569,20391,51110,172753,12072,100684,57719,54823,7740,24924,32447,31943,14162,22355,38071.0,211074,24683,33184,21422,86606,20618,5204,82599,41140,72613,113235
2026-04-29 17:40:00+00:00,270.3599853515625,204.0500030517578,241.52000427246094,378.54998779296875,332.4587097167969,337.30999755859375,262.6400146484375,39.8849983215332,399.7200012207031,314.6700134277344,52.64500045776367,146.1199951171875,173.22999572753906,68.92500305175781,1037.8699951171875,56.20000076293945,127.06999969482422,324.67999267578125,290.6700134277344,286.4750061035156,32.665000915527344,190.3350067138672,126.9800033569336,995.9400024414062,180.16000366210938,88.80500030517578,35.494998931884766,82.66000366210938,192.1300048828125,113.88749694824219,177.5753936767578,50.76499938964844,138.14999389648438,59.48500061035156,12.154999732971191,205.1999969482422,128.80999755859375,76.12000274658203,349.1000061035156,901.905029296875,41.4900016784668,321.80499267578125,316.9700012207031,236.72000122070312,229.78500366210938,92.95999908447266,391.2200012207031,450.75,227.75999450683594,308.364990234375,31.81999969482422,78.91999816894531,853.1749877929688,232.66000366210938,529.6699829101562,353.4150085449219,290.9800109863281,79.48500061035156,670.2999877929688,243.49000549316406,110.4000015258789,186.02999877929688,423.95001220703125,44.56999969482422,20.559999465942383,88.04499816894531,209.2949981689453,162.86000061035156,90.96499633789062,60.45000076293945,155.56500244140625,26.270000457763672,146.85000610351562,200.9199981689453,218.6300048828125,175.8249969482422,50.00299835205078,156.22999572753906,675.3300170898438,105.37000274658203,90.55000305175781,55.474998474121094,431.9949951171875,313.0799865722656,50.70000076293945,127.19000244140625,155.8300018310547,465.1400146484375,249.86000061035156,372.7149963378906,268.2699890136719,367.6661071777344,55.7599983215332,336.1000061035156,250.75999450683594,422.8999938964844,81.26499938964844,73.38999938964844,127.90499877929688,154.61000061035156,111269,44419,33927,20693,233664,19163,449428,30644,54403,17597,144585,8142,46176,107873,1386,230476,31288,9827,10760,10613,99745,15508,93215,6430,19965,70970,230156,51314,93504,14310,49266,258974,14387,45471,1617791,16181,19855,47412,135825,6736,83999,20314,14770,17674,27493,1097943,10533,15162,41122,21631,49279,71518,24788,226413,25055,7929,11864,104680,92327,15346,63612,21029,164836,93415,36386,178768,541914,123636,34975,89839,26514,129736,42718,11533,7137,16321,40427,185358,8927,127716,28331,69751,4234,16558,38742,8034,12808,8904,4147.0,249614,34286,34055,22876,100044,14396,3442,105357,30540,69144,130846
2026-04-29 17:45:00+00:00,270.3999938964844,204.0500030517578,241.58160400390625,379.2850036621094,332.7799987792969,337.6300048828125,263.05999755859375,39.880001068115234,399.55499267578125,314.6700134277344,52.67499923706055,146.35000610351562,173.30999755859375,68.91999816894531,1039.6400146484375,56.327701568603516,127.16000366210938,324.8500061035156,291.05999755859375,286.3800048828125,32.665000915527344,190.6699981689453,127.01000213623047,995.6199951171875,180.34170532226562,88.7300033569336,35.4900016784668,82.7249984741211,192.08999633789062,113.81500244140625,177.69000244140625,50.755001068115234,138.15499877929688,59.44499969482422,12.175000190734863,205.13999938964844,128.9499969482422,76.18499755859375,349.1199951171875,903.6599731445312,41.494998931884766,322.07000732421875,317.2449951171875,236.75999450683594,229.55999755859375,93.26000213623047,391.0400085449219,451.2449951171875,227.7899932861328,308.68499755859375,31.834999084472656,78.90499877929688,853.2000122070312,232.7299041748047,530.3499755859375,353.4195861816406,291.0,79.56999969482422,671.260009765625,243.5500030517578,110.46499633789062,186.24000549316406,423.8500061035156,44.60499954223633,20.575000762939453,88.16349792480469,209.4600067138672,163.10000610351562,91.05000305175781,60.40739822387695,155.6759033203125,26.28230094909668,146.80999755859375,200.875,218.7100067138672,175.75,50.06999969482422,155.75999450683594,675.5349731445312,105.23100280761719,90.6500015258789,55.48500061035156,432.69000244140625,313.6700134277344,50.76499938964844,127.25,155.94500732421875,465.5249938964844,249.7274932861328,373.04998779296875,268.42999267578125,368.1401062011719,55.86000061035156,336.6000061035156,251.0,422.9700012207031,81.31999969482422,73.38999938964844,127.8499984741211,154.4149932861328,119883,48864,17930,30478,235328,9434,394643,31265,98868,24085,175595,16492,30555,46094,3045,125271,51459,9834,11946,11598,157097,38797,68371,5297,22266,75486,34911,26083,54700,18221,44352,90642,15711,30605,374981,12539,31104,48980,163646,9693,61609,25620,15089,11676,53366,998651,17265,7821,25560,45202,44987,49745,20945,26660,35845,5049,10695,66139,78626,13206,57066,23582,138111,86479,35491,109585,553254,115039,29276,73050,18293,131311,45412,15358,54415,15858,68149,294096,9898,90340,23983,60205,7318,24342,48823,10751,10708,8650,8358.0,253005,24013,40213,74565,67282,21073,4585,109902,28539,71242,70618
2026-04-29 17:50:00+00:00,270.3399963378906,204.2449951171875,241.75999450683594,379.2449951171875,333.30499267578125,337.8999938964844,262.8800048828125,39.79999923706055,399.95001220703125,315.0899963378906,52.720001220703125,146.4199981689453,172.72999572753906,68.87999725341797,1039.625,56.375,127.22000122070312,325.1549987792969,290.81500244140625,286.3299865722656,32.665000915527344,190.7899932861328,126.8550033569336,995.5,180.44500732421875,88.78500366210938,35.5,82.95999908447266,191.89999389648438,113.94999694824219,177.68499755859375,50.77000045776367,138.0399932861328,59.41999816894531,12.163100242614746,205.0449981689453,129.05499267578125,76.19999694824219,348.8800048828125,903.1699829101562,41.48500061035156,321.9949951171875,316.6499938964844,236.52999877929688,229.125,93.53009796142578,390.7099914550781,451.45001220703125,227.94000244140625,308.7650146484375,31.8169002532959,78.93000030517578,854.0900268554688,232.5,530.52001953125,353.2250061035156,290.8900146484375,79.62999725341797,671.1589965820312,243.08999633789062,110.63999938964844,186.33999633789062,423.5799865722656,44.55500030517578,20.584999084472656,88.16510009765625,209.09869384765625,162.89999389648438,91.08999633789062,60.31999969482422,155.6199951171875,26.302200317382812,146.7899932861328,201.13499450683594,218.8350067138672,175.33999633789062,50.084999084472656,155.61000061035156,673.010009765625,105.33000183105469,90.69999694824219,55.494998931884766,433.0450134277344,314.0899963378906,50.790000915527344,127.5,155.94000244140625,465.760009765625,249.52000427246094,373.0080871582031,268.57000732421875,368.1000061035156,55.92499923706055,336.9800109863281,250.32000732421875,423.2300109863281,81.4000015258789,73.3499984741211,127.80999755859375,154.07000732421875,146633,46427,13898,22002,321730,12431,397314,35644,109428,24512,155327,24870,41203,36479,2360,120620,44536,21452,17626,11649,111157,23002,66762,4277,47208,55357,88338,69227,45382,20314,19994,185832,13698,41622,1457373,18314,33713,72001,138785,11815,60021,22950,18738,23023,44004,1191728,17561,14329,34478,28172,65898,81089,22946,16945,37002,3790,17872,82114,107870,31445,84742,25057,184775,74892,33832,178267,838974,196005,39840,94696,14779,176085,58280,15493,12696,14181,49075,152123,16487,131700,24347,90034,8888,30461,45796,61075,13296,13925,21302.0,301526,21448,35016,52117,77967,24064,7112,148846,71973,75153,66183
2026-04-29 17:55:00+00:00,270.1700134277344,204.22999572753906,241.86000061035156,380.2699890136719,335.114990234375,338.0899963378906,263.2300109863281,39.814998626708984,400.20001220703125,315.2550048828125,52.724998474121094,146.24000549316406,173.07000732421875,68.97000122070312,1040.1199951171875,56.35499954223633,127.30000305175781,325.3599853515625,290.8500061035156,286.489990234375,32.720001220703125,190.85499572753906,126.75,995.4400024414062,180.4199981689453,88.7699966430664,35.459999084472656,82.93000030517578,191.67999267578125,114.0,177.6199951171875,50.70500183105469,137.9499969482422,59.375,12.175000190734863,204.99000549316406,129.05999755859375,76.36499786376953,349.1199951171875,904.6500244140625,41.52000045776367,322.20001220703125,316.489990234375,236.5500030517578,229.11000061035156,93.5073013305664,390.55999755859375,451.3324890136719,227.8800048828125,308.86468505859375,31.780000686645508,78.9000015258789,853.89501953125,232.6999969482422,530.5499877929688,353.5199890136719,290.9599914550781,79.56500244140625,671.8098754882812,242.77000427246094,110.70999908447266,186.47500610351562,423.3500061035156,44.56999969482422,20.610000610351562,88.2300033569336,209.1300048828125,162.92999267578125,91.13999938964844,60.255001068115234,155.60000610351562,26.295000076293945,146.77999877929688,201.07000732421875,218.83999633789062,175.11500549316406,50.10020065307617,155.77499389648438,673.2999877929688,105.5999984741211,90.73999786376953,55.494998931884766,433.25,314.1470947265625,50.82500076293945,127.79000091552734,155.7899932861328,465.8399963378906,249.57000732421875,372.8900146484375,268.6499938964844,368.30999755859375,56.029998779296875,336.9425048828125,250.64999389648438,423.3699951171875,81.42510223388672,73.27999877929688,127.80000305175781,153.9199981689453,127498,47551,14356,19341,560661,6931,300854,25202,68926,17453,115118,13195,57116,65652,1211,91626,44753,30694,7598,5007,179649,14196,40148,4100,30984,63069,32036,39141,40219,14633,18254,92294,14099,35908,173294,3654,21227,81107,100671,5909,63661,15387,43312,24185,68176,1224237,14454,5980,22925,25358,41876,91145,17220,17999,20722,5121,9814,64821,75937,17157,65976,22154,180915,131409,19821,141872,768661,133851,28650,78457,8255,93554,26510,5185,11791,14070,45894,304251,10171,123882,19046,74761,5043,7035,26558,126556,9072,5323,3421.0,186389,24370,27631,82435,78787,16648,4447,113442,29041,58666,51699
2026-04-29 18:00:00+00:00,269.80999755859375,203.76499938964844,241.9199981689453,378.8599853515625,334.5,337.5299987792969,263.4200134277344,39.83000183105469,398.55999755859375,314.8800048828125,52.6150016784668,146.01499938964844,172.8000030517578,68.8949966430664,1038.27001953125,56.349998474121094,126.8499984741211,325.6000061035156,290.7300109863281,286.2349853515625,32.665000915527344,190.47999572753906,126.79000091552734,995.0499877929688,180.05999755859375,88.62999725341797,35.496299743652344,82.90399932861328,191.77999877929688,113.9800033569336,177.06109619140625,50.77000045776367,138.13999938964844,59.41999816894531,12.1850004196167,205.13499450683594,128.8300018310547,76.31500244140625,348.4150085449219,901.22998046875,41.51499938964844,321.75,316.1000061035156,237.5399932861328,228.48500061035156,93.2699966430664,389.94000244140625,450.3999938964844,227.7899932861328,308.29998779296875,31.834999084472656,78.99500274658203,852.4000244140625,232.2899932861328,530.77001953125,353.1300048828125,290.67999267578125,79.41000366210938,670.5700073242188,242.85000610351562,110.50499725341797,186.0,422.6400146484375,44.46500015258789,20.594999313354492,87.94000244140625,208.4250030517578,161.97000122070312,91.12999725341797,60.29999923706055,155.51499938964844,26.264999389648438,146.7550048828125,201.17999267578125,218.85000610351562,174.5399932861328,50.04999923706055,156.0800018310547,670.6500244140625,105.84500122070312,90.63999938964844,55.46500015258789,432.8399963378906,312.9599914550781,50.709999084472656,127.71499633789062,155.66000366210938,464.07000732421875,249.99989318847656,371.6499938964844,268.5400085449219,367.7724914550781,55.939998626708984,337.06500244140625,250.47000122070312,423.70001220703125,81.20500183105469,73.3499984741211,127.81500244140625,154.08999633789062,160622,81207,30685,32830,522534,21532,433683,155544,108888,20912,182911,25288,63682,58184,2123,224089,80408,46100,20141,8613,133408,22355,72519,3764,52848,97722,119960,42271,60984,16040,78435,0,12930,57717,575495,22798,23865,53363,216328,14479,111405,27988,24572,25090,61915,1352725,25601,10085,34889,35362,98866,92514,54917,21145,26179,12871,15630,130638,94059,16976,59637,34729,178630,95668,59535,161905,1227063,293994,56383,190846,16308,208544,41213,12909,16888,31124,75231,290997,24796,223653,52192,108130,7677,13109,128544,18634,12890,10620,35435.0,453768,17854,40420,63845,142732,21776,7434,109006,58909,64996,81910
2026-04-29 18:05:00+00:00,269.7698059082031,204.08999633789062,241.6649932861328,378.2200012207031,334.2049865722656,337.3399963378906,263.1600036621094,39.880001068115234,397.70001220703125,314.92999267578125,52.55500030517578,145.93499755859375,172.72000122070312,68.8499984741211,1036.1309814453125,56.244998931884766,126.73999786376953,325.2099914550781,290.9100036621094,286.2900085449219,32.630001068115234,190.10000610351562,126.93499755859375,994.47998046875,179.9499969482422,88.66000366210938,35.494998931884766,83.08000183105469,191.8300018310547,113.91999816894531,176.75,50.7599983215332,138.2550048828125,59.31999969482422,12.164999961853027,205.25999450683594,128.85000610351562,76.2300033569336,348.56500244140625,900.5650024414062,41.5099983215332,320.885009765625,315.0450134277344,237.98500061035156,228.32000732421875,93.06999969482422,389.2550048828125,450.3299865722656,227.8350067138672,308.0,31.80500030517578,78.93499755859375,853.27001953125,231.73500061035156,529.4600219726562,352.7300109863281,290.20001220703125,79.31999969482422,669.6500244140625,242.8699951171875,110.5,185.8800048828125,422.90850830078125,44.375,20.579999923706055,87.76000213623047,207.8300018310547,162.01499938964844,91.05000305175781,60.3650016784668,155.4149932861328,26.274999618530273,146.58900451660156,200.78250122070312,218.4499969482422,174.13999938964844,50.01499938964844,155.67999267578125,674.0,106.0199966430664,90.51000213623047,55.40315246582031,431.8599853515625,312.5400085449219,50.625,127.58999633789062,155.6199951171875,463.0899963378906,249.88499450683594,371.07000732421875,268.1700134277344,367.80499267578125,55.8650016784668,337.17999267578125,250.60499572753906,423.6700134277344,81.17500305175781,73.30999755859375,127.68499755859375,154.25,158553,74761,27263,24701,348582,20117,495600,39536,88507,32559,205923,14129,53840,49155,3101,212788,70566,53493,12550,7413,200334,24634,73465,7766,37768,84801,65765,84806,72751,22343,61817,89304,23244,84883,268120,32071,25443,51492,178037,22688,59415,38534,30815,34750,62830,1469408,17645,22912,37141,39797,91097,132961,38199,23279,34913,6024,39918,91456,104256,12694,66370,34972,191427,103940,29625,146190,1871799,180161,33184,90359,27264,272849,50776,16092,9336,33198,53785,193243,32603,358180,33800,75739,14350,22988,46165,38047,14736,10843,24417.0,484481,22245,39299,57178,141066,23884,5607,106287,28561,75712,78201
2026-04-29 18:10:00+00:00,270.0400085449219,203.86480712890625,241.7100067138672,378.239990234375,334.05999755859375,337.44000244140625,263.3900146484375,39.90999984741211,398.135009765625,314.70989990234375,52.55500030517578,146.0500030517578,173.14999389648438,68.83999633789062,1036.1500244140625,56.36000061035156,126.70999908447266,325.3146057128906,290.875,286.4200134277344,32.665000915527344,189.91000366210938,126.95999908447266,994.3499755859375,180.1300048828125,88.75499725341797,35.494998931884766,83.02999877929688,191.82000732421875,113.69999694824219,176.8699951171875,50.7599983215332,138.22999572753906,59.22999954223633,12.164999961853027,205.02000427246094,128.89999389648438,76.1500015258789,349.2099914550781,900.0800170898438,41.4900016784668,320.68499755859375,315.010009765625,237.6699981689453,227.99000549316406,93.29499816894531,389.3500061035156,450.8399963378906,227.77499389648438,308.06500244140625,31.80500030517578,78.93208312988281,852.75,231.51499938964844,529.8499755859375,352.6449890136719,290.32000732421875,79.33999633789062,670.7949829101562,242.5749969482422,110.5,185.69500732421875,423.0899963378906,44.35499954223633,20.565000534057617,87.80999755859375,207.92999267578125,161.85009765625,91.12000274658203,60.345001220703125,155.47509765625,26.28499984741211,146.64500427246094,201.0,218.52000427246094,173.52000427246094,50.035099029541016,155.9394073486328,672.489990234375,106.08999633789062,90.50769805908203,55.404998779296875,431.9800109863281,312.7900085449219,50.560001373291016,127.4000015258789,155.64999389648438,463.2950134277344,249.8800048828125,371.2349853515625,268.010009765625,368.07000732421875,55.834999084472656,337.32000732421875,250.28500366210938,423.61749267578125,81.20999908447266,73.2699966430664,127.66500091552734,154.27999877929688,191571,35366,22018,21375,346196,14058,444119,39598,82729,20417,136046,14356,46874,41249,5189,148274,50741,13830,10771,10784,174299,35774,66959,4899,31512,49573,63020,64280,52602,15396,45150,77925,16731,45585,262177,25278,29153,78483,226411,19659,68277,37967,25668,25956,87912,1383401,17954,17334,47512,37710,74865,162126,18473,31698,36802,6898,18386,78162,107900,12072,86799,79384,182076,85802,23596,89155,1781349,235957,45515,79319,14546,311466,48977,18904,14566,30702,62777,216243,13244,160729,39051,68970,9186,29761,58527,28787,18974,10443,9018.0,518911,24502,41366,54961,106653,18833,7026,90376,40849,65451,75784
2026-04-29 18:15:00+00:00,270.0400085449219,204.1699981689453,242.05999755859375,378.29998779296875,334.7550048828125,337.510009765625,263.614990234375,39.83000183105469,398.75,314.90008544921875,52.57500076293945,145.9550018310547,173.5399932861328,68.73999786376953,1036.5162353515625,56.31999969482422,126.76000213623047,325.010009765625,290.760009765625,286.2300109863281,32.665000915527344,190.27000427246094,126.7699966430664,994.9899291992188,180.5500030517578,88.68000030517578,35.470001220703125,82.98999786376953,191.52000427246094,113.51000213623047,177.2100067138672,50.724998474121094,138.08999633789062,59.099998474121094,12.164999961853027,204.55999755859375,128.9149932861328,76.0999984741211,349.7499084472656,902.1400146484375,41.400001525878906,320.9949951171875,314.55499267578125,236.69000244140625,228.4550018310547,93.47000122070312,390.5199890136719,451.1700134277344,227.66000366210938,308.2099914550781,31.75,78.87000274658203,851.7550048828125,231.65499877929688,529.5800170898438,352.3999938964844,290.2349853515625,79.2750015258789,671.7449951171875,241.9199981689453,110.38500213623047,186.02999877929688,423.760009765625,44.43000030517578,20.514999389648438,88.19999694824219,208.47500610351562,162.3509979248047,91.16439819335938,60.2599983215332,155.30999755859375,26.269899368286133,146.5946044921875,201.0800018310547,218.33999633789062,173.0,51.5,156.30999755859375,673.52001953125,106.04000091552734,90.59500122070312,55.314998626708984,432.29998779296875,312.2799987792969,50.51499938964844,127.43000030517578,155.7050018310547,463.7225036621094,249.625,371.82000732421875,268.25,368.2049865722656,55.790000915527344,337.30499267578125,249.57000732421875,423.6600036621094,81.24500274658203,73.20999908447266,127.65499877929688,154.07000732421875,121845,38569,20169,29702,384689,12104,443587,55071,62580,24061,151963,15525,54434,37839,4421,118325,60086,25988,21547,9223,148006,26251,47470,5871,57231,62598,102683,47137,52354,19889,54567,168330,19164,40578,462748,23364,26270,72122,224886,28247,67486,29851,20317,21225,75353,1673754,16070,10441,46397,22917,54285,85741,34301,59709,43870,3793,19475,119880,118072,13945,85847,49507,184415,108367,65852,120061,1224421,200688,39779,45964,19733,128322,33136,18122,12125,27500,5549490,229305,27854,268839,69501,57911,12787,20461,63594,64117,13336,9018,7371.0,371433,24733,36841,80067,89431,19425,6477,63259,20175,75499,63067
2026-04-29 18:20:00+00:00,269.8900146484375,203.8800048828125,242.16000366210938,378.42498779296875,336.1300048828125,337.55499267578125,263.6669921875,39.814998626708984,398.8500061035156,314.95001220703125,52.685001373291016,145.8800048828125,173.44000244140625,68.7249984741211,1036.4749755859375,56.29499816894531,127.0,324.7149963378906,291.1400146484375,286.010986328125,32.73500061035156,190.4499969482422,126.7699966430664,994.5700073242188,180.57000732421875,88.71499633789062,35.435001373291016,83.0,191.47999572753906,113.58000183105469,177.5,50.67499923706055,137.9199981689453,59.084999084472656,12.169899940490723,204.1999969482422,128.86500549316406,76.25499725341797,349.45001220703125,903.6699829101562,41.415000915527344,320.55499267578125,314.1600036621094,237.38999938964844,228.6300048828125,93.80999755859375,390.30999755859375,450.8900146484375,227.65499877929688,308.510009765625,31.735000610351562,78.81999969482422,851.9400024414062,231.5800018310547,528.9550170898438,352.1650085449219,290.1593933105469,79.2249984741211,671.5050048828125,241.3350067138672,110.31500244140625,186.35000610351562,423.760009765625,44.3849983215332,20.514999389648438,88.16500091552734,208.38999938964844,162.34500122070312,91.19000244140625,60.154998779296875,155.24000549316406,26.2549991607666,146.5800018310547,200.91000366210938,218.39999389648438,173.11000061035156,50.849998474121094,156.30499267578125,674.1400146484375,106.16000366210938,90.70500183105469,55.375,431.94500732421875,312.1000061035156,50.58000183105469,127.30000305175781,155.5800018310547,463.56500244140625,249.4199981689453,371.6400146484375,268.3399963378906,367.92999267578125,55.85499954223633,337.2300109863281,249.32000732421875,423.7300109863281,81.4000015258789,73.12999725341797,127.61000061035156,153.99000549316406,117961,31688,12303,20996,382794,6235,393127,26613,54055,25058,146915,26787,48161,32923,1882,92534,45218,5973,11076,11037,180738,19350,48252,6897,51549,46515,161085,45715,39308,10385,95084,180064,20291,54402,370913,20210,21174,58356,146120,11687,59026,23445,42570,18863,31192,1365787,11940,9065,29310,32977,89186,87586,29524,14807,42460,5852,26654,172533,130323,10933,52585,38933,194911,77004,31389,155806,964126,161509,53841,178614,13274,156456,36215,7310,17521,35970,2047771,252944,6796,102215,40346,76234,7075,28725,80650,11424,12590,4152,6222.0,773239,24968,28981,63758,51809,29409,3302,77872,23389,51548,73539
2026-04-29 18:25:00+00:00,269.739990234375,204.1999969482422,242.3300018310547,378.5299987792969,335.7749938964844,337.55999755859375,263.44000244140625,39.900001525878906,398.32000732421875,314.4549865722656,52.650001525878906,145.5399932861328,173.2550048828125,68.79000091552734,1036.0799560546875,56.290000915527344,126.88999938964844,325.0,291.1549987792969,285.92999267578125,32.7599983215332,190.08999633789062,126.92500305175781,994.125,180.7550048828125,88.73930358886719,35.48500061035156,82.93499755859375,191.5800018310547,113.56500244140625,177.8350067138672,50.755001068115234,137.97999572753906,59.07500076293945,12.149999618530273,204.3300018310547,128.7949981689453,76.24500274658203,349.1600036621094,902.6749877929688,41.459999084472656,320.6600036621094,313.7099914550781,238.1699981689453,228.7449951171875,93.46499633789062,391.402587890625,451.0799865722656,227.63999938964844,308.2200012207031,31.725000381469727,78.8499984741211,852.2349853515625,231.4600067138672,529.219970703125,351.7850036621094,290.17999267578125,79.2300033569336,670.655029296875,241.57000732421875,110.58999633789062,186.23500061035156,423.6549987792969,44.3484992980957,20.53499984741211,88.41999816894531,208.0449981689453,162.22999572753906,91.22000122070312,60.244998931884766,155.27499389648438,26.264999389648438,146.54510498046875,200.9499969482422,218.16659545898438,172.69000244140625,50.61000061035156,156.49000549316406,673.4299926757812,106.12000274658203,90.7300033569336,55.404998779296875,432.79998779296875,312.1499938964844,50.52510070800781,127.30500030517578,155.6300048828125,464.07501220703125,249.74000549316406,371.4150085449219,268.25,367.57000732421875,55.834999084472656,337.04620361328125,249.6199951171875,423.79998779296875,81.3499984741211,73.125,127.58499908447266,154.15980529785156,145731,35675,12943,17426,320130,9408,337656,41088,60042,22821,129285,51996,56272,35686,2373,104450,37368,6073,29115,23616,195351,18074,41573,10520,34834,48198,49093,56699,55934,12747,112270,99982,20075,69456,149212,20174,50951,79838,149504,7736,54717,21041,23376,15304,30942,1120681,14989,8120,22411,27866,54962,111127,27206,9082,28203,5582,12924,73583,96019,16793,77416,36941,203576,76504,53668,115989,601948,129177,40847,81192,16727,367223,27826,6752,12248,18780,882395,210259,6514,110593,42814,73965,13117,17977,52471,31894,24665,5745,17616.0,264051,26465,47590,102983,75231,13843,4386,67723,33357,56174,69279
2026-04-29 18:30:00+00:00,269.8299865722656,203.72999572753906,242.46499633789062,377.9049987792969,335.875,337.4599914550781,263.510009765625,39.779998779296875,398.5199890136719,314.4200134277344,52.67499923706055,145.0050048828125,173.52499389648438,68.68499755859375,1035.8499755859375,56.307098388671875,126.7699966430664,324.7699890136719,290.57000732421875,286.0849914550781,32.70500183105469,190.14999389648438,126.8499984741211,995.0100708007812,180.7801055908203,88.7300033569336,35.45009994506836,82.87999725341797,191.5124969482422,113.44000244140625,177.6699981689453,50.70500183105469,137.8300018310547,58.900001525878906,12.154999732971191,204.10009765625,128.80499267578125,76.08999633789062,349.1700134277344,902.2349853515625,41.349998474121094,320.7349853515625,313.6000061035156,237.8350067138672,228.11500549316406,93.44010162353516,391.2601013183594,450.78009033203125,227.47999572753906,308.3900146484375,31.680999755859375,78.76499938964844,851.75,231.4199981689453,529.4099731445312,351.6300048828125,290.0899963378906,79.24500274658203,671.3250122070312,240.93499755859375,110.5199966430664,186.11500549316406,423.4849853515625,44.28150177001953,20.5049991607666,88.50859832763672,207.9199981689453,162.32000732421875,91.11000061035156,60.19499969482422,155.25999450683594,26.2549991607666,146.3800048828125,201.10000610351562,218.22999572753906,172.39999389648438,50.82500076293945,156.69509887695312,673.5651245117188,105.83999633789062,90.70999908447266,55.2599983215332,432.6449890136719,312.0799865722656,50.45000076293945,127.0,155.7100067138672,463.4549865722656,249.38999938964844,371.17999267578125,267.739990234375,367.7550048828125,55.77000045776367,337.05499267578125,249.01499938964844,423.8699951171875,81.3499984741211,73.01499938964844,127.61000061035156,154.08999633789062,137663,42762,22619,34225,259133,13640,464390,39535,86805,24914,252259,39955,53854,40674,3730,110050,67671,15063,27553,22291,223599,20662,92129,11256,60189,81047,87933,45482,65309,21389,73842,150627,29186,102491,277824,18550,33493,72928,163620,12128,60952,32989,250466,17124,95449,1348907,19714,13089,42283,44051,156381,121616,30319,18395,40940,5575,48575,157021,104450,16170,51665,49829,266394,91596,105411,142805,1082362,158320,53652,90491,21424,167070,42354,14333,14073,37998,386916,315905,6960,125375,42899,89109,11194,21055,149701,31291,18362,8694,7154.0,413596,25304,56252,80237,104484,28843,7633,77386,37822,67300,141029
2026-04-29 18:35:00+00:00,269.7401123046875,204.2050018310547,242.30999755859375,379.1809997558594,336.7699890136719,337.4949951171875,263.3399963378906,39.724998474121094,398.7900085449219,314.8999938964844,52.73500061035156,144.63999938964844,174.07000732421875,68.6050033569336,1036.27001953125,56.369998931884766,126.88999938964844,324.7200012207031,291.20001220703125,286.5199890136719,32.70500183105469,190.22000122070312,126.72000122070312,994.25,180.63499450683594,88.77999877929688,35.42499923706055,82.93000030517578,191.40499877929688,113.57499694824219,177.94500732421875,50.665000915527344,137.8000030517578,58.86000061035156,12.155099868774414,203.97000122070312,128.83999633789062,76.16999816894531,349.6098937988281,903.5650024414062,41.42499923706055,320.9049987792969,313.67999267578125,238.13999938964844,227.90499877929688,93.52010345458984,390.6199951171875,451.0799865722656,227.69500732421875,308.42999267578125,31.665000915527344,78.83000183105469,852.0800170898438,231.63999938964844,529.7899169921875,351.7850036621094,289.94500732421875,79.34609985351562,671.8099975585938,240.81500244140625,110.71990203857422,186.13499450683594,423.2349853515625,44.28499984741211,20.485000610351562,88.41000366210938,208.2100067138672,162.36000061035156,91.0199966430664,60.1349983215332,155.2550048828125,26.274999618530273,146.2899932861328,200.9324951171875,218.08999633789062,172.02999877929688,50.77000045776367,156.97500610351562,672.8699951171875,105.95500183105469,90.7699966430664,55.26499938964844,432.5249938964844,312.4750061035156,50.415000915527344,126.96499633789062,155.75,463.6449890136719,249.02999877929688,371.6600036621094,268.0823059082031,368.3611145019531,55.834999084472656,336.9700012207031,249.1199951171875,424.3999938964844,81.43499755859375,72.87000274658203,127.56999969482422,153.9499969482422,196147,48605,27752,48763,503998,25466,559078,81994,125025,25523,316546,48539,102591,62219,2920,123192,102253,8119,21965,16734,178822,28042,110854,9435,111660,114370,95557,64459,85327,26642,77108,224823,48191,118214,260025,26832,56291,74803,254644,24780,97615,33208,38174,24566,111964,1929797,17493,14701,46253,62105,110351,167478,22384,25250,34266,6307,66431,125656,148360,18434,65693,53451,450187,97394,48427,135624,1438267,202408,45147,132819,20311,168259,52171,42467,14233,33856,366891,311262,12178,130826,47186,103287,20500,17552,200406,61496,14675,8800,9455.0,538445,37139,65265,130208,93999,30354,10626,140013,92512,140094,96529
2026-04-29 18:40:00+00:00,269.5097961425781,204.3000030517578,242.19500732421875,378.1600036621094,336.3800048828125,337.1700134277344,263.0400085449219,39.744998931884766,397.88519287109375,314.3699951171875,52.650001525878906,144.77000427246094,173.64999389648438,68.55000305175781,1036.489990234375,56.529998779296875,126.70999908447266,324.4549865722656,291.1449890136719,286.6499938964844,32.6349983215332,189.8300018310547,126.83999633789062,993.8400268554688,180.38999938964844,88.75499725341797,35.459999084472656,82.9800033569336,191.3300018310547,113.7300033569336,177.49000549316406,50.71500015258789,137.8000030517578,58.849998474121094,12.154999732971191,204.19000244140625,128.8249969482422,76.19000244140625,349.2799987792969,901.6400146484375,41.38999938964844,320.92999267578125,314.07000732421875,238.38999938964844,227.66000366210938,93.37000274658203,390.5,451.0899963378906,227.38999938964844,308.07000732421875,31.639999389648438,78.88999938964844,850.5999755859375,231.71499633789062,528.6699829101562,351.6400146484375,289.75,79.26000213623047,671.1599731445312,240.56500244140625,110.68000030517578,185.89999389648438,423.6000061035156,44.23500061035156,20.475000381469727,88.29000091552734,208.03500366210938,162.1199951171875,91.0,60.16999816894531,155.32000732421875,26.2450008392334,146.21499633789062,200.7100067138672,217.8800048828125,171.91000366210938,50.6349983215332,156.7899932861328,673.0999755859375,105.87000274658203,90.65499877929688,55.20000076293945,432.30499267578125,312.510009765625,50.404998779296875,126.91999816894531,155.65499877929688,462.5299987792969,248.60000610351562,371.2149963378906,267.6600036621094,368.30999755859375,55.775001525878906,336.739013671875,248.47999572753906,424.260009765625,81.34500122070312,72.84500122070312,127.55500030517578,153.9199981689453,143182,74140,30326,37888,572995,18526,377020,38690,84367,22149,272901,21551,73189,54548,2086,156279,62254,8235,18326,11417,235769,24743,91906,6833,49613,189687,68111,59992,56172,31037,78952,152715,19797,83624,283397,11361,28224,56621,133025,12864,108762,28220,21900,35724,73174,1447280,17975,8191,113018,39993,85226,132335,33969,16022,28024,5190,24801,63151,127965,24713,71228,38316,230809,96359,30858,213412,911776,141457,45653,82558,23163,164477,43897,24488,17754,36566,261392,358983,7013,140439,40167,94197,11923,18610,44292,24996,17734,9892,24810.0,291930,24964,74432,102415,119956,32717,7268,88400,52610,89574,62011
2026-04-29 18:45:00+00:00,269.8299865722656,204.14999389648438,242.7978057861328,379.32000732421875,337.3800048828125,337.114990234375,263.44500732421875,39.68000030517578,398.8785095214844,314.739990234375,52.650001525878906,144.85000610351562,173.92999267578125,68.45999908447266,1038.0899658203125,56.58000183105469,126.83999633789062,323.9599914550781,290.8550109863281,286.6400146484375,32.55500030517578,190.03500366210938,126.68499755859375,992.989990234375,180.92999267578125,88.87039947509766,35.39500045776367,82.8949966430664,191.07000732421875,113.62999725341797,177.5500030517578,50.625,137.67999267578125,58.86000061035156,12.15999984741211,203.55999755859375,128.77000427246094,76.2300033569336,349.9700012207031,903.6799926757812,41.32500076293945,320.82000732421875,314.4100036621094,238.5800018310547,227.91000366210938,93.65370178222656,392.0799865722656,451.4700012207031,227.0399932861328,308.3900146484375,31.614999771118164,78.81500244140625,851.5150146484375,231.72999572753906,528.38037109375,351.94000244140625,289.57501220703125,79.21499633789062,672.280029296875,239.8699951171875,110.81999969482422,186.3300018310547,424.510009765625,44.28499984741211,20.475000381469727,88.625,208.54989624023438,162.72500610351562,90.95999908447266,60.060001373291016,155.0399932861328,26.234899520874023,146.06500244140625,200.5500030517578,218.08999633789062,172.01499938964844,50.7599983215332,157.14999389648438,675.4500122070312,105.70999908447266,90.86000061035156,55.19499969482422,432.8699951171875,312.92999267578125,50.45000076293945,126.98999786376953,155.47000122070312,462.4775085449219,248.22000122070312,372.54998779296875,268.260009765625,368.45001220703125,55.814998626708984,336.9200134277344,248.27000427246094,424.489990234375,81.44999694824219,72.77999877929688,127.37000274658203,153.6699981689453,184357,71113,26940,21527,487747,15973,428732,40050,77315,21398,298075,30317,62878,53634,3809,111484,89623,9370,35394,10398,760109,42923,93728,6169,53120,409733,64892,61083,76408,11952,57156,127249,47139,65097,393665,38308,27435,55419,152494,13502,74203,25230,19347,39567,62072,1374774,23161,17777,49504,42422,123662,248097,32657,16998,29520,8377,26835,99762,109083,17406,133694,39924,316838,109262,31756,132157,983610,186617,59029,79734,34595,281098,53805,8951,12413,33851,126871,245839,17057,146773,39637,86171,11947,15181,58869,25601,27015,10128,6679.0,431705,73411,40654,83458,74483,21037,10786,97679,49515,101269,88561
2026-04-29 18:50:00+00:00,269.8349914550781,204.47000122070312,243.25,379.9909973144531,337.2298889160156,337.3299865722656,263.3399963378906,39.75,399.42498779296875,314.7200012207031,52.625,144.9499969482422,174.25999450683594,68.51000213623047,1038.175048828125,56.459999084472656,126.80500030517578,324.07000732421875,291.1600036621094,286.3924865722656,32.57500076293945,190.16000366210938,126.80999755859375,993.469970703125,181.3699951171875,88.91000366210938,35.44499969482422,82.84500122070312,191.33999633789062,113.69499969482422,177.44000244140625,50.685001373291016,137.89500427246094,58.95000076293945,12.164999961853027,203.8699951171875,128.75999450683594,76.25,350.18499755859375,903.7100219726562,41.41999816894531,321.57000732421875,314.92999267578125,238.75,227.74000549316406,93.87000274658203,392.2550048828125,452.2099914550781,226.89999389648438,308.2749938964844,31.6200008392334,78.83000183105469,851.3699951171875,232.1699981689453,528.3400268554688,352.4599914550781,289.6300048828125,79.2208023071289,672.0,240.27000427246094,110.87999725341797,186.38999938964844,424.5199890136719,44.310001373291016,20.514999389648438,88.78500366210938,208.43179321289062,162.7899932861328,91.01000213623047,60.13999938964844,155.02999877929688,26.235000610351562,146.0399932861328,200.57000732421875,218.32000732421875,172.24000549316406,50.744998931884766,156.92999267578125,678.6900024414062,105.91000366210938,90.69499969482422,55.310001373291016,432.5150146484375,312.9649963378906,50.525001525878906,127.19999694824219,155.4949951171875,462.364990234375,248.61000061035156,373.17498779296875,268.8500061035156,368.5201110839844,55.90999984741211,336.4599914550781,248.72999572753906,424.75,81.46499633789062,72.83000183105469,127.40499877929688,153.77000427246094,125433,75743,33117,31856,555652,6263,399358,40443,85631,14715,146556,30788,62309,49144,3189,141467,124992,10610,16299,15368,435093,21360,95825,6231,65499,70130,114158,51594,64501,16395,66972,211253,20810,77803,365590,36376,25900,45014,239899,16264,64663,27131,17853,27843,45664,1803255,15574,12858,128447,33977,83865,150338,21289,20182,32227,7488,24403,115985,112714,23170,49503,29287,332230,106586,28354,147934,1228507,198259,50882,106693,25098,721256,51219,8111,16651,204603,163957,206565,21804,141451,45557,125004,29717,13104,67142,18468,17048,13086,14113.0,415564,67840,67766,107533,101345,34509,5875,105106,42924,82501,114831
2026-04-29 18:55:00+00:00,270.07501220703125,204.44000244140625,243.45230102539062,381.07000732421875,337.45001220703125,337.7650146484375,263.8800048828125,39.78499984741211,400.1000061035156,315.1600036621094,52.68000030517578,145.21499633789062,174.4001007080078,68.69000244140625,1039.2099609375,56.41999816894531,127.11000061035156,324.1499938964844,292.0899963378906,286.385009765625,32.6349983215332,190.2449951171875,126.81999969482422,992.5499877929688,181.44500732421875,88.95999908447266,35.46500015258789,82.8499984741211,191.36000061035156,113.83000183105469,177.80999755859375,50.720001220703125,138.0,59.09000015258789,12.1850004196167,203.77000427246094,128.82000732421875,76.33000183105469,351.2049865722656,905.27001953125,41.45500183105469,321.989990234375,315.2099914550781,239.38999938964844,227.95989990234375,93.77010345458984,392.7900085449219,453.0199890136719,226.94500732421875,308.57000732421875,31.645000457763672,78.82499694824219,852.719970703125,232.5399932861328,528.9600219726562,352.79998779296875,289.8999938964844,79.3499984741211,673.3099975585938,240.49000549316406,111.0199966430664,186.71499633789062,424.9811096191406,44.375,20.53499984741211,88.91500091552734,208.96009826660156,162.8800048828125,91.08000183105469,60.16999816894531,155.1300048828125,26.2450008392334,146.08999633789062,200.4600067138672,218.4550018310547,172.48500061035156,51.025001525878906,156.75,678.6849975585938,106.08999633789062,90.69000244140625,55.415000915527344,432.9700012207031,313.8699951171875,50.55500030517578,127.38999938964844,155.72000122070312,463.05999755859375,248.42999267578125,374.2049865722656,268.67999267578125,368.4700012207031,55.935001373291016,336.7701110839844,248.94000244140625,425.1300048828125,81.59500122070312,72.87999725341797,127.49299621582031,153.69000244140625,163549,99463,28569,31397,327200,30132,448261,29880,92483,25628,115668,17101,79487,50249,2889,168241,152193,11183,21882,7189,555418,23828,92912,7702,73405,76029,72380,39968,62693,29719,83103,230100,23195,85419,317307,9924,36839,62528,348236,10470,136284,37394,24709,32484,50401,3023318,22533,10747,211677,45886,80254,125569,28649,21616,32640,7369,22836,104889,124555,14527,63822,27716,294460,85220,42408,183429,1315832,448799,54277,55456,21700,134784,53391,12906,13811,27891,261129,219830,27654,155248,45156,93720,12792,10693,79706,27040,27324,9784,14010.0,757276,641709,54364,64596,96722,27283,7301,100454,36102,88394,75237
2026-04-29 19:00:00+00:00,270.2099914550781,204.66000366210938,243.25999450683594,381.7250061035156,337.5799865722656,338.1499938964844,263.30999755859375,39.81999969482422,399.9200134277344,314.8299865722656,52.720001220703125,145.10000610351562,174.0198974609375,68.7249984741211,1039.280029296875,56.5,127.3499984741211,324.0350036621094,292.7900085449219,286.5799865722656,32.584999084472656,190.3699951171875,127.0,993.9000244140625,181.51499938964844,89.01000213623047,35.48500061035156,82.99500274658203,191.4499969482422,113.76000213623047,177.94000244140625,50.755001068115234,138.07000732421875,59.189998626708984,12.15999984741211,203.82000732421875,128.97000122070312,76.33499908447266,350.94000244140625,905.1300048828125,41.494998931884766,321.7499084472656,314.8299865722656,239.64999389648438,227.92999267578125,93.5250015258789,393.125,453.3800048828125,227.0,308.6700134277344,31.665000915527344,78.71499633789062,853.0449829101562,232.3000030517578,529.0,351.99749755859375,289.7049865722656,79.30500030517578,672.4000244140625,240.41000366210938,111.16999816894531,186.80999755859375,424.5299987792969,44.33720016479492,20.540000915527344,88.93009948730469,208.89999389648438,162.63999938964844,91.0199966430664,60.2400016784668,154.94000244140625,26.250099182128906,145.97999572753906,200.3300018310547,218.6300048828125,172.9499969482422,50.855098724365234,156.51499938964844,681.5700073242188,106.20999908447266,90.79000091552734,55.39500045776367,433.06500244140625,314.0799865722656,50.56999969482422,126.9800033569336,155.69000244140625,463.32000732421875,248.60000610351562,373.5450134277344,268.9949951171875,368.42999267578125,55.959999084472656,336.32501220703125,249.2949981689453,425.2200012207031,81.57499694824219,72.92500305175781,127.54000091552734,153.72999572753906,130814,73276,29184,32915,312022,17526,507406,32082,78754,39097,361550,20241,95873,48897,2404,190438,90863,12986,36736,19906,242312,23744,150165,9332,94086,82120,84345,35731,60843,14097,54032,141135,24521,85335,1048396,15771,41174,58827,406825,19576,68239,21038,24942,34396,56523,4377479,18813,11375,38059,43075,105160,274191,54024,17391,52500,16876,30319,158156,338783,16088,75582,30357,240701,97330,31087,167387,860231,185456,41853,70582,38271,277846,51217,10342,14591,20312,208159,216086,24395,199931,49585,103108,11851,11327,53730,39017,20181,9508,7741.0,828283,49513,45044,38874,81391,22325,4885,219513,47299,104706,153357
2026-04-29 19:05:00+00:00,270.239990234375,204.6999969482422,243.25,381.989990234375,338.3500061035156,338.04998779296875,263.1300048828125,39.869998931884766,400.6875,315.05999755859375,52.744998931884766,145.22999572753906,173.88999938964844,68.69000244140625,1039.5350341796875,56.470001220703125,127.47000122070312,324.5350036621094,292.7799987792969,286.57000732421875,32.65999984741211,190.27999877929688,127.05000305175781,993.8300170898438,181.4600067138672,89.0,35.494998931884766,83.22000122070312,191.47000122070312,113.7300033569336,178.55999755859375,50.76499938964844,138.17999267578125,59.11000061035156,12.154999732971191,203.97000122070312,129.00999450683594,76.41000366210938,350.7900085449219,906.0399780273438,41.51499938964844,321.8699951171875,314.8999938964844,239.72000122070312,227.9550018310547,93.33000183105469,392.8699951171875,453.1050109863281,226.90499877929688,308.739990234375,31.645000457763672,78.81500244140625,854.6229858398438,232.51499938964844,529.0460815429688,351.7449951171875,289.8550109863281,79.24500274658203,671.75,240.38999938964844,111.18000030517578,187.0,424.2900085449219,44.3849983215332,20.540000915527344,88.97000122070312,208.80999755859375,162.74000549316406,91.0,60.279998779296875,155.0850067138672,26.235000610351562,146.02499389648438,200.22000122070312,218.4499969482422,172.8800048828125,50.89500045776367,156.26499938964844,679.4199829101562,106.3499984741211,90.83000183105469,55.42499923706055,433.239990234375,313.6400146484375,50.57500076293945,127.10749816894531,155.77000427246094,464.05999755859375,248.64999389648438,373.4750061035156,269.42498779296875,368.7250061035156,55.994998931884766,336.42999267578125,249.3800048828125,424.6099853515625,81.62000274658203,72.91000366210938,127.5999984741211,153.9499969482422,165828,61154,24278,35861,449966,22062,419223,73184,162363,31944,196437,36772,121263,56075,2412,207643,78680,18325,30061,16225,359212,29849,108909,5923,46094,88590,123572,74687,84159,22743,84795,284797,26573,103385,664986,16786,43829,73072,231313,24399,85336,31653,29223,40684,71539,1853702,17939,19873,53792,52983,114288,127827,42869,24726,56725,10092,27188,132625,139781,18335,145502,37373,273003,90622,34157,123744,788724,206150,61199,85576,26535,296245,46170,33661,19561,24566,144032,281864,10954,133026,185402,92247,13203,10425,61907,46848,23687,11680,18706.0,379962,64056,65094,67519,147570,21765,6537,148007,50663,107432,118658
2026-04-29 19:10:00+00:00,270.260009765625,204.6699981689453,243.35000610351562,383.69000244140625,338.70001220703125,338.1300048828125,263.42999267578125,40.005001068115234,401.95001220703125,315.3699951171875,52.84000015258789,145.3000030517578,174.05999755859375,68.7699966430664,1041.3599853515625,56.39500045776367,127.61009979248047,324.4150085449219,293.1549987792969,286.75,32.685001373291016,190.6300048828125,127.45500183105469,993.8699951171875,181.27999877929688,89.1050033569336,35.595001220703125,83.3499984741211,191.72000122070312,114.0999984741211,178.71499633789062,50.90999984741211,138.47999572753906,59.25,12.180000305175781,204.36000061035156,129.08999633789062,76.44999694824219,351.2043151855469,906.9099731445312,41.55009841918945,321.9100036621094,314.8450012207031,240.86610412597656,227.9250030517578,93.8551025390625,393.30499267578125,453.5799865722656,227.16000366210938,309.2099914550781,31.655000686645508,78.82499694824219,855.4196166992188,232.4550018310547,529.1500244140625,352.2099914550781,289.7099914550781,79.25,673.030029296875,240.94749450683594,111.20500183105469,187.3300018310547,424.7099914550781,44.404998779296875,20.56999969482422,88.9000015258789,209.17999267578125,163.26499938964844,91.05999755859375,60.45500183105469,155.23500061035156,26.274999618530273,146.18499755859375,200.4600067138672,218.77999877929688,173.1199951171875,51.040000915527344,156.25,680.4199829101562,106.33999633789062,90.87000274658203,55.459999084472656,433.05999755859375,313.79998779296875,50.67499923706055,127.30750274658203,155.73500061035156,464.260009765625,249.2100067138672,374.45001220703125,269.8299865722656,368.9599914550781,56.13999938964844,336.81500244140625,249.89999389648438,424.260009765625,81.69499969482422,73.01000213623047,127.66999816894531,154.1300048828125,212894,71380,22381,41439,377793,21694,474977,31863,178039,28848,312585,23397,121626,44115,3030,156212,72371,13367,22342,14424,204020,32937,159362,7548,45719,84878,99530,52278,80208,62632,86688,132914,29114,71018,297550,27873,43377,92299,370035,18311,98325,30885,25189,30843,81534,2127582,18781,12399,58265,47770,117207,113529,51332,23506,57867,59962,20699,161471,131778,19642,61525,29352,237367,85601,43654,201128,926967,229695,57973,78358,31870,176261,44847,19543,18109,26137,126549,275650,8289,172027,113214,112958,10612,12573,88191,28187,20480,10461,28425.0,374004,55618,51275,193588,137667,30967,8251,120880,45173,102958,87948
2026-04-29 19:15:00+00:00,270.25,204.44000244140625,243.40499877929688,383.239990234375,338.8999938964844,338.25,263.139892578125,40.0099983215332,402.4599914550781,315.7449951171875,52.90999984741211,145.1649932861328,173.49000549316406,68.66999816894531,1041.4200439453125,56.42499923706055,127.58499908447266,324.7799987792969,292.67498779296875,286.57501220703125,32.625,190.7949981689453,127.5250015258789,995.239990234375,181.27099609375,89.1449966430664,35.619998931884766,83.41000366210938,191.75,114.2699966430664,179.0050048828125,50.95000076293945,138.49620056152344,59.25,12.180000305175781,204.4199981689453,129.0500030517578,76.31999969482422,351.4100036621094,906.89501953125,41.54499816894531,321.8399963378906,314.739990234375,240.9199981689453,228.2949981689453,93.68499755859375,393.7900085449219,453.17999267578125,227.2100067138672,309.1708068847656,31.680099487304688,78.81500244140625,853.760009765625,232.375,528.72998046875,352.7250061035156,289.8197021484375,79.2699966430664,673.4600219726562,240.97000122070312,111.12000274658203,187.27000427246094,424.8699951171875,44.45500183105469,20.600000381469727,88.95500183105469,209.36000061035156,163.27999877929688,91.05000305175781,60.474998474121094,155.35800170898438,26.260000228881836,146.32000732421875,200.58999633789062,218.8074951171875,173.1800994873047,50.974998474121094,156.2100067138672,680.5750122070312,106.40499877929688,90.80010223388672,55.44499969482422,433.4200134277344,313.8699951171875,50.685001373291016,127.37000274658203,155.72000122070312,464.9200134277344,249.2050018310547,374.42999267578125,269.75,369.67999267578125,56.20500183105469,336.78070068359375,250.22000122070312,424.0799865722656,81.68499755859375,73.0199966430664,127.79000091552734,154.14999389648438,135133,53141,17377,57747,416260,27230,568187,45843,176060,56976,315975,23229,81199,62117,2929,192662,56812,15098,18426,11376,378286,27049,108114,11987,50584,93849,75610,59186,71821,26710,113015,157189,30910,63040,240273,14983,39217,86989,244692,17718,97064,28816,30565,36137,109125,1823394,31976,11923,46064,44235,138659,112127,24411,23867,59570,10851,21342,105700,150278,12104,115564,24561,259702,134127,46855,172897,1207268,193590,49988,84873,30693,213856,60658,18299,27960,20287,176468,346594,11827,178964,36494,92414,15490,17204,121096,21799,21913,9225,11046.0,452193,62990,133350,136278,138277,57884,9262,123611,55312,111007,99419
2026-04-29 19:20:00+00:00,270.2049865722656,204.63999938964844,243.22000122070312,382.739990234375,339.44000244140625,338.17999267578125,263.3900146484375,40.01499938964844,403.3699951171875,315.30499267578125,52.92499923706055,145.30499267578125,173.21099853515625,68.5999984741211,1041.199951171875,56.505001068115234,127.62999725341797,325.0050048828125,292.7099914550781,286.57000732421875,32.67499923706055,190.5500030517578,127.58999633789062,995.1300048828125,181.2899932861328,89.19499969482422,35.68000030517578,83.32499694824219,191.77000427246094,114.37999725341797,179.00999450683594,51.03499984741211,138.60000610351562,59.31999969482422,12.180000305175781,204.5800018310547,129.02999877929688,76.29000091552734,351.5299987792969,906.7150268554688,41.51499938964844,322.1099853515625,314.67999267578125,241.60499572753906,228.52000427246094,94.11000061035156,393.3500061035156,452.989990234375,227.14999389648438,309.5,31.684999465942383,78.79499816894531,853.5800170898438,232.22000122070312,528.1300048828125,352.7650146484375,289.8352966308594,79.16999816894531,673.8599853515625,241.2949981689453,110.94000244140625,187.22999572753906,424.7929992675781,44.415000915527344,20.59000015258789,88.875,209.25,163.22999572753906,91.12999725341797,60.47999954223633,155.33999633789062,26.264999389648438,146.2949981689453,200.72500610351562,218.75999450683594,173.7100067138672,50.9900016784668,156.4199981689453,682.9299926757812,105.79000091552734,90.75,55.48500061035156,433.2749938964844,313.7699890136719,50.69499969482422,127.33000183105469,155.6649932861328,465.06500244140625,249.35499572753906,374.28009033203125,269.9849853515625,369.760009765625,56.23500061035156,336.20001220703125,250.7550048828125,424.5,81.70220184326172,73.04000091552734,127.76000213623047,154.16209411621094,151764,53432,28605,56228,588360,17966,554160,70338,183044,32815,189151,30562,110315,67293,2325,202759,56256,14993,20586,13903,310050,34159,108486,8165,93083,101555,91075,125563,62043,31657,139495,250430,26944,78855,194979,16413,32938,84911,382794,14618,120687,30288,22932,32387,74744,1908719,22578,18950,205955,58359,93550,128895,33620,39944,62471,21487,23657,277074,208689,23257,129309,28816,285567,90656,62928,168775,940646,167112,46541,92955,26844,191351,61651,53655,12195,47666,135042,304221,24862,380054,39295,96855,23863,13274,63133,27351,23323,8214,10547.0,315217,47785,135119,519613,132858,32148,6634,150357,67584,80661,89122
2026-04-29 19:25:00+00:00,270.2799987792969,204.47999572753906,243.3300018310547,382.94000244140625,339.3500061035156,338.2799987792969,262.6000061035156,40.1349983215332,403.8399963378906,314.9800109863281,52.904998779296875,144.7899932861328,173.13999938964844,68.4749984741211,1040.81005859375,56.400001525878906,127.57499694824219,325.0350036621094,292.6400146484375,286.739990234375,32.584999084472656,190.35000610351562,127.76000213623047,994.875,181.2899932861328,89.16999816894531,35.744998931884766,83.5999984741211,191.8350067138672,114.37000274658203,178.72999572753906,51.119998931884766,138.77999877929688,59.20000076293945,12.154999732971191,204.77999877929688,128.88999938964844,76.31999969482422,351.32000732421875,906.4400024414062,41.56100082397461,321.8699951171875,313.760009765625,242.25,228.42999267578125,93.80999755859375,393.1400146484375,452.05999755859375,226.99989318847656,309.5400085449219,31.690000534057617,78.81500244140625,852.0900268554688,231.8800048828125,527.52001953125,352.2799987792969,289.4800109863281,78.98999786376953,673.4000244140625,242.03500366210938,110.87999725341797,187.25,424.9800109863281,44.334999084472656,20.604999542236328,88.75499725341797,209.3249969482422,163.2899932861328,91.05000305175781,60.57500076293945,155.25,26.250099182128906,146.0399932861328,200.5800018310547,218.6300048828125,173.44500732421875,51.06999969482422,156.83999633789062,687.5599975585938,105.19499969482422,90.83999633789062,55.48500061035156,431.9599914550781,313.05999755859375,50.66999816894531,127.30999755859375,155.94000244140625,464.3500061035156,250.16000366210938,373.92999267578125,270.1199951171875,369.54998779296875,56.17499923706055,335.56500244140625,251.47999572753906,423.9700012207031,81.63500213623047,73.0999984741211,127.62999725341797,154.21249389648438,140408,122219,26000,47233,551534,18498,606696,87053,257583,33590,339479,41374,97791,68295,2869,246039,66606,27073,30331,35194,482144,36696,108014,9524,51132,142566,94466,138499,94913,64756,157472,188772,37638,104347,812017,26588,34014,142279,282765,12955,173536,43984,29756,79859,98468,1660271,22102,20873,38767,53158,155677,134969,39353,64051,54931,12983,29289,243551,225634,29866,77621,39531,234847,169723,46130,288956,850143,144550,58804,114769,36346,249045,114058,21980,27638,55878,144202,471183,40085,247205,58310,116266,27369,13887,72912,45170,30188,12287,15047.0,320177,64517,97884,149578,234199,49836,6761,171506,71459,104047,106652
2026-04-29 19:30:00+00:00,269.875,204.52000427246094,243.00999450683594,381.8500061035156,338.6700134277344,338.05999755859375,262.6099853515625,40.189998626708984,404.5007019042969,315.0799865722656,52.915000915527344,144.5800018310547,173.52999877929688,68.43000030517578,1039.4599609375,56.36000061035156,127.44999694824219,325.06500244140625,292.2749938964844,287.0050048828125,32.5099983215332,190.15499877929688,127.87999725341797,994.2000122070312,180.98500061035156,88.97319793701172,35.790000915527344,83.55500030517578,192.1300048828125,113.83999633789062,178.5749969482422,51.16999816894531,138.84500122070312,59.150001525878906,12.140000343322754,205.0800018310547,128.83999633789062,76.2300033569336,351.0,905.97998046875,41.625,321.760009765625,313.6400146484375,242.4149932861328,227.88499450683594,93.81999969482422,391.9049987792969,450.9800109863281,226.9600067138672,309.4599914550781,31.666000366210938,78.875,853.02001953125,231.77000427246094,527.4400024414062,352.1824951171875,290.0150146484375,79.0,672.4298706054688,241.85000610351562,110.94000244140625,187.1999969482422,424.07000732421875,44.17499923706055,20.545000076293945,88.4906997680664,209.06680297851562,162.7899932861328,91.19000244140625,60.650001525878906,155.14999389648438,26.235000610351562,145.98500061035156,200.36500549316406,218.47999572753906,173.5500030517578,50.939998626708984,156.6802978515625,684.0900268554688,105.68499755859375,90.94000244140625,55.45500183105469,432.30999755859375,312.4049987792969,50.60499954223633,127.12999725341797,155.89999389648438,464.0450134277344,249.9499053955078,372.7898864746094,269.3999938964844,370.0,56.14500045776367,334.9599914550781,251.39999389648438,423.6400146484375,81.61000061035156,73.08999633789062,127.58000183105469,154.360107421875,207171,140822,39622,51101,590717,19835,742958,63699,324319,38765,384816,76990,108790,84572,4277,264664,91778,46867,31627,29843,450224,45927,207860,10481,70184,186190,162933,124572,129259,145751,201430,261866,63522,133872,1022218,22438,41313,164471,336033,22600,242321,54789,44521,60804,87269,1528941,19098,20403,53820,77510,215227,213246,60423,53977,77126,15037,38956,177753,216992,36142,95619,55508,316574,286689,186530,231240,1199242,253799,49970,231987,43552,491987,92848,18071,34771,61399,236861,615260,34747,250649,94581,174035,21916,23877,130254,51704,40068,18083,19602.0,502005,61850,150067,651131,226393,57737,10263,206381,62790,108744,186932
2026-04-29 19:35:00+00:00,269.95001220703125,204.90499877929688,242.84500122070312,381.8399963378906,337.3500061035156,338.45001220703125,262.5899963378906,40.27000045776367,404.82000732421875,315.2200012207031,52.97999954223633,145.10009765625,174.16000366210938,68.54499816894531,1040.885009765625,56.46500015258789,127.55999755859375,325.5899963378906,292.739990234375,286.9100036621094,32.54499816894531,190.52999877929688,128.0399932861328,995.5,181.04029846191406,89.11000061035156,35.755001068115234,83.51000213623047,192.07000732421875,114.05999755859375,178.86000061035156,51.14500045776367,138.66000366210938,59.255001068115234,12.154999732971191,205.13999938964844,128.85499572753906,76.36000061035156,351.2699890136719,906.9000244140625,41.595001220703125,322.3900146484375,314.4599914550781,241.8699951171875,228.10000610351562,93.91000366210938,392.3599853515625,450.90008544921875,226.9149932861328,309.67999267578125,31.735000610351562,78.90499877929688,855.0,232.39999389648438,527.8300170898438,353.0150146484375,290.1600036621094,79.15499877929688,672.6900024414062,241.9499969482422,110.95999908447266,187.35499572753906,424.25,44.30500030517578,20.575000762939453,88.61000061035156,209.19000244140625,163.02000427246094,91.29000091552734,60.641998291015625,155.33999633789062,26.252700805664062,146.30999755859375,200.8699951171875,218.8350067138672,173.8800048828125,50.915000915527344,156.9199981689453,686.8699951171875,105.81999969482422,91.02999877929688,55.494998931884766,433.0799865722656,312.79998779296875,50.69499969482422,127.54000091552734,156.0500030517578,465.6199951171875,249.6699981689453,372.8500061035156,269.8299865722656,369.95001220703125,56.165000915527344,335.7799987792969,251.8000030517578,423.8699951171875,81.65499877929688,73.20999908447266,127.72000122070312,154.41000366210938,219594,62239,27254,48236,522001,22409,747389,80286,308917,35614,336616,44947,113955,96777,3732,224128,115364,78071,38946,21666,505933,38370,192569,14612,69004,119873,167810,171337,96998,69953,84912,211770,79361,106463,678204,27109,45294,128152,297306,14918,218076,46311,48491,65185,70302,1537269,15270,30189,800676,512875,156168,144317,57118,38897,74313,10858,30432,239487,196961,22416,107827,52642,327139,238516,81359,222422,1030689,185402,75256,167347,33693,272274,85185,36651,21685,38384,160666,309705,23595,236185,80582,135686,19112,27075,81409,46251,35622,19097,18473.0,338572,59471,110547,200301,134263,66999,15367,594405,53277,109100,107824
2026-04-29 19:40:00+00:00,269.8599853515625,204.97000122070312,242.92999267578125,381.2099914550781,337.25,338.260009765625,262.2200012207031,40.14500045776367,404.239990234375,315.2300109863281,52.94499969482422,145.10000610351562,173.64999389648438,68.51499938964844,1041.22998046875,56.6150016784668,127.5199966430664,325.56500244140625,292.1700134277344,286.885009765625,32.57500076293945,190.51499938964844,127.75,995.9600219726562,181.13999938964844,89.18499755859375,35.685001373291016,83.12999725341797,191.75999450683594,114.29000091552734,178.9250030517578,51.04499816894531,138.60000610351562,59.17499923706055,12.170000076293945,204.86749267578125,128.67999267578125,76.33000183105469,350.55999755859375,906.8900146484375,41.52000045776367,322.625,314.67999267578125,241.8249969482422,227.6199951171875,94.12529754638672,392.5,451.6549987792969,226.75,309.3500061035156,31.704999923706055,78.8499984741211,855.8900146484375,232.84500122070312,527.1099853515625,353.2300109863281,290.025390625,79.3499984741211,671.6300048828125,241.42999267578125,110.88500213623047,187.30499267578125,423.385009765625,44.290000915527344,20.6200008392334,88.73500061035156,208.9700927734375,162.8000030517578,91.36000061035156,60.54499816894531,155.41000366210938,26.260000228881836,146.27499389648438,201.02000427246094,218.80999755859375,173.10499572753906,50.915000915527344,156.67999267578125,684.635009765625,105.42050170898438,91.24500274658203,55.45000076293945,433.7300109863281,313.4999084472656,50.68000030517578,127.55000305175781,156.0449981689453,465.44500732421875,249.46499633789062,372.4700012207031,269.6650085449219,369.2099914550781,56.19499969482422,335.6000061035156,250.9550018310547,423.4750061035156,81.55999755859375,73.18499755859375,127.69499969482422,154.1199951171875,288956,101399,38857,62207,367312,23011,777619,60206,167436,51006,334181,52033,86492,76323,3137,260417,151857,72118,38952,19129,445468,40369,278934,8280,87210,154033,190853,267932,91063,60027,142990,300672,71590,126850,1331245,22219,67640,168353,264123,17635,221710,56708,43690,47971,101851,1824818,28276,22707,62801,73441,153285,170285,82865,39971,82646,11690,42027,175614,243614,36488,86847,59004,386727,171177,100338,226860,787357,244442,82314,113097,40937,347524,84865,54408,27967,70710,142215,476215,27024,245847,188123,178840,20690,24372,75651,30624,34003,12998,34779.0,282528,51334,92955,330427,162459,66470,12218,141890,67267,101984,135014
2026-04-29 19:45:00+00:00,269.79998779296875,204.9600067138672,243.13499450683594,380.7149963378906,336.69000244140625,337.989990234375,262.510009765625,40.24399948120117,403.8999938964844,315.42999267578125,52.97999954223633,144.77999877929688,173.25999450683594,68.5083999633789,1041.4200439453125,56.77000045776367,127.40499877929688,325.68499755859375,291.9599914550781,287.44000244140625,32.665000915527344,190.55999755859375,127.87000274658203,996.22998046875,181.31500244140625,89.25499725341797,35.709999084472656,83.41000366210938,191.9600067138672,114.12999725341797,178.52000427246094,51.084999084472656,138.99000549316406,59.20500183105469,12.164999961853027,205.39999389648438,128.64500427246094,76.42749786376953,350.3999938964844,907.5,41.54499816894531,322.8299865722656,315.0299987792969,243.4600067138672,227.27999877929688,94.3301010131836,392.5050048828125,451.94500732421875,226.75509643554688,309.43499755859375,31.725000381469727,78.93000030517578,854.64501953125,233.0500030517578,527.6300048828125,353.5350036621094,290.1300048828125,79.38500213623047,671.3400268554688,241.5,110.80000305175781,187.24000549316406,423.92999267578125,44.310001373291016,20.655000686645508,88.82499694824219,209.0200958251953,163.21499633789062,91.4000015258789,60.665000915527344,155.4149932861328,26.26810073852539,146.1300048828125,201.0800018310547,219.02000427246094,173.58999633789062,50.880001068115234,156.5749969482422,687.0449829101562,105.55500030517578,91.29499816894531,55.494998931884766,434.2300109863281,313.6300048828125,50.739898681640625,127.66999816894531,156.06500244140625,465.2749938964844,249.38999938964844,372.6300048828125,269.0400085449219,370.38250732421875,56.2599983215332,336.239990234375,251.6300048828125,424.0299987792969,81.62000274658203,73.16999816894531,127.72000122070312,154.2449951171875,276254,160731,42566,115887,426907,24903,790530,85655,234891,52879,429732,93705,120966,97842,2719,328547,132416,54638,80289,34705,443850,44532,238103,13450,137055,169939,192211,168394,97139,138692,96879,295949,49603,151798,854553,26090,55840,181216,386028,20790,207959,79655,61983,58134,269650,2022556,28227,28085,212827,92730,195117,188094,85092,71734,110184,15098,33506,232947,243772,32660,122063,69963,393067,213561,101544,216416,874502,260216,124992,196152,37663,378499,109450,50270,33471,54168,175748,442929,25761,240159,149679,165733,34307,25369,137423,92276,45247,23941,33762.0,339499,77795,126314,168393,189906,92392,9320,143159,84912,122654,178018
2026-04-29 19:50:00+00:00,269.9700012207031,204.4600067138672,243.2899932861328,381.4200134277344,336.4700927734375,338.2900085449219,262.4901123046875,40.29999923706055,405.0799865722656,315.5849914550781,52.96989822387695,145.13499450683594,173.94000244140625,68.37999725341797,1042.6650390625,57.09000015258789,127.45999908447266,326.04998779296875,291.56988525390625,287.1499938964844,32.849998474121094,190.5865020751953,127.87999725341797,997.3049926757812,181.31500244140625,89.33999633789062,35.744998931884766,83.4800033569336,191.9250030517578,114.15499877929688,178.5,51.13999938964844,138.9499969482422,59.165000915527344,12.225000381469727,204.99749755859375,128.5500030517578,76.71499633789062,350.1000061035156,907.5700073242188,41.59000015258789,323.1000061035156,315.44000244140625,242.07000732421875,227.13999938964844,94.34249877929688,393.6000061035156,453.1400146484375,227.06500244140625,309.68499755859375,31.764999389648438,78.83499908447266,852.75,233.5050048828125,527.8300170898438,353.9599914550781,290.44000244140625,79.37000274658203,670.9400024414062,241.3000030517578,110.87999725341797,187.15499877929688,423.67999267578125,44.400001525878906,20.6299991607666,88.875,209.07000732421875,163.44000244140625,91.44999694824219,60.685001373291016,155.1999969482422,26.264999389648438,146.1699981689453,200.98500061035156,219.2100067138672,173.2899932861328,50.98500061035156,156.0800018310547,686.4400024414062,105.29000091552734,91.36000061035156,55.525001525878906,433.989990234375,314.44000244140625,50.709999084472656,127.80999755859375,156.24000549316406,465.95989990234375,249.22500610351562,373.2200927734375,268.6499938964844,370.4049987792969,56.255001068115234,336.0,251.02499389648438,423.8999938964844,81.59500122070312,73.1500015258789,127.9000015258789,154.47500610351562,513847,205225,76676,191862,582383,85160,1580022,208420,409577,110386,662340,155521,186841,266763,11026,774254,384079,121632,70780,72120,770172,58833,292441,29433,118318,613806,580985,251756,181045,129685,148508,558810,63412,353504,2238788,41298,113892,218210,694186,42033,352092,114666,106208,93541,308919,3547825,33445,71086,149585,168229,377459,375389,102833,66552,197235,35296,85885,440847,447817,62175,292194,136325,830630,405867,199457,340015,2186337,547724,217069,309224,126256,723537,185141,48081,68771,103383,408343,723216,65312,574758,515072,392645,66665,119241,191479,167096,108814,29084,40783.0,548439,157799,198971,429213,367239,135753,23017,369830,122957,369147,935161
2026-04-29 19:55:00+00:00,270.19000244140625,204.1300048828125,243.5,382.44000244140625,337.07000732421875,337.9599914550781,263.2699890136719,40.310001373291016,405.5799865722656,315.6400146484375,52.88999938964844,145.32000732421875,173.99000549316406,68.80000305175781,1039.5799560546875,57.165000915527344,127.63999938964844,325.75,292.489990234375,287.2799987792969,32.98500061035156,190.85000610351562,128.25,998.8200073242188,181.24000549316406,89.58999633789062,35.68000030517578,83.91000366210938,192.2100067138672,114.18000030517578,178.7899932861328,51.060001373291016,139.10000610351562,59.1150016784668,12.265000343322754,205.3300018310547,128.8699951171875,76.62999725341797,350.20001220703125,905.8300170898438,41.81999969482422,322.80999755859375,314.5,243.6699981689453,227.0500030517578,94.77999877929688,395.1099853515625,453.79998779296875,227.3300018310547,309.2799987792969,31.829999923706055,78.88999938964844,851.3200073242188,233.52000427246094,525.1699829101562,353.95001220703125,290.0899963378906,79.375,669.9400024414062,241.85000610351562,111.01000213623047,187.10000610351562,424.6400146484375,44.385459899902344,20.774999618530273,88.88999938964844,209.31500244140625,163.83999633789062,91.66999816894531,60.767799377441406,155.27999877929688,26.270000457763672,146.4600067138672,200.75,218.75,173.49000549316406,50.939998626708984,156.11000061035156,686.8300170898438,105.47000122070312,91.18000030517578,55.70000076293945,433.2799987792969,315.1099853515625,50.66999816894531,127.8949966430664,156.11000061035156,466.45001220703125,250.13999938964844,372.79998779296875,269.30999755859375,370.7099914550781,56.185001373291016,334.8500061035156,251.3249969482422,423.44000244140625,81.5199966430664,73.31999969482422,128.0500030517578,154.6699981689453,1551656,674632,144809,477416,1243550,196183,2441535,367765,916622,225493,1718318,273384,620139,563345,36495,2172926,842787,283028,304296,164414,2023930,255458,753760,79667,402042,1140303,1434671,699528,447708,310716,370187,1201535,169428,795919,2965595,195136,464224,589638,1909275,77741,1449666,254402,311475,450738,648293,5471418,111908,144602,410265,398802,839158,1099475,230994,200155,493897,100162,190019,848874,922387,171321,736399,293250,1885911,986558,642445,1043057,4809626,1032901,629799,568818,294535,1757591,1921671,156957,150720,275000,745936,1475662,186713,1094092,643666,1160738,139194,213560,457771,336595,320048,90806,120710.0,1113328,478589,427956,949762,968619,373756,88111,875000,330881,789677,1043656
2026-04-30 13:30:00+00:00,269.0350036621094,210.9149932861328,238.89999389648438,386.95001220703125,334.43499755859375,342.0350036621094,266.67498779296875,39.810001373291016,413.2799987792969,316.57000732421875,52.66999816894531,145.9149932861328,174.52999877929688,69.51499938964844,1042.0550537109375,56.130001068115234,128.10000610351562,325.1549987792969,282.9949951171875,287.32000732421875,33.790000915527344,189.57000732421875,125.33499908447266,1003.9249877929688,174.85000610351562,89.69999694824219,35.415000915527344,83.16999816894531,191.02999877929688,115.66500091552734,177.93499755859375,50.599998474121094,137.97999572753906,59.5099983215332,11.604999542236328,203.7550048828125,129.89999389648438,77.16000366210938,372.80010986328125,911.7349853515625,41.65999984741211,325.3900146484375,321.1600036621094,243.7550048828125,225.17999267578125,93.0999984741211,386.95001220703125,452.32000732421875,228.16000366210938,309.9800109863281,32.04999923706055,78.86000061035156,902.0150146484375,235.5449981689453,504.55999755859375,360.385009765625,290.92999267578125,79.2699966430664,602.0050048828125,238.64999389648438,108.63999938964844,186.14010620117188,410.5899963378906,43.83000183105469,20.670000076293945,87.23999786376953,208.73500061035156,161.2449951171875,97.83999633789062,59.7599983215332,157.0800018310547,26.43000030517578,146.6199951171875,197.6999969482422,219.51499938964844,174.2449951171875,49.96500015258789,166.83999633789062,691.6900024414062,104.26129913330078,90.83000183105469,55.88999938964844,433.7900085449219,314.3299865722656,50.7599983215332,128.14999389648438,156.47000122070312,462.7099914550781,249.2100067138672,370.56500244140625,267.0,366.8699951171875,56.22999954223633,331.5799865722656,248.33999633789062,426.2900085449219,81.20500183105469,73.9800033569336,129.36500549316406,152.63999938964844,2367257,300559,191674,278317,3611857,61054,9645250,131857,1440820,80520,1098084,35402,289541,259279,9165,748206,179204,40280,131028,92993,3041115,100641,403897,50907,841279,476259,246949,240254,432964,39366,60983,582669,78369,215639,10442435,65117,138182,212548,9042182,73458,393860,96370,47041,40281,286677,18822232,95136,67508,237719,412621,250389,484614,1121630,37559,319243,27113,85997,350959,7218712,48755,924004,119385,5483037,964409,63154,1095870,9042687,1508918,378182,839981,204038,2653586,193727,77070,41898,80142,690138,5873850,18897,313165,1665357,358128,47230,35316,141898,78854,88027,65199,11073.0,2494625,229826,248256,153016,521808,88973,21840,630610,103713,573719,403231
2026-04-30 13:35:00+00:00,268.8299865722656,211.99000549316406,239.86000061035156,387.1400146484375,336.125,342.260009765625,260.2099914550781,39.90999984741211,414.76190185546875,316.57501220703125,52.72999954223633,146.23500061035156,173.13999938964844,69.56500244140625,1042.72265625,56.310001373291016,127.86000061035156,326.43499755859375,281.1300048828125,287.9700012207031,33.9900016784668,189.2100067138672,125.18499755859375,1006.0,176.36000061035156,89.75,35.560001373291016,82.95999908447266,191.60000610351562,115.36000061035156,177.44000244140625,50.789798736572266,138.39999389648438,59.665000915527344,11.654999732971191,204.1699981689453,130.69000244140625,77.44999694824219,370.1400146484375,909.0,41.70000076293945,324.9200134277344,320.68499755859375,241.55499267578125,226.5399932861328,93.06999969482422,386.68499755859375,450.1449890136719,229.00999450683594,309.94940185546875,32.189998626708984,78.91500091552734,904.0,234.85000610351562,505.2325134277344,359.0799865722656,290.6000061035156,79.19499969482422,602.989990234375,241.58999633789062,110.12000274658203,186.07000732421875,410.9198913574219,43.7400016784668,20.59000015258789,88.0,207.6300048828125,161.52000427246094,99.01000213623047,59.89500045776367,157.4199981689453,26.575000762939453,146.55999755859375,198.00999450683594,219.1999969482422,175.86749267578125,49.959999084472656,165.5850067138672,696.6649780273438,104.34500122070312,90.82499694824219,55.82500076293945,431.4800109863281,314.44500732421875,50.7400016784668,128.20379638671875,156.0749969482422,462.8900146484375,250.3800048828125,369.44000244140625,269.1449890136719,365.2900085449219,56.130001068115234,331.010009765625,252.8300018310547,428.260009765625,81.31500244140625,74.33999633789062,130.0399932861328,153.4600067138672,988268,233986,77490,112087,1011039,14291,4483060,45343,396100,59902,396975,14553,107306,170491,2449,1062422,77790,22123,50300,21526,1055990,35628,240723,24213,414627,203916,79853,113616,111304,49098,29831,170669,107140,83058,2874024,5407,46701,156705,2506960,13859,159643,26855,14152,31012,113259,5076313,30366,47221,67423,135183,140173,177063,207668,18026,184087,26180,29710,107167,2241509,16202,279065,71267,1670846,452971,28995,400027,3108502,487454,198321,235806,71714,422517,90040,21313,10834,47149,385172,1496348,17833,167305,83111,199857,6910,25822,68545,24596,39213,29607,1217.0,1058009,183956,105930,44667,160549,83574,4695,144606,97295,366473,542506
2026-04-30 13:40:00+00:00,269.07000732421875,211.1300048828125,240.02999877929688,388.4599914550781,340.07501220703125,341.739990234375,261.2449951171875,39.849998474121094,416.6700134277344,318.1000061035156,52.87099838256836,146.22999572753906,171.08999633789062,69.56999969482422,1047.31005859375,56.5,128.20750427246094,327.05499267578125,280.8800048828125,287.9750061035156,33.65999984741211,189.94000244140625,125.55999755859375,1004.510009765625,176.7449951171875,90.11000061035156,35.58000183105469,82.4000015258789,191.7050018310547,115.07499694824219,178.3350067138672,50.85100173950195,138.67999267578125,59.66999816894531,11.765000343322754,204.68499755859375,130.22000122070312,77.49500274658203,370.2749938964844,911.0,41.7400016784668,325.3699951171875,321.31500244140625,241.60499572753906,227.3800048828125,94.05999755859375,389.8699035644531,451.6000061035156,229.16000366210938,310.385009765625,32.279998779296875,78.69000244140625,906.9500122070312,235.6531982421875,508.7950134277344,360.1300048828125,290.3999938964844,79.37000274658203,608.530029296875,242.1468048095703,110.32499694824219,187.07000732421875,409.79998779296875,43.7599983215332,20.610000610351562,87.95999908447266,206.75,164.44000244140625,99.06500244140625,59.87710189819336,157.23500061035156,26.545000076293945,146.19000244140625,198.7198944091797,219.74000549316406,175.61000061035156,50.29499816894531,166.41000366210938,695.3109130859375,104.58499908447266,90.94000244140625,55.93000030517578,431.9599914550781,314.8800048828125,50.810001373291016,128.57000732421875,156.11500549316406,466.5,250.97000122070312,371.45001220703125,269.2149963378906,364.6099853515625,56.244998931884766,330.82000732421875,252.53500366210938,426.92999267578125,81.44000244140625,74.69999694824219,130.0850067138672,153.42999267578125,559369,294946,45752,80439,971734,17266,3541433,48351,362067,33519,350300,26572,184384,128140,3025,289904,45095,43100,35807,15004,652467,47809,77898,17376,232461,286575,41267,128376,87448,32174,28973,98671,18296,40949,2337691,8747,159842,107825,2084888,14079,190904,25653,28292,12136,69250,3933853,20063,39777,86778,100730,114705,128804,137068,5848,171575,8417,29676,240422,1621046,14573,168150,68091,1085288,255492,21209,203342,4592538,589060,176473,149606,74858,481647,87842,26717,32079,29576,209265,1241934,8183,69863,90568,122414,14198,29395,87767,34494,20439,37530,4619.0,988704,95233,114142,65245,334055,57213,7179,164175,87660,381111,216591
2026-04-30 13:45:00+00:00,269.4684143066406,211.6649932861328,238.69000244140625,389.6300048828125,339.92999267578125,341.42999267578125,260.4700012207031,39.950199127197266,414.8999938964844,317.7200012207031,52.93000030517578,146.25999450683594,171.52999877929688,69.5999984741211,1046.1700439453125,56.36000061035156,128.14999389648438,327.4549865722656,282.67999267578125,287.2099914550781,33.75,190.22000122070312,126.03500366210938,1006.6300048828125,175.8000030517578,90.05999755859375,35.619998931884766,82.9000015258789,191.9499969482422,115.11000061035156,178.4600067138672,50.93000030517578,138.83999633789062,59.755001068115234,11.765000343322754,205.4199981689453,130.30999755859375,77.27999877929688,371.6300048828125,910.9099731445312,41.79999923706055,325.0400085449219,321.92999267578125,242.8800048828125,226.27999877929688,92.47000122070312,386.6300048828125,450.739990234375,229.24679565429688,310.3299865722656,32.32500076293945,78.43000030517578,910.375,235.16000366210938,509.7699890136719,360.25,290.2799987792969,79.20999908447266,607.4099731445312,240.57000732421875,110.55500030517578,187.0800018310547,408.4200134277344,43.68000030517578,20.639999389648438,87.36000061035156,206.38999938964844,164.52999877929688,98.7300033569336,59.88999938964844,157.0050048828125,26.565000534057617,146.01499938964844,198.13999938964844,220.1999969482422,174.96499633789062,50.220001220703125,169.22000122070312,692.219970703125,104.19000244140625,91.07240295410156,55.915000915527344,430.5400085449219,314.7650146484375,50.78499984741211,128.25999450683594,156.34500122070312,467.0400085449219,251.92999267578125,371.56500244140625,270.2049865722656,365.44000244140625,56.29999923706055,330.8949890136719,248.55999755859375,426.9649963378906,81.5199966430664,74.96499633789062,130.1300048828125,153.88999938964844,569624,137434,41669,97070,899586,12056,3134764,70340,432468,81841,209257,17512,155221,96916,2846,1145718,50914,11597,18238,33299,460313,37241,73297,25759,210057,471834,25949,131407,121640,27923,111670,134737,25027,124394,1656736,16032,52524,138578,1568017,15697,195221,34003,18480,14611,53255,5097363,15516,15141,74219,109813,130521,104308,196738,11563,90679,12962,23012,196039,1323065,38318,215807,72712,1144775,315898,32780,273899,3477690,474271,130351,297534,61006,359029,85447,17583,21159,60249,157389,1167894,16295,79844,71591,65290,14980,23074,97557,22835,20294,47593,6327.0,746849,56151,65231,81001,113033,68055,12807,206276,175596,236245,173262
2026-04-30 13:50:00+00:00,270.5880126953125,211.77999877929688,237.3863067626953,388.57000732421875,339.6075134277344,343.69000244140625,260.614990234375,39.95000076293945,412.2850036621094,318.4700012207031,53.025001525878906,146.1300048828125,170.05499267578125,69.7665023803711,1046.72998046875,56.41999816894531,128.42999267578125,328.4700012207031,284.260009765625,288.17999267578125,33.709999084472656,190.52999877929688,126.24500274658203,1011.9949951171875,173.3800048828125,89.9800033569336,35.599998474121094,83.0,192.11000061035156,114.95999908447266,177.64500427246094,50.88999938964844,139.1300048828125,59.70000076293945,11.70989990234375,205.65499877929688,130.73500061035156,77.43499755859375,368.989990234375,912.6500244140625,41.814998626708984,326.3900146484375,322.05999755859375,242.8000030517578,225.88999938964844,92.1084976196289,382.5299987792969,450.6300048828125,230.0,310.8999938964844,32.5099983215332,78.81500244140625,910.7449951171875,235.9499969482422,510.6600036621094,361.1600036621094,291.6199951171875,79.26499938964844,604.2899780273438,241.11000061035156,111.16999816894531,187.2899932861328,404.80499267578125,43.621299743652344,20.700000762939453,86.19499969482422,203.97500610351562,162.55999755859375,98.30000305175781,60.02000045776367,157.7830047607422,26.614999771118164,146.94000244140625,198.72000122070312,220.52000427246094,175.22999572753906,50.0099983215332,171.09500122070312,691.5900268554688,104.19999694824219,91.1500015258789,56.084999084472656,430.3450012207031,314.4800109863281,50.915000915527344,128.7899932861328,157.1300048828125,464.91009521484375,254.11000061035156,369.2005920410156,270.1700134277344,365.739990234375,56.470001220703125,331.57501220703125,246.89999389648438,426.6199951171875,81.67500305175781,75.3499984741211,130.75,154.13999938964844,601865,121373,70171,84496,770283,26783,2488462,24435,289462,25740,196065,20593,105392,67307,3385,245671,81227,53629,22904,28025,395429,35218,69121,24619,316974,139568,37687,89548,68459,14760,53076,116819,24214,48416,1457053,17372,27967,90386,1388603,12834,126275,24235,15521,6488,66134,4598485,18057,11826,98721,68098,186172,90723,174983,11627,91019,8663,28778,231338,927615,14631,181568,82486,1588612,325996,21644,541646,4320651,355036,178172,154618,111440,337909,78310,22533,33710,44074,140040,1250377,4159,160590,59023,71725,10424,21411,85086,20491,53148,15182,53251.0,812057,122647,58424,52472,107213,43528,9739,103682,80035,198626,197376
2026-04-30 13:55:00+00:00,270.6000061035156,211.35000610351562,236.80999755859375,388.2900085449219,342.760009765625,344.0799865722656,259.1099853515625,39.84000015258789,411.4700012207031,318.17999267578125,53.060001373291016,146.0800018310547,169.46499633789062,69.62999725341797,1046.9100341796875,56.290000915527344,128.17999267578125,328.1050109863281,285.6700134277344,287.42999267578125,33.57500076293945,190.24000549316406,125.94000244140625,1010.8699951171875,173.1999969482422,89.87999725341797,35.53499984741211,82.77999877929688,191.6699981689453,115.12000274658203,177.13999938964844,50.790000915527344,138.88999938964844,59.650001525878906,11.719900131225586,205.41000366210938,130.68499755859375,77.56999969482422,370.4299011230469,914.7899780273438,41.755001068115234,325.94000244140625,322.4649963378906,242.2899932861328,226.2050018310547,92.41500091552734,381.04998779296875,450.1099853515625,229.67999267578125,310.6000061035156,32.4900016784668,78.44999694824219,915.0250244140625,235.25999450683594,508.6400146484375,360.1004943847656,291.56500244140625,79.26000213623047,603.9774780273438,241.47500610351562,111.0199966430664,187.55999755859375,404.94500732421875,43.55500030517578,20.700000762939453,85.97769927978516,203.91839599609375,162.1999969482422,97.94000244140625,59.77000045776367,157.63999938964844,26.610000610351562,146.60000610351562,198.69500732421875,220.3975067138672,174.9550018310547,49.75,174.35499572753906,690.6099853515625,104.51000213623047,90.9749984741211,56.025001525878906,428.0700988769531,314.5,50.91999816894531,128.67999267578125,156.88999938964844,466.4599914550781,253.89999389648438,369.57000732421875,271.4700012207031,364.0400085449219,56.46500015258789,330.6050109863281,247.2100067138672,425.510009765625,81.51000213623047,75.49500274658203,130.46200561523438,153.8000030517578,677046,128037,61721,72190,1030553,87149,1659834,26817,511243,44322,679062,26984,125612,77873,6496,402823,215389,24199,25728,23819,648394,40297,98046,17359,385713,96009,109985,77092,106544,20597,49412,137547,23304,55221,1191731,17188,36180,142813,1004197,20523,75327,34090,16433,18103,63060,2872772,21601,22456,72484,44082,412587,154612,121831,17524,93926,15372,41174,254355,1053488,17572,136362,42340,1358695,265596,19518,437716,5085139,335481,181716,130779,62727,294690,88923,19040,19725,32284,150826,1333900,5575,142282,49248,91762,9839,38777,78056,23981,21179,20247,15512.0,749403,70362,92630,67574,91004,55634,5764,147240,173840,182813,167911
2026-04-30 14:00:00+00:00,271.6300048828125,212.0,237.57000732421875,388.875,344.07501220703125,344.5,262.2699890136719,39.779998779296875,413.54998779296875,317.9599914550781,52.935001373291016,145.93519592285156,169.46499633789062,69.66999816894531,1047.5,56.439998626708984,127.69000244140625,327.3699951171875,285.2001037597656,287.1400146484375,33.59000015258789,189.69000244140625,126.04499816894531,1012.2100219726562,173.9949951171875,89.75740051269531,35.459999084472656,82.9800033569336,191.5500030517578,114.27999877929688,176.89999389648438,50.68000030517578,138.68499755859375,59.599998474121094,11.725000381469727,204.60000610351562,130.6199951171875,77.55999755859375,371.40008544921875,912.469970703125,41.7599983215332,325.8699951171875,321.6000061035156,242.36500549316406,226.17999267578125,92.875,381.4599914550781,450.55999755859375,229.98500061035156,310.19000244140625,32.4900016784668,78.52999877929688,919.2349853515625,235.5399932861328,508.32000732421875,359.5249938964844,291.489990234375,79.06999969482422,603.72998046875,241.29330444335938,110.76000213623047,187.0,403.4599914550781,43.6150016784668,20.655000686645508,86.25,202.8592987060547,162.39010620117188,98.33999633789062,59.67499923706055,157.22500610351562,26.604999542236328,146.56500244140625,198.02000427246094,219.9600067138672,174.6699981689453,49.82500076293945,173.610107421875,690.4550170898438,104.61000061035156,90.84500122070312,56.064998626708984,428.6000061035156,314.4800109863281,50.775001525878906,128.66009521484375,156.83999633789062,468.0899963378906,254.36000061035156,370.5450134277344,272.2449951171875,363.760009765625,56.34000015258789,329.8475036621094,247.08999633789062,426.1199951171875,81.37000274658203,75.58000183105469,130.71499633789062,153.7819061279297,1139951,119957,72107,51916,1100580,23750,1812929,73010,339751,14924,249576,14692,101812,87714,3039,540795,101845,10325,20494,16447,476180,105352,122353,21283,277969,205113,53515,132464,112443,20641,57485,134742,28084,75628,1115836,12862,28909,123629,1005037,26130,213742,21066,12142,61287,60326,2583504,37438,14840,48779,78814,189023,212990,199786,17367,74427,13673,28931,293409,826534,9640,158796,36434,1225296,406375,32461,479886,4108258,255813,302225,225276,53445,320110,89640,21830,22366,30243,181392,1560807,9263,115392,46840,113304,23276,21608,90289,19527,21091,13469,27652.0,876522,109856,131991,56419,146777,38586,12579,121691,278411,219430,157796
2026-04-30 14:05:00+00:00,271.4700012207031,212.77999877929688,237.9499969482422,386.6300048828125,345.15789794921875,345.5299987792969,260.92999267578125,39.72999954223633,410.57000732421875,319.0299987792969,53.04999923706055,146.3000030517578,169.60000610351562,69.12999725341797,1050.385009765625,56.68000030517578,128.15249633789062,328.2149963378906,287.8699951171875,287.7749938964844,33.63999938964844,190.64999389648438,125.69499969482422,1013.8900146484375,174.22999572753906,89.48999786376953,35.43000030517578,83.26000213623047,191.42999267578125,114.73999786376953,177.6699981689453,50.630001068115234,138.5800018310547,59.66999816894531,11.734999656677246,204.6999969482422,131.14999389648438,77.4000015258789,370.93951416015625,914.4349975585938,41.66999816894531,326.4800109863281,323.2099914550781,241.8350067138672,226.66799926757812,93.0,381.2500915527344,449.95001220703125,230.2949981689453,311.1600036621094,32.400001525878906,78.68000030517578,920.2965698242188,236.10000610351562,507.25,360.8349914550781,291.8800048828125,79.18000030517578,603.3099975585938,241.77000427246094,111.1449966430664,187.4949951171875,401.260009765625,43.80500030517578,20.59000015258789,86.27999877929688,202.0,161.7949981689453,98.25,59.564998626708984,157.58999633789062,26.690200805664062,146.61000061035156,198.32000732421875,220.7100067138672,175.02000427246094,49.939998626708984,175.3083953857422,693.3049926757812,104.19000244140625,91.1500015258789,56.0,429.5199890136719,315.2799987792969,50.939998626708984,128.9600067138672,157.13999938964844,469.510009765625,254.2274932861328,369.010009765625,272.6000061035156,363.3500061035156,56.4900016784668,329.3500061035156,247.60000610351562,427.5,81.55999755859375,75.56999969482422,130.86000061035156,153.68499755859375,737419,119486,53063,83407,1068214,25971,1126840,48652,250257,18605,271862,15959,113737,126291,4026,221880,138800,16329,30910,20836,420377,77153,82094,28285,191992,216955,72521,76471,137186,21672,65995,91357,27599,45770,2778495,21013,44046,131323,757999,19357,71417,38952,17649,20037,78247,2435014,22903,51271,89675,86878,201131,219027,115562,19386,70711,20846,33626,331007,739155,15083,249604,49078,1698417,210593,24054,269252,4606787,244997,171243,190664,47605,367599,119089,21610,18221,21749,117918,1123622,15236,134043,45245,71892,16799,18977,73536,43678,27148,14684,6371.0,821483,60672,79070,77468,100886,45023,6062,150734,106410,180098,146472
2026-04-30 14:10:00+00:00,271.19000244140625,213.57000732421875,238.7100067138672,387.2349853515625,345.39849853515625,346.3399963378906,260.6000061035156,39.71500015258789,412.4100036621094,318.114990234375,53.04999923706055,146.47000122070312,169.39999389648438,69.2249984741211,1050.55615234375,56.619998931884766,127.96499633789062,327.69500732421875,286.7300109863281,287.44500732421875,33.529998779296875,190.2100067138672,125.54000091552734,1014.0050048828125,174.6699981689453,89.54000091552734,35.380001068115234,83.22000122070312,191.17999267578125,114.69999694824219,177.4199981689453,50.54999923706055,138.44000244140625,59.7599983215332,11.819999694824219,204.36000061035156,131.3000030517578,77.52999877929688,370.3999938964844,914.739990234375,41.67499923706055,325.8550109863281,323.510009765625,241.63079833984375,226.1199951171875,93.2249984741211,381.7060852050781,450.4700012207031,230.5,311.2699890136719,32.400001525878906,78.69999694824219,924.4400024414062,235.875,507.7449951171875,361.1050109863281,291.8800048828125,79.37000274658203,602.85498046875,241.6649932861328,111.2300033569336,187.5399932861328,403.94000244140625,43.744998931884766,20.510000228881836,86.41999816894531,201.9199981689453,162.02999877929688,98.93000030517578,59.52000045776367,157.74000549316406,26.719999313354492,146.34500122070312,198.41000366210938,220.76499938964844,174.94000244140625,49.94499969482422,176.3220977783203,697.3200073242188,104.63999938964844,91.20999908447266,55.90999984741211,429.7449951171875,315.8900146484375,50.91999816894531,128.75999450683594,157.25,468.8550109863281,254.0399932861328,370.181396484375,273.0799865722656,365.739990234375,56.40999984741211,329.30999755859375,247.4199981689453,427.6050109863281,81.61000061035156,75.55999755859375,130.9199981689453,153.7100067138672,586874,193174,63645,67198,909511,29865,1076510,51755,191723,181328,204462,17526,106705,118358,5146,287514,63168,11393,44879,21773,348092,42578,108780,45194,172406,133440,54620,67884,82217,25947,94857,131797,28793,61176,2294114,14798,37107,126679,859961,19395,65189,42563,24650,24845,90632,2248521,30293,68191,73574,58761,122298,169194,194945,28280,54843,11404,50012,227890,679928,14567,172935,45474,1532283,294556,31831,227698,3861888,232020,221055,134259,56812,396833,139140,35307,12816,25434,106905,1791126,11744,117491,110993,111764,11059,29403,60252,38778,42364,32698,4512.0,639932,77076,94362,63107,94097,35282,9655,142170,51560,246771,138663
2026-04-30 14:15:00+00:00,271.0400085449219,214.14999389648438,239.9499969482422,386.95001220703125,344.42498779296875,346.9100036621094,258.5400085449219,39.779998779296875,411.4800109863281,318.82000732421875,53.30099868774414,147.1199951171875,169.83999633789062,69.30000305175781,1055.7039794921875,56.630001068115234,128.39999389648438,327.9700012207031,288.06500244140625,288.29998779296875,34.064998626708984,190.7100067138672,125.7699966430664,1014.97998046875,174.72999572753906,89.6449966430664,35.404998779296875,83.3550033569336,191.52000427246094,115.12999725341797,178.5,50.599998474121094,138.4469451904297,59.70000076293945,11.835000038146973,204.3397979736328,131.48500061035156,77.86000061035156,368.125,916.3300170898438,41.76499938964844,327.32000732421875,324.2200012207031,240.3800048828125,226.6904754638672,92.58000183105469,382.7843017578125,452.4700012207031,230.72000122070312,312.4921875,32.44499969482422,78.81999969482422,925.9500122070312,236.92572021484375,511.0299987792969,362.1099853515625,292.8999938964844,79.5199966430664,600.22998046875,241.9499969482422,112.04000091552734,188.1699981689453,402.44000244140625,43.779998779296875,20.479999542236328,86.43000030517578,201.00320434570312,161.85009765625,98.7300033569336,59.59000015258789,158.1999969482422,26.795000076293945,146.8000030517578,199.4768829345703,221.5560302734375,174.77000427246094,49.97999954223633,178.27999877929688,700.155029296875,105.36000061035156,91.77999877929688,55.9900016784668,432.04998779296875,317.32000732421875,51.150001525878906,128.875,157.28500366210938,472.19500732421875,254.66246032714844,369.8999938964844,274.010009765625,366.125,56.68000030517578,330.0,247.84500122070312,428.93121337890625,82.11000061035156,75.62999725341797,131.02000427246094,154.0,434257,204674,59081,36401,838926,35010,1474963,57193,225992,53489,300841,10125,88589,49043,6097,224545,62397,26219,23149,16846,548600,52407,74283,19025,263679,145345,32902,81633,100833,16460,85417,96218,26271,128446,1260311,23501,51026,99344,1017448,23101,124935,41483,15592,25085,55766,2508636,26021,130698,74624,76773,118092,163721,163197,23976,50060,418403,63794,234315,1162573,9964,204879,84347,884136,265120,28145,299716,8886165,262711,171367,176871,57295,467376,113560,16197,75087,33141,189214,1761645,9653,129137,101248,69036,8268,21033,79723,38166,26302,20886,6230.0,615036,72848,61901,88482,129010,55070,7156,200616,53567,192994,222469
2026-04-30 14:20:00+00:00,271.739990234375,214.0800018310547,239.89999389648438,386.60009765625,344.1700134277344,347.0,259.0950012207031,39.86000061035156,410.7301025390625,318.614990234375,53.209999084472656,147.2550048828125,170.02999877929688,69.2699966430664,1055.949951171875,56.43000030517578,128.2550048828125,327.9649963378906,287.5450134277344,288.07000732421875,34.15999984741211,190.57000732421875,126.06999969482422,1013.8699951171875,175.0399932861328,89.81999969482422,35.5,83.3499984741211,191.60000610351562,115.38999938964844,179.17999267578125,50.7599983215332,138.72000122070312,59.755001068115234,11.770000457763672,204.6999969482422,131.39500427246094,77.69999694824219,369.2318115234375,914.6199951171875,41.814998626708984,327.7799987792969,324.5899963378906,241.1699981689453,226.73500061035156,92.2750015258789,382.6700134277344,451.7749938964844,230.65499877929688,312.510009765625,32.53499984741211,78.80999755859375,924.7000122070312,237.08999633789062,508.3299865722656,362.3999938964844,293.2099914550781,79.60050201416016,600.3499755859375,241.85000610351562,111.91000366210938,188.00999450683594,401.2698974609375,43.83000183105469,20.565000534057617,86.5,201.27999877929688,161.65499877929688,98.80000305175781,59.68000030517578,158.3000030517578,26.780000686645508,146.83999633789062,199.3000030517578,221.4949951171875,174.30999755859375,49.96500015258789,178.67999267578125,701.3350219726562,105.3499984741211,91.8499984741211,55.869998931884766,431.3500061035156,316.55499267578125,51.119998931884766,128.875,157.27499389648438,472.8074951171875,255.02000427246094,369.9800109863281,274.7650146484375,366.3500061035156,56.630001068115234,328.7799987792969,247.5500030517578,427.5299987792969,82.04000091552734,75.84500122070312,131.0500946044922,154.19000244140625,410765,233512,55132,31136,450194,23154,907368,41009,193602,52428,252762,13436,110004,40656,4295,269077,82781,23909,28543,22213,590207,40247,98438,20101,328473,124279,45925,83337,112872,11097,77742,64438,47124,44002,1739125,19128,45363,48626,759929,29141,139821,35057,16308,11393,49020,1769410,24931,9259,51629,87162,86207,253294,145815,17115,53240,9810,41320,150866,902884,16156,227531,64993,993850,318708,34905,469261,3944261,195321,140271,113444,30299,410438,112358,27932,22322,38843,120730,1422742,9486,70153,332889,136785,14022,12882,52615,41834,23027,32529,6510.0,509527,65306,95916,111776,132589,41012,9928,106234,50149,143936,164674
2026-04-30 14:25:00+00:00,271.91900634765625,214.06500244140625,239.7050018310547,385.7349853515625,343.1099853515625,347.4800109863281,259.04998779296875,39.875,407.6099853515625,319.114990234375,53.255001068115234,147.57000732421875,169.97000122070312,69.33000183105469,1057.375,56.64500045776367,128.41000366210938,328.0,287.385009765625,288.25,34.21500015258789,190.94000244140625,126.0,1013.9199829101562,175.63999938964844,89.93000030517578,35.45500183105469,83.36000061035156,191.64999389648438,115.41500091552734,179.38999938964844,50.70000076293945,138.80499267578125,59.724998474121094,11.895000457763672,204.86500549316406,131.66000366210938,77.91999816894531,369.0799865722656,915.2150268554688,41.810001373291016,327.9649963378906,324.5299987792969,241.10000610351562,227.9499969482422,92.59089660644531,383.57000732421875,453.0,230.99000549316406,313.0199890136719,32.59000015258789,79.04000091552734,925.9500122070312,237.3524932861328,508.7099914550781,362.4599914550781,294.01080322265625,79.7249984741211,602.2899169921875,242.125,111.66999816894531,188.0,401.6499938964844,43.86000061035156,20.559999465942383,86.66000366210938,200.61500549316406,161.6300048828125,98.69499969482422,59.619998931884766,158.33999633789062,26.834999084472656,147.07000732421875,199.5850067138672,221.9199981689453,174.68499755859375,49.84000015258789,176.94500732421875,701.1500244140625,105.45999908447266,91.75499725341797,55.880001068115234,431.6400146484375,317.0899963378906,51.25,128.80999755859375,157.4600067138672,473.0400085449219,255.8000030517578,370.5050048828125,275.1000061035156,366.57501220703125,56.72999954223633,329.55999755859375,247.52000427246094,427.7950134277344,82.24500274658203,75.9000015258789,131.11000061035156,154.1999969482422,704724,122426,57473,29627,682298,21070,800049,134085,339141,47629,153637,15763,56502,42031,3133,212360,62313,26656,15522,18100,357625,33435,106102,18155,177548,141685,244441,61198,85324,18709,45331,106987,18215,35203,1530285,27120,36548,87545,633336,30991,130629,48868,11380,16874,59503,1988074,15629,16612,76963,58870,111623,611712,109607,15502,41376,11325,54857,227506,972714,10201,105459,25278,1169425,222674,31111,198456,4601300,212295,104300,79177,56533,851730,97537,16483,13474,36904,152477,986344,8045,69945,67301,82631,9055,17675,44499,53735,27183,15358,8519.0,527324,81761,50777,40949,82449,28571,9973,159240,130211,189134,121348
2026-04-30 14:30:00+00:00,271.6199951171875,213.93499755859375,240.85989379882812,385.55999755859375,341.32000732421875,347.4599914550781,258.625,39.959999084472656,406.00750732421875,318.92999267578125,53.404998779296875,147.6750030517578,170.0500030517578,69.17500305175781,1058.6290283203125,56.48500061035156,128.66549682617188,328.1700134277344,288.114990234375,288.2950134277344,34.125,191.25,126.36000061035156,1015.4749755859375,175.8800048828125,90.23999786376953,35.599998474121094,83.36499786376953,192.07000732421875,115.44000244140625,179.8249969482422,50.900001525878906,139.2899932861328,59.9900016784668,11.9350004196167,205.35499572753906,131.63499450683594,77.95500183105469,366.79998779296875,917.969970703125,41.8650016784668,328.3800048828125,324.8399963378906,241.67999267578125,227.68499755859375,92.45999908447266,383.6000061035156,452.18499755859375,230.55999755859375,313.6400146484375,32.619998931884766,79.04499816894531,924.9299926757812,237.43499755859375,508.80499267578125,362.5299987792969,294.20001220703125,79.66000366210938,604.39501953125,242.75999450683594,111.41999816894531,188.52749633789062,402.42999267578125,44.0,20.575000762939453,86.88500213623047,200.02999877929688,161.22999572753906,98.98500061035156,59.77799987792969,158.39999389648438,26.844999313354492,147.16000366210938,200.0,222.58999633789062,174.94000244140625,49.904998779296875,178.24000549316406,702.614990234375,105.61499786376953,91.87999725341797,55.95000076293945,432.1400146484375,316.55499267578125,51.29999923706055,128.6999969482422,157.08999633789062,473.17999267578125,256.6099853515625,372.08819580078125,276.0299987792969,367.42498779296875,56.79999923706055,329.9049987792969,248.75,428.2699890136719,82.33000183105469,75.95999908447266,131.16000366210938,154.6199951171875,434647,109410,56076,68351,574995,13781,1014921,45201,268234,130268,164921,16202,63601,182970,6265,201491,86658,12487,19491,19916,307481,40487,84848,30479,246514,240140,185509,47945,103653,17029,81869,80868,33915,55532,1331278,26589,33230,88153,692071,15403,121691,37169,12896,14139,60609,1459859,26273,20432,74430,83453,91627,158385,73859,43294,42145,13300,45901,232630,647182,113361,108680,43386,925707,245150,37852,369180,4593047,238728,141800,106597,39133,1793970,101577,27685,19979,44254,207697,763650,28107,80884,122601,115308,19891,19770,77894,29316,26409,11157,5101.0,975523,78026,82688,199746,104167,37108,7274,195560,99742,201834,133308
2026-04-30 14:35:00+00:00,271.0799865722656,214.6699981689453,241.90499877929688,385.4100036621094,338.20989990234375,347.9700012207031,258.7099914550781,40.05179977416992,404.5199890136719,319.05499267578125,53.44499969482422,148.0050048828125,169.89999389648438,69.20999908447266,1059.5999755859375,56.72999954223633,128.63999938964844,328.0150146484375,289.6600036621094,288.29998779296875,34.210601806640625,191.25999450683594,126.625,1015.5999755859375,176.24000549316406,90.23999786376953,35.70000076293945,83.47000122070312,192.50999450683594,115.33000183105469,179.9199981689453,51.04010009765625,139.64500427246094,60.19499969482422,11.914999961853027,205.8074951171875,131.90499877929688,77.84500122070312,365.90008544921875,918.0900268554688,41.86000061035156,328.95001220703125,324.7699890136719,242.1300048828125,227.80999755859375,91.58499908447266,385.9100036621094,453.1099853515625,230.7050018310547,313.80999755859375,32.685001373291016,78.94499969482422,930.0,237.82000732421875,508.614990234375,362.79998779296875,294.3800048828125,79.79000091552734,604.3900756835938,243.6024932861328,111.69000244140625,188.50999450683594,401.5400085449219,44.04499816894531,20.604999542236328,87.01499938964844,198.8699951171875,160.67990112304688,98.25,59.94969940185547,158.61000061035156,26.895000457763672,147.25,200.3000030517578,222.8300018310547,175.75999450683594,49.959999084472656,175.67999267578125,705.4149780273438,105.5,92.0199966430664,55.974998474121094,433.0,316.9200134277344,51.36000061035156,128.6999969482422,156.94000244140625,475.1199951171875,257.3800048828125,371.55999755859375,275.7950134277344,368.06500244140625,56.81999969482422,330.30999755859375,249.74000549316406,428.7250061035156,82.41999816894531,76.0374984741211,131.2050018310547,154.7899932861328,387510,150997,38997,51606,648479,18428,2774067,129327,282278,43722,243904,31752,61696,78609,4644,177764,76007,16162,23772,27250,444519,37408,92040,28700,109075,139764,252263,86538,123936,11181,89854,120287,36951,38500,1034313,16258,68267,68145,689700,11589,136408,25823,9924,18555,36340,2231746,21836,12964,74753,68265,101830,119770,174303,17865,44233,13230,51666,213807,564569,7312,91157,51910,767471,202400,21771,269078,4851508,446172,139068,177325,49127,331186,60817,17118,11055,64491,512995,691356,14488,91831,108782,94853,13345,12343,64440,27814,29915,33740,11383.0,1034473,72659,65406,182037,75628,23454,9334,120001,80871,316717,169040
2026-04-30 14:40:00+00:00,271.4700012207031,214.5449981689453,241.86000061035156,386.0450134277344,340.8450012207031,347.9599914550781,258.2406005859375,40.0,405.7799987792969,318.75,53.32500076293945,147.7050018310547,170.00990295410156,69.06999969482422,1058.8011474609375,56.79999923706055,128.39999389648438,327.5050048828125,292.0,287.9100036621094,33.84000015258789,191.17999267578125,126.28500366210938,1015.10498046875,176.63999938964844,90.37000274658203,35.68000030517578,83.69999694824219,192.27000427246094,114.91999816894531,179.4550018310547,51.029998779296875,139.3800048828125,60.16999816894531,11.859000205993652,205.83999633789062,132.02999877929688,77.69000244140625,368.0400085449219,918.0499877929688,41.779998779296875,328.30499267578125,323.7099914550781,242.47500610351562,228.0500030517578,92.76000213623047,386.45001220703125,452.1499938964844,230.83999633789062,313.1650085449219,32.6150016784668,78.77999877929688,928.6649780273438,237.11000061035156,505.91650390625,361.8599853515625,293.95989990234375,79.91500091552734,602.7999877929688,244.2899932861328,112.02239990234375,188.40750122070312,404.05999755859375,43.90999984741211,20.549999237060547,87.11000061035156,200.64999389648438,161.28500366210938,98.21499633789062,59.974998474121094,158.52000427246094,26.895000457763672,147.14500427246094,199.5800018310547,222.7198944091797,176.52999877929688,49.915000915527344,175.3699951171875,706.1400146484375,105.48999786376953,91.98999786376953,55.959999084472656,431.9800109863281,316.6400146484375,51.345001220703125,128.4149932861328,156.44000244140625,475.375,257.1600036621094,372.7349853515625,275.5799865722656,368.19500732421875,56.755001068115234,329.3299865722656,250.92999267578125,429.3399963378906,82.20999908447266,75.8499984741211,131.3300018310547,154.52000427246094,363410,79533,50881,38076,574630,17783,824887,43162,229019,40502,701831,32292,74734,51381,3147,144541,43883,9938,29854,15021,802761,35285,86398,13685,101307,284216,73223,73774,105783,24931,78270,258965,26638,65676,909925,6487,37493,65254,780042,12489,141798,26888,12180,29706,43302,2141893,10198,22878,62045,118540,86830,95155,103974,10832,70084,12131,40530,142027,481684,17855,105450,25680,795246,286886,27152,337209,4400864,338427,88728,214473,42374,416127,62377,20228,8913,19254,135810,693652,6742,84641,143709,72689,7028,16084,65685,32103,32295,30117,11750.0,559295,67891,48518,271661,143734,46700,9254,145935,193293,180455,160961
2026-04-30 14:45:00+00:00,270.989990234375,214.40499877929688,242.9149932861328,386.5975036621094,342.6700134277344,348.2950134277344,257.7699890136719,39.939998626708984,406.4725036621094,319.67999267578125,53.31999969482422,147.4600067138672,170.36000061035156,69.08769989013672,1059.489990234375,56.82500076293945,128.5,327.70001220703125,292.4200134277344,288.1348876953125,34.05500030517578,191.24000549316406,126.23999786376953,1014.2075805664062,176.86000061035156,90.19000244140625,35.665000915527344,83.7699966430664,192.35850524902344,114.61000061035156,179.595703125,51.0,139.3699951171875,60.1349983215332,11.8149995803833,205.44000244140625,131.97999572753906,77.55999755859375,368.5799865722656,919.3699951171875,41.775001525878906,328.5299987792969,323.70001220703125,242.5500030517578,228.39500427246094,92.69999694824219,387.5707092285156,453.2900085449219,230.89999389648438,313.3900146484375,32.584999084472656,78.71499633789062,927.6900024414062,237.0399932861328,509.2699890136719,362.1300048828125,293.739990234375,79.80999755859375,604.02001953125,244.4600067138672,111.8550033569336,188.72000122070312,405.03009033203125,43.98500061035156,20.549999237060547,87.3550033569336,201.24000549316406,161.83999633789062,97.90499877929688,59.880001068115234,158.25,26.885000228881836,147.00999450683594,199.77000427246094,222.56500244140625,176.16000366210938,50.125,178.14999389648438,704.6400146484375,105.5,92.08999633789062,56.0099983215332,432.32000732421875,317.2074890136719,51.345001220703125,128.19000244140625,156.52000427246094,475.135009765625,257.45001220703125,374.2956848144531,275.9599914550781,368.1400146484375,56.72999954223633,330.1700134277344,250.5800018310547,429.44500732421875,82.09500122070312,75.88999938964844,131.25999450683594,154.4250030517578,363663,116675,42318,31426,502322,18634,1163239,39283,186889,26411,197225,9589,59896,36934,4319,210744,41935,8802,22640,9968,445281,26676,76633,9398,114409,182873,43299,81211,69612,21602,75204,70522,52126,27480,684013,15732,63701,89080,614944,15128,55163,35566,14107,13551,52907,1994714,12855,13757,106112,50493,83749,104459,60312,11708,63193,13624,29819,82952,464076,7546,115820,18954,836547,181622,21005,233310,3400864,182452,76239,86040,74863,306861,94769,30859,8421,26833,77871,716195,8988,59306,98221,65064,10300,35868,41639,23720,21264,27284,9969.0,922620,37957,48902,85606,104179,26563,3597,73729,162211,170880,110396
2026-04-30 14:50:00+00:00,271.2200012207031,214.26499938964844,242.86000061035156,388.69000244140625,345.42999267578125,348.6099853515625,259.7699890136719,39.95000076293945,408.54998779296875,319.6400146484375,53.380001068115234,147.5800018310547,169.9499969482422,69.0647964477539,1060.844970703125,56.755001068115234,128.61000061035156,327.25,291.0400085449219,287.82000732421875,34.05500030517578,191.08999633789062,126.32499694824219,1012.2000122070312,176.52000427246094,90.37000274658203,35.665000915527344,83.50499725341797,192.3800048828125,114.40499877929688,179.65499877929688,50.99530029296875,139.27000427246094,60.209999084472656,11.8100004196167,205.36000061035156,132.0,77.53500366210938,370.2699890136719,921.0999755859375,41.790000915527344,328.1549987792969,323.010009765625,241.1199951171875,228.67919921875,92.97000122070312,387.45001220703125,453.4599914550781,230.4600067138672,313.3949890136719,32.56999969482422,78.7300033569336,927.7000122070312,236.88999938964844,509.32000732421875,361.489990234375,293.3999938964844,79.80999755859375,606.6849975585938,243.32000732421875,111.6500015258789,189.02000427246094,405.7749938964844,44.025001525878906,20.54509925842285,87.43499755859375,201.63499450683594,162.36000061035156,97.5999984741211,59.8849983215332,158.22000122070312,26.864999771118164,146.91000366210938,199.39999389648438,222.8000030517578,175.2899932861328,50.220001220703125,178.75,704.6599731445312,105.56999969482422,92.06999969482422,56.099998474121094,432.1050109863281,316.9800109863281,51.314998626708984,128.10499572753906,156.2449951171875,475.05499267578125,257.4324951171875,374.8799133300781,277.0,368.7644958496094,56.720001220703125,330.8599853515625,249.1699981689453,430.2099914550781,82.13099670410156,75.82499694824219,130.94000244140625,154.3699951171875,352657,128457,36406,58121,672118,51519,1071684,44265,176506,213721,166627,26559,42659,36998,5773,208444,47174,15158,26439,10370,795665,90070,64953,12552,116315,123206,41437,49406,172227,26920,50410,89587,17213,73926,427110,13457,37163,46756,479348,16286,76424,28549,32087,12337,45840,1417861,13695,8218,116999,53678,74042,164018,77661,12372,44697,13812,23202,59986,411993,18703,119212,30802,738418,191213,23983,189848,2908703,348320,65421,68754,41577,409182,39675,17744,8414,36892,69269,702532,8950,67897,67005,86310,8721,19259,38565,24579,19447,14720,7691.0,803213,104768,386728,52750,122325,22391,31015,188081,120131,118174,168028
2026-04-30 14:55:00+00:00,270.8605041503906,213.80499267578125,242.97500610351562,389.9700012207031,345.5899963378906,347.739990234375,259.510009765625,40.025001525878906,410.1199951171875,319.2300109863281,53.375,147.5500030517578,169.8699951171875,69.30000305175781,1063.3599853515625,56.775001525878906,128.60000610351562,326.8550109863281,291.2799987792969,287.9649963378906,34.15999984741211,191.22000122070312,126.41000366210938,1010.6099853515625,176.61500549316406,90.44999694824219,35.689998626708984,83.62000274658203,192.50999450683594,114.33999633789062,179.6199951171875,51.040000915527344,139.1999969482422,60.150001525878906,11.861300468444824,205.0399932861328,131.9499969482422,77.37000274658203,372.17498779296875,920.9299926757812,41.900001525878906,327.8599853515625,322.8599853515625,241.08999633789062,228.6999969482422,92.62000274658203,387.9800109863281,452.5400085449219,229.88499450683594,313.17498779296875,32.60499954223633,78.58999633789062,924.3150024414062,236.55999755859375,507.385009765625,361.2650146484375,292.9800109863281,79.68000030517578,608.3499755859375,243.4550018310547,111.1500015258789,189.0675048828125,406.2200012207031,43.9900016784668,20.674999237060547,87.36000061035156,201.77999877929688,162.3000030517578,97.69000244140625,59.970001220703125,158.11000061035156,26.815000534057617,146.6999969482422,199.0,222.68499755859375,175.07000732421875,50.220001220703125,179.8437042236328,705.2100219726562,105.69999694824219,92.0999984741211,56.255001068115234,430.8550109863281,316.75,51.34000015258789,128.1199951171875,156.125,474.4700012207031,257.6000061035156,375.92999267578125,277.43499755859375,368.7099914550781,56.685001373291016,330.0450134277344,248.6199951171875,429.7749938964844,82.05000305175781,75.83499908447266,130.75999450683594,154.45030212402344,261250,80028,34006,41108,682424,40077,1067457,55792,127889,39983,134648,28065,63175,38699,4051,131315,111520,13976,14844,14027,449055,36429,53765,10022,100076,418838,26918,67009,70742,37757,35644,49646,27057,37000,367354,11411,48801,110923,716071,13083,76860,29541,10059,9198,39669,1345292,13449,61135,72037,43652,114292,106288,77435,10711,33945,14082,23984,107133,640437,7948,111209,35846,700369,131054,40528,194670,2661821,198202,101013,107062,40739,466966,67000,15543,7220,22565,72149,1409757,12026,57801,55550,77210,9015,45975,32159,19543,22087,18983,10367.0,827546,81128,34609,209490,130629,17371,5904,76578,49607,107418,159607
2026-04-30 15:00:00+00:00,271.1199951171875,213.0850067138672,242.5399932861328,389.80999755859375,347.3800048828125,347.3550109863281,259.8299865722656,40.125,410.885009765625,319.30999755859375,53.350101470947266,147.34750366210938,169.77000427246094,69.44999694824219,1061.3499755859375,56.790000915527344,128.52999877929688,326.7049865722656,290.8500061035156,287.19000244140625,34.209999084472656,191.03500366210938,127.02999877929688,1010.0200805664062,176.73500061035156,90.41999816894531,35.790000915527344,83.6500015258789,193.125,114.30000305175781,178.93499755859375,51.17509841918945,139.75999450683594,60.22999954223633,11.854999542236328,205.5449981689453,131.68499755859375,77.04000091552734,373.5899963378906,919.8499755859375,42.04999923706055,327.2200012207031,322.4599914550781,240.9199981689453,228.6699981689453,93.22000122070312,388.3251037597656,451.6499938964844,229.36000061035156,313.04998779296875,32.67499923706055,78.62249755859375,921.4000244140625,236.1742706298828,505.7799987792969,361.3299865722656,292.385009765625,79.61199951171875,608.4749755859375,244.80999755859375,110.45999908447266,188.92999267578125,405.6400146484375,43.959999084472656,20.71500015258789,87.47000122070312,201.75,162.11000061035156,97.51499938964844,60.16999816894531,157.89500427246094,26.75,146.42999267578125,198.5749969482422,222.4600067138672,175.99000549316406,50.15999984741211,180.1793975830078,704.3250122070312,105.44000244140625,92.2300033569336,56.43000030517578,430.44000244140625,316.260009765625,51.28499984741211,128.0800018310547,155.8800048828125,473.82000732421875,258.3500061035156,377.7550048828125,276.4800109863281,368.1199951171875,56.64500045776367,328.2650146484375,249.8800048828125,428.4200134277344,81.93499755859375,76.02999877929688,130.75999450683594,154.97999572753906,260376,113002,35655,52203,1095075,57618,946951,82200,187083,35951,182794,43837,102872,86416,3292,181702,66314,21759,17319,22968,594454,40401,99733,9831,63509,167583,40789,78929,115431,36555,48753,121853,24617,53868,445428,37580,112949,144616,849723,10912,427407,24569,14351,13410,34869,1808643,18922,16537,53609,46919,156090,209392,66960,9212,31260,9531,33703,243383,568259,20232,122675,28942,606576,327294,26499,352570,2691681,207452,86163,104068,33919,591051,72752,37055,46540,39239,100276,856959,7112,90185,119697,157220,11438,26822,46111,28572,30164,32369,10077.0,1247795,97580,35433,135101,93665,34276,8273,79419,107229,113668,218727
2026-04-30 15:05:00+00:00,271.2650146484375,213.1999969482422,242.49000549316406,390.125,347.989990234375,347.1449890136719,260.17779541015625,39.971500396728516,411.92498779296875,319.4150085449219,53.3650016784668,147.30999755859375,169.6999969482422,69.30999755859375,1062.969970703125,56.84000015258789,128.5800018310547,326.614990234375,292.125,286.68499755859375,34.38999938964844,191.02999877929688,126.68000030517578,1009.4199829101562,177.00999450683594,90.43000030517578,35.709999084472656,83.56999969482422,192.5749969482422,114.2300033569336,178.92999267578125,51.04999923706055,139.47999572753906,60.18000030517578,11.835000038146973,204.9600067138672,131.60000610351562,77.05500030517578,375.55999755859375,920.1400146484375,41.97999954223633,327.1700134277344,322.2900085449219,241.00999450683594,229.07000732421875,94.33000183105469,388.0,452.1199951171875,229.27000427246094,312.8900146484375,32.60499954223633,78.51000213623047,919.489990234375,235.73500061035156,505.25,360.510009765625,292.1000061035156,79.66999816894531,605.5599975585938,243.6999969482422,110.4749984741211,189.1199951171875,405.1499938964844,43.98500061035156,20.645000457763672,87.56639862060547,202.36929321289062,162.30499267578125,97.19940185546875,59.97999954223633,157.61000061035156,26.709999084472656,146.2899932861328,198.98500061035156,222.5749969482422,175.3719940185547,50.130001068115234,183.0500946044922,703.1599731445312,104.91000366210938,92.12000274658203,56.31999969482422,430.3399963378906,316.1213073730469,51.27000045776367,127.98999786376953,155.67999267578125,473.6300048828125,257.56500244140625,377.2699890136719,276.3399963378906,368.04998779296875,56.595001220703125,329.04998779296875,249.22000122070312,428.2099914550781,81.94000244140625,75.87000274658203,130.60000610351562,154.3800048828125,346237,89471,27694,57376,425788,43144,947388,86785,225630,64802,151665,17665,63759,47752,3953,344436,46640,7373,14215,29651,332184,29055,79779,11283,104739,198971,43417,107158,490670,24545,43818,131093,52624,40096,458188,22343,56622,133177,1071829,21849,141918,39972,16183,14252,49665,3055100,14159,20933,61682,45222,84591,347298,50036,15682,36820,5980,44522,97402,511590,16487,126696,41531,537852,181340,60279,218887,2608848,169903,160679,164358,41240,165492,46134,24856,8178,57128,106657,1367879,7276,83281,75647,106841,6841,55086,34751,23012,22928,47237,10959.0,699874,66847,38092,168030,119755,30942,8680,71204,51494,83663,127702
2026-04-30 15:10:00+00:00,271.2900085449219,212.6999969482422,242.64999389648438,389.5104064941406,348.30999755859375,346.9150085449219,260.0692138671875,40.02000045776367,412.9049987792969,319.4049987792969,53.400001525878906,147.30999755859375,169.02999877929688,69.38999938964844,1063.135009765625,56.779998779296875,128.67999267578125,326.1199951171875,291.760009765625,286.5,34.32500076293945,191.1898956298828,126.86000061035156,1007.5999755859375,177.33999633789062,90.47000122070312,35.67499923706055,83.33000183105469,192.85000610351562,114.1500015258789,178.7310028076172,51.02000045776367,139.55999755859375,60.08000183105469,11.845000267028809,205.3800048828125,131.42999267578125,76.83999633789062,377.8299865722656,920.2698974609375,42.0099983215332,327.06500244140625,322.5899963378906,240.02499389648438,228.72000122070312,94.05500030517578,387.8299865722656,452.2699890136719,228.8800048828125,312.6650085449219,32.625,78.42500305175781,920.6749877929688,235.71499633789062,505.9150085449219,360.54998779296875,292.125,79.75,606.4299926757812,244.5399932861328,110.38500213623047,188.97000122070312,404.5899963378906,44.04330062866211,20.725000381469727,87.51499938964844,201.88999938964844,162.21009826660156,97.26000213623047,60.03499984741211,157.46499633789062,26.674999237060547,146.27999877929688,198.83999633789062,222.57000732421875,175.5500030517578,50.130001068115234,185.2050018310547,703.5900268554688,104.66999816894531,92.01699829101562,56.310001373291016,429.6600036621094,315.82501220703125,51.29499816894531,127.79000091552734,155.63499450683594,474.1199951171875,258.0,376.625,276.2099914550781,367.875,56.58000183105469,328.81500244140625,250.8699951171875,427.8800048828125,81.87899780273438,75.81999969482422,130.5399932861328,154.61000061035156,231767,74478,24980,42669,562730,36685,790096,93091,270388,11262,234795,8721,118300,56105,6248,137695,73589,8138,12887,26520,487245,28905,83354,7298,156503,106178,19172,53667,131801,16770,27491,86538,18524,86897,389536,7852,36644,69149,1263028,12804,123199,28078,21304,28451,41119,2105014,16208,10410,52214,42578,224217,75022,32169,10459,44382,7361,26871,96794,401659,8589,194406,53043,378600,119579,32070,307606,2106365,123937,70218,196234,30570,184750,61788,12988,7954,50981,96694,1491086,5733,57880,65137,84037,8983,10517,35417,18338,32344,9491,4092.0,572668,56179,43403,81330,86498,26223,1823,87923,38844,87436,91398
2026-04-30 15:15:00+00:00,271.1549987792969,212.91000366210938,243.3000030517578,389.0799865722656,348.19500732421875,346.8800048828125,259.010009765625,40.005001068115234,411.8999938964844,319.82000732421875,53.415000915527344,147.57000732421875,168.97000122070312,69.20999908447266,1061.489990234375,56.90999984741211,128.7899932861328,326.4949951171875,292.1099853515625,286.5299987792969,34.375,191.4499969482422,126.76319885253906,1006.97998046875,177.88499450683594,90.41000366210938,35.665000915527344,83.33499908447266,192.86000061035156,114.2249984741211,179.16000366210938,51.01499938964844,139.60000610351562,60.125,11.850099563598633,205.64999389648438,131.3699951171875,76.73999786376953,377.1600036621094,920.5449829101562,41.935001373291016,327.4049987792969,322.510009765625,240.5749969482422,228.91000366210938,94.41500091552734,388.8500061035156,452.6300048828125,228.83999633789062,312.614990234375,32.64500045776367,78.4000015258789,920.655029296875,235.83999633789062,505.1600036621094,360.70001220703125,292.2034912109375,79.7750015258789,605.6787109375,245.07000732421875,110.5250015258789,188.88999938964844,404.3800048828125,44.05500030517578,20.719999313354492,87.80999755859375,201.88999938964844,162.07000732421875,97.08499908447266,60.02009963989258,157.5500030517578,26.684999465942383,146.26499938964844,199.08749389648438,222.7550048828125,176.14999389648438,50.310001373291016,186.1999969482422,703.4949951171875,104.73500061035156,92.00499725341797,56.21500015258789,430.9949951171875,316.510009765625,51.3650016784668,128.0,155.57000732421875,474.39410400390625,258.19500732421875,376.9800109863281,276.0299987792969,368.20001220703125,56.654998779296875,328.7850036621094,250.74000549316406,428.2850036621094,81.98500061035156,75.94999694824219,130.50999450683594,154.63499450683594,396783,75552,38610,28183,322758,47938,892784,62011,173186,202951,170598,15937,74148,40621,6861,111182,35249,12850,10462,13066,598846,45887,69369,6815,360030,99991,19709,46646,53548,25377,29128,87275,23485,45464,543779,5982,22231,107070,1262952,10168,60835,38498,11834,10720,37764,1905839,12271,11388,50820,53384,155129,72297,67634,10093,71780,8185,19480,266240,342126,23134,126305,34206,428172,131402,29459,612478,1512152,155865,76471,77939,42374,519703,61000,15706,18912,17602,79538,1570508,6835,41513,55958,67462,9078,13776,69352,27181,27925,15758,8171.0,401048,50870,45654,99914,63104,17921,5884,86144,92580,82653,78518
2026-04-30 15:20:00+00:00,271.4150085449219,212.72000122070312,243.3000030517578,389.68670654296875,347.7049865722656,347.44000244140625,258.8999938964844,40.095001220703125,412.3999938964844,320.2900085449219,53.439998626708984,147.77000427246094,169.15499877929688,69.25,1062.14013671875,56.84000015258789,128.8000030517578,326.67999267578125,292.42999267578125,286.614990234375,34.36000061035156,191.72999572753906,127.01000213623047,1007.8499755859375,177.86500549316406,90.44000244140625,35.73099899291992,83.31999969482422,193.19000244140625,114.31999969482422,179.3300018310547,51.10499954223633,139.86000061035156,60.150001525878906,11.854999542236328,206.0,131.40499877929688,76.75499725341797,376.8999938964844,921.0999755859375,41.98500061035156,327.70001220703125,322.9800109863281,240.5500030517578,228.8780059814453,94.2300033569336,389.1499938964844,453.0299987792969,229.0500030517578,312.8699951171875,32.69499969482422,78.41500091552734,921.885009765625,236.07000732421875,505.3999938964844,360.32000732421875,292.2900085449219,79.81999969482422,605.8200073242188,245.38499450683594,110.41999816894531,189.06500244140625,403.8349914550781,44.099998474121094,20.725000381469727,87.64009857177734,201.22999572753906,162.2550048828125,97.44999694824219,60.22999954223633,157.52999877929688,26.684999465942383,146.47000122070312,199.3000030517578,222.7100067138672,176.74090576171875,50.369998931884766,185.74000549316406,703.844970703125,104.73999786376953,91.91999816894531,56.23500061035156,430.69500732421875,316.6000061035156,51.3849983215332,127.87000274658203,155.96499633789062,475.07000732421875,258.7099914550781,377.3599853515625,276.010009765625,368.95001220703125,56.630001068115234,329.0299987792969,251.25999450683594,428.1600036621094,81.93499755859375,76.11000061035156,130.89999389648438,154.860107421875,378591,48965,28506,25096,354852,14053,999752,97753,201478,53114,166610,22224,75767,42091,4555,215949,100853,12640,30267,23422,239528,67915,45615,17832,102459,139711,19442,95550,79857,21431,28291,54057,34354,31862,558070,9979,34460,196351,855427,14865,68182,32631,32742,32301,35731,1514916,9834,12541,72555,41070,114024,133225,42931,12304,53024,7914,22279,155302,582786,34513,134892,32301,502885,137159,29848,141627,1908422,99269,72504,127149,44291,227907,64715,15410,22367,27440,66237,1333299,7735,128498,91293,74377,8012,13646,39608,27147,30754,19107,15184.0,938089,64427,68292,181416,124774,20448,6020,90625,88963,106677,110150
2026-04-30 15:25:00+00:00,271.5199890136719,212.99000549316406,242.77999877929688,389.7900085449219,348.1600036621094,347.8500061035156,258.2099914550781,40.209999084472656,411.8399963378906,320.8699951171875,53.42499923706055,147.7899932861328,169.03500366210938,69.3499984741211,1063.2850341796875,57.006500244140625,128.80999755859375,326.4599914550781,292.135009765625,286.760009765625,34.3650016784668,191.860107421875,127.23500061035156,1008.7000122070312,177.50999450683594,90.51000213623047,35.755001068115234,83.31999969482422,193.4600067138672,114.33999633789062,179.48500061035156,51.13999938964844,140.08999633789062,60.2400016784668,11.850000381469727,206.5,131.72999572753906,76.86000061035156,375.8299865722656,921.8200073242188,42.11000061035156,328.2300109863281,323.1700134277344,239.61500549316406,229.67999267578125,94.38999938964844,388.4200134277344,454.1600036621094,229.22999572753906,312.7550048828125,32.744998931884766,78.45999908447266,921.14501953125,236.2449951171875,506.010009765625,361.0400085449219,292.81500244140625,80.08000183105469,606.4400024414062,245.67999267578125,110.42500305175781,189.0800018310547,403.04998779296875,44.165000915527344,20.735000610351562,87.66500091552734,201.3209991455078,162.3699951171875,97.66999816894531,60.369998931884766,157.6999969482422,26.71500015258789,146.7899932861328,199.42999267578125,222.6199951171875,176.5449981689453,50.34000015258789,184.7550048828125,704.989990234375,104.75,91.93000030517578,56.3650016784668,430.19000244140625,317.5299987792969,51.33000183105469,128.02999877929688,156.22000122070312,476.0899963378906,259.125,378.4700012207031,277.114990234375,368.8999938964844,56.59000015258789,329.57000732421875,251.39999389648438,428.614990234375,81.93000030517578,76.25,131.0800018310547,155.0800018310547,345706,39137,20335,32422,404305,18863,730549,56542,135047,238111,192045,10787,73789,31735,3594,532164,39855,12198,11328,12063,235026,39291,67155,7458,91393,95857,17709,50259,74976,26085,20059,58491,47767,59278,700432,18896,25302,111709,850458,15374,125522,35787,15074,23455,51554,1221243,8105,8330,33920,42025,95367,82356,58204,26186,36493,9536,24800,344052,525356,20152,148221,41647,600493,139987,132596,119975,1898203,111996,60177,183477,35378,161288,56230,14584,11234,30998,70007,870142,7389,68731,63109,75836,27734,16078,33350,26303,34546,15811,11006.0,898770,55802,39472,139954,114055,37847,5871,89174,79825,126937,106726
2026-04-30 15:30:00+00:00,271.30999755859375,212.89500427246094,241.97000122070312,391.7900085449219,350.1700134277344,348.1000061035156,257.8900146484375,40.2135009765625,412.6300048828125,320.70001220703125,53.415000915527344,147.7899932861328,168.75,69.41000366210938,1062.3299560546875,57.02000045776367,128.7100067138672,326.4200134277344,291.614990234375,286.30999755859375,34.22999954223633,191.48500061035156,127.48999786376953,1008.4099731445312,176.74000549316406,90.55999755859375,35.82500076293945,83.24500274658203,193.6300048828125,114.54000091552734,179.47999572753906,51.244998931884766,140.35000610351562,60.27000045776367,11.859999656677246,206.66000366210938,131.6750030517578,76.91000366210938,376.07000732421875,921.27001953125,42.15999984741211,328.3349914550781,322.760009765625,239.33999633789062,229.38999938964844,94.62999725341797,386.5350036621094,453.489990234375,229.36000061035156,312.614990234375,32.720001220703125,78.41999816894531,922.9299926757812,236.5500030517578,507.07000732421875,361.0899963378906,293.1099853515625,80.19000244140625,607.1300048828125,245.98500061035156,110.1449966430664,188.8350067138672,402.7900085449219,44.084999084472656,20.7450008392334,87.13999938964844,201.10000610351562,162.41000366210938,98.23500061035156,60.38999938964844,157.75999450683594,26.71500015258789,146.88999938964844,199.57000732421875,222.64999389648438,176.83999633789062,50.25,184.1699981689453,704.8300170898438,104.76000213623047,91.62000274658203,56.40999984741211,429.5450134277344,317.1050109863281,51.314998626708984,128.52000427246094,156.4824981689453,476.00335693359375,259.06500244140625,378.0,277.3599853515625,369.2300109863281,56.529998779296875,329.04998779296875,251.7899932861328,428.9800109863281,81.84500122070312,76.24500274658203,131.07000732421875,155.2899932861328,218421,57995,20344,72848,876805,15009,555773,77321,136800,15413,149446,11032,59702,35255,7252,751466,63289,9830,12437,32794,253310,27160,65373,11687,132850,128291,26403,43892,104914,20320,56591,91257,50532,53930,743374,25972,34233,145800,649723,14543,234695,33939,25072,14566,41408,1753159,13271,10543,51233,41608,131848,143793,50463,14445,43599,7720,21952,135018,547742,13346,143358,29269,541235,248550,35937,154409,1697361,130992,232035,121396,36247,346863,51068,28880,8534,26654,126209,697762,13459,76657,66768,64719,8487,13796,48097,41529,38172,22854,10986.0,836740,50012,40993,153116,85798,26530,9630,74691,87530,133147,138531
2026-04-30 15:35:00+00:00,271.6401062011719,213.11000061035156,241.9949951171875,390.989990234375,347.7900085449219,348.885009765625,257.0849914550781,40.20500183105469,412.04998779296875,320.05999755859375,53.3849983215332,147.96499633789062,168.1699981689453,69.44000244140625,1062.1800537109375,57.220001220703125,128.47000122070312,326.8599853515625,291.6099853515625,286.55999755859375,34.130001068115234,191.4600067138672,127.58000183105469,1010.0800170898438,176.63999938964844,90.55999755859375,35.86000061035156,83.1449966430664,193.63999938964844,114.97000122070312,179.67999267578125,51.275001525878906,140.60000610351562,60.33000183105469,11.84000015258789,206.6649932861328,131.98500061035156,76.93499755859375,374.80999755859375,920.7268676757812,42.15999984741211,328.2099914550781,322.9700012207031,239.10000610351562,229.40499877929688,93.84500122070312,386.3699951171875,454.0350036621094,229.8300018310547,312.625,32.70500183105469,78.44499969482422,927.4299926757812,236.5800018310547,507.3399963378906,361.6300048828125,293.3500061035156,80.34500122070312,606.4481201171875,246.43499755859375,110.4800033569336,188.7700958251953,401.8550109863281,44.079898834228516,20.739999771118164,87.01000213623047,200.63999938964844,162.11500549316406,98.29000091552734,60.43000030517578,157.9149932861328,26.774999618530273,146.99000549316406,199.85000610351562,222.7949981689453,177.1199951171875,50.18000030517578,182.85499572753906,706.5800170898438,104.98999786376953,91.63999938964844,56.47999954223633,429.3599853515625,316.8299865722656,51.36000061035156,128.80999755859375,156.29249572753906,477.1099853515625,259.05499267578125,377.1099853515625,277.1300048828125,368.510009765625,56.5819091796875,328.9012145996094,252.61000061035156,429.30999755859375,81.8499984741211,76.19499969482422,131.33399963378906,155.4149932861328,268109,51329,29360,35811,453603,15762,1187879,66339,108238,16436,137399,14181,65099,88842,3915,279334,64715,11175,17341,19887,153025,57607,66669,5764,95120,81393,51643,40766,113899,19413,18208,64139,31267,29540,810230,10898,19071,52415,589066,9164,78346,30079,14573,16252,31010,1457843,11035,10744,51485,42841,106471,106423,77438,12152,41253,7632,31953,72032,968725,6737,118718,18325,481032,209095,21885,120722,1965552,174732,51991,103968,52996,345548,40965,13410,11235,20593,79155,804250,6352,36450,125223,75838,8815,68450,33882,30787,14079,15590,7439.0,575907,42088,52139,72125,40365,24958,3460,72266,67911,151185,216112
2026-04-30 15:40:00+00:00,271.6300048828125,213.05259704589844,242.3300018310547,390.0899963378906,346.3299865722656,348.4949951171875,256.6499938964844,40.16999816894531,412.3500061035156,320.5150146484375,53.3849983215332,147.93637084960938,168.5800018310547,69.38999938964844,1062.31005859375,57.1150016784668,128.47999572753906,326.75,291.29998779296875,286.5350036621094,34.11000061035156,191.50999450683594,127.36499786376953,1009.9400024414062,176.65499877929688,90.72000122070312,35.81999969482422,83.08999633789062,193.42999267578125,115.05999755859375,179.88499450683594,51.230098724365234,140.44000244140625,60.314998626708984,11.859999656677246,206.57000732421875,131.91000366210938,76.80000305175781,374.0050048828125,920.760009765625,42.150001525878906,328.0450134277344,323.3599853515625,238.07000732421875,230.05999755859375,93.3499984741211,387.17999267578125,454.8999938964844,229.875,312.80499267578125,32.654998779296875,78.47000122070312,928.6799926757812,236.5,507.5899963378906,361.57000732421875,293.2799987792969,80.30000305175781,607.9199829101562,246.19000244140625,110.36000061035156,188.65499877929688,403.0450134277344,44.04499816894531,20.7450008392334,87.23500061035156,200.55999755859375,162.27999877929688,98.30999755859375,60.345001220703125,157.80999755859375,26.769899368286133,147.1300048828125,199.99000549316406,222.8350067138672,176.63999938964844,50.20000076293945,182.92039489746094,706.385009765625,104.80999755859375,91.70999908447266,56.51499938964844,429.8699951171875,317.17999267578125,51.34510040283203,128.9199981689453,156.44000244140625,477.3599853515625,258.75,377.79998779296875,277.010009765625,368.239990234375,56.58000183105469,328.9200134277344,251.90499877929688,429.1499938964844,81.83000183105469,76.05999755859375,131.46499633789062,155.22999572753906,344379,90506,17712,20334,319795,12282,851612,57948,75029,11489,107565,10504,90586,28592,3406,127150,39895,7479,14301,12182,232718,47983,58609,10673,75217,170179,21508,38395,68432,15888,29348,70789,31656,19611,738829,8142,16177,48118,451189,12373,105257,17984,9656,22897,63339,1349564,10437,9235,30248,30918,81980,67646,52355,9506,28936,7824,20274,69433,320457,16388,171218,29093,540900,98206,24671,89909,1387503,157119,66461,102388,28550,175032,43972,16209,6254,16530,96769,540882,3757,55226,61232,86125,7515,21847,29715,17202,14008,7799,12814.0,410782,47841,31844,124682,47403,18263,4293,60753,88928,152137,116468
2026-04-30 15:45:00+00:00,271.45001220703125,212.69500732421875,243.3300018310547,388.79998779296875,346.65008544921875,348.57501220703125,257.7550048828125,40.16999816894531,412.3599853515625,321.3450012207031,53.3849983215332,147.9857940673828,168.6898956298828,69.48500061035156,1062.1700439453125,57.1150016784668,128.44000244140625,326.9800109863281,290.9549865722656,286.8599853515625,34.1150016784668,191.47999572753906,127.37999725341797,1010.9849853515625,176.92999267578125,90.68000030517578,35.790000915527344,83.04000091552734,193.1999969482422,115.19999694824219,179.74000549316406,51.189998626708984,140.4199981689453,60.310001373291016,11.845000267028809,206.3426971435547,131.89999389648438,76.69499969482422,374.2850036621094,921.5050048828125,42.15999984741211,327.7200012207031,323.4750061035156,237.8800048828125,230.45010375976562,93.41500091552734,388.04998779296875,455.2099914550781,229.61000061035156,312.75,32.654998779296875,78.43000030517578,929.1500244140625,236.55999755859375,507.9599914550781,361.6700134277344,293.135009765625,80.30999755859375,607.52001953125,245.67999267578125,110.48999786376953,188.58999633789062,403.44000244140625,44.05500030517578,20.764999389648438,87.38500213623047,200.8498992919922,162.3699951171875,98.3499984741211,60.31010055541992,157.69000244140625,26.735000610351562,147.02999877929688,200.0500030517578,222.85000610351562,176.85000610351562,50.29990005493164,182.11000061035156,705.5700073242188,104.74500274658203,91.69999694824219,56.69499969482422,430.04998779296875,317.0249938964844,51.349998474121094,129.0500030517578,156.4149932861328,477.5,258.95001220703125,378.07501220703125,276.6099853515625,368.4200134277344,56.63999938964844,328.6415100097656,250.77000427246094,429.1499938964844,81.8499984741211,76.09500122070312,131.47000122070312,155.00999450683594,225791,94380,92995,25209,330653,30091,1036138,126236,87934,40288,116189,7722,60697,47188,3103,120835,41308,6906,10882,12037,188344,59414,56167,4981,118108,205293,47476,24956,52159,16784,35513,74397,20483,19695,714108,10816,21856,51180,427415,7971,62150,36235,8832,17909,46056,1318949,9934,9426,35819,32947,68597,61177,36828,7270,43081,5794,16764,66637,308085,6298,115819,40402,314381,113083,21931,177303,1109208,87268,75864,124775,24341,183488,42425,12826,5643,15731,45659,536522,7366,47076,40278,103471,6510,8866,81793,40804,15380,14853,5731.0,406024,32774,28180,291757,53181,17111,4145,57047,131296,136168,85269
2026-04-30 15:50:00+00:00,271.5799865722656,212.84500122070312,243.60000610351562,389.7099914550781,347.7099914550781,348.92999267578125,258.0400085449219,40.16999816894531,413.489990234375,321.70001220703125,53.43000030517578,147.7050018310547,169.00999450683594,69.41999816894531,1062.844970703125,57.154998779296875,128.55999755859375,326.75,291.04998779296875,286.95050048828125,34.220001220703125,192.14999389648438,127.3499984741211,1011.1950073242188,177.07000732421875,90.74500274658203,35.779998779296875,83.1500015258789,193.1199951171875,115.1050033569336,179.47999572753906,51.17499923706055,140.33999633789062,60.375,11.835000038146973,206.3699951171875,131.9499969482422,76.68000030517578,374.9949951171875,922.8099975585938,42.16999816894531,327.2300109863281,324.07000732421875,238.0399932861328,230.85499572753906,93.44000244140625,388.5098876953125,454.8299865722656,229.72000122070312,313.2900085449219,32.66999816894531,78.44000244140625,928.4500122070312,236.34500122070312,507.5299987792969,361.5950012207031,293.1099853515625,80.30500030517578,609.0977783203125,246.00999450683594,110.62000274658203,188.9499969482422,403.0400085449219,44.05500030517578,20.770000457763672,87.68000030517578,201.27999877929688,162.45750427246094,98.31999969482422,60.2599983215332,157.57000732421875,26.735000610351562,146.97999572753906,199.99000549316406,222.89999389648438,176.57000732421875,50.29010009765625,182.11000061035156,706.47998046875,104.8499984741211,91.7300033569336,56.68000030517578,429.92999267578125,316.75,51.369998931884766,129.02000427246094,156.40499877929688,476.54998779296875,258.6199951171875,378.7699890136719,277.2799987792969,368.5899963378906,56.68000030517578,328.6700134277344,250.6699981689453,429.1911926269531,81.95999908447266,76.05999755859375,131.64999389648438,154.97999572753906,226936,45849,120756,30281,260144,18229,752109,112860,143117,22262,103133,13380,53493,23332,3098,96997,53132,10431,13553,20856,190651,64277,65544,14268,95369,99521,27813,33363,66481,29544,25813,100421,22812,57334,330593,7627,27927,44749,512958,12886,69175,33947,24743,22498,58744,1402432,14372,15036,56351,53053,90439,71633,50218,13092,35762,4886,35404,91650,419152,8444,79939,36180,433272,105436,23254,203985,1483682,135278,72719,110479,47524,163045,59165,19888,11510,16652,83288,656122,9834,49603,51098,80815,12955,11363,72609,28623,24130,14886,10753.0,479457,36046,51763,65237,80669,22363,5783,88478,87396,105162,96620
2026-04-30 15:55:00+00:00,271.9200134277344,212.75,243.2100067138672,389.3450012207031,346.80499267578125,349.0799865722656,258.3500061035156,40.1349983215332,412.9649963378906,322.30499267578125,53.470001220703125,147.9499969482422,168.82000732421875,69.3949966430664,1063.239990234375,57.16999816894531,128.55999755859375,327.1300048828125,290.92999267578125,287.510009765625,34.185001373291016,192.02000427246094,127.23999786376953,1010.9550170898438,176.82000732421875,90.89289855957031,35.75,83.0999984741211,193.27999877929688,115.16500091552734,179.42999267578125,51.150001525878906,140.1999969482422,60.22999954223633,11.880000114440918,206.11000061035156,131.9600067138672,76.68000030517578,374.6400146484375,923.7000122070312,42.19499969482422,328.0350036621094,324.0400085449219,237.6999969482422,230.61000061035156,93.28469848632812,389.1199951171875,454.9049987792969,229.77000427246094,313.7200012207031,32.66999816894531,78.5250015258789,931.5499877929688,236.8800048828125,505.9750061035156,361.55999755859375,293.3599853515625,80.3550033569336,608.010009765625,246.02999877929688,110.55999755859375,189.02000427246094,402.80499267578125,44.10499954223633,20.774999618530273,87.47840118408203,200.6649932861328,162.52000427246094,98.38999938964844,60.279998779296875,157.5800018310547,26.7450008392334,147.00999450683594,199.91000366210938,222.8800048828125,176.72999572753906,50.27000045776367,181.5590057373047,705.3150024414062,104.96499633789062,91.80500030517578,56.62110137939453,429.82501220703125,316.7200012207031,51.39500045776367,129.0500030517578,156.49000549316406,477.1600036621094,258.69000244140625,378.0679016113281,277.6499938964844,369.05999755859375,56.724998474121094,329.489990234375,250.86500549316406,429.0,82.0199966430664,75.94999694824219,131.70989990234375,155.0399932861328,250438,57989,47174,17852,249475,22100,516367,95741,108419,24406,125816,10396,53770,42793,3330,110577,41329,11339,8089,6367,151996,43499,76129,5879,102256,113926,17620,31341,50800,12633,44818,57614,20283,56085,520813,16904,23097,76039,566786,23395,78351,37263,16764,27694,44529,1159718,9642,7220,25346,47097,82780,73839,92183,6063,41204,8329,24334,64187,261727,10389,78380,79901,357600,164044,23227,136678,1398145,109857,62210,91715,46968,159144,43800,25516,8019,20426,61527,545833,4928,48354,55491,82794,12712,11937,35776,15282,13698,5639,3487.0,392822,32685,38635,235686,68291,36300,4226,124422,38034,91153,77134
2026-04-30 16:00:00+00:00,271.875,213.02999877929688,243.47000122070312,389.760009765625,347.4750061035156,349.2799987792969,258.3900146484375,40.165000915527344,412.52398681640625,322.125,53.4900016784668,148.02999877929688,168.6999969482422,69.41999816894531,1063.449951171875,57.13999938964844,128.5399932861328,327.67999267578125,291.20001220703125,287.9200134277344,34.23500061035156,191.67999267578125,127.6500015258789,1010.7899780273438,176.92999267578125,90.78500366210938,35.79999923706055,83.18000030517578,193.60000610351562,115.27999877929688,179.75999450683594,51.19499969482422,140.33999633789062,60.18000030517578,11.875,206.25,131.97000122070312,76.58999633789062,374.36029052734375,923.219970703125,42.20000076293945,328.1600036621094,324.1300048828125,238.52499389648438,230.5399932861328,93.56439971923828,388.489990234375,454.20001220703125,229.94500732421875,313.5474853515625,32.7400016784668,78.46499633789062,935.2100219726562,236.8350067138672,505.7099914550781,361.739990234375,293.45001220703125,80.38999938964844,608.1799926757812,246.3300018310547,110.62999725341797,188.99000549316406,403.32501220703125,44.154998779296875,20.774999618530273,87.72000122070312,200.25999450683594,162.64999389648438,98.22000122070312,60.31999969482422,157.52999877929688,26.7450008392334,146.97000122070312,200.1699981689453,222.8699951171875,177.1999969482422,50.11000061035156,181.2050018310547,705.5700073242188,104.94499969482422,91.94999694824219,56.685001373291016,429.95001220703125,317.0,51.375,129.01499938964844,156.55499267578125,476.94000244140625,259.0,378.44000244140625,277.5199890136719,369.8999938964844,56.6349983215332,329.5199890136719,251.6999969482422,429.2799987792969,82.05000305175781,76.1500015258789,131.63999938964844,155.2550048828125,250956,61911,22814,18375,226165,19954,371123,136986,98327,18668,151381,11199,50382,38755,2677,114807,62796,8944,5735,8870,299261,20413,76546,6988,72496,72963,31670,32973,76708,63199,33975,61576,17550,68323,275794,9546,15425,70747,318032,11719,98021,51307,8393,17881,46318,1012047,8003,7783,41015,33899,150633,84738,51480,13063,87202,13232,16640,54086,298881,6813,89425,17500,344361,125801,23215,115513,2245569,137709,51687,76817,35276,161615,37407,22312,3920,31407,200120,462095,7379,64189,62447,65363,3624,12633,42079,12904,36010,10990,9386.0,381222,45455,74160,131913,84650,33576,6942,59424,90379,88244,82359
2026-04-30 16:05:00+00:00,272.1400146484375,212.59500122070312,243.13999938964844,389.9750061035156,347.42999267578125,349.3500061035156,257.8949890136719,40.165000915527344,413.635009765625,322.18499755859375,53.48500061035156,148.1300048828125,168.74000549316406,69.4000015258789,1063.1591796875,57.1150016784668,128.57000732421875,328.07501220703125,291.57501220703125,287.94500732421875,34.34000015258789,191.7899932861328,127.69149780273438,1011.2849731445312,176.55499267578125,90.84500122070312,35.779998779296875,83.22989654541016,193.64999389648438,115.37000274658203,180.01499938964844,51.165000915527344,140.322998046875,60.209999084472656,11.880000114440918,206.2449951171875,132.02999877929688,76.56999969482422,374.6499938964844,923.25,42.20000076293945,327.9649963378906,324.04998779296875,238.02000427246094,230.30999755859375,93.63999938964844,387.05999755859375,454.0400085449219,229.9499969482422,313.4800109863281,32.755001068115234,78.48999786376953,934.239990234375,236.75,505.6925048828125,361.75,293.4599914550781,80.37999725341797,608.1799926757812,246.17999267578125,110.66000366210938,189.2100067138672,402.6400146484375,44.20989990234375,20.725000381469727,87.54000091552734,200.39500427246094,162.55999755859375,98.51249694824219,60.290000915527344,157.5800018310547,26.764999389648438,146.9499969482422,200.33999633789062,222.8300018310547,177.0749969482422,50.1349983215332,180.6199951171875,706.7899780273438,104.98999786376953,91.87000274658203,56.689998626708984,429.4100036621094,316.9599914550781,51.3650016784668,128.92999267578125,156.4600067138672,476.82501220703125,258.5899963378906,378.9100036621094,277.3800048828125,369.9599914550781,56.59000015258789,329.5799865722656,251.27999877929688,429.1000061035156,82.04499816894531,76.1500015258789,131.72230529785156,155.2100067138672,250033,60777,31676,15145,168413,235879,513651,38352,118281,14466,171958,14615,47353,33681,6321,99646,43207,8138,15694,12395,275723,34520,46061,61940,111525,80400,30432,32541,52978,25977,59200,156483,21485,29061,646257,3182,24818,44039,311316,7078,54491,18088,10613,15951,38306,904166,13465,10461,29559,54950,88379,81357,58812,11881,43247,4307,31408,76972,238174,5387,74570,33197,284937,175019,33883,124007,1321213,85793,61756,90836,45015,134447,46783,11059,9372,15948,66188,414028,7378,55965,88360,53370,12233,16802,34331,30644,17264,12070,18574.0,495875,36068,66246,89041,80681,27698,4367,82210,85565,94010,57975
2026-04-30 16:10:00+00:00,272.6000061035156,212.4199981689453,242.6649932861328,390.6199951171875,348.8550109863281,348.5028991699219,258.8200988769531,40.15999984741211,414.29998779296875,322.4100036621094,53.46500015258789,148.0449981689453,168.99000549316406,69.28500366210938,1062.688720703125,57.220001220703125,128.56500244140625,327.8699951171875,290.80999755859375,287.9599914550781,34.31990051269531,191.9600067138672,127.53500366210938,1010.8800048828125,176.49000549316406,90.86499786376953,35.73500061035156,83.25499725341797,193.5500030517578,115.13500213623047,179.60000610351562,51.1150016784668,140.19500732421875,60.18000030517578,11.864999771118164,206.29249572753906,131.96499633789062,76.66999816894531,376.98980712890625,923.4199829101562,42.15999984741211,327.6400146484375,324.1000061035156,237.8000030517578,229.99179077148438,93.81999969482422,386.4787902832031,454.3800048828125,229.85989379882812,313.635009765625,32.70500183105469,78.43499755859375,932.2999877929688,236.61000061035156,506.7550048828125,361.75,293.05499267578125,80.32990264892578,609.6500244140625,246.00999450683594,110.53500366210938,189.21499633789062,402.826904296875,44.130001068115234,20.725000381469727,87.33999633789062,200.7100067138672,162.7100067138672,98.5,60.33000183105469,157.45249938964844,26.735000610351562,146.85000610351562,200.1750030517578,222.75,176.74000549316406,50.15999984741211,181.14999389648438,706.3900146484375,104.91999816894531,91.87999725341797,56.60499954223633,429.6099853515625,316.8800048828125,51.3650016784668,128.76499938964844,156.2899932861328,476.2850036621094,258.260009765625,379.9599914550781,277.5050048828125,369.94000244140625,56.595001220703125,330.2200012207031,251.13999938964844,430.489990234375,82.05500030517578,76.0999984741211,131.63999938964844,155.0800018310547,291961,62383,14198,25609,263715,15809,431650,34281,101877,18714,165305,11498,69248,34103,4378,140456,64147,8608,8698,14914,151317,35669,50832,10162,83059,80626,14216,29318,44403,18438,114141,66525,13839,26805,432342,6423,16805,65807,1064701,14457,95745,15756,7800,13781,27320,1039021,7451,9183,21225,24096,220961,51607,43347,10491,35474,6090,17659,54619,448925,8580,103635,33911,364956,91348,20285,119889,1099774,87199,41996,90526,32717,193769,36086,9703,2863,16064,44731,351710,9992,32766,70448,73600,6798,11036,35819,25903,12461,7624,2162.0,658391,42914,57412,176845,54193,12331,14395,135836,31144,81059,58411
2026-04-30 16:15:00+00:00,272.30621337890625,212.25999450683594,242.5399932861328,390.4100036621094,349.1087951660156,348.3999938964844,258.95989990234375,40.185001373291016,414.2124938964844,322.3699951171875,53.43000030517578,148.0399932861328,168.22999572753906,69.31999969482422,1063.114990234375,57.189998626708984,128.35499572753906,327.7850036621094,290.0299987792969,287.8349914550781,34.165000915527344,191.9499969482422,127.71369934082031,1010.010009765625,176.36000061035156,90.86499786376953,35.810001373291016,83.11499786376953,193.70010375976562,114.93000030517578,179.49000549316406,51.21500015258789,140.375,60.2599983215332,11.895000457763672,206.2949981689453,131.90499877929688,76.76000213623047,377.9800109863281,923.25,42.18170166015625,327.06500244140625,323.510009765625,237.57000732421875,229.7100067138672,93.5999984741211,386.7200012207031,454.7900085449219,229.67999267578125,313.3949890136719,32.68000030517578,78.4000015258789,931.8499755859375,236.0399932861328,505.625,361.4049987792969,292.79998779296875,80.33999633789062,609.6400146484375,246.43499755859375,110.21240234375,189.08999633789062,402.8299865722656,44.08000183105469,20.760000228881836,87.3499984741211,200.67999267578125,162.61000061035156,97.93000030517578,60.380001068115234,157.60000610351562,26.71500015258789,146.79249572753906,199.9550018310547,222.64999389648438,176.80999755859375,50.16999816894531,181.38009643554688,705.8400268554688,104.7300033569336,91.8550033569336,56.6150016784668,429.6300048828125,316.8550109863281,51.345001220703125,128.7449951171875,156.0399932861328,476.4700012207031,258.4800109863281,379.4750061035156,277.3999938964844,369.92498779296875,56.584999084472656,329.93499755859375,251.4250030517578,429.55999755859375,82.05500030517578,76.1500015258789,131.60549926757812,155.14999389648438,1320443,31936,16922,18443,190964,14884,357955,91835,93717,12807,103932,10083,57458,32279,2089,74861,76450,4391,9468,3106,138422,23768,49963,5591,106996,68319,17237,17505,44926,14573,41312,50082,17377,28736,603076,11706,14700,53202,510697,7387,88538,14517,12654,9594,24422,961768,12100,6996,19483,26219,89582,58091,35904,7692,31077,6146,13572,54827,400655,12319,78385,17343,562488,108779,25186,104101,2849215,83493,82473,73884,58893,153569,32756,19378,4648,26179,101108,532584,5499,35051,44902,58301,7063,17947,28127,11898,11606,16464,4431.0,416106,32957,27939,207609,35963,11310,10675,59941,42925,65778,69566
2026-04-30 16:20:00+00:00,272.5450134277344,212.30999755859375,242.13499450683594,390.7300109863281,348.4599914550781,348.80999755859375,259.4599914550781,40.22999954223633,413.7900085449219,322.42999267578125,53.44499969482422,148.13999938964844,168.1999969482422,69.38999938964844,1063.4300537109375,57.15999984741211,128.4199981689453,327.68499755859375,289.760009765625,287.6300048828125,34.14339828491211,191.77499389648438,127.83999633789062,1011.2349853515625,176.0749969482422,90.87999725341797,35.81999969482422,83.2300033569336,193.78500366210938,115.04900360107422,179.6199951171875,51.220001220703125,140.47000122070312,60.345001220703125,11.90999984741211,206.4199981689453,131.90499877929688,76.77999877929688,375.9125061035156,924.1199951171875,42.220001220703125,327.239990234375,323.6300048828125,237.97000122070312,229.75999450683594,93.41999816894531,385.9949951171875,454.7950134277344,230.09500122070312,313.42498779296875,32.69499969482422,78.45999908447266,931.6051025390625,236.2100067138672,505.30999755859375,361.5899963378906,293.1000061035156,80.4749984741211,609.7200927734375,246.67990112304688,110.55500030517578,189.22000122070312,402.19000244140625,43.96500015258789,20.7450008392334,87.06999969482422,200.10830688476562,162.59500122070312,97.95500183105469,60.474998474121094,157.75,26.75,146.9600067138672,200.07000732421875,222.75999450683594,176.82000732421875,50.19499969482422,180.82000732421875,706.0700073242188,104.88009643554688,91.93000030517578,56.625,429.32501220703125,317.32000732421875,51.345001220703125,128.77999877929688,156.30999755859375,476.8299865722656,258.30999755859375,378.7799987792969,277.7702941894531,369.92999267578125,56.53499984741211,330.17999267578125,251.3800048828125,430.3999938964844,82.08499908447266,76.12999725341797,131.7550048828125,155.2100067138672,175965,35762,20725,25646,164159,16193,787365,647020,70033,15487,109945,8366,52812,22253,2421,73803,43560,20653,10136,4964,113999,43622,41164,4481,85161,264649,18796,23334,45800,16802,27557,80989,18422,26135,302956,7710,15286,64881,678803,5537,128239,18217,12107,11998,25659,612202,11773,4886,46401,35095,51924,75220,28926,8040,23597,3291,14461,54596,544953,6684,80955,13782,265539,139453,20141,147191,1216456,110078,35599,92062,36413,201934,43716,8998,10424,18484,53428,317704,2897,113005,48996,46267,5486,13779,30093,35256,19539,2806,5772.0,311436,32256,33656,31402,27883,17866,7638,58764,27190,100846,58161
2026-04-30 16:25:00+00:00,273.05999755859375,212.35000610351562,242.08999633789062,391.3299865722656,349.4800109863281,349.17999267578125,259.135009765625,40.29499816894531,413.7101135253906,322.489990234375,53.505001068115234,148.1999969482422,168.1699981689453,69.5199966430664,1063.4849853515625,57.239898681640625,128.6649932861328,327.8299865722656,289.260009765625,287.6050109863281,34.125,191.63999938964844,128.07000732421875,1012.3699951171875,175.9600067138672,91.08999633789062,35.86989974975586,83.29000091552734,193.92999267578125,115.1500015258789,179.9199981689453,51.29999923706055,140.6750030517578,60.41999816894531,11.925000190734863,206.6999969482422,131.98500061035156,76.96499633789062,376.56500244140625,925.2305297851562,42.275001525878906,326.5899963378906,323.8999938964844,237.58999633789062,229.74000549316406,93.56999969482422,385.4200134277344,455.30999755859375,230.18499755859375,313.7900085449219,32.73500061035156,78.53009796142578,933.3049926757812,235.82000732421875,505.114990234375,361.57501220703125,292.9700012207031,80.44999694824219,608.8101196289062,246.8000030517578,110.50499725341797,189.3800048828125,400.93499755859375,43.97309875488281,20.7549991607666,87.08999633789062,200.13999938964844,162.55999755859375,98.25,60.540000915527344,157.91000366210938,26.7549991607666,147.0500030517578,200.13499450683594,222.83999633789062,177.07000732421875,50.095001220703125,181.39999389648438,707.2000122070312,104.9000015258789,92.12000274658203,56.65999984741211,429.0849914550781,317.67498779296875,51.375,128.8800048828125,156.38499450683594,476.5899963378906,258.9100036621094,377.67999267578125,278.0450134277344,369.9150085449219,56.54499816894531,330.07501220703125,251.77000427246094,430.57000732421875,82.19999694824219,76.19999694824219,131.85009765625,155.35000610351562,400063,47753,26970,23845,207290,17955,641017,137153,81187,14699,154203,13794,89175,22660,2562,161557,74517,26652,8802,12540,171026,29518,54318,0,104699,235914,16918,23008,47013,22062,58900,74353,16471,25809,353266,4564,25396,80819,377361,11985,128925,27890,15014,11518,36858,771054,18192,10694,42956,28121,49838,84871,42858,15342,30449,7534,23938,168129,388673,9307,67109,51248,702610,90501,15410,112596,2564263,122030,68904,102434,26900,151457,60033,8842,6123,26918,71890,339311,7298,44152,51333,45617,5321,19095,30860,13499,12850,21314,5168.0,453826,80001,39689,156622,56259,20146,4935,49602,34578,100488,62549
2026-04-30 16:30:00+00:00,273.4200134277344,212.50999450683594,241.9499969482422,390.9800109863281,349.40008544921875,348.55999755859375,259.6000061035156,40.314998626708984,412.864990234375,322.3999938964844,53.505001068115234,148.11000061035156,167.86000061035156,69.44000244140625,1061.64501953125,57.18000030517578,128.64999389648438,327.57000732421875,290.510009765625,287.57000732421875,34.1150016784668,191.5399932861328,127.93389892578125,1012.5900268554688,175.71499633789062,91.1500015258789,35.85499954223633,83.33999633789062,194.0299072265625,115.05000305175781,179.7899932861328,51.28499984741211,140.60000610351562,60.41999816894531,11.899999618530273,206.6199951171875,131.7899932861328,76.83499908447266,377.30010986328125,924.75,42.220001220703125,326.1000061035156,323.7950134277344,237.52999877929688,229.55999755859375,93.55729675292969,385.45001220703125,454.92999267578125,230.1999969482422,313.7749938964844,32.7401008605957,78.54499816894531,932.0098876953125,235.44000244140625,505.2799987792969,361.3800048828125,292.79998779296875,80.38500213623047,609.7050170898438,246.89999389648438,110.44999694824219,189.25999450683594,400.9949951171875,43.939998626708984,20.774999618530273,86.97000122070312,200.00999450683594,162.25,97.86000061035156,60.470001220703125,157.8300018310547,26.7450008392334,146.94000244140625,200.1699981689453,222.6699981689453,177.2100067138672,50.10499954223633,181.34500122070312,705.27001953125,104.80000305175781,92.0999984741211,56.654998779296875,428.6000061035156,317.1700134277344,51.36000061035156,128.72000122070312,156.1999969482422,476.1000061035156,258.739990234375,377.80499267578125,278.2749938964844,369.7699890136719,56.540000915527344,330.2650146484375,251.8800048828125,430.0400085449219,82.25,76.1500015258789,131.80999755859375,155.39500427246094,963783,48441,21744,19956,326803,9976,674199,69385,82144,15645,131232,14947,45724,25856,2617,74405,28763,4965,9247,9131,163159,16154,82592,8051,78210,120401,22952,25052,69997,9348,36745,51930,14280,30023,297325,10257,14263,39188,350787,7887,65483,18104,38437,10696,21917,513268,12103,6076,43383,30430,44027,82701,70272,9878,64932,7413,17040,87266,331288,13693,101905,21885,433095,142019,60982,137226,1202071,100238,38967,84779,46503,103296,34330,9810,6346,13510,50070,390905,5114,49614,29148,44115,3789,16015,25206,11563,17628,9510,5255.0,349406,66868,36473,20482,65632,25115,2305,81233,39514,99489,106061
2026-04-30 16:35:00+00:00,273.1600036621094,213.0449981689453,241.7899932861328,391.0400085449219,350.6300048828125,348.8125915527344,259.5299987792969,40.334999084472656,413.7049865722656,322.7799987792969,53.4900016784668,148.07000732421875,167.69000244140625,69.44000244140625,1061.4599609375,57.31999969482422,128.50999450683594,327.8999938964844,291.29010009765625,287.4599914550781,33.904998779296875,191.5,127.86000061035156,1012.780029296875,175.57000732421875,91.25299835205078,35.84000015258789,83.46499633789062,194.00999450683594,115.125,179.8800048828125,51.2599983215332,140.5399932861328,60.415000915527344,11.91409969329834,206.3300018310547,131.76499938964844,76.87000274658203,376.9949951171875,924.7100219726562,42.20500183105469,326.20001220703125,323.94000244140625,237.74000549316406,229.47999572753906,93.4800033569336,385.0400085449219,455.39990234375,230.1750030517578,313.75,32.76499938964844,78.58000183105469,933.3499755859375,235.44500732421875,504.2349853515625,361.31500244140625,292.67999267578125,80.42500305175781,608.2849731445312,246.82000732421875,110.69999694824219,189.2899932861328,400.9200134277344,43.970001220703125,20.764999389648438,87.04000091552734,200.2949981689453,162.02999877929688,98.08499908447266,60.439998626708984,158.22000122070312,26.727100372314453,146.94000244140625,199.99000549316406,222.75,177.30999755859375,50.099998474121094,180.60000610351562,704.5750122070312,105.02989959716797,92.1050033569336,56.625,428.3550109863281,317.364990234375,51.3650016784668,128.8300018310547,156.25,476.54998779296875,258.94000244140625,377.7300109863281,278.635009765625,370.7875061035156,56.55500030517578,330.3699951171875,251.96499633789062,429.7200927734375,82.26499938964844,76.1500015258789,131.8300018310547,155.3000030517578,543360,83030,34214,45571,336100,15561,433894,53541,87251,46940,157403,7290,77601,19010,1995,179102,59361,33941,17910,8631,379829,22163,32094,6100,80823,107805,30099,34467,48039,19808,33394,59643,14537,35607,570710,5768,18224,45675,256892,5018,34996,19360,9249,20907,29166,621494,8367,8211,32799,34470,37139,47680,34891,8485,41538,4335,12779,73975,354759,21303,82757,17081,422801,136308,17448,123343,1690476,166031,60690,74386,71322,136148,525436,15775,4775,17478,73303,282784,5477,97592,29317,50934,7879,12229,41411,17190,12276,14045,2833.0,409109,50557,33509,22163,42288,22600,4174,54506,40812,62249,157400
2026-04-30 16:40:00+00:00,272.9814147949219,213.2550048828125,241.94500732421875,390.760009765625,349.8800048828125,349.114990234375,259.260009765625,40.34000015258789,413.3699951171875,322.2850036621094,53.46969985961914,148.32000732421875,167.93499755859375,69.25499725341797,1060.6500244140625,57.31999969482422,128.49989318847656,327.5,291.05499267578125,287.260009765625,34.05500030517578,191.35000610351562,127.79000091552734,1013.2650146484375,175.30499267578125,90.98999786376953,35.849998474121094,83.44000244140625,193.97999572753906,115.05000305175781,179.98500061035156,51.27750015258789,140.57000732421875,60.438499450683594,11.910099983215332,206.44000244140625,131.82000732421875,76.75,377.0445861816406,924.4550170898438,42.18000030517578,326.4100036621094,323.2099914550781,237.63499450683594,229.4600067138672,93.44999694824219,385.135009765625,455.489013671875,230.22999572753906,313.7650146484375,32.78499984741211,78.69499969482422,936.385009765625,235.52999877929688,503.67999267578125,361.0150146484375,292.70001220703125,80.41000366210938,605.875,247.25999450683594,110.80999755859375,189.4199981689453,400.2099914550781,44.0,20.735000610351562,87.08499908447266,199.55499267578125,162.0050048828125,98.04499816894531,60.5099983215332,158.2093963623047,26.7549991607666,146.92999267578125,199.88999938964844,222.80999755859375,177.6199951171875,50.07500076293945,180.30999755859375,704.1300048828125,105.44010162353516,92.03500366210938,56.619998931884766,428.2774963378906,317.55999755859375,51.3650016784668,128.91000366210938,156.26019287109375,477.04998779296875,258.9800109863281,377.42449951171875,278.8450012207031,370.489990234375,56.54999923706055,330.6499938964844,252.16000366210938,430.2699890136719,82.21499633789062,76.19999694824219,131.7899932861328,155.22999572753906,268786,59982,20623,26439,332539,11421,406663,28211,118482,48984,143108,17409,142068,50677,1938,230609,25189,5087,9246,4880,157123,21959,74674,6617,101632,1131465,19644,21641,43572,13206,209458,39595,16020,30732,448812,15698,33954,47423,486983,7730,63371,32145,13393,8219,26789,1028751,16718,7300,42653,38985,25675,92504,34190,24892,43587,5702,12848,117233,364171,21735,94981,27630,1193161,168663,14390,93789,1148690,144250,44357,112747,30295,125929,37811,17313,10042,31898,37352,293235,5382,210663,51664,55752,3146,112450,33291,10279,16675,19900,4521.0,317940,84068,79186,371378,54345,27421,5312,114381,30608,72525,96343
2026-04-30 16:45:00+00:00,272.9010009765625,213.4499969482422,242.3249969482422,390.4100036621094,349.468994140625,348.67999267578125,259.6499938964844,40.3400993347168,413.20001220703125,321.75,53.43960189819336,148.47000122070312,168.36500549316406,69.21499633789062,1060.9300537109375,57.44499969482422,128.39999389648438,327.260009765625,291.44000244140625,287.2449951171875,34.05500030517578,191.41000366210938,127.74500274658203,1013.7481079101562,175.57000732421875,90.88529968261719,35.84000015258789,83.38999938964844,193.86000061035156,115.0250015258789,180.09120178222656,51.27000045776367,140.63499450683594,60.45000076293945,11.920000076293945,206.35000610351562,131.6750030517578,76.87000274658203,377.68499755859375,922.969970703125,42.1150016784668,326.4150085449219,323.1000061035156,239.08999633789062,229.72999572753906,93.47930145263672,386.17999267578125,455.30499267578125,230.23500061035156,313.3599853515625,32.76499938964844,78.65499877929688,935.27001953125,235.75,503.1700134277344,360.8699951171875,292.6449890136719,80.54000091552734,607.60498046875,246.82000732421875,110.86000061035156,189.3699951171875,400.2699890136719,44.0099983215332,20.719999313354492,87.34500122070312,199.60000610351562,162.21499633789062,97.97000122070312,60.51499938964844,158.14999389648438,26.764999389648438,146.77000427246094,199.89500427246094,222.83999633789062,177.4499969482422,50.11009979248047,179.88999938964844,704.239990234375,105.22010040283203,91.94999694824219,56.58000183105469,428.6549987792969,317.3699951171875,51.355499267578125,128.85000610351562,156.23500061035156,477.6549987792969,258.760009765625,377.7701110839844,278.8599853515625,371.66619873046875,56.54999923706055,330.760009765625,251.39500427246094,430.44500732421875,82.1500015258789,76.12000274658203,131.6999969482422,155.0800018310547,270329,122758,18749,18522,265300,27306,589519,30954,84388,16640,120588,14047,54641,37949,3274,128169,35761,8525,10918,6525,133937,24392,49777,10132,106437,208255,16973,23176,71796,25955,28217,54462,18593,73645,370698,5391,30334,54233,414056,8145,42417,33415,28336,12915,39838,617229,12507,18210,46274,45109,65772,85818,50226,7903,35019,6211,26461,104274,331349,10222,69580,22865,672724,239444,40510,112043,1773667,164968,37478,53886,35423,151168,47760,6778,8333,18108,75036,468000,12005,86853,44184,56622,6482,11515,52330,11198,24431,10974,6193.0,426408,39267,45751,47544,71939,30736,2748,80244,31586,116020,112822
2026-04-30 16:50:00+00:00,272.0899963378906,213.42999267578125,241.66000366210938,390.04998779296875,349.1400146484375,348.8299865722656,258.7200012207031,40.380001068115234,412.79998779296875,321.2099914550781,53.400001525878906,148.43499755859375,167.63999938964844,69.37999725341797,1058.739990234375,57.36000061035156,128.3699951171875,327.2099914550781,290.9949951171875,287.5050048828125,33.95000076293945,191.24000549316406,127.8550033569336,1013.5750122070312,174.82000732421875,90.78500366210938,35.89500045776367,83.4800033569336,194.0,114.94000244140625,179.86000061035156,51.31999969482422,140.72000122070312,60.60499954223633,11.944999694824219,206.30499267578125,131.64999389648438,77.05500030517578,377.9100036621094,923.3599853515625,42.220001220703125,326.55999755859375,323.010009765625,239.3699951171875,229.58999633789062,93.41000366210938,384.9849853515625,455.5799865722656,230.28500366210938,313.25,32.810001373291016,78.81500244140625,934.6699829101562,235.72999572753906,502.8599853515625,360.3949890136719,292.6099853515625,80.52999877929688,608.1500244140625,246.5399932861328,110.81999969482422,189.36000061035156,398.93328857421875,44.0,20.735000610351562,86.97000122070312,200.00999450683594,161.3249969482422,97.9800033569336,60.51499938964844,158.3000030517578,26.776899337768555,146.7899932861328,200.01499938964844,222.73500061035156,177.2375030517578,49.95000076293945,179.19000244140625,705.8099975585938,105.30000305175781,91.83999633789062,56.63999938964844,428.0,317.30999755859375,51.355098724365234,128.8800048828125,156.13499450683594,477.6499938964844,258.8581848144531,377.260009765625,278.739990234375,371.68499755859375,56.51499938964844,330.4049987792969,250.8802947998047,430.0849914550781,82.0999984741211,76.2699966430664,131.639892578125,155.2100067138672,349530,62507,17846,20553,236090,12631,428858,84963,88836,10758,82954,4922,48989,35498,1949,68233,25607,6025,8022,8310,132435,23092,56773,11601,63180,127535,38826,27897,55474,10991,16990,56755,12392,65597,405050,9832,20205,40639,325047,7865,59242,44362,17135,4557,31899,568500,8308,4067,45175,34495,64677,71870,28385,22378,41605,4520,20556,141888,365814,9840,70117,16176,795625,103077,27765,115362,1124666,165682,43801,93523,41960,116338,40567,11064,5794,17730,80856,298055,4542,130747,32724,53657,4011,11721,32135,13014,14978,22500,8791.0,289377,34849,64902,25790,52261,18923,2059,61745,24361,80104,151308
2026-04-30 16:55:00+00:00,271.9599914550781,213.24620056152344,240.8975067138672,391.135009765625,349.8067932128906,349.0899963378906,258.3399963378906,40.439998626708984,413.489990234375,320.80999755859375,53.39699935913086,148.42999267578125,167.47000122070312,69.54000091552734,1058.9300537109375,57.319000244140625,128.36500549316406,327.3175048828125,290.26251220703125,287.3399963378906,33.96500015258789,191.19500732421875,127.8949966430664,1013.5700073242188,174.63999938964844,90.83000183105469,35.92499923706055,83.47000122070312,194.1199951171875,114.94000244140625,179.77999877929688,51.35499954223633,140.73500061035156,60.619998931884766,11.9350004196167,206.30499267578125,131.6699981689453,77.02999877929688,377.9599914550781,923.1699829101562,42.275001525878906,326.4775085449219,322.8800048828125,239.35000610351562,229.41000366210938,93.58499908447266,383.864990234375,455.1199951171875,230.27000427246094,313.1400146484375,32.834999084472656,78.8499984741211,936.7849731445312,235.41749572753906,502.92498779296875,360.6099853515625,292.54998779296875,80.5199966430664,608.0900268554688,246.64500427246094,110.83309936523438,189.35000610351562,399.05999755859375,43.994998931884766,20.7450008392334,86.80000305175781,199.8300018310547,160.8699951171875,97.875,60.54499816894531,158.44000244140625,26.770000457763672,146.8300018310547,199.95750427246094,222.77000427246094,177.31500244140625,49.904998779296875,178.4550018310547,707.0900268554688,105.25,91.82430267333984,56.69129943847656,427.340087890625,317.2300109863281,51.36000061035156,129.00999450683594,156.08999633789062,476.55999755859375,259.0950012207031,377.7464904785156,278.75,371.639892578125,56.5099983215332,330.6300048828125,250.94000244140625,430.0628967285156,82.13030242919922,76.25499725341797,131.69000244140625,155.3300018310547,305854,91518,19445,27433,148499,16656,541961,21942,103315,37358,97015,12334,46994,43962,2004,84258,30453,9421,6833,8096,112936,19250,35776,9288,122291,162284,48153,33796,59822,9645,18944,46665,11608,62765,290213,28956,25128,39448,243770,7049,71730,20554,10547,38832,34636,1229358,12591,6289,28410,41167,70005,74477,33487,14794,33580,7441,15918,48036,281386,8132,91796,26537,467372,101481,32710,120000,1543358,273475,32916,92308,36128,110925,40058,7042,8512,11716,59042,351681,9787,52927,76589,81859,7702,8162,44619,18185,21323,42514,859.0,395616,44982,48875,27047,43384,20365,5695,51814,41706,109613,129456
2026-04-30 17:00:00+00:00,271.7699890136719,212.9499969482422,241.33999633789062,391.5150146484375,351.1600036621094,348.2413024902344,259.5849914550781,40.33000183105469,413.8299865722656,320.5400085449219,53.375,148.22000122070312,167.60000610351562,69.41999816894531,1058.46923828125,57.25,128.3300018310547,327.0899963378906,289.3399963378906,287.1000061035156,33.994998931884766,190.99000549316406,127.4800033569336,1012.2650756835938,174.4550018310547,90.77010345458984,35.81999969482422,83.33000183105469,193.61500549316406,114.7874984741211,179.66000366210938,51.21500015258789,140.33999633789062,60.44499969482422,11.9399995803833,205.50999450683594,131.52999877929688,76.96499633789062,380.4599914550781,923.3400268554688,42.19499969482422,326.3940124511719,322.864990234375,237.96499633789062,229.3459930419922,93.94000244140625,383.625,455.260009765625,230.0050048828125,313.1199951171875,32.755001068115234,78.73999786376953,935.4099731445312,235.25999450683594,501.32501220703125,360.5150146484375,292.5299987792969,80.37000274658203,607.75,246.32000732421875,110.80500030517578,189.34249877929688,399.88250732421875,43.97990036010742,20.71500015258789,86.88999938964844,200.72999572753906,161.3000030517578,97.9800033569336,60.42499923706055,158.25999450683594,26.71500015258789,146.6199951171875,199.6999969482422,222.7449951171875,176.7949981689453,49.91999816894531,178.3000030517578,706.135009765625,105.29010009765625,91.88999938964844,56.599998474121094,427.489990234375,316.7300109863281,51.349998474121094,128.8800048828125,156.0800018310547,476.0450134277344,258.2200012207031,378.7200012207031,279.42999267578125,371.1400146484375,56.47999954223633,329.885009765625,250.8800048828125,429.7200012207031,82.08000183105469,76.02999877929688,131.46499633789062,154.8699951171875,291103,108342,31315,31498,358117,20031,389993,28660,99810,25080,129655,11550,52577,37500,1910,73655,21572,4931,32070,9250,141663,20384,60732,16761,112935,116305,30023,26570,49880,239895,26418,63526,11631,30708,555807,18735,10022,35221,797656,10500,60531,21814,8719,5910,26249,1098151,18348,7467,50516,42145,44846,72544,33055,12359,43062,3594,11354,44126,260816,7795,104720,32234,432128,77299,16214,132252,1448275,229613,29098,149587,30561,155849,41403,9331,5193,24350,65202,330868,26710,47593,32703,73981,11068,9246,50145,9038,14315,9757,7531.0,515169,39797,54512,32341,59203,19898,7398,61869,24201,80115,82373
2026-04-30 17:05:00+00:00,272.19000244140625,212.99000549316406,241.33999633789062,392.5400085449219,351.9800109863281,348.4750061035156,260.32000732421875,40.290000915527344,414.07000732421875,320.5199890136719,53.345001220703125,148.02000427246094,167.86000061035156,69.4000015258789,1058.43505859375,57.209999084472656,128.32000732421875,327.1000061035156,288.70001220703125,286.95001220703125,34.025001525878906,190.99000549316406,127.22000122070312,1011.9924926757812,174.47000122070312,90.87000274658203,35.775001525878906,83.20999908447266,193.4499969482422,114.79499816894531,179.8800048828125,51.154998779296875,140.2449951171875,60.39870071411133,11.9350004196167,205.5850067138672,131.6300048828125,76.86000061035156,381.1239929199219,923.4000244140625,42.19599914550781,326.4200134277344,323.29998779296875,237.3699951171875,229.33999633789062,93.87000274658203,383.7300109863281,455.1700134277344,230.2550048828125,313.07000732421875,32.75,78.76499938964844,939.8099975585938,235.44000244140625,500.260009765625,360.92999267578125,292.5799865722656,80.36499786376953,608.0,246.33999633789062,110.99500274658203,189.36500549316406,399.55499267578125,43.97999954223633,20.71500015258789,86.77999877929688,200.74000549316406,160.92999267578125,98.0250015258789,60.33000183105469,158.27000427246094,26.725000381469727,146.6300048828125,199.72999572753906,222.77499389648438,176.35499572753906,49.915000915527344,178.07989501953125,706.47998046875,105.30999755859375,91.88999938964844,56.600101470947266,426.95001220703125,316.6400146484375,51.32500076293945,128.9550018310547,156.2899932861328,475.9100036621094,257.989990234375,378.6549987792969,279.0799865722656,371.0299987792969,56.48500061035156,329.70001220703125,250.8800048828125,430.19500732421875,82.08999633789062,75.9800033569336,131.52059936523438,154.5800018310547,304553,83238,26765,30863,457950,8887,573651,33175,61766,15775,89838,13762,61531,29293,1585,97240,37130,9442,24448,16363,182312,20589,38401,8742,69591,99921,16239,27016,53065,18476,28970,49772,13801,82300,272888,2880,17667,35850,516867,6464,49375,16714,16616,13675,24876,967602,9141,6412,27445,28627,55532,64070,60271,5473,46122,4643,11727,60318,246897,8307,69473,29810,293563,74215,17129,86493,1266356,156096,31773,85211,23209,219660,38320,15811,2544,37430,63119,317865,6133,44905,32861,78107,6561,5796,29521,6485,15722,4926,8599.0,266991,51687,63243,19835,70094,38295,4774,67633,28231,79091,85566
2026-04-30 17:10:00+00:00,272.30999755859375,212.6300048828125,241.71499633789062,392.6449890136719,351.9549865722656,348.4800109863281,259.8599853515625,40.26499938964844,413.94219970703125,320.69000244140625,53.3650016784668,147.90499877929688,167.98500061035156,69.37999725341797,1059.1500244140625,57.439998626708984,128.30999755859375,326.885009765625,289.0400085449219,287.05999755859375,34.0,191.03469848632812,127.08000183105469,1012.5601196289062,174.85499572753906,90.97000122070312,35.744998931884766,83.23500061035156,193.22999572753906,114.83499908447266,179.6999969482422,51.125,140.1300048828125,60.28499984741211,11.920000076293945,205.41000366210938,131.56500244140625,76.91000366210938,383.6700134277344,923.72998046875,42.18000030517578,326.3800048828125,323.1600036621094,237.35000610351562,229.4801025390625,94.13999938964844,383.7900085449219,455.44000244140625,230.19000244140625,312.9700012207031,32.744998931884766,78.7249984741211,938.5800170898438,235.50660705566406,500.69000244140625,360.9599914550781,292.5299987792969,80.4000015258789,610.0900268554688,246.0399932861328,111.16000366210938,189.22999572753906,400.2699890136719,43.96500015258789,20.739999771118164,86.94999694824219,200.38009643554688,161.0500030517578,98.0,60.20500183105469,158.2899932861328,26.71500015258789,146.58999633789062,199.63999938964844,222.61000061035156,176.0800018310547,49.92499923706055,178.94000244140625,707.47998046875,105.19999694824219,91.83999633789062,56.71500015258789,427.5400085449219,316.95001220703125,51.28499984741211,128.9600067138672,156.47000122070312,476.760009765625,258.19000244140625,378.6199951171875,279.2699890136719,371.5299987792969,56.459999084472656,330.0199890136719,251.24000549316406,430.2550048828125,82.12000274658203,75.91000366210938,131.6300048828125,154.24000549316406,286498,73151,19098,26674,346879,16933,427453,37158,60386,18274,97073,20832,64989,27103,1998,158990,31513,5724,7198,7569,123259,22356,33484,6858,94474,76423,33635,21483,60143,14380,45797,64309,9306,32627,308006,8292,16692,26929,920693,7629,64215,41876,10367,9680,38837,1823402,16555,7963,48859,23132,25782,68568,77648,10393,27740,4649,19885,81873,287353,6603,76853,29576,444179,96451,25307,111748,1554623,175334,38725,119195,23809,158906,49645,8788,12654,22675,67930,528205,9289,39008,35053,124628,7143,18627,352873,8678,8657,27421,3312.0,210677,46808,48260,31486,48113,66411,3482,59667,34605,283519,88294
2026-04-30 17:15:00+00:00,272.25,212.47000122070312,241.73500061035156,392.31500244140625,351.9049987792969,348.4549865722656,259.55999755859375,40.31999969482422,413.9800109863281,320.8800048828125,53.3849983215332,147.96499633789062,168.02499389648438,69.44000244140625,1059.5999755859375,57.599998474121094,128.30999755859375,326.9100036621094,289.1050109863281,287.0950012207031,33.915000915527344,190.93499755859375,127.1500015258789,1013.2999877929688,174.99000549316406,90.87000274658203,35.779998779296875,83.22000122070312,193.24000549316406,114.875,179.61500549316406,51.150001525878906,140.27999877929688,60.349998474121094,11.930000305175781,205.14999389648438,131.5449981689453,76.87000274658203,382.69500732421875,923.5999755859375,42.20000076293945,326.44000244140625,323.5199890136719,236.80999755859375,229.79010009765625,94.0999984741211,384.12249755859375,455.9200134277344,230.17999267578125,313.04998779296875,32.76499938964844,78.68000030517578,940.0,235.5,500.54998779296875,361.1099853515625,292.69000244140625,80.44999694824219,608.110107421875,246.33999633789062,110.98999786376953,189.30999755859375,399.95001220703125,43.96500015258789,20.7450008392334,86.94000244140625,200.4199981689453,161.44000244140625,97.94000244140625,60.339900970458984,158.2550048828125,26.704999923706055,146.61500549316406,199.8249969482422,222.72999572753906,176.19500732421875,49.970001220703125,178.31500244140625,706.9199829101562,105.06999969482422,91.97000122070312,56.720001220703125,427.3450012207031,317.3999938964844,51.275001525878906,128.97999572753906,156.5449981689453,476.7550048828125,258.3299865722656,378.5350036621094,279.2850036621094,371.8349914550781,56.53499984741211,330.5799865722656,251.17999267578125,430.13250732421875,82.0999984741211,76.0199966430664,131.60000610351562,154.46499633789062,302856,51106,20272,33614,287491,11361,493784,18028,63149,13718,106360,19373,47459,25640,1503,98313,21185,4964,25105,7282,149770,15042,52920,6253,61339,135057,23252,19246,71026,9992,27791,51251,15788,45566,282725,7477,18544,39900,873726,9328,48476,15717,11604,22764,29294,968706,13681,7220,23057,23476,47302,50881,46689,13605,40349,2284,15252,82130,254277,11120,62361,18648,323477,92177,18197,155073,1157431,289493,70687,91171,31117,175956,41238,10988,4712,15653,66577,374066,6840,28615,43683,117303,7932,10698,24071,7875,12065,7801,3701.0,212850,36499,43737,39019,41953,25338,3344,56994,49552,60852,79155
2026-04-30 17:20:00+00:00,272.4800109863281,212.50999450683594,242.00999450683594,392.54998779296875,352.010009765625,348.1300048828125,259.90509033203125,40.279998779296875,414.1153869628906,320.989990234375,53.435001373291016,148.0500030517578,168.13999938964844,69.41999816894531,1059.280029296875,57.630001068115234,128.4499969482422,327.1499938964844,289.2200012207031,287.2099914550781,33.8650016784668,191.16000366210938,127.05000305175781,1013.7125244140625,175.0,90.9800033569336,35.7599983215332,83.23999786376953,193.1199951171875,114.8499984741211,179.4600067138672,51.119998931884766,140.16000366210938,60.32500076293945,11.920000076293945,204.7100067138672,131.5050048828125,76.97000122070312,383.07000732421875,924.25,42.209999084472656,326.760009765625,324.1600036621094,236.79249572753906,229.72999572753906,94.07499694824219,384.0899963378906,455.7900085449219,230.0,313.260009765625,32.76499938964844,78.53500366210938,940.4600219726562,235.89500427246094,501.5,361.4800109863281,292.8299865722656,80.49500274658203,606.4849853515625,246.23500061035156,110.52999877929688,189.36000061035156,400.75,44.005001068115234,20.7450008392334,87.13999938964844,200.40499877929688,161.92999267578125,98.13500213623047,60.279998779296875,158.0399932861328,26.704999923706055,146.63499450683594,200.01499938964844,222.69000244140625,175.99000549316406,50.05500030517578,177.875,707.280029296875,105.08000183105469,91.93000030517578,56.709999084472656,428.1050109863281,317.1000061035156,51.255001068115234,129.1199951171875,156.74000549316406,476.8299865722656,258.239990234375,378.57501220703125,279.114990234375,370.9100036621094,56.540000915527344,330.8599853515625,250.9199981689453,430.1300048828125,82.12249755859375,76.05999755859375,131.6300048828125,154.47000122070312,338669,61716,23991,36280,239368,22439,374474,20252,82319,19073,211412,20488,52789,28464,3144,165533,32341,6990,18778,7506,149909,65945,176271,5595,92682,86272,33712,24683,63582,13274,38041,60489,12225,35702,272039,16982,24752,39349,703708,8110,32915,63287,13703,10461,43257,926351,19627,14674,31152,26162,42217,153869,55094,14338,50708,7550,28993,102426,321456,17164,127313,31798,453022,136640,14558,195680,1272516,192400,51864,52192,35152,201253,45907,12752,5980,20649,92523,268972,9400,37953,42953,67276,4834,17193,41180,15014,14466,29483,9305.0,242842,43944,58970,43142,60896,22847,8802,84682,57600,62402,83370
2026-04-30 17:25:00+00:00,272.7850036621094,212.36000061035156,242.27000427246094,393.3299865722656,352.07470703125,347.8399963378906,259.9299011230469,40.28499984741211,414.54998779296875,321.2950134277344,53.40999984741211,148.13999938964844,167.9600067138672,69.38999938964844,1059.0400390625,57.650001525878906,128.27999877929688,326.7799987792969,289.6700134277344,287.25,33.82500076293945,191.19000244140625,126.97000122070312,1013.9600219726562,175.24000549316406,90.96499633789062,35.75,83.16000366210938,193.08999633789062,114.87000274658203,179.4499969482422,51.095001220703125,140.1300048828125,60.34000015258789,11.9399995803833,204.83999633789062,131.3699951171875,77.01000213623047,383.9200134277344,923.9349975585938,42.165000915527344,326.6099853515625,324.30999755859375,236.8699951171875,229.75,93.96499633789062,384.19000244140625,455.8450012207031,229.85000610351562,313.1000061035156,32.78499984741211,78.46499633789062,939.2449951171875,235.9499969482422,501.2200012207031,361.5799865722656,292.6700134277344,80.44499969482422,607.5449829101562,245.8350067138672,110.43499755859375,189.7899932861328,401.0199890136719,44.03499984741211,20.71500015258789,87.12999725341797,200.47999572753906,162.0399932861328,98.11000061035156,60.279998779296875,157.89999389648438,26.700000762939453,146.5500030517578,200.17999267578125,222.69500732421875,175.73500061035156,50.05500030517578,178.44000244140625,707.6400146484375,105.06999969482422,91.95500183105469,56.59000015258789,429.0350036621094,316.8399963378906,51.22999954223633,129.0800018310547,156.64999389648438,477.0400085449219,,378.52508544921875,279.1600036621094,370.34619140625,56.560001373291016,330.8900146484375,250.60000610351562,430.3599853515625,82.11499786376953,76.02999877929688,131.6199951171875,154.2899932861328,228697,66611,15413,54992,217765,9369,343266,17856,65539,22481,118487,10923,57755,30349,1648,79573,46679,7194,12439,4055,179112,22635,41978,9445,119306,57786,20839,27107,50882,12514,37140,37447,13384,39001,286892,6635,28424,37647,517717,13217,66341,41688,26175,13521,24540,786429,9938,5114,20854,29429,60143,86781,26287,11532,42500,3959,15691,61773,247693,10905,90164,82837,288312,97092,18052,82101,829409,151629,41057,42356,39147,122113,32671,8705,4454,20722,43215,280207,3367,50376,31212,174962,6621,18119,69778,17334,8508,24614,,202195,42206,49527,30511,49185,15496,2690,50912,32271,73699,121100
2026-04-30 17:30:00+00:00,273.3999938964844,212.1300048828125,242.57000732421875,394.1099853515625,352.7300109863281,347.6199951171875,260.0799865722656,40.25,415.0003967285156,321.7349853515625,53.44499969482422,148.05999755859375,168.2100067138672,69.37000274658203,1059.8699951171875,57.81999969482422,128.42999267578125,327.0199890136719,288.989990234375,287.4750061035156,33.91999816894531,191.30999755859375,126.6500015258789,1015.1900024414062,175.30499267578125,91.05999755859375,35.689998626708984,83.12000274658203,192.6300048828125,115.04000091552734,179.96499633789062,51.040000915527344,139.9499969482422,60.27000045776367,11.954999923706055,204.6999969482422,131.14999389648438,77.08999633789062,383.0474853515625,924.2550048828125,42.1150016784668,327.3749084472656,324.8399963378906,237.22999572753906,229.75999450683594,94.12000274658203,384.739990234375,457.17999267578125,229.58999633789062,313.2200012207031,32.76499938964844,78.40730285644531,940.1500244140625,236.3300018310547,499.489990234375,362.2200012207031,292.7699890136719,80.51000213623047,608.5700073242188,245.5800018310547,110.30999755859375,189.8800048828125,401.4150085449219,44.16999816894531,20.68000030517578,87.20999908447266,200.81500244140625,162.29989624023438,98.27999877929688,60.14500045776367,157.97500610351562,26.684999465942383,146.57000732421875,200.4149932861328,222.77999877929688,175.80999755859375,50.11000061035156,179.1300048828125,705.5999755859375,105.18000030517578,92.01000213623047,56.55500030517578,429.2300109863281,317.42498779296875,51.28499984741211,129.11000061035156,156.7445068359375,477.82501220703125,257.5150146484375,379.614990234375,279.80999755859375,370.3380126953125,56.619998931884766,330.30499267578125,250.55999755859375,429.95001220703125,82.19499969482422,75.99500274658203,131.6999969482422,154.10000610351562,396543,93659,19118,52588,310737,18557,627600,54597,115440,16128,110383,19001,51531,44900,1690,228996,36580,12105,11278,12248,162116,20386,60789,18482,82318,106764,50766,25722,112055,15746,39785,72192,16451,85574,423943,11043,32854,47485,671558,29911,114240,62646,10226,15982,38184,1029294,13652,15844,27383,34817,89726,106306,30678,11753,44414,5714,21252,76853,275811,10752,147539,39069,450395,164144,30114,107861,1478961,124219,57789,151088,26535,160314,52076,12450,9347,16731,80714,371404,7752,51341,67781,75580,7663,22642,51665,10495,15696,6307,5881.0,395667,118551,91146,31117,70979,22903,4822,59432,92695,77367,104058
2026-04-30 17:35:00+00:00,273.4150085449219,212.14500427246094,242.07000732421875,394.9750061035156,352.70001220703125,347.55999755859375,260.05999755859375,40.30500030517578,415.44500732421875,321.42498779296875,53.38999938964844,148.02999877929688,167.85000610351562,69.64990234375,1059.4949951171875,57.79999923706055,128.28500366210938,326.57000732421875,288.375,287.2300109863281,33.915000915527344,191.3249969482422,126.72000122070312,1015.75,175.08999633789062,91.06999969482422,35.71500015258789,83.125,193.14500427246094,115.05500030517578,180.10000610351562,51.08000183105469,140.1649932861328,60.27000045776367,11.930000305175781,204.57000732421875,131.13999938964844,77.01000213623047,383.8399963378906,924.1099853515625,42.20000076293945,327.0799865722656,324.9100036621094,236.8553924560547,229.8000030517578,94.46499633789062,383.76251220703125,456.4700012207031,229.5500030517578,313.0400085449219,32.77000045776367,78.41000366210938,940.4805297851562,236.2949981689453,499.7149963378906,362.3999938964844,292.8550109863281,80.4800033569336,608.9099731445312,245.889892578125,110.16999816894531,189.80499267578125,401.3399963378906,44.149898529052734,20.625,87.07990264892578,201.1199951171875,161.9199981689453,98.19000244140625,60.244998931884766,158.03500366210938,26.670000076293945,146.63499450683594,200.15499877929688,223.00250244140625,175.8800048828125,50.03499984741211,179.40159606933594,705.4299926757812,105.30999755859375,92.09819793701172,56.619998931884766,429.0899963378906,317.5299987792969,51.36000061035156,129.1649932861328,156.80499267578125,477.385009765625,257.43499755859375,379.54998779296875,280.20001220703125,370.1199951171875,56.665000915527344,330.20001220703125,250.9199981689453,429.9800109863281,82.16999816894531,75.87999725341797,131.625,154.23500061035156,384639,44183,17506,143088,375003,12379,1324136,26348,75588,21474,168207,18352,41715,70534,2061,71944,59008,10010,20503,23462,125951,16527,107047,19645,106504,192258,29165,39350,86722,13711,30000,50401,24176,30294,491914,11517,17833,33774,346328,9822,71917,22266,13055,8273,27152,837188,9395,6657,31065,31224,41782,93773,27605,10843,44527,5332,14678,55819,229604,11568,114405,31028,281836,90287,90860,115088,1179427,135382,39827,52035,30863,116913,103540,17406,8016,18436,47840,485404,4021,30825,42354,111439,6760,12313,37783,18323,16578,7362,9788.0,292758,45816,37407,25751,63703,12075,3197,69726,65764,55881,115124
2026-04-30 17:40:00+00:00,273.7099914550781,211.80999755859375,242.19000244140625,395.2699890136719,353.1899108886719,347.55499267578125,260.05999755859375,40.345001220703125,415.3399963378906,321.30999755859375,53.39500045776367,147.97999572753906,168.17999267578125,69.52999877929688,1059.4649658203125,57.79999923706055,128.22000122070312,326.68499755859375,289.1400146484375,287.1000061035156,33.90010070800781,191.36000061035156,126.37000274658203,1017.239990234375,175.03500366210938,91.07499694824219,35.70500183105469,83.25589752197266,192.97999572753906,115.24500274658203,179.78500366210938,51.07500076293945,140.14999389648438,60.13999938964844,11.914999961853027,204.6300048828125,131.14999389648438,76.81999969482422,383.0299987792969,924.7999877929688,42.19499969482422,327.3699951171875,324.81500244140625,237.3800048828125,229.9550018310547,94.36499786376953,383.8299865722656,456.75,229.5500030517578,313.0950012207031,32.724998474121094,78.4000015258789,940.7999877929688,236.58999633789062,501.7200012207031,362.3699951171875,293.18499755859375,80.66190338134766,609.4600219726562,245.50999450683594,110.16000366210938,189.9199981689453,401.3500061035156,44.17499923706055,20.674999237060547,86.8499984741211,200.50990295410156,161.66000366210938,98.3949966430664,60.224998474121094,157.80999755859375,26.655000686645508,146.6999969482422,200.4499969482422,223.0,176.0399932861328,50.040000915527344,179.77999877929688,704.4400024414062,105.37999725341797,92.06999969482422,56.59299850463867,429.5899963378906,317.44500732421875,51.349998474121094,129.1649932861328,156.89999389648438,477.7900085449219,257.57000732421875,378.7300109863281,280.1000061035156,369.6700134277344,56.665000915527344,330.7799987792969,250.5399932861328,430.0150146484375,82.19000244140625,75.83999633789062,131.8101043701172,154.14999389648438,379434,47848,15291,53689,371652,18483,340621,28360,100405,10354,104984,10512,66228,40791,1455,68111,63984,8839,8979,13222,111092,15787,121395,16343,55091,58406,26229,39829,79013,19004,36515,62629,15162,113911,269554,9270,17743,45050,509698,8334,47102,31599,8855,11045,28673,725336,12752,4463,41621,24369,53972,73575,28496,11824,42865,8030,15666,370259,284873,9157,91603,22859,362303,72305,99113,114536,1454072,82610,144332,71637,49920,110090,64626,12171,5486,16063,54058,282081,3350,39391,76022,140110,7483,6235,86030,20134,15060,7100,5789.0,265933,37261,50410,31700,63934,16299,24040,53173,29525,70545,99315
2026-04-30 17:45:00+00:00,273.739990234375,212.00999450683594,241.99600219726562,395.3999938964844,353.82000732421875,347.7099914550781,259.989990234375,40.28499984741211,416.30999755859375,321.5,53.42499923706055,147.89999389648438,168.17999267578125,69.55999755859375,1060.5999755859375,57.85499954223633,128.27999877929688,326.92498779296875,288.9599914550781,286.9049987792969,33.939998626708984,191.24000549316406,126.05000305175781,1017.0,174.94000244140625,91.1803970336914,35.685001373291016,83.29499816894531,192.72999572753906,115.28500366210938,179.8437957763672,51.032310485839844,140.17149353027344,60.0099983215332,11.904999732971191,203.98219299316406,131.24000549316406,76.93000030517578,383.3500061035156,925.0,42.19499969482422,327.6000061035156,324.82000732421875,239.0500030517578,230.13499450683594,94.38009643554688,383.9800109863281,456.3699951171875,229.6300048828125,313.2300109863281,32.689998626708984,78.5198974609375,940.7449951171875,236.9499969482422,502.6300048828125,362.75,293.3399963378906,80.68000030517578,610.531494140625,245.16990661621094,110.11000061035156,189.94000244140625,401.6099853515625,44.165000915527344,20.65999984741211,86.8499984741211,200.625,161.75999450683594,98.80000305175781,60.18000030517578,157.97999572753906,26.645000457763672,146.88499450683594,200.63999938964844,223.09500122070312,175.86000061035156,50.02000045776367,179.53500366210938,704.75,105.44000244140625,92.13500213623047,56.57500076293945,429.6650085449219,317.5400085449219,51.3650016784668,129.0399932861328,156.97999572753906,478.05999755859375,257.239990234375,378.875,280.3699951171875,369.739990234375,56.70500183105469,331.07000732421875,249.91099548339844,429.5899963378906,82.2300033569336,75.78500366210938,131.86500549316406,154.1199951171875,392930,49587,10239,39596,495516,13067,537162,40036,119873,13385,118965,9911,35276,36164,2167,90667,39205,10243,7204,19794,104109,15636,96699,17041,62875,71993,18097,23275,86713,15218,15292,55561,40901,35573,329558,31043,16230,41567,483768,10653,59308,28170,15954,78602,41659,723634,9041,8573,54552,22260,32037,91021,19581,10594,28313,3858,13051,74268,428387,16356,218945,19474,294266,62640,44974,106505,1013972,115071,66440,80726,44141,115883,59216,16587,5313,11912,80937,235880,5012,39755,24683,48979,5134,36662,0,26486,7406,15079,4413.0,224566,47887,27204,25277,54240,16576,19660,56040,26624,82669,79699
2026-04-30 17:50:00+00:00,273.7300109863281,211.7100067138672,242.02000427246094,395.1700134277344,354.1050109863281,347.2250061035156,260.06500244140625,40.29999923706055,416.32049560546875,321.1400146484375,53.39500045776367,147.76499938964844,168.0500030517578,69.54000091552734,1059.469970703125,57.618099212646484,128.25,326.739990234375,288.8399963378906,286.7900085449219,33.8650016784668,191.11630249023438,126.0,1016.239990234375,174.97500610351562,91.18000030517578,35.68000030517578,83.25,192.85000610351562,114.99500274658203,179.625,51.029998779296875,140.16000366210938,59.959999084472656,11.90999984741211,203.9801025390625,131.13499450683594,76.83999633789062,383.04998779296875,924.4299926757812,42.165000915527344,327.2998962402344,323.625,239.74000549316406,230.22999572753906,94.4749984741211,384.6499938964844,455.760009765625,229.4199981689453,312.93499755859375,32.6349983215332,78.47000122070312,941.02001953125,236.8699951171875,502.1400146484375,361.8800048828125,293.2650146484375,80.54000091552734,609.6199951171875,245.27999877929688,109.87000274658203,189.78500366210938,402.1799011230469,44.185001373291016,20.639999389648438,86.73999786376953,200.85499572753906,161.8699951171875,98.8499984741211,60.189998626708984,157.99000549316406,26.649999618530273,146.77000427246094,200.05999755859375,222.9600067138672,175.92999267578125,49.9900016784668,179.75999450683594,704.0,105.25,92.08000183105469,56.595001220703125,429.6199951171875,316.92999267578125,51.345001220703125,128.8000030517578,156.82000732421875,477.989990234375,256.9949951171875,379.0,280.70001220703125,369.6200866699219,56.685001373291016,331.2300109863281,250.0749969482422,429.010009765625,82.12999725341797,75.66999816894531,131.82000732421875,154.02000427246094,297246,34257,13722,112915,257902,18158,606101,21000,63188,11075,97891,15351,88610,25199,2339,103279,28555,13151,11209,28288,199161,12805,117455,8299,71401,60641,22461,24290,60797,20120,11870,47381,36357,35070,362823,16604,13891,41829,371883,6465,54883,21516,17812,12832,30493,460378,9546,7907,26346,26295,55212,137240,30318,8758,34850,5228,15692,73599,301349,10723,201316,17175,343008,74734,73821,133088,1109105,85160,40832,57396,34951,160750,43327,24066,4161,19921,43471,188924,6072,60452,35171,242456,4612,6924,46618,16518,18515,12492,3288.0,256617,640318,41209,21788,58198,18406,17686,61799,70870,58910,543501
2026-04-30 17:55:00+00:00,273.6199951171875,211.38499450683594,242.1300048828125,395.5,354.239990234375,346.8900146484375,260.2799072265625,40.26499938964844,416.8349914550781,321.42999267578125,53.3849983215332,147.67999267578125,168.6699981689453,69.50499725341797,1059.550048828125,57.709999084472656,128.3249969482422,326.4649963378906,288.82989501953125,286.8599853515625,33.915000915527344,191.13999938964844,125.91999816894531,1014.4550170898438,175.24009704589844,91.08999633789062,35.665000915527344,83.25499725341797,192.72000122070312,114.93000030517578,179.4250030517578,51.005001068115234,140.125,59.95000076293945,11.904999732971191,203.84750366210938,131.0,76.81999969482422,384.5849914550781,924.467529296875,42.130001068115234,326.79998779296875,323.8399963378906,240.2274932861328,230.35000610351562,94.94999694824219,384.7349853515625,455.239990234375,229.1999969482422,312.95001220703125,32.60499954223633,78.4749984741211,938.8049926757812,236.625,501.489990234375,361.6600036621094,293.17498779296875,80.54000091552734,613.280029296875,245.24000549316406,109.83999633789062,189.8800048828125,402.6700134277344,44.15999984741211,20.575000762939453,86.94000244140625,201.25750732421875,162.11000061035156,98.72000122070312,60.125,157.9600067138672,26.609899520874023,146.75999450683594,200.0,222.80999755859375,175.75,49.96500015258789,179.8300018310547,703.0350952148438,105.39990234375,92.08999633789062,56.5099983215332,429.8399963378906,316.9049987792969,51.317501068115234,128.55999755859375,156.67999267578125,477.0150146484375,256.8500061035156,379.3301086425781,280.760986328125,369.8999938964844,56.63999938964844,330.8599853515625,249.92999267578125,429.1400146484375,82.13500213623047,75.61530303955078,131.66000366210938,153.88499450683594,238923,36375,19531,53036,376358,14716,513195,27074,115425,15160,125644,12227,72856,38419,1517,82684,60925,9944,11276,7423,121738,25651,76060,14418,61409,58735,18448,44619,50291,20969,16879,45462,29012,35209,354539,25778,14773,39238,547746,12067,39860,21095,12366,11606,33537,1715519,10715,7636,28046,41229,90374,80938,36605,11671,49554,8422,20973,66390,389801,9780,61594,28189,314319,100211,22484,102994,1236299,125875,83272,68938,31836,197402,77745,29372,10426,22867,82643,164134,4069,53048,40661,65805,6037,10046,47660,23990,24789,30732,6187.0,275131,55691,30727,139214,61254,28038,7614,56701,21133,65974,93408
2026-04-30 18:00:00+00:00,274.0950012207031,211.7949981689453,242.5,395.45001220703125,354.3999938964844,346.9700012207031,261.1400146484375,40.209999084472656,416.8900146484375,321.4800109863281,53.3849983215332,147.6999969482422,169.2899932861328,69.41500091552734,1059.93994140625,57.720001220703125,128.2949981689453,326.43499755859375,288.614990234375,286.8599853515625,33.939998626708984,191.0500030517578,125.7249984741211,1015.0999755859375,175.2100067138672,91.07990264892578,35.630001068115234,83.0,192.55999755859375,114.96499633789062,179.67999267578125,50.95650100708008,140.0,59.880001068115234,11.914999961853027,203.72500610351562,131.14500427246094,77.06500244140625,385.2200012207031,924.9000244140625,42.095001220703125,327.239990234375,323.8599853515625,238.38999938964844,230.77000427246094,94.87999725341797,385.3399963378906,455.7799987792969,229.1199951171875,313.114990234375,32.55500030517578,78.43499755859375,940.0,237.00750732421875,501.5849914550781,361.94000244140625,293.2799987792969,80.62000274658203,616.6932983398438,245.52999877929688,109.77999877929688,189.90499877929688,404.05999755859375,44.2599983215332,20.540000915527344,86.98999786376953,201.46499633789062,162.1999969482422,98.83999633789062,60.04499816894531,157.91000366210938,26.625,146.77000427246094,200.07000732421875,222.60000610351562,175.8300018310547,50.064998626708984,179.18150329589844,703.135009765625,105.63999938964844,92.06999969482422,56.45500183105469,430.32000732421875,316.7550048828125,51.29499816894531,128.4199981689453,156.8000030517578,477.93499755859375,256.8599853515625,380.3999938964844,280.3900146484375,369.3599853515625,56.625,330.9949951171875,249.63499450683594,429.6499938964844,82.11499786376953,75.48999786376953,131.6699981689453,153.63999938964844,474250,50775,15004,46130,341064,19493,763346,37819,96800,17215,127373,19247,54267,36175,3186,86113,96238,18281,10297,31679,136633,35180,69935,21885,76958,92484,21288,157436,73129,22846,28382,45518,26695,59431,407509,16470,37053,57978,873400,15479,125219,19978,22039,22210,46539,1163309,9931,8753,32809,49299,51809,72013,39832,10617,34624,20864,25802,112870,614849,10769,75155,54325,1406453,117497,23785,116601,1771904,105745,68972,103185,22523,206784,71870,11598,5281,23256,88811,342989,8224,44390,47351,119399,8903,7684,52712,16288,20784,26230,16181.0,677118,92677,27574,27989,80782,21806,8140,139428,69792,114882,117128
2026-04-30 18:05:00+00:00,274.1300048828125,212.11000061035156,242.61500549316406,395.1099853515625,353.7799987792969,347.3139953613281,261.56500244140625,40.2599983215332,416.3399963378906,322.1400146484375,53.415000915527344,147.8000030517578,169.38510131835938,69.3949966430664,1060.155029296875,57.7400016784668,128.3300018310547,326.43499755859375,289.19000244140625,286.9414978027344,33.904998779296875,190.97999572753906,126.04499816894531,1015.8179931640625,175.86000061035156,91.06999969482422,35.66999816894531,82.93000030517578,192.83999633789062,115.04000091552734,179.56500244140625,51.01499938964844,140.1750030517578,59.959999084472656,11.910099983215332,204.02499389648438,131.25,77.11000061035156,383.8699951171875,925.1500244140625,42.08000183105469,327.75,323.760009765625,238.5399932861328,231.05499267578125,94.3301010131836,385.42999267578125,455.7300109863281,229.2899932861328,313.29998779296875,32.625,78.5199966430664,939.989990234375,237.3249969482422,504.1099853515625,362.07000732421875,293.44500732421875,80.6050033569336,615.8699951171875,245.47999572753906,110.0,189.77999877929688,403.9750061035156,44.29999923706055,20.520000457763672,87.25,200.6199951171875,162.1300048828125,98.72000122070312,60.165000915527344,158.06500244140625,26.645000457763672,146.99000549316406,200.14210510253906,222.4600067138672,175.52999877929688,50.060001373291016,179.38999938964844,703.10498046875,105.62999725341797,92.04000091552734,56.369998931884766,429.875,317.0950012207031,51.30500030517578,128.6699981689453,156.9550018310547,477.8900146484375,257.42999267578125,380.6600036621094,280.7300109863281,369.0199890136719,56.64500045776367,331.3500061035156,249.83999633789062,429.7550048828125,82.23500061035156,75.6500015258789,131.77000427246094,153.80999755859375,296760,61873,31360,31030,364211,21722,946938,40085,108839,30256,165458,20516,58653,41278,3653,101860,50463,13139,52731,29200,149315,33670,108770,9868,109147,95197,21289,49619,75514,14146,50229,38866,21777,50064,270416,17081,33345,63443,435537,12322,61527,28377,11379,9946,56212,1122863,15095,15321,38705,35590,125829,74008,50216,13949,56195,6614,20514,81514,388614,11388,114584,43502,448671,148859,41638,634968,1719943,152114,58512,101963,42948,220254,53477,18537,10136,52154,78516,244939,4666,61663,74921,176498,13776,18404,49715,27065,24448,17919,4472.0,581659,71212,64188,85959,56224,27560,15278,78866,143367,76700,116939
2026-04-30 18:10:00+00:00,273.9800109863281,212.1199951171875,243.66990661621094,394.7699890136719,353.19000244140625,347.05999755859375,261.68499755859375,40.290000915527344,416.2200012207031,322.3800048828125,53.42499923706055,147.92999267578125,169.33999633789062,69.37999725341797,1060.4549560546875,57.775001525878906,128.24000549316406,326.6000061035156,289.9949951171875,286.8699951171875,34.04499816894531,191.3000030517578,126.33999633789062,1015.264892578125,176.47999572753906,91.03500366210938,35.71500015258789,82.9800033569336,193.08999633789062,115.22000122070312,179.58999633789062,51.06999969482422,140.40499877929688,59.970001220703125,11.920000076293945,203.86500549316406,131.26499938964844,77.06500244140625,385.0600891113281,925.3800048828125,42.064998626708984,328.1300048828125,323.82501220703125,238.0800018310547,231.21499633789062,94.03990173339844,385.7550048828125,455.9800109863281,229.3000030517578,313.3999938964844,32.654998779296875,78.54499816894531,939.4000244140625,237.6199951171875,504.9100036621094,362.135009765625,293.55999755859375,80.66999816894531,617.1699829101562,245.73500061035156,109.83999633789062,189.69000244140625,404.54998779296875,44.349998474121094,20.530000686645508,87.41999816894531,200.68069458007812,162.0850067138672,98.77999877929688,60.244998931884766,158.1300048828125,26.635000228881836,147.1300048828125,200.36500549316406,222.77000427246094,175.9550018310547,50.10499954223633,179.5850067138672,702.3900146484375,105.56999969482422,91.98500061035156,56.38999938964844,429.94500732421875,317.5299987792969,51.35499954223633,128.9600067138672,156.94000244140625,477.92999267578125,257.6099853515625,380.0849914550781,280.8500061035156,368.95001220703125,56.707698822021484,331.1449890136719,250.25,429.7699890136719,82.30999755859375,75.87999725341797,131.80999755859375,153.97000122070312,314246,33843,46781,69286,303976,9546,770468,38165,92698,21105,92149,16745,44159,47617,2106,69323,74171,23424,78971,12402,128696,57808,91813,6869,87910,66485,18332,62625,61854,13161,25296,50152,21087,38436,391048,24072,39916,43893,443495,10069,62873,28278,9136,21710,47158,1476356,14905,7733,22476,32491,208508,74578,42125,12526,36121,8145,13504,81371,462403,9022,59003,18770,310192,161442,61442,254334,1239535,121793,41291,72738,31968,128479,38444,11407,8835,32771,62287,221492,5086,52758,31402,48987,11748,21840,36391,36989,18506,6122,4453.0,296336,40068,59044,23978,90886,17110,7432,74841,72734,70921,216873
2026-04-30 18:15:00+00:00,273.989990234375,212.17999267578125,243.60000610351562,393.2900085449219,353.05499267578125,347.4549865722656,261.8500061035156,40.310001373291016,415.8599853515625,322.31500244140625,53.440101623535156,148.0050048828125,169.10000610351562,69.30000305175781,1061.050048828125,57.66999816894531,128.24000549316406,326.6000061035156,290.1400146484375,286.82000732421875,34.07500076293945,191.38150024414062,126.47000122070312,1014.6699829101562,176.6300048828125,90.9800033569336,35.709999084472656,83.04499816894531,193.14999389648438,115.2699966430664,179.7100067138672,51.059898376464844,140.4199981689453,59.97999954223633,11.954999923706055,203.82000732421875,131.2899932861328,77.11000061035156,384.78948974609375,925.5900268554688,42.05500030517578,328.56500244140625,324.2699890136719,238.03500366210938,230.89999389648438,94.01000213623047,386.0299987792969,455.8699951171875,229.3699951171875,313.4403991699219,32.6349983215332,78.5250015258789,939.8499755859375,237.84500122070312,504.7099914550781,362.510009765625,293.8500061035156,80.69999694824219,616.2098999023438,245.7200927734375,110.01499938964844,189.63999938964844,404.7633056640625,44.35499954223633,20.53499984741211,87.16999816894531,200.7100067138672,162.29220581054688,98.75,60.21260070800781,158.12249755859375,26.645000457763672,147.30999755859375,200.27000427246094,222.89500427246094,175.69000244140625,50.06999969482422,179.1199951171875,703.25,105.62999725341797,92.06999969482422,56.41999816894531,430.2049865722656,317.2200012207031,51.345001220703125,129.1699981689453,156.97000122070312,477.54998779296875,257.67498779296875,380.82000732421875,281.20001220703125,368.92498779296875,56.724998474121094,331.0199890136719,250.25999450683594,429.8599853515625,82.34010314941406,75.88999938964844,131.8300018310547,153.99009704589844,330778,35760,25712,51163,221599,16705,697061,30547,75801,16673,80869,10060,42704,43799,2120,115696,59225,12888,52730,12512,105381,23350,91416,9086,132547,199570,18791,56863,59664,16338,22782,51859,18837,40940,473750,14292,35518,69860,488035,10575,92079,19656,12987,22046,37525,960891,20393,8587,30026,31901,80686,96835,33138,14974,33630,6850,16057,63551,396711,12136,98751,43967,391135,102705,24811,216357,1421358,134085,37734,82264,48519,124643,31369,15127,6516,49913,67163,459430,7067,57912,40038,63107,6412,13230,46099,34865,13012,14628,4699.0,334141,34958,58097,32942,84632,15209,14983,90453,56941,59861,111479
2026-04-30 18:20:00+00:00,273.6499938964844,212.03500366210938,243.61000061035156,393.73748779296875,352.5314025878906,347.8399963378906,261.70001220703125,40.35499954223633,415.7699890136719,322.5899963378906,53.48500061035156,147.83999633789062,169.27999877929688,69.37999725341797,1062.490966796875,57.61000061035156,128.38499450683594,327.05999755859375,290.2099914550781,286.489990234375,34.05500030517578,191.22999572753906,126.50499725341797,1014.3150024414062,176.64010620117188,91.05000305175781,35.70000076293945,83.01000213623047,193.3300018310547,115.2699966430664,179.4149932861328,51.060001373291016,140.47999572753906,60.0099983215332,11.96500015258789,203.9149932861328,131.36000061035156,76.9800033569336,384.1600036621094,925.77001953125,42.05500030517578,328.57000732421875,324.04998779296875,238.13999938964844,231.0,94.42050170898438,386.9649963378906,455.6400146484375,229.3574981689453,313.4599914550781,32.64500045776367,78.51499938964844,939.7550048828125,237.8249969482422,504.05999755859375,362.1499938964844,293.75,80.56999969482422,616.1699829101562,246.4875030517578,110.08999633789062,189.6750030517578,404.8299865722656,44.35499954223633,20.55500030517578,87.37999725341797,200.64999389648438,162.38999938964844,98.41000366210938,60.229000091552734,158.07000732421875,26.645000457763672,147.1999969482422,200.31500244140625,222.98500061035156,175.8800048828125,50.03010177612305,178.9801025390625,703.1900024414062,105.66000366210938,92.05000305175781,56.459999084472656,430.19000244140625,316.7250061035156,51.3650016784668,129.06500244140625,156.8699951171875,477.2250061035156,257.7200012207031,380.75,280.8599853515625,368.7550048828125,56.71500015258789,330.93499755859375,250.4720001220703,429.4649963378906,82.36009979248047,75.9800033569336,131.78990173339844,154.19000244140625,274908,39273,21237,102701,336144,21368,751058,22723,66239,12020,163167,14818,37169,33800,5222,90559,95541,10927,23956,22607,111801,19456,72788,9436,149704,239734,20302,30871,66046,17031,24692,44253,21189,30927,560215,7398,36537,51674,313722,10242,103551,20952,12859,29596,31945,926054,15655,5854,19250,25857,61001,37873,35750,7956,35152,4870,19039,88933,360674,25393,103170,41115,302314,94442,24160,170379,1204462,132952,77458,78691,20901,148074,56151,6678,8210,30504,52194,184249,4157,52460,70934,59617,6634,7961,49455,16998,22472,11528,4667.0,284205,58906,46774,42583,46832,17914,7451,78309,97598,71149,144168
2026-04-30 18:25:00+00:00,273.6000061035156,211.97000122070312,243.80499267578125,393.30999755859375,351.99090576171875,347.42999267578125,262.39990234375,40.36000061035156,415.6400146484375,322.57501220703125,53.53499984741211,147.9250030517578,169.10000610351562,69.33000183105469,1062.9300537109375,57.6150016784668,128.38999938964844,327.1400146484375,290.9100036621094,286.5400085449219,34.02989959716797,191.3350067138672,126.4000015258789,1013.5700073242188,176.58999633789062,91.19000244140625,35.71500015258789,82.97000122070312,193.30999755859375,115.27999877929688,179.52999877929688,51.060001373291016,140.42999267578125,60.0099983215332,11.96500015258789,203.8800048828125,131.2913055419922,77.05500030517578,384.6199951171875,926.0999755859375,42.01499938964844,328.6700134277344,323.3999938964844,237.1699981689453,231.1300048828125,94.57990264892578,387.0199890136719,455.1300048828125,229.30999755859375,313.7099914550781,32.6349983215332,78.4749984741211,940.4299926757812,237.91000366210938,503.70001220703125,361.95001220703125,293.625,80.58000183105469,616.0700073242188,246.88999938964844,110.12999725341797,190.10000610351562,406.1549987792969,44.36000061035156,20.55500030517578,87.48999786376953,200.77499389648438,162.57000732421875,98.16000366210938,60.2400016784668,158.0800018310547,26.647199630737305,147.17999267578125,200.27999877929688,222.9949951171875,176.09500122070312,50.07500076293945,179.3800048828125,703.4500122070312,105.66999816894531,92.13999938964844,56.439998626708984,430.57000732421875,316.635009765625,51.39500045776367,129.0800018310547,156.89500427246094,477.4750061035156,257.6000061035156,381.1499938964844,280.760009765625,367.9078063964844,56.76499938964844,330.8800048828125,250.6999969482422,429.0799865722656,82.37999725341797,75.94000244140625,131.68499755859375,154.25999450683594,267388,37680,111157,70940,365438,14503,769656,42195,65373,14969,253234,17941,51349,45616,2022,98865,61821,8208,17925,7325,113325,25144,89467,8911,131878,128804,19899,40804,68349,12621,35818,59246,24178,31187,966632,35065,33280,58033,429859,6835,81213,21084,13464,9873,30175,933115,18964,7597,29086,35117,324480,62913,70418,12253,38440,4625,20991,95946,304627,19969,94261,49932,382630,166253,17600,162840,1006760,126635,39211,54700,19613,177221,42775,11522,7373,19071,86886,192384,5678,43121,83284,105352,7996,12975,40881,20992,14458,8753,4125.0,353646,46110,58445,134375,55882,12599,5814,76437,97573,56759,127333
2026-04-30 18:30:00+00:00,273.6199951171875,211.75,243.8699951171875,392.42999267578125,352.239990234375,347.5899963378906,263.0299987792969,40.404998779296875,415.8399963378906,322.5799865722656,53.51499938964844,147.8800048828125,169.6999969482422,69.33999633789062,1063.3399658203125,57.59000015258789,128.30999755859375,327.0899963378906,291.1300048828125,286.2650146484375,33.994998931884766,191.49000549316406,126.38999938964844,1012.8800048828125,176.47999572753906,91.3280029296875,35.744998931884766,82.91999816894531,193.33990478515625,115.44499969482422,179.60000610351562,51.11000061035156,140.50999450683594,60.025001525878906,12.005000114440918,204.1300048828125,131.34500122070312,76.97000122070312,383.875,926.8800048828125,42.084999084472656,328.8900146484375,323.3599853515625,236.7050018310547,231.06500244140625,94.66500091552734,386.635009765625,454.8299865722656,229.46499633789062,313.5849914550781,32.65999984741211,78.5199966430664,938.3200073242188,238.2100067138672,503.1050109863281,362.0450134277344,293.6300048828125,80.56999969482422,616.5900268554688,246.89999389648438,110.20999908447266,189.91000366210938,406.6549987792969,44.404998779296875,20.575000762939453,87.4800033569336,201.02000427246094,162.6300048828125,98.2876968383789,60.29999923706055,158.2346954345703,26.655000686645508,147.1699981689453,200.33999633789062,223.25999450683594,176.05999755859375,50.09629821777344,179.6999969482422,704.25,105.70999908447266,92.26000213623047,56.485599517822266,430.4649963378906,316.6050109863281,51.415000915527344,129.3300018310547,156.86000061035156,477.5299987792969,257.8999938964844,381.0,280.7850036621094,367.6700134277344,56.7599983215332,330.510009765625,251.03500366210938,429.4049987792969,82.43499755859375,75.91000366210938,131.77000427246094,154.46499633789062,261089,47475,48015,51458,279472,15859,760133,26265,60621,13182,172320,19459,71357,61689,3616,76722,62053,22386,11128,35862,132196,44362,88327,9906,55701,130552,17596,34763,72474,44322,30291,67742,20697,32954,1107823,23315,34518,133160,468813,10629,88598,23032,15913,12403,33102,840745,18141,10060,35573,39304,271814,75489,39069,16268,34616,5860,15204,110837,395635,21710,228784,54423,489795,105279,21689,133742,1295069,142532,37388,99664,28917,142706,91130,7044,18670,33152,104556,204425,8084,58592,52307,97906,8230,14157,41630,30772,17893,8026,7846.0,381452,78799,74190,41698,59414,28658,20248,97605,43680,71298,138981
2026-04-30 18:35:00+00:00,273.8699951171875,212.09500122070312,244.0800018310547,391.94000244140625,352.2698974609375,347.8500061035156,263.6700134277344,40.448001861572266,415.29998779296875,322.8699951171875,53.54499816894531,148.14999389648438,169.75999450683594,69.31500244140625,1063.4300537109375,57.595001220703125,128.35000610351562,327.45001220703125,291.82501220703125,286.2099914550781,34.04499816894531,191.85000610351562,126.51000213623047,1013.97998046875,176.69500732421875,91.40799713134766,35.77000045776367,83.13999938964844,193.49000549316406,115.5,179.72000122070312,51.15999984741211,140.50999450683594,60.099998474121094,12.015000343322754,204.50999450683594,131.58999633789062,76.98400115966797,383.2300109863281,927.8099975585938,42.10499954223633,329.2149963378906,323.5199890136719,237.9550018310547,231.03500366210938,94.1500015258789,387.31500244140625,455.05999755859375,229.56500244140625,313.8299865722656,32.720001220703125,78.68250274658203,937.719970703125,238.44000244140625,504.2099914550781,362.010009765625,293.79998779296875,80.72000122070312,616.8250122070312,247.36000061035156,110.31999969482422,190.29100036621094,406.9049987792969,44.47999954223633,20.584999084472656,87.56999969482422,201.05499267578125,162.5,98.48999786376953,60.3650016784668,158.33999633789062,26.688499450683594,147.25999450683594,200.51499938964844,223.3699951171875,176.39999389648438,50.11000061035156,179.75999450683594,705.489990234375,105.8301010131836,92.24500274658203,56.47999954223633,430.4750061035156,316.9849853515625,51.470001220703125,129.5800018310547,156.89999389648438,477.864990234375,258.0899963378906,382.1000061035156,279.6099853515625,368.5400085449219,56.79999923706055,331.3299865722656,251.02499389648438,429.6000061035156,82.51000213623047,76.0,131.9199981689453,154.4499969482422,228749,61012,23237,38179,282495,20898,753076,23387,68947,14043,117416,16971,48462,49759,3251,70577,57298,16233,11689,37482,115542,49670,573262,16266,77108,172627,18213,24519,59530,15289,21110,46022,22018,29682,1061530,14048,51813,63793,378805,22695,51660,28784,12297,22327,54940,907545,17017,8090,31902,31601,112245,91886,49553,14936,30955,5699,31516,112542,331501,11951,85936,30944,350942,99030,18007,140796,1421793,156696,39414,75924,26900,153171,56651,11597,11918,21120,92866,190524,6028,51985,52156,55741,8795,10367,68903,36723,15532,8736,7552.0,705459,94105,77941,65292,43927,13747,11369,77950,63224,59078,78778
2026-04-30 18:40:00+00:00,273.6300048828125,211.99000549316406,244.2899932861328,391.0199890136719,352.17999267578125,347.3550109863281,263.7900085449219,40.48500061035156,415.4549865722656,323.1050109863281,53.56999969482422,148.1649932861328,169.85000610351562,69.26000213623047,1063.699951171875,57.54499816894531,128.3300018310547,327.70001220703125,292.67999267578125,286.6600036621094,34.08000183105469,191.90499877929688,126.5199966430664,1013.0,176.98500061035156,91.47000122070312,35.755001068115234,83.18000030517578,193.39999389648438,115.47000122070312,179.84500122070312,51.125,140.5,60.11000061035156,12.024999618530273,204.47999572753906,131.52000427246094,77.03500366210938,382.69000244140625,927.5750122070312,42.095001220703125,329.2900085449219,323.2799987792969,238.61500549316406,231.25509643554688,94.11000061035156,387.44500732421875,455.2950134277344,229.31500244140625,313.9800109863281,32.7150993347168,78.6050033569336,941.0800170898438,238.5050048828125,505.0,362.0400085449219,293.6549987792969,80.77999877929688,617.10498046875,247.42999267578125,110.23999786376953,190.47999572753906,407.20001220703125,44.52000045776367,20.559999465942383,87.69999694824219,201.47000122070312,162.60000610351562,98.5199966430664,60.36000061035156,158.27000427246094,26.690099716186523,147.22000122070312,200.72000122070312,223.5399932861328,176.64999389648438,50.16999816894531,179.5749969482422,705.0999755859375,105.83999633789062,92.33999633789062,56.459999084472656,430.68218994140625,316.8699951171875,51.46500015258789,129.47000122070312,156.94000244140625,478.3900146484375,258.2799987792969,381.873291015625,279.3800048828125,368.7300109863281,56.79499816894531,330.9849853515625,251.75,429.1499938964844,82.5199966430664,76.06999969482422,131.85000610351562,154.5,259250,59305,35620,41800,176420,25022,758193,22068,94194,20656,161623,13260,78927,82379,1925,83286,61242,9330,8850,11464,214102,47326,89460,12408,92033,114643,70981,47081,61858,19058,28135,63039,293240,49125,667673,13471,65969,50005,447095,16825,178945,23916,9206,13322,45895,806760,11994,10417,29796,32833,67379,81935,67790,11179,53163,10199,19089,230164,343036,13482,84800,33730,525569,138819,24848,172067,1332195,115105,65802,55658,31747,123666,47537,12304,7283,24977,75454,230721,4792,60571,61851,110927,12884,18202,50456,32674,22616,10721,4934.0,515417,75375,50023,92562,49927,25332,10429,154506,35360,69925,97550
2026-04-30 18:45:00+00:00,273.70001220703125,212.77000427246094,244.44000244140625,391.1050109863281,352.2900085449219,347.56939697265625,263.6300048828125,40.44900131225586,415.5,323.2900085449219,53.584999084472656,148.27609252929688,169.8350067138672,69.25,1063.510009765625,57.45500183105469,128.47999572753906,327.6449890136719,292.3399963378906,287.07000732421875,33.90999984741211,191.94000244140625,126.73999786376953,1012.8300170898438,176.9949951171875,91.58000183105469,35.755001068115234,83.2300033569336,193.2899932861328,115.48999786376953,179.77499389648438,51.130001068115234,140.47000122070312,60.189998626708984,12.024999618530273,204.3699951171875,131.3800048828125,77.00499725341797,381.7900085449219,927.510009765625,42.04499816894531,329.3700866699219,323.3299865722656,238.75,231.33999633789062,94.01619720458984,388.0660095214844,455.3800048828125,229.42469787597656,314.010009765625,32.744998931884766,78.5780029296875,944.7899780273438,238.52000427246094,504.6499938964844,362.2099914550781,293.5899963378906,80.98999786376953,616.6849975585938,247.69000244140625,110.31999969482422,190.3300018310547,407.2149963378906,44.525001525878906,20.545000076293945,87.83999633789062,201.72000122070312,162.6999969482422,98.63500213623047,60.380001068115234,158.38999938964844,26.719900131225586,147.22000122070312,200.9149932861328,223.5399932861328,176.7100067138672,50.165000915527344,180.3000030517578,705.0599975585938,105.6500015258789,92.38999938964844,56.435001373291016,431.3949890136719,317.0050048828125,51.46500015258789,129.47000122070312,156.8800048828125,478.239990234375,258.3450012207031,381.64990234375,279.135009765625,369.1400146484375,56.814998626708984,331.1499938964844,251.4250030517578,429.1650085449219,82.61000061035156,76.16500091552734,131.83999633789062,154.65499877929688,271184,68654,33615,42147,179364,20464,950492,25506,59645,27329,120023,14640,51527,34625,2758,166355,59846,18551,16019,12009,329918,45305,68113,10839,81402,137378,16804,22989,63291,10058,23128,54671,32477,36120,416810,9305,48921,53370,455545,11161,80772,23649,14789,8882,28623,625197,14469,7975,27873,35699,142366,90508,57545,19312,36705,7625,18027,78764,243824,16947,100136,41917,570364,97677,15537,112046,1855717,125971,66581,68802,24631,137746,59371,10190,13578,20073,79591,319689,3086,65932,53435,68267,7028,18658,47120,36713,26798,8343,6135.0,301089,46007,34722,31134,50414,19292,10477,103374,47434,71380,124907
2026-04-30 18:50:00+00:00,273.4599914550781,212.5449981689453,244.1699981689453,391.6499938964844,351.8900146484375,347.2300109863281,263.5799865722656,40.404998779296875,415.7099914550781,323.19500732421875,53.54499816894531,148.11500549316406,169.50999450683594,69.27999877929688,1062.3599853515625,57.2599983215332,128.3800048828125,327.5950012207031,291.614990234375,286.80499267578125,33.869998931884766,191.85499572753906,126.63999938964844,1013.8734741210938,176.55999755859375,91.625,35.709999084472656,83.29499816894531,193.10000610351562,115.41000366210938,179.5850067138672,51.064998626708984,140.30152893066406,60.1349983215332,12.03499984741211,204.25999450683594,131.4680938720703,77.02999877929688,382.0,925.8499755859375,42.03499984741211,329.2699890136719,323.5400085449219,238.42999267578125,231.52499389648438,93.48290252685547,387.42999267578125,455.0400085449219,229.31500244140625,313.7099914550781,32.7400016784668,78.48500061035156,943.375,238.60499572753906,504.1199951171875,362.2650146484375,293.45001220703125,80.83999633789062,616.5,247.39999389648438,110.13500213623047,190.13999938964844,407.1700134277344,44.54499816894531,20.559999465942383,87.61000061035156,201.6699981689453,162.25,98.73999786376953,60.29999923706055,158.31520080566406,26.684999465942383,147.15499877929688,201.00999450683594,223.57000732421875,176.5050048828125,50.125,179.6501007080078,705.0900268554688,105.55000305175781,92.41000366210938,56.45500183105469,430.2900085449219,316.2900085449219,51.46500015258789,129.46009826660156,157.01499938964844,477.3299865722656,258.375,382.3900146484375,279.010009765625,368.55499267578125,56.78499984741211,330.2799987792969,251.03500366210938,428.7349853515625,82.50890350341797,76.2300033569336,131.85000610351562,154.4921112060547,303964,69789,24039,43222,202020,16948,593294,84612,72184,18487,180076,12513,67017,38589,4857,117024,65357,17085,21582,12942,726967,45775,88885,13004,101102,226961,50296,37274,69521,18619,55113,49879,20441,37036,386338,10748,32742,61489,429684,16739,65774,24303,10406,10611,48223,1233109,13874,7960,29583,33287,60361,86248,35225,16851,34505,6361,21411,61906,311629,42352,75844,40489,430840,164026,22384,116528,961232,167618,70860,78313,27173,136790,38289,15219,10614,13315,69520,235270,7310,60012,52621,81344,7687,12231,36028,24058,19135,11467,7949.0,447975,61925,34293,46928,48461,17468,7635,99648,46914,75579,131223
2026-04-30 18:55:00+00:00,273.0950012207031,212.97500610351562,244.13999938964844,390.82000732421875,351.2900085449219,346.95001220703125,263.5,40.470001220703125,415.29998779296875,323.0,53.525001525878906,148.27000427246094,169.57000732421875,69.3499984741211,1061.3299560546875,57.31999969482422,128.25,327.7049865722656,291.9750061035156,286.989990234375,33.834999084472656,191.77999877929688,126.91000366210938,1013.239990234375,176.66000366210938,91.33000183105469,35.73500061035156,83.26499938964844,192.9600067138672,115.41000366210938,179.78500366210938,51.099998474121094,140.3300018310547,60.220001220703125,12.04010009765625,204.47000122070312,131.4185028076172,76.94999694824219,381.6499938964844,925.364990234375,42.03499984741211,329.1449890136719,323.2850036621094,238.52999877929688,231.35000610351562,92.66000366210938,387.8999938964844,455.32000732421875,229.31500244140625,313.55499267578125,32.744998931884766,78.47589874267578,942.7227172851562,238.6999969482422,504.6700134277344,361.8699951171875,293.43499755859375,80.87999725341797,616.0999755859375,247.75999450683594,109.87999725341797,190.08709716796875,407.4599914550781,44.56019973754883,20.559999465942383,87.69999694824219,201.82550048828125,162.2949981689453,98.67960357666016,60.400001525878906,158.28990173339844,26.674999237060547,147.17950439453125,201.11500549316406,223.42999267578125,176.8300018310547,50.080101013183594,178.30999755859375,704.3099975585938,105.43000030517578,92.42500305175781,56.51499938964844,430.0899963378906,316.8599853515625,51.45500183105469,129.5500030517578,157.14990234375,477.1199951171875,258.32000732421875,382.3351135253906,278.6700134277344,368.82000732421875,56.720001220703125,330.4800109863281,251.41000366210938,428.92999267578125,82.45989990234375,76.16500091552734,131.80499267578125,154.64010620117188,432670,112927,38251,95369,251517,20840,566848,29743,111009,17613,143287,15472,46858,36811,5474,114605,116890,40462,7219,9319,315961,29742,111666,7637,81564,229499,21660,35869,108057,19469,25651,42978,25545,38361,459722,11105,28589,66449,383243,9958,88147,19209,16425,9102,38057,1783168,14439,7917,39392,45074,68465,63265,32827,10020,44875,6415,19929,55943,224539,15073,130019,43803,404261,125833,23391,100490,2375182,144379,70414,91427,23426,153069,30668,8692,10094,26707,100796,356873,8502,44227,53427,128490,9710,21234,49780,31176,42126,14637,5675.0,390906,70759,56410,42345,49057,24408,9833,85301,43410,61426,120236
2026-04-30 19:00:00+00:00,273.760009765625,212.88499450683594,244.24000549316406,391.1199951171875,351.3699951171875,346.9801025390625,264.2900085449219,40.375,415.2699890136719,323.17999267578125,53.595001220703125,148.53500366210938,169.49000549316406,69.27059936523438,1063.530029296875,57.380001068115234,128.25,327.4775085449219,292.1300048828125,286.95111083984375,33.82500076293945,191.8800048828125,126.62000274658203,1014.6199951171875,176.67999267578125,91.38500213623047,35.65999984741211,83.2699966430664,192.72999572753906,115.5999984741211,180.00999450683594,50.989898681640625,139.97999572753906,60.099998474121094,12.03499984741211,203.9199981689453,131.52499389648438,77.04499816894531,382.25,926.5599975585938,42.03499984741211,329.5700988769531,323.75,238.3800048828125,231.52000427246094,92.69999694824219,387.9150085449219,455.55499267578125,229.47500610351562,313.8500061035156,32.73500061035156,78.40499877929688,940.5399780273438,239.08099365234375,506.19500732421875,361.95001220703125,293.6099853515625,80.91999816894531,616.2899780273438,246.90499877929688,109.80619812011719,190.3990936279297,407.5,44.599998474121094,20.489999771118164,87.6500015258789,201.25,162.27999877929688,98.8499984741211,60.25,158.2100067138672,26.68000030517578,147.25999450683594,201.3699951171875,223.9199981689453,176.41000366210938,50.08000183105469,178.3800048828125,704.6900024414062,105.3499984741211,92.44869995117188,56.5099983215332,429.6499938964844,316.8550109863281,51.55500030517578,129.46499633789062,157.32000732421875,477.7200012207031,258.32000732421875,383.9100036621094,279.364990234375,368.989990234375,56.845001220703125,331.1499938964844,250.07000732421875,428.1600036621094,82.57499694824219,76.21099853515625,131.9600067138672,154.47999572753906,453149,53998,27792,135046,264610,33037,884036,54355,348594,19899,147278,14840,55784,33289,2154,150549,101260,37423,12341,18499,1099069,29026,68884,11303,76228,123581,26625,33771,90663,61943,37621,52806,16689,57697,564502,8584,35023,109505,426423,7557,97875,20623,19899,14466,53555,1993016,11739,10677,44781,40164,96757,85958,43378,24328,43546,9047,23158,87622,269383,23691,130240,38379,407510,141157,27009,187307,1519488,122093,85202,114006,26469,137560,33612,16323,14565,38588,114864,342438,3506,54864,53051,130689,16567,17823,51318,31827,30576,6337,6648.0,915458,53138,26240,56416,54815,17848,4273,107785,49725,79096,134043
2026-04-30 19:05:00+00:00,273.95001220703125,213.19500732421875,244.14999389648438,392.1199951171875,352.114990234375,347.0400085449219,264.05999755859375,40.255001068115234,415.79998779296875,322.79998779296875,53.58000183105469,148.69500732421875,169.47000122070312,69.31500244140625,1062.1199951171875,57.40999984741211,128.1199951171875,327.2950134277344,292.1300048828125,286.5849914550781,34.005001068115234,191.6199951171875,126.44000244140625,1014.9000244140625,176.55499267578125,91.38999938964844,35.61000061035156,83.30000305175781,192.61000061035156,115.67500305175781,179.96499633789062,50.92499923706055,139.8300018310547,59.97999954223633,12.046600341796875,203.60000610351562,131.6300048828125,77.03500366210938,383.239990234375,925.2999877929688,42.0099983215332,329.4549865722656,324.3800048828125,238.50999450683594,231.1750030517578,92.62000274658203,387.2049865722656,455.9100036621094,229.52000427246094,313.5050048828125,32.689998626708984,78.41010284423828,941.6199951171875,239.02000427246094,504.94000244140625,362.2149963378906,293.8500061035156,80.90499877929688,615.0499877929688,246.8300018310547,109.45999908447266,190.1300048828125,407.42999267578125,44.625,20.5049991607666,87.58999633789062,201.38499450683594,162.2100067138672,98.88999938964844,60.154998779296875,158.16000366210938,26.68000030517578,147.30499267578125,201.19000244140625,223.80999755859375,176.14999389648438,50.025001525878906,178.36000061035156,703.989990234375,105.4800033569336,92.25,56.51499938964844,429.0299987792969,316.760009765625,51.52000045776367,129.47999572753906,157.24000549316406,477.8999938964844,258.1300048828125,383.5199890136719,279.70001220703125,369.260009765625,56.849998474121094,330.9700012207031,249.8699951171875,427.9150085449219,82.45999908447266,76.13999938964844,131.9304962158203,154.3800048828125,484725,91608,23215,54076,198440,18963,665908,88813,123703,32960,204676,20205,46474,70414,4694,98972,64542,16871,29433,25784,222176,27828,54734,10018,98690,110129,21754,39081,148535,22159,31194,43539,26632,38870,285711,9758,42452,74146,492142,11814,70275,20334,20670,14282,56718,1998923,17581,13951,54990,34111,89677,91725,49273,19008,52758,7715,25531,70271,280071,18023,164846,43789,409983,144646,26836,107036,1183135,191955,49751,69510,32332,236437,37289,24666,14963,20277,114263,305684,10058,58561,71344,60919,12696,16579,65123,24620,24663,9076,10123.0,779831,58267,31461,70442,57373,30764,3857,83000,31769,85759,85915
2026-04-30 19:10:00+00:00,274.2200012207031,213.0800018310547,244.5,392.45001220703125,352.79998779296875,347.1000061035156,264.5199890136719,40.290000915527344,417.30499267578125,322.864990234375,53.584999084472656,148.8000030517578,169.62989807128906,69.50900268554688,1062.125,57.439998626708984,128.2100067138672,327.17999267578125,292.8800048828125,286.9849853515625,33.974998474121094,191.79510498046875,126.48500061035156,1016.010009765625,176.77999877929688,91.53500366210938,35.60499954223633,83.41999816894531,192.77000427246094,115.83000183105469,179.9199981689453,50.92499923706055,139.89999389648438,60.029998779296875,12.0649995803833,203.3800048828125,131.69000244140625,77.20099639892578,382.8410949707031,925.6599731445312,42.14500045776367,329.2200927734375,324.4599914550781,238.0500030517578,231.25,92.88999938964844,388.29998779296875,456.25,229.6300048828125,313.6499938964844,32.72999954223633,78.4749984741211,940.9500122070312,238.7899932861328,505.44000244140625,362.239990234375,293.8500061035156,81.02999877929688,615.8007202148438,246.9600067138672,109.61499786376953,190.2100067138672,407.135009765625,44.685001373291016,20.53499984741211,87.76280212402344,201.4600067138672,162.17999267578125,98.80000305175781,60.18000030517578,158.27499389648438,26.679899215698242,147.3699951171875,201.06500244140625,223.93499755859375,176.22999572753906,50.095001220703125,178.88999938964844,703.7899780273438,105.44000244140625,92.30000305175781,56.709999084472656,429.45001220703125,316.9599914550781,51.54499816894531,129.44000244140625,157.2100067138672,477.989990234375,258.57000732421875,383.4198913574219,279.6000061035156,369.6700134277344,56.89500045776367,331.2900085449219,249.75999450683594,428.1099853515625,82.5,76.19000244140625,131.99000549316406,154.49000549316406,361436,105857,23557,49342,243577,20260,778261,56234,227404,23792,182026,28993,56533,41571,3613,116030,101317,15572,19786,15290,236083,21671,68529,31686,108911,115872,20422,47291,68968,27573,26413,46765,27647,45703,440075,35772,40937,64763,434074,9516,124149,29090,21756,90293,57198,1276706,19970,7495,37883,43751,75213,86883,29186,15088,47335,8837,33416,100839,365954,19785,124939,44443,492746,145281,33261,156754,1538067,143372,91997,96475,28990,173447,39875,10221,10968,21905,83900,255625,6742,53235,49753,119530,22586,20440,40110,41640,25273,8313,6053.0,484049,51787,36512,98725,50742,24424,7877,49600,32114,123463,110497
2026-04-30 19:15:00+00:00,274.17999267578125,213.39999389648438,244.9199981689453,393.0400085449219,352.7749938964844,347.19000244140625,265.3999938964844,40.349998474121094,417.2149963378906,322.8699951171875,53.606998443603516,148.69000244140625,169.55999755859375,69.6050033569336,1062.7950439453125,57.31999969482422,128.2100067138672,327.25,292.2099914550781,287.05499267578125,33.83000183105469,191.61500549316406,126.29000091552734,1015.3900146484375,176.60000610351562,91.5199966430664,35.689998626708984,83.32499694824219,192.77999877929688,115.91999816894531,179.34500122070312,50.994998931884766,139.91000366210938,60.029998779296875,12.050000190734863,203.4499969482422,131.58999633789062,77.1500015258789,382.05999755859375,926.1199951171875,42.209999084472656,329.2200012207031,324.6449890136719,238.0800018310547,231.0500030517578,92.91000366210938,388.1050109863281,455.7699890136719,229.4600067138672,313.7699890136719,32.7400016784668,78.43499755859375,940.3699951171875,238.74000549316406,504.4200134277344,362.125,293.45001220703125,80.83499908447266,615.4119873046875,246.52000427246094,109.48999786376953,190.32000732421875,407.1449890136719,44.665000915527344,20.53499984741211,87.79499816894531,201.03500366210938,162.1199951171875,98.41999816894531,60.150001525878906,158.15499877929688,26.655000686645508,147.27999877929688,201.02000427246094,224.02999877929688,176.22000122070312,50.11000061035156,178.16749572753906,705.5399780273438,105.53500366210938,92.50399780273438,56.80500030517578,429.05999755859375,315.4849853515625,51.560001373291016,129.44000244140625,157.00999450683594,477.2149963378906,258.6300048828125,383.5400085449219,280.5799865722656,369.3157958984375,56.939998626708984,330.8299865722656,249.47999572753906,428.0,82.5999984741211,76.23999786376953,131.89999389648438,154.5135040283203,527870,65308,74828,76423,220183,19907,1096954,43019,196699,28704,217304,23810,64063,54302,3206,125676,129256,12437,20325,30020,200797,30183,98141,13203,113089,106489,89277,95280,76251,17202,46783,69294,32057,42445,511071,28278,44305,68679,345051,13778,90526,42185,16509,10724,39523,3629983,20273,22233,54474,55238,77596,84916,44981,15911,49154,9790,37981,101658,455257,39088,153308,38582,363694,177783,28389,130653,1513595,184215,110413,116438,38754,244168,58283,19952,21494,21176,101887,300562,26191,195492,95589,117926,10497,34195,54473,25329,26584,18910,12212.0,446639,84312,46171,94033,60204,32626,6232,74030,62202,102688,107591
2026-04-30 19:20:00+00:00,274.2799987792969,212.8800048828125,245.1750030517578,392.8901062011719,352.6099853515625,347.1499938964844,265.7300109863281,40.41999816894531,416.1099853515625,323.21990966796875,53.60499954223633,148.5800018310547,169.36500549316406,69.59500122070312,1063.1500244140625,57.404701232910156,128.22999572753906,327.125,290.92498779296875,287.5299987792969,33.8650016784668,191.7899932861328,126.44999694824219,1014.72998046875,177.25999450683594,91.55000305175781,35.77000045776367,83.30999755859375,192.9499969482422,115.93499755859375,179.47999572753906,51.084999084472656,140.11000061035156,60.03499984741211,12.059900283813477,203.7100067138672,131.4199981689453,77.23500061035156,381.9599914550781,926.2249755859375,42.209999084472656,328.989990234375,324.4100036621094,238.78250122070312,231.02000427246094,92.73500061035156,389.29998779296875,456.4200134277344,229.44000244140625,313.7799987792969,32.75,78.48999786376953,939.4500122070312,238.5,505.2900085449219,362.1000061035156,293.4100036621094,80.81999969482422,616.4749755859375,246.4600067138672,109.41999816894531,190.33999633789062,408.2799987792969,44.71500015258789,20.545000076293945,87.99610137939453,201.05999755859375,162.1699981689453,98.2699966430664,60.224998474121094,158.1300048828125,26.645000457763672,147.3000030517578,201.0399932861328,223.89010620117188,176.17999267578125,50.154998779296875,178.89999389648438,704.5499877929688,105.63500213623047,92.46499633789062,56.82500076293945,430.6700134277344,315.5799865722656,51.54499816894531,129.49000549316406,156.99000549316406,477.3299865722656,258.6400146484375,384.2900085449219,280.3599853515625,369.0400085449219,56.97999954223633,331.260009765625,249.49000549316406,428.1199951171875,82.53500366210938,76.29000091552734,131.77000427246094,154.69000244140625,434713,80113,45104,122271,248574,17663,911772,47778,156341,18400,157973,18932,68326,64238,3153,144568,84750,27123,48754,17119,307306,32806,116085,12445,126009,163121,95800,45745,65530,27130,45457,283996,27789,54283,448009,24853,50245,109945,428352,14106,86071,31757,19013,18331,39922,901538,24573,8282,61563,39391,70265,88928,69623,24705,52802,8385,29443,93748,282070,24789,91881,41489,482269,190832,20013,286323,1123909,176090,72298,136778,31446,142428,66517,15097,12596,22264,132926,408788,9731,93621,71114,89248,14290,69502,51862,28154,32983,13788,7750.0,505150,64240,46966,136253,61622,25597,6449,108765,57916,122464,152623
2026-04-30 19:25:00+00:00,274.489990234375,212.67010498046875,246.27000427246094,393.5,352.75,347.0950012207031,265.6000061035156,40.44499969482422,415.5400085449219,323.42919921875,53.64500045776367,148.75,169.16000366210938,69.5999984741211,1064.1500244140625,57.20000076293945,128.1999969482422,326.92999267578125,289.95001220703125,287.6099853515625,33.720001220703125,191.9499969482422,126.43000030517578,1014.9650268554688,177.75,91.6050033569336,35.755001068115234,83.18000030517578,193.0500030517578,115.80000305175781,179.25,51.099998474121094,140.0399932861328,60.01499938964844,12.0600004196167,203.38499450683594,131.1300048828125,77.23999786376953,381.32000732421875,926.7449951171875,42.21500015258789,329.0199890136719,324.6199951171875,238.52000427246094,230.8300018310547,92.43499755859375,389.739990234375,456.1199951171875,229.5399932861328,313.8599853515625,32.79999923706055,78.54499816894531,939.9199829101562,238.50999450683594,504.94000244140625,361.8135986328125,293.4150085449219,80.63999938964844,617.0800170898438,246.64999389648438,109.23999786376953,190.5800018310547,408.3399963378906,44.790000915527344,20.5049991607666,88.23999786376953,200.82000732421875,161.76499938964844,98.20999908447266,60.29010009765625,158.3699951171875,26.649999618530273,147.50999450683594,200.60000610351562,224.1649932861328,176.3000030517578,50.17499923706055,179.4499969482422,704.260009765625,105.5999984741211,92.41999816894531,56.814998626708984,430.9800109863281,314.4949951171875,51.54999923706055,129.52999877929688,157.10499572753906,478.04998779296875,259.2200012207031,383.95001220703125,279.9150085449219,369.3999938964844,56.90999984741211,330.9599914550781,248.7899932861328,427.80999755859375,82.5199966430664,76.30500030517578,131.80999755859375,154.72000122070312,515471,66161,152445,110807,258569,32937,936071,59554,172708,24370,237164,21739,75533,62623,6596,327222,79575,42571,27828,30238,360561,49635,83268,15960,135535,103353,94208,59606,71666,22435,56576,110672,36497,80698,723441,30461,30554,104373,470449,13347,107497,40289,29628,15254,52271,955377,27218,10347,45574,54658,115076,176852,63989,16068,55461,12304,31304,115682,327203,36271,195653,47886,608545,218061,53742,268523,1293245,218264,77456,153410,34627,238466,53040,23144,19560,38229,141793,317287,12457,126093,88600,156996,18655,73997,95418,24401,41388,21670,9886.0,542941,87454,54754,221200,58528,47811,6260,169616,78364,114615,104843
2026-04-30 19:30:00+00:00,273.94500732421875,212.7899932861328,246.15499877929688,393.34991455078125,353.44000244140625,347.3699951171875,266.2300109863281,40.474998474121094,415.6400146484375,323.2799987792969,53.57500076293945,148.21499633789062,169.64999389648438,69.62000274658203,1062.7950439453125,57.22999954223633,127.88999938964844,326.9700012207031,290.864990234375,287.135009765625,33.77000045776367,191.8000030517578,126.61009979248047,1014.7249755859375,177.4199981689453,91.55380249023438,35.86000061035156,83.13500213623047,193.1925048828125,115.47000122070312,178.80999755859375,51.224998474121094,140.2899932861328,60.07500076293945,12.055000305175781,203.62750244140625,131.16000366210938,77.25,381.75,925.219970703125,42.255001068115234,328.55999755859375,324.3599853515625,238.25999450683594,230.43499755859375,93.58000183105469,389.3299865722656,455.88751220703125,229.4949951171875,313.5249938964844,32.73500061035156,78.58000183105469,942.530029296875,238.32000732421875,504.70001220703125,362.1400146484375,293.1400146484375,80.61499786376953,618.35498046875,247.5,109.5199966430664,190.36990356445312,408.17999267578125,44.59510040283203,20.522499084472656,88.25,200.74000549316406,161.5399932861328,98.5250015258789,60.39500045776367,158.22000122070312,26.645000457763672,147.42999267578125,200.5850067138672,223.93499755859375,176.9499969482422,50.15999984741211,180.1199951171875,704.510009765625,105.1050033569336,92.31999969482422,56.810001373291016,430.7349853515625,314.30999755859375,51.46500015258789,129.25999450683594,156.94500732421875,477.55999755859375,259.260009765625,382.5299987792969,279.989990234375,369.67999267578125,56.790000915527344,330.9049987792969,250.0800018310547,427.9599914550781,82.38500213623047,76.0999984741211,131.79989624023438,155.00999450683594,648938,90308,259914,114753,362934,39383,1066471,81578,172535,48244,463000,32689,94508,81745,9227,209636,170702,60488,35557,22857,541703,53216,112872,20411,232867,174825,109206,71948,92820,46975,76287,131546,49388,116030,592073,144009,83846,128095,543057,16139,211191,60844,38339,20425,69602,1781779,29758,20470,66671,79492,160112,157645,61505,31607,60575,22187,65547,242058,448131,41199,426899,69237,570471,242899,122231,524563,1694252,340291,127146,178561,48338,371593,78191,41875,36969,27821,189009,447578,12033,169390,146048,178176,28953,63351,84695,50696,39233,22751,19162.0,655276,75207,56286,99274,96716,59890,10623,108851,86567,132287,210736
2026-04-30 19:35:00+00:00,274.1559143066406,212.64500427246094,246.1999969482422,392.1700134277344,353.3500061035156,347.3399963378906,266.32000732421875,40.53499984741211,415.3399963378906,323.2998962402344,53.564998626708984,148.1649932861328,169.63999938964844,69.67500305175781,1063.18994140625,57.404998779296875,127.93000030517578,326.94000244140625,291.7049865722656,287.5899963378906,33.77000045776367,191.6060028076172,126.69999694824219,1014.47998046875,177.6199951171875,91.51000213623047,35.8849983215332,83.18000030517578,193.44000244140625,115.63999938964844,178.8800048828125,51.275001525878906,140.21499633789062,60.084999084472656,12.055000305175781,203.95249938964844,131.11000061035156,77.26000213623047,382.2799987792969,926.0700073242188,42.255001068115234,328.885009765625,324.55999755859375,238.1699981689453,230.6699981689453,93.73500061035156,389.2699890136719,456.80999755859375,229.73500061035156,313.2550048828125,32.709999084472656,78.79499816894531,935.4949951171875,238.38999938964844,504.5299987792969,362.3550109863281,293.091796875,80.7699966430664,618.25,247.97999572753906,109.75499725341797,190.1999969482422,408.610107421875,44.625,20.545000076293945,88.3949966430664,200.71009826660156,161.80999755859375,98.69000244140625,60.404998779296875,158.43080139160156,26.649999618530273,147.52499389648438,200.75,223.75999450683594,177.5050048828125,50.14500045776367,180.6199951171875,705.5549926757812,105.3499984741211,92.19999694824219,56.849998474121094,430.82000732421875,314.8800048828125,51.400001525878906,129.39500427246094,156.7949981689453,477.7850036621094,258.989990234375,381.8599853515625,280.1650085449219,369.90008544921875,56.78499984741211,330.9949951171875,250.25,428.04998779296875,82.34500122070312,76.08999633789062,131.86000061035156,155.19000244140625,562721,66926,81533,95453,285244,43253,1246246,76245,193558,32128,252734,27551,85892,71247,4577,293578,104952,72048,23963,38418,272202,45564,90265,16137,128973,174166,104676,52981,81124,33057,95369,128040,35831,92752,499807,27679,62132,101101,638978,22453,113580,49035,27220,32232,46913,1519521,32962,15422,62710,57531,151857,170525,88666,26288,47151,13604,43906,104779,495884,36781,241583,78620,679113,207550,58062,277538,1671351,317211,114214,135672,42313,300772,73280,19050,23344,25552,105787,465292,11742,125352,129059,134909,18855,25139,78179,32743,48849,12073,16122.0,651720,58071,71803,119472,88830,35819,8592,125666,75520,118806,143355
2026-04-30 19:40:00+00:00,274.489990234375,212.85000610351562,246.1999969482422,393.70001220703125,353.17999267578125,347.3900146484375,266.010009765625,40.4900016784668,416.0675048828125,323.2900085449219,53.53499984741211,148.2449951171875,169.1199951171875,69.66000366210938,1062.7701416015625,57.474998474121094,127.93000030517578,326.9200134277344,291.2099914550781,287.5293884277344,33.82500076293945,191.67999267578125,126.77999877929688,1014.3350219726562,177.47999572753906,91.54000091552734,35.86000061035156,83.29499816894531,193.49000549316406,115.51000213623047,178.89999389648438,51.220001220703125,140.30999755859375,60.03499984741211,12.039999961853027,203.97000122070312,131.25830078125,77.19999694824219,382.6789855957031,926.6099853515625,42.23500061035156,329.2149963378906,324.54998779296875,238.99000549316406,230.67999267578125,93.92500305175781,389.4700012207031,457.45001220703125,229.7899932861328,313.1449890136719,32.71500015258789,78.78500366210938,936.2360229492188,238.47999572753906,505.4549865722656,362.385009765625,293.18499755859375,80.83999633789062,617.85498046875,247.99000549316406,109.5199966430664,190.08999633789062,409.29998779296875,44.6349983215332,20.5,88.68000030517578,200.76499938964844,161.77999877929688,98.7249984741211,60.39500045776367,158.52999877929688,26.655000686645508,147.5050048828125,200.8300018310547,223.53500366210938,177.47999572753906,50.10499954223633,180.05999755859375,706.6400146484375,105.12999725341797,92.19999694824219,56.814998626708984,430.8399963378906,314.98748779296875,51.30500030517578,129.3699951171875,156.81500244140625,478.1000061035156,259.19000244140625,381.8500061035156,280.0899963378906,370.0849914550781,56.73500061035156,330.5249938964844,250.75999450683594,428.0899963378906,82.2750015258789,76.0999984741211,131.9842987060547,155.14999389648438,596615,89094,86571,85971,341568,38987,958095,81532,154969,41799,267798,26361,117201,64478,7082,252687,135509,27559,24289,36404,447895,61892,119533,14939,346729,236341,114891,65108,95183,48982,70612,160989,49336,72052,703018,35183,50053,150471,671963,23535,157894,57574,29471,22655,55473,1242018,34677,19083,63828,76177,114542,142401,83845,26627,84507,19801,35782,82585,398961,35257,173925,104355,647265,324371,75234,315180,1674310,339501,105634,131817,53280,345770,92652,27973,26029,33871,93142,402576,15523,163750,234521,207315,17000,39787,124335,35372,34097,15867,13531.0,612762,92742,71120,99004,155327,46493,7591,128687,65086,222882,195166
2026-04-30 19:45:00+00:00,274.2651062011719,212.6300048828125,245.8800048828125,392.6449890136719,353.760009765625,347.50750732421875,265.7799987792969,40.56999969482422,416.1449890136719,323.6600036621094,53.59000015258789,148.2449951171875,169.22000122070312,69.7750015258789,1063.989990234375,57.59000015258789,128.14999389648438,327.80499267578125,291.2300109863281,287.7799987792969,33.95500183105469,191.83999633789062,126.7249984741211,1015.3250122070312,176.85000610351562,91.55500030517578,35.880001068115234,83.33999633789062,193.39999389648438,115.875,178.97999572753906,51.2599983215332,140.47000122070312,59.98500061035156,12.024999618530273,204.58999633789062,131.32000732421875,77.03500366210938,382.6700134277344,926.405029296875,42.244998931884766,329.55999755859375,325.0249938964844,238.8350067138672,230.63999938964844,94.06500244140625,388.6499938964844,457.51251220703125,229.94000244140625,313.4999084472656,32.775001525878906,78.86499786376953,935.4199829101562,238.61900329589844,505.2749938964844,362.5899963378906,293.57000732421875,80.87999725341797,614.7150268554688,248.58999633789062,109.38999938964844,190.42999267578125,408.70001220703125,44.61000061035156,20.440000534057617,88.125,200.57000732421875,162.07000732421875,99.18000030517578,60.51499938964844,158.6300048828125,26.665000915527344,147.53500366210938,201.25999450683594,223.8350067138672,178.06500244140625,50.095001220703125,179.92999267578125,706.02001953125,105.26000213623047,92.33000183105469,56.82500076293945,431.67999267578125,315.2950134277344,51.375,129.52999877929688,156.97000122070312,478.8800048828125,259.6925048828125,380.9399108886719,280.1499938964844,369.94000244140625,56.814998626708984,331.239990234375,251.23500061035156,428.31500244140625,82.3550033569336,76.20500183105469,132.2100067138672,155.27999877929688,708994,120724,138312,105863,362564,37871,943175,68670,155288,55937,441074,38960,129931,110572,7964,322619,418714,60505,42160,34219,491323,88548,500444,18602,191044,236774,131237,81159,143838,57174,90905,139369,48420,111315,902379,47637,53546,231075,531599,24848,166135,68812,44528,30884,72331,1439190,29697,23640,77094,85184,182132,203338,114978,51116,83216,40122,49513,174613,660780,48895,222977,99322,638559,216639,134721,477447,1875641,350555,168481,187479,70784,490075,118804,36398,54422,69047,135154,589878,18712,171995,521200,244099,31734,61657,160833,67182,67031,20948,39465.0,629522,107070,100797,131292,162117,48693,9916,241481,96038,169987,343593
2026-04-30 19:50:00+00:00,272.385009765625,211.84500122070312,246.1699981689453,393.0299987792969,354.1300048828125,346.3500061035156,265.3349914550781,40.80500030517578,415.8299865722656,323.4150085449219,53.584999084472656,148.91000366210938,168.85000610351562,69.83999633789062,1065.1800537109375,57.5099983215332,127.98500061035156,327.8999938964844,291.04998779296875,288.0400085449219,33.974998474121094,191.7100067138672,126.74500274658203,1016.6500244140625,176.02749633789062,91.6050033569336,35.95500183105469,83.41000366210938,194.0050048828125,115.77999877929688,179.1750030517578,51.36000061035156,140.8000030517578,60.099998474121094,12.055000305175781,205.99000549316406,131.13999938964844,77.19000244140625,382.5899963378906,924.489990234375,42.35499954223633,329.71051025390625,325.3399963378906,238.52000427246094,230.83999633789062,94.17539978027344,388.19000244140625,457.94000244140625,230.16000366210938,313.5350036621094,32.834999084472656,78.8499984741211,933.6649780273438,239.05999755859375,506.0350036621094,362.7349853515625,293.57000732421875,80.92500305175781,613.155029296875,248.4199981689453,109.19499969482422,190.5,410.1000061035156,44.59000015258789,20.510000228881836,88.19999694824219,200.5850067138672,162.0800018310547,99.38999938964844,60.689998626708984,158.88999938964844,26.655000686645508,147.41000366210938,201.2100067138672,223.72000122070312,178.6649932861328,50.1349983215332,179.464599609375,707.5599975585938,105.55000305175781,92.12999725341797,56.95500183105469,432.260009765625,315.17999267578125,51.4650993347168,129.65499877929688,157.02000427246094,479.31500244140625,260.1000061035156,381.7300109863281,280.239990234375,371.5425109863281,56.78499984741211,330.760009765625,252.24000549316406,428.82501220703125,82.25,76.32499694824219,132.38999938964844,155.58999633789062,4791634,250218,251359,263463,839382,129337,1559804,310485,433227,89695,787670,159077,308381,269578,22984,594335,363758,94427,55337,84566,780257,177219,301496,62054,494777,583231,281486,197383,255895,114585,167973,309742,100588,269563,1623207,64295,139206,288535,1236019,65137,435962,151325,89863,60569,209946,2443893,99305,54330,175460,153982,456752,397283,193588,84324,146896,64640,93416,271058,939590,173029,408190,161620,1594957,488631,218706,474167,4006820,509400,360255,297346,192485,901690,220194,47800,46006,114592,314779,877281,43329,279321,294113,491648,79124,109815,283983,118550,102625,62207,54503.0,814641,277053,213759,226573,307910,99345,26000,412976,176063,385720,501755
2026-04-30 19:55:00+00:00,271.3599853515625,211.3300018310547,246.0500030517578,394.3599853515625,354.3500061035156,346.0899963378906,265.0299987792969,40.709999084472656,417.44000244140625,322.9800109863281,53.47999954223633,149.10000610351562,168.32000732421875,69.66999816894531,1065.5999755859375,57.599998474121094,127.97000122070312,326.989990234375,290.5299987792969,287.8399963378906,33.96500015258789,191.3000030517578,125.79000091552734,1014.27001953125,176.5225067138672,91.47000122070312,35.90999984741211,83.29000091552734,193.33999633789062,115.86000061035156,178.91000366210938,51.35499954223633,140.57000732421875,60.07500076293945,12.079999923706055,205.64999389648438,130.83999633789062,76.9000015258789,385.1199951171875,923.5999755859375,42.29499816894531,328.80999755859375,324.0849914550781,236.61000061035156,230.97000122070312,94.4749984741211,388.42999267578125,457.6300048828125,229.86000061035156,313.2699890136719,32.86000061035156,78.7699966430664,934.3099975585938,238.8000030517578,502.8800048828125,361.57000732421875,293.6000061035156,80.95999908447266,611.4000244140625,248.1999969482422,109.16999816894531,190.5500030517578,407.7799987792969,44.36000061035156,20.475000381469727,88.30000305175781,199.52999877929688,161.3699951171875,99.4000015258789,60.57500076293945,158.4499969482422,26.700000762939453,147.13999938964844,201.3300018310547,223.0500030517578,179.13499450683594,50.13999938964844,179.60000610351562,706.8300170898438,105.31999969482422,91.63999938964844,56.880001068115234,431.2099914550781,315.05999755859375,51.474998474121094,129.72000122070312,156.75,479.1300048828125,260.07000732421875,381.5299987792969,281.0249938964844,370.489990234375,56.68000030517578,330.0400085449219,252.6300048828125,427.2900085449219,82.26000213623047,76.31999969482422,131.89999389648438,154.38999938964844,6929363,711454,339350,511086,1547597,295202,3460566,507159,992867,273191,2276005,456402,675434,645951,72157,1643044,1071608,366177,180875,300570,1936175,539063,1186543,110518,1026948,1574487,566096,485441,706731,274724,375862,656736,350688,628304,4879468,215096,360321,915273,2620055,205683,979687,312411,257406,190349,409139,4825052,134751,124932,568955,579004,1081615,1046015,497474,244410,419679,132322,329927,802939,1528948,278776,1087694,379775,2675083,1613863,508583,1029694,8974087,1091460,814151,730800,557013,2862438,689492,211736,215460,311606,762440,1641900,98634,630246,931576,1249396,161439,189804,517558,328177,332541,152296,120859.0,1507671,1014030,461654,633460,734353,250031,73091,954192,545087,1233589,2007041
2026-05-01 13:30:00+00:00,280.6650085449219,209.6425018310547,249.73500061035156,390.5249938964844,354.95001220703125,326.6050109863281,265.36749267578125,40.11989974975586,418.09991455078125,323.3599853515625,53.630001068115234,148.56500244140625,169.9799041748047,69.84010314941406,1069.875,57.47999954223633,128.75999450683594,329.69000244140625,286.4100036621094,290.6449890136719,33.619998931884766,191.72000122070312,124.72000122070312,1021.1950073242188,183.0,92.30500030517578,35.459999084472656,82.79000091552734,193.38999938964844,116.0999984741211,178.60000610351562,50.71500015258789,139.27000427246094,59.75,11.944999694824219,204.82000732421875,130.10000610351562,76.37000274658203,382.68499755859375,922.8200073242188,42.220001220703125,328.0305480957031,327.1300048828125,235.86500549316406,234.4250030517578,95.50499725341797,403.1499938964844,457.8999938964844,228.03500366210938,313.5050048828125,32.724998474121094,79.29000091552734,975.9299926757812,237.71499633789062,504.5799865722656,361.5849914550781,293.6474914550781,80.27059936523438,613.64501953125,246.09410095214844,112.52999877929688,190.61000061035156,414.6300048828125,44.69419860839844,20.239999771118164,91.29000091552734,201.6300048828125,168.97000122070312,99.82499694824219,59.724998474121094,159.54330444335938,26.424999237060547,147.77999877929688,202.3699951171875,222.9149932861328,178.32000732421875,50.66999816894531,174.6300048828125,703.1500244140625,106.91000366210938,92.4749984741211,56.82500076293945,433.75,305.2049865722656,50.93000030517578,129.72250366210938,156.88999938964844,478.6199951171875,257.1050109863281,384.3110046386719,277.7900085449219,369.3999938964844,56.5099983215332,332.30999755859375,250.29750061035156,425.4849853515625,82.1449966430664,76.0250015258789,131.99000549316406,153.08999633789062,9528760,164532,280908,159813,2047499,260553,2548435,136034,536480,54547,1283711,17770,214076,269586,11327,282387,340000,22040,25629,35013,803065,105841,179793,58085,843420,769880,312984,130479,608449,51645,39322,455853,58891,108480,1968616,45167,129471,213839,2806521,54128,226415,74761,56816,29786,268717,8421001,120579,41082,153602,153899,231723,512870,380252,41918,108872,32329,77602,161145,1358796,55904,529549,131703,2136072,585349,64382,1543124,9085126,1658923,184000,973233,128346,1977644,180329,56110,22528,57115,906641,1127587,12302,324912,299607,266013,19553,201468,208525,109011,59927,25793,25611.0,3161389,134498,169350,175434,274456,59612,26760,153232,213922,414441,1013664
2026-05-01 13:35:00+00:00,281.0199890136719,209.6999969482422,248.25,393.7950134277344,357.260009765625,329.0450134277344,264.5899963378906,40.040000915527344,421.3399963378906,321.17999267578125,53.45500183105469,147.22000122070312,168.7550048828125,69.56999969482422,1068.4949951171875,57.029998779296875,129.08999633789062,329.4200134277344,283.0450134277344,290.0,33.61800003051758,190.84500122070312,124.62999725341797,1020.5999755859375,182.6304931640625,92.87999725341797,35.41999816894531,82.72000122070312,193.4199981689453,115.23999786376953,177.75,50.65999984741211,139.22999572753906,59.52000045776367,11.88700008392334,203.52499389648438,129.9199981689453,76.24359893798828,382.70001220703125,920.0050048828125,42.029998779296875,326.9425048828125,324.6199951171875,233.44000244140625,233.90499877929688,96.34190368652344,397.94000244140625,456.8399963378906,228.6999969482422,312.7300109863281,32.67499923706055,79.26000213623047,972.2100219726562,237.27999877929688,502.4800109863281,360.625,293.5809020996094,80.01000213623047,612.3336791992188,247.1699981689453,113.29000091552734,189.9550018310547,415.3197021484375,44.689998626708984,20.209999084472656,91.19999694824219,201.59500122070312,169.3800048828125,99.36000061035156,59.70000076293945,159.6300048828125,26.375999450683594,148.10000610351562,202.4499969482422,221.8000030517578,179.39999389648438,50.540000915527344,174.0749969482422,706.77001953125,106.91999816894531,91.49500274658203,56.48500061035156,432.1000061035156,303.82501220703125,50.79999923706055,129.41299438476562,156.66000366210938,472.1199951171875,256.375,382.4800109863281,279.55999755859375,369.3313903808594,56.439998626708984,332.57000732421875,251.55999755859375,422.8900146484375,81.9800033569336,75.69999694824219,131.97000122070312,153.27499389648438,2806831,37308,85487,60895,1157876,97769,836602,56975,414918,32461,372080,15138,68749,64174,7117,85167,192130,9644,17493,15974,343424,50320,73781,19325,255799,368673,288809,38047,200862,13407,32591,250485,41945,89405,919855,12466,28399,71561,692152,24027,90570,41757,14807,16315,68633,4979244,22825,15052,42743,70982,128209,241269,159437,10636,47150,5080,30397,72137,422891,16472,482507,59556,1002861,245660,17322,528953,2577260,907293,52357,215417,51165,616586,111979,22825,6776,65569,262619,584684,13255,109914,131251,94984,8628,101641,113838,14994,28844,23390,7036.0,1590919,63672,66288,103651,102856,24856,9420,144972,42029,226001,372192
2026-05-01 13:40:00+00:00,282.1099853515625,210.4149932861328,247.9149932861328,395.3800048828125,354.80999755859375,327.739990234375,264.2099914550781,40.28499984741211,421.2200012207031,321.80999755859375,53.57500076293945,147.7042999267578,169.75,69.91000366210938,1066.070068359375,57.05500030517578,129.1999969482422,329.2650146484375,282.760009765625,290.010009765625,33.68000030517578,191.27000427246094,125.09500122070312,1018.4299926757812,182.927001953125,92.73999786376953,35.619998931884766,82.74500274658203,193.2667999267578,114.58999633789062,177.5050048828125,50.970001220703125,139.875,59.54999923706055,11.904999732971191,205.0500030517578,129.7899932861328,76.33999633789062,381.4700012207031,923.6300048828125,42.20000076293945,326.95001220703125,325.44500732421875,233.76499938964844,233.41000366210938,96.83999633789062,398.489990234375,457.2950134277344,228.7949981689453,313.2099914550781,32.70000076293945,79.31770324707031,977.1566772460938,236.88999938964844,502.3299865722656,360.4949951171875,292.9200134277344,80.22010040283203,612.8024291992188,248.35000610351562,113.41999816894531,190.67999267578125,413.6050109863281,44.619998931884766,20.235000610351562,91.04000091552734,201.93350219726562,169.8800048828125,98.95500183105469,59.849998474121094,159.47500610351562,26.35689926147461,147.9199981689453,201.44000244140625,222.22999572753906,179.5,50.63010025024414,174.1999969482422,707.0399780273438,107.41000366210938,91.58999633789062,56.70000076293945,431.42999267578125,306.0199890136719,50.915000915527344,130.10000610351562,156.19500732421875,471.8599853515625,256.2250061035156,381.3699951171875,279.29998779296875,367.94000244140625,56.51499938964844,330.8550109863281,253.39500427246094,422.55499267578125,82.08000183105469,75.86000061035156,131.95750427246094,154.05250549316406,2060685,47409,48642,57998,1008522,60055,765381,52881,198228,46601,312069,11806,62004,76461,7024,170332,158493,9385,23615,8155,317088,68374,53105,10607,173833,202252,111978,25870,170700,23747,31639,179525,13223,56069,680085,15753,30612,116227,750247,17882,90280,63683,14285,14962,68162,4706446,23098,11784,88338,65882,76283,144984,143028,12556,44595,8802,24739,52269,358726,9903,688820,71991,591244,163595,40747,465508,3047324,831267,64082,129273,65118,810260,117119,29820,5296,25779,169046,422603,5446,108039,178528,123266,7000,113656,63731,33826,55378,22001,15193.0,876093,50069,44052,75895,83377,22273,12999,137329,42481,123119,228517
2026-05-01 13:45:00+00:00,283.427490234375,209.77000427246094,247.88999938964844,393.2900085449219,352.19989013671875,326.8699951171875,265.6300048828125,40.22999954223633,421.0199890136719,321.7149963378906,53.68000030517578,147.6199951171875,170.72000122070312,69.69999694824219,1071.2225341796875,57.095001220703125,129.00999450683594,329.125,283.29998779296875,289.75,33.68000030517578,191.36000061035156,125.01000213623047,1023.9500122070312,182.36000061035156,92.79000091552734,35.47999954223633,82.9749984741211,193.4600067138672,114.80500030517578,177.19000244140625,50.75,139.27000427246094,59.33000183105469,11.899999618530273,204.6199951171875,129.26499938964844,76.13500213623047,380.7799987792969,923.030029296875,42.02000045776367,327.79998779296875,324.32000732421875,232.0,234.0,96.56999969482422,397.8299865722656,458.114990234375,228.8350067138672,313.3699951171875,32.70000076293945,79.30000305175781,972.64501953125,236.90499877929688,503.92999267578125,360.3900146484375,293.19000244140625,80.37000274658203,611.719970703125,248.42750549316406,112.93000030517578,191.00999450683594,415.8800048828125,44.5890007019043,20.165000915527344,90.5999984741211,200.2899932861328,170.18499755859375,99.02999877929688,59.630001068115234,159.6750030517578,26.344999313354492,148.27499389648438,201.47000122070312,221.97000122070312,178.3300018310547,50.72999954223633,174.19000244140625,706.6900024414062,106.70999908447266,91.71499633789062,56.505001068115234,432.42498779296875,307.25,50.970001220703125,130.05999755859375,156.52000427246094,471.239990234375,255.93499755859375,382.0801086425781,278.2200012207031,367.31500244140625,56.47999954223633,330.9800109863281,251.9600067138672,422.0,82.1449966430664,75.70999908447266,132.6699981689453,154.26499938964844,2184391,40139,65393,42950,910014,45964,724993,62139,185776,57466,270252,36669,67115,137820,5700,105065,214150,7986,16112,10443,328475,79807,51402,24275,146412,187292,147781,83509,127949,17635,34356,170739,21000,37875,1157208,13157,43205,125376,743578,26338,118224,35145,6831,26492,47236,3184698,21805,13556,51004,98843,203705,129408,95972,7174,61027,2162,24999,54432,423661,42711,187851,45207,652703,116609,14478,377680,2930718,618419,75966,122417,61787,601413,138018,27177,16047,19524,167960,319493,11234,68305,193717,109297,10972,69830,88438,27865,46154,14431,4600.0,1118375,61273,59636,62237,102623,17501,11501,187142,32392,216784,668481
2026-05-01 13:50:00+00:00,283.5199890136719,209.5500030517578,247.52999877929688,393.6400146484375,353.0150146484375,330.489990234375,267.5050048828125,39.970001220703125,420.57989501953125,322.05999755859375,53.8650016784668,148.05999755859375,170.8000030517578,69.55000305175781,1073.425048828125,57.2400016784668,129.58999633789062,329.3399963378906,283.42999267578125,289.4624938964844,33.709999084472656,191.73500061035156,124.15499877929688,1025.9998779296875,182.1649932861328,92.29000091552734,35.31999969482422,83.06999969482422,192.76010131835938,114.94999694824219,177.65499877929688,50.54499816894531,138.92999267578125,59.040000915527344,11.954999923706055,203.47999572753906,129.55999755859375,76.2699966430664,382.1400146484375,926.4299926757812,41.86000061035156,328.3800048828125,324.80999755859375,232.11500549316406,233.64999389648438,96.80500030517578,398.3800048828125,459.1549987792969,228.53500366210938,314.25,32.60499954223633,79.20500183105469,982.4749755859375,237.32000732421875,506.1050109863281,361.760009765625,293.57501220703125,80.54949951171875,612.5900268554688,246.47000122070312,113.31999969482422,192.0,414.7200012207031,44.685001373291016,20.18000030517578,89.98999786376953,199.19000244140625,168.6300048828125,98.9800033569336,59.255001068115234,159.37750244140625,26.334999084472656,148.73989868164062,201.9600067138672,222.5500030517578,177.19549560546875,50.7400016784668,173.99000549316406,711.0150146484375,106.5999984741211,92.22000122070312,56.33000183105469,432.510009765625,308.44500732421875,51.0,130.0399932861328,157.10989379882812,472.44000244140625,254.63999938964844,382.364990234375,276.93499755859375,368.4100036621094,56.5099983215332,331.8599853515625,249.35000610351562,423.760009765625,82.26000213623047,75.56999969482422,132.39999389648438,153.13499450683594,2110723,27050,88234,68796,706145,46843,1319712,81248,139962,46539,610665,27721,46977,52224,4830,98363,135032,7366,11381,19815,816302,41381,62478,36246,213822,155609,47493,30037,114063,14950,28660,111391,38367,56711,706871,42658,33015,101053,583934,25269,66163,25108,12645,21329,38152,3099156,15399,17267,33277,64050,82838,94901,97953,15320,57684,5651,20942,42779,262337,22594,118124,65131,362884,139553,30409,586118,3755459,487594,90828,148585,63759,550229,68949,30376,7861,17251,163659,511327,7560,54396,140894,96682,8081,54794,75956,28241,18056,25003,8038.0,896757,63011,60327,49465,75025,22346,4851,148952,37795,171500,343356
2026-05-01 13:55:00+00:00,283.95001220703125,208.5800018310547,246.02999877929688,397.25,356.2950134277344,330.83990478515625,268.8800964355469,39.380001068115234,421.05999755859375,323.94500732421875,54.0099983215332,148.5800018310547,171.1699981689453,69.31999969482422,1077.780029296875,57.5099983215332,130.22000122070312,330.31500244140625,283.1499938964844,288.9599914550781,33.720001220703125,192.7449951171875,123.25,1024.8499755859375,180.6300048828125,92.41000366210938,35.0,83.0,191.57000732421875,115.3499984741211,177.97999572753906,50.060001373291016,137.5,58.65999984741211,12.010000228881836,201.5449981689453,129.8800048828125,76.7699966430664,384.3599853515625,932.010009765625,41.68000030517578,329.1130065917969,325.6050109863281,234.36500549316406,233.6699981689453,98.3469009399414,394.4849853515625,459.6449890136719,229.14999389648438,315.4200134277344,32.459999084472656,79.25,975.2000122070312,237.97000122070312,506.8599853515625,362.7049865722656,293.7900085449219,80.7249984741211,613.1500854492188,243.3699951171875,113.48999786376953,193.13999938964844,412.17999267578125,44.6150016784668,20.1299991607666,89.25,200.4600067138672,168.6199951171875,99.0250015258789,58.429100036621094,159.22999572753906,26.3700008392334,148.77999877929688,201.94000244140625,223.22999572753906,175.0,50.689998626708984,173.27000427246094,713.0399780273438,106.71499633789062,92.61000061035156,56.03499984741211,430.75,310.1099853515625,51.25,130.18299865722656,157.27499389648438,474.0899963378906,252.3800048828125,382.94500732421875,279.0400085449219,368.2699890136719,56.77000045776367,332.8500061035156,246.05999755859375,424.06500244140625,82.58000183105469,75.20999908447266,132.30999755859375,151.6699981689453,1363794,57951,138618,149212,643394,39537,1154091,119749,158973,41939,547942,16960,72516,65849,10682,625173,199866,21915,13716,27109,144403,50780,305641,15500,293684,125767,95512,25942,263351,7446,24772,258863,60631,87776,810355,35719,45380,90948,538276,61087,118409,41729,12976,26411,46887,4028562,44643,14446,42114,97131,115187,113004,121690,6893,32209,4635,25376,129037,335645,43376,174157,105330,589312,119277,26721,747621,2724524,417860,66550,569695,25341,419073,67224,20487,11071,37934,128243,436792,5486,67727,125201,211060,7535,40777,144228,17518,23024,27210,9125.0,844579,61908,151550,47805,64710,45287,5176,160958,59336,171128,296204
2026-05-01 14:00:00+00:00,285.2699890136719,208.32000732421875,246.47999572753906,397.8301086425781,356.32000732421875,332.2200012207031,270.739990234375,39.36000061035156,420.79998779296875,323.8399963378906,53.904998779296875,148.5850067138672,171.0749969482422,69.26010131835938,1078.6800537109375,57.689998626708984,129.92999267578125,330.4200134277344,283.4150085449219,289.489990234375,33.755001068115234,192.69000244140625,123.08000183105469,1024.52001953125,180.4199981689453,92.48729705810547,34.84000015258789,82.96499633789062,190.97500610351562,115.06999969482422,177.56500244140625,49.83000183105469,137.10000610351562,58.619998931884766,11.984999656677246,201.52000427246094,130.3300018310547,76.66000366210938,385.2749938964844,933.4550170898438,41.654998779296875,329.4200134277344,324.3999938964844,234.6750030517578,233.10499572753906,98.79969787597656,392.67999267578125,458.9100036621094,229.41000366210938,315.44000244140625,32.39500045776367,79.30999755859375,975.3200073242188,237.9600067138672,503.92999267578125,362.6199951171875,293.8450012207031,80.51000213623047,611.8800048828125,243.08349609375,113.81500244140625,192.84500122070312,411.614990234375,44.6150016784668,20.059999465942383,89.01000213623047,199.69000244140625,167.77000427246094,99.0250015258789,58.29499816894531,159.0749969482422,26.409900665283203,148.6199951171875,201.91000366210938,222.88999938964844,174.44000244140625,50.45000076293945,172.4499969482422,711.2650146484375,106.63500213623047,92.30500030517578,56.32500076293945,431.19000244140625,307.92999267578125,51.209999084472656,129.72999572753906,157.13999938964844,475.1300048828125,252.9600067138672,383.0450134277344,278.625,369.1400146484375,56.70000076293945,333.1099853515625,245.60499572753906,424.69000244140625,82.31999969482422,75.08499908447266,132.25999450683594,151.6300048828125,2781912,47344,90807,67712,627789,57433,2098882,114709,140973,33082,265777,16096,88348,90576,6153,281771,105577,10647,17464,16917,186091,39391,153353,13615,262254,110593,72505,45195,138976,14299,33988,182880,119730,43936,555811,60976,103271,131493,703004,29535,131784,52596,11287,11848,64060,4433007,39872,24065,43929,144283,132573,133387,60879,12885,46750,7083,29605,144406,360187,31375,147293,95034,565785,174236,35615,640085,2678780,428027,60678,566438,33829,337010,136658,18123,14145,65089,361209,498692,23383,58837,136581,151837,12682,61908,116304,25538,16571,28558,28192.0,880346,103300,60459,43836,106849,63396,12438,172824,53818,115516,550396
2026-05-01 14:05:00+00:00,285.7829895019531,208.19000244140625,245.4600067138672,395.42999267578125,353.8832092285156,332.0,271.760009765625,39.130001068115234,420.8550109863281,322.80499267578125,53.7400016784668,148.8800048828125,170.91000366210938,69.13999938964844,1076.0,57.875,129.40499877929688,329.6700134277344,285.1300048828125,288.5199890136719,33.79999923706055,192.27000427246094,122.79000091552734,1023.6500244140625,179.14999389648438,92.41000366210938,34.81999969482422,82.88999938964844,190.50999450683594,114.98999786376953,177.15499877929688,49.810001373291016,137.0500030517578,58.35499954223633,11.989999771118164,201.46249389648438,130.6051025390625,76.69000244140625,384.1400146484375,930.8699951171875,41.599998474121094,329.43499755859375,324.4800109863281,235.00999450683594,232.08999633789062,99.26499938964844,388.75,459.6549987792969,229.55999755859375,314.7099914550781,32.439998626708984,79.41000366210938,974.6649780273438,238.1699981689453,503.5,362.8500061035156,293.7799987792969,80.52999877929688,613.47998046875,242.6699981689453,113.94000244140625,192.16000366210938,412.3240051269531,44.625,20.0049991607666,88.22000122070312,200.16990661621094,168.05999755859375,98.37999725341797,58.154998779296875,159.25999450683594,26.399999618530273,148.88999938964844,201.39999389648438,222.59500122070312,173.8699951171875,50.29999923706055,172.64999389648438,710.9630126953125,106.47000122070312,92.19499969482422,56.61000061035156,428.385009765625,309.6000061035156,51.1349983215332,129.8000030517578,157.19500732421875,474.1300048828125,253.5749969482422,385.3450012207031,278.04998779296875,369.4200134277344,56.619998931884766,332.2300109863281,245.05999755859375,424.5,82.04000091552734,75.04000091552734,132.5,151.625,1832802,73964,73495,51534,566254,63065,1945079,150070,105368,17266,250670,40617,59773,100109,5935,131989,80802,17178,29048,13644,205971,33377,94565,24698,174739,109150,67577,59835,150456,17609,32413,185711,29295,195347,427819,71283,47305,129237,401638,12554,216212,35554,9266,47052,58709,4442136,112413,17577,36760,65520,119998,109856,57800,30069,35668,3935,26723,141540,329459,30833,192306,40552,544523,119709,48657,582174,1876454,418112,73828,545644,30585,356812,111212,12040,13044,59562,136058,380171,4744,55926,121878,362705,11048,58534,72470,19113,18689,13229,35607.0,1067824,41447,69494,37175,109566,38164,5611,104664,73228,124170,267355
2026-05-01 14:10:00+00:00,286.1000061035156,208.4199981689453,245.25,395.760009765625,354.9224853515625,329.56500244140625,272.7149963378906,39.2599983215332,420.55999755859375,322.67999267578125,53.79999923706055,148.82000732421875,170.49000549316406,69.44999694824219,1079.4200439453125,57.849998474121094,129.6999969482422,330.125,285.614990234375,289.30999755859375,33.779998779296875,192.58999633789062,123.24500274658203,1025.8199462890625,179.6999969482422,92.62999725341797,34.95000076293945,82.93000030517578,190.69000244140625,115.08000183105469,177.25,50.0,137.3000030517578,58.32500076293945,11.984999656677246,201.97999572753906,130.9199981689453,76.97000122070312,383.6300048828125,930.6950073242188,41.61000061035156,329.29998779296875,324.239990234375,234.40499877929688,232.27000427246094,98.91000366210938,388.6099853515625,459.5950012207031,229.2899932861328,314.8999938964844,32.54499816894531,79.5199966430664,972.5549926757812,237.9199981689453,504.0098876953125,362.2300109863281,293.5350036621094,80.45999908447266,611.6500244140625,242.83999633789062,114.0,191.97999572753906,412.82000732421875,44.584999084472656,20.020000457763672,88.37000274658203,199.9788055419922,168.33009338378906,98.37999725341797,58.349998474121094,159.3000030517578,26.40999984741211,148.7949981689453,201.52000427246094,222.6649932861328,174.14999389648438,50.48910140991211,172.17999267578125,710.030029296875,106.7300033569336,92.27999877929688,56.779998779296875,429.8599853515625,306.9700012207031,51.13999938964844,129.9499969482422,157.30999755859375,475.3949890136719,253.8000030517578,386.29998779296875,278.18499755859375,369.2699890136719,56.68000030517578,332.6300048828125,244.6699981689453,423.8800048828125,82.0,75.29000091552734,133.02000427246094,152.35499572753906,2022573,87897,402060,44395,592813,62102,1726179,53347,114255,27862,192070,11374,66464,48666,5632,128297,118369,13440,13327,6171,119809,33878,72032,10653,129878,95643,73178,25960,138528,6720,22756,141505,22104,62021,563182,63000,109437,94681,474431,12638,126861,23446,8794,7803,31055,4105949,47702,11813,256958,76955,79444,157272,91983,8138,22995,4154,21804,72554,345826,17576,145815,33892,367657,118244,38062,838086,1279808,379815,72864,183830,39175,319698,370310,10423,7831,24065,149327,323550,5626,44160,70033,199357,7486,52049,78227,20132,14678,9468,23927.0,1154782,28228,50864,45365,65970,21164,5772,72077,65443,174485,712998
2026-05-01 14:15:00+00:00,285.489990234375,208.96499633789062,245.25,395.2850036621094,354.2799987792969,330.54998779296875,271.8399963378906,39.34000015258789,420.1199951171875,322.9700012207031,53.83000183105469,149.08999633789062,169.97500610351562,69.3499984741211,1079.4200439453125,57.8849983215332,129.47000122070312,330.70001220703125,285.2900085449219,289.0400085449219,33.744998931884766,192.6999969482422,123.37000274658203,1028.9000244140625,179.49000549316406,92.77999877929688,34.91999816894531,82.87000274658203,191.14010620117188,114.9800033569336,176.6999969482422,49.95000076293945,137.28500366210938,58.2400016784668,11.994999885559082,202.22999572753906,131.0850067138672,77.04000091552734,384.92999267578125,930.9199829101562,41.53499984741211,329.42999267578125,324.07000732421875,234.0,232.74000549316406,98.62000274658203,388.04998779296875,460.7200012207031,229.6300048828125,315.0799865722656,32.564998626708984,79.54000091552734,973.0250244140625,238.00999450683594,506.1000061035156,361.7099914550781,293.64990234375,80.66000366210938,613.8629760742188,243.0,114.44999694824219,192.3000030517578,412.1000061035156,44.70000076293945,20.0049991607666,88.4000015258789,200.0260009765625,168.44000244140625,98.33000183105469,58.41999816894531,159.46499633789062,26.489999771118164,149.1699981689453,201.5850067138672,222.89999389648438,174.22000122070312,50.52000045776367,171.76499938964844,712.1699829101562,106.72000122070312,92.55500030517578,56.70000076293945,429.489990234375,306.3924865722656,51.2599983215332,130.72500610351562,157.49989318847656,475.1700134277344,253.80999755859375,385.44500732421875,278.79998779296875,369.05999755859375,56.79999923706055,334.0400085449219,244.4199981689453,425.4700012207031,82.0,75.29499816894531,133.2100067138672,152.82000732421875,1164945,249597,83173,39341,451815,39537,1055248,59799,189797,24378,205164,19583,77200,66091,11199,145494,86918,16245,18237,37362,190823,56403,66362,25678,151614,137425,81314,52724,229390,15806,56444,121176,29103,73124,449538,19813,36588,76514,461351,22783,139687,51437,20994,9653,24161,2940317,34607,21010,31126,49525,72527,597158,67258,10648,30317,5586,22422,193688,373561,15566,187376,43861,642124,130407,60315,903730,1778508,321117,94752,272683,28330,493038,76857,19934,16312,18370,95239,260492,5015,47534,106513,134480,5908,69886,89815,56973,16987,16957,7858.0,816338,29361,55829,46736,113152,22251,7034,85694,70473,175174,149730
2026-05-01 14:20:00+00:00,285.16009521484375,209.6300048828125,245.1199951171875,395.0249938964844,353.1719970703125,330.5299987792969,272.3999938964844,39.56999969482422,420.1400146484375,322.8399963378906,53.915000915527344,149.22000122070312,170.0,69.55999755859375,1080.4000244140625,57.880001068115234,129.7100067138672,330.4599914550781,285.4599914550781,289.0249938964844,33.72999954223633,192.9499969482422,123.85399627685547,1027.9088134765625,179.1199951171875,92.7699966430664,35.040000915527344,83.01499938964844,191.32000732421875,114.96499633789062,176.6649932861328,50.130001068115234,137.77499389648438,58.400001525878906,11.96500015258789,202.81500244140625,131.27499389648438,77.0199966430664,384.82000732421875,932.6400146484375,41.540000915527344,328.6000061035156,324.239990234375,234.18499755859375,232.60000610351562,99.59500122070312,388.9725036621094,461.04998779296875,229.48500061035156,315.260009765625,32.65999984741211,79.49500274658203,974.155029296875,237.5500030517578,505.20001220703125,362.92999267578125,293.0050048828125,80.69000244140625,612.5999755859375,243.1300048828125,114.20999908447266,192.5399932861328,411.29998779296875,44.65999984741211,20.010000228881836,88.14649963378906,199.75,168.5800018310547,98.47000122070312,58.720001220703125,159.24000549316406,26.485000610351562,149.08999633789062,201.1699981689453,223.00999450683594,174.52499389648438,50.54999923706055,172.0500030517578,711.1649780273438,106.81999969482422,92.61000061035156,56.95000076293945,430.239990234375,307.17999267578125,51.275001525878906,130.8000030517578,157.5500030517578,473.9599914550781,254.77499389648438,385.8450012207031,279.5799865722656,369.1600036621094,56.869998931884766,333.94000244140625,245.3000030517578,426.260009765625,82.16500091552734,75.41000366210938,132.8000030517578,152.7899932861328,1079775,67553,75167,53821,386571,44738,908345,40833,159198,41844,152490,47884,43357,128522,10085,130212,75298,17180,24822,29882,131316,39419,70173,20766,323892,103213,62226,50529,101321,7597,25837,94038,27982,88179,646513,18951,21461,59927,687574,15456,257042,38025,13227,32623,24675,3468939,58100,14072,38297,47307,90220,103540,55451,11462,29095,4430,25576,108289,220462,18670,202495,32685,420896,105807,47793,420587,1158416,219217,43369,124265,33482,355981,75561,41147,8921,26892,80728,333726,5715,55943,92661,152988,8482,77112,136584,34506,39327,21705,10227.0,706905,44953,39935,32175,93625,26040,14442,110386,44054,133186,143776
2026-05-01 14:25:00+00:00,285.3399963378906,209.5050048828125,245.58999633789062,394.3949890136719,352.2149963378906,329.2950134277344,271.3999938964844,39.58000183105469,420.6700134277344,322.3500061035156,53.904998779296875,148.8800048828125,169.75999450683594,69.5,1078.3599853515625,57.790000915527344,129.64999389648438,330.80999755859375,285.3699951171875,289.1000061035156,33.685001373291016,192.9250030517578,124.12999725341797,1027.5999755859375,180.1300048828125,92.62999725341797,35.10499954223633,83.04000091552734,191.3300018310547,115.04499816894531,176.22000122070312,50.20000076293945,137.89999389648438,58.470001220703125,11.954999923706055,203.0050048828125,131.36000061035156,76.95999908447266,385.1499938964844,931.864990234375,41.564998626708984,327.51690673828125,324.05999755859375,233.82000732421875,232.38999938964844,99.33989715576172,390.5899963378906,460.322509765625,229.35000610351562,315.2998962402344,32.724998474121094,79.41500091552734,973.25,236.9600067138672,503.18499755859375,362.4700012207031,292.92999267578125,80.43000030517578,611.3150024414062,243.0500030517578,113.77999877929688,192.36500549316406,412.2950134277344,44.625,19.979999542236328,88.98030090332031,199.3000030517578,169.4346923828125,98.26000213623047,58.7599983215332,159.0699005126953,26.485000610351562,148.85000610351562,201.67999267578125,223.1699981689453,174.43499755859375,50.51499938964844,172.42999267578125,708.9099731445312,106.8499984741211,92.63999938964844,57.09000015258789,430.6099853515625,305.6700134277344,51.28499984741211,130.92999267578125,157.75,473.4100036621094,254.2899932861328,388.0950012207031,279.20001220703125,368.8247985839844,56.970001220703125,333.1300048828125,244.3000030517578,425.239990234375,82.04000091552734,75.55999755859375,132.7050018310547,153.0749969482422,1121305,232436,43228,41924,479742,44896,672879,60427,138407,29181,153037,11894,51517,54668,5407,133049,54422,14620,16522,8069,164654,56095,50117,10305,125059,89518,65163,48336,62585,11982,19927,184695,16944,51748,204986,13835,65052,65724,361278,13220,371756,28509,12115,12161,21093,3237940,20118,15865,32500,44594,111947,158622,51086,20365,41389,5895,24548,57469,239292,15914,170688,23357,602380,86900,18519,419171,1886246,455079,116923,133981,33834,314812,58547,23312,6492,15468,83242,298610,5597,41768,72706,312621,26425,93690,80815,57857,24544,9067,2645.0,1304340,36519,27776,97948,70437,30151,6510,100008,108467,77214,134520
2026-05-01 14:30:00+00:00,284.2550048828125,210.06500244140625,246.8249969482422,393.1000061035156,350.8800964355469,329.7699890136719,270.6299133300781,39.58000183105469,417.3500061035156,323.1199951171875,54.0,149.125,170.8000030517578,69.33999633789062,1079.260009765625,58.099998474121094,129.85000610351562,331.4049987792969,285.55499267578125,289.8399963378906,33.775001525878906,193.1999969482422,124.23999786376953,1030.1099853515625,180.88999938964844,92.69000244140625,35.150001525878906,83.12999725341797,191.39999389648438,114.8499984741211,176.47500610351562,50.28499984741211,138.27000427246094,58.709999084472656,11.904899597167969,203.25,131.2100067138672,76.80000305175781,382.5799865722656,931.3900146484375,41.65999984741211,328.2550048828125,324.7300109863281,233.85499572753906,233.1999969482422,97.94000244140625,393.04998779296875,461.8699951171875,229.57000732421875,315.30999755859375,32.785099029541016,79.51499938964844,975.094970703125,237.80999755859375,503.1499938964844,363.6300048828125,293.6199951171875,80.72000122070312,608.1790161132812,243.33999633789062,113.83499908447266,192.5399932861328,413.9049987792969,44.630001068115234,19.875,89.36499786376953,197.56500244140625,169.56500244140625,98.58999633789062,58.86000061035156,159.57000732421875,26.46500015258789,149.25,202.0850067138672,223.1649932861328,175.0,50.689998626708984,172.64999389648438,709.375,106.83000183105469,92.83999633789062,57.02000045776367,432.3299865722656,306.0299987792969,51.36000061035156,130.97000122070312,158.2050018310547,473.8699951171875,254.9499969482422,387.5,279.6199951171875,368.1099853515625,57.029998779296875,333.4750061035156,244.7949981689453,426.6099853515625,82.2300033569336,75.80000305175781,133.22000122070312,153.1999969482422,1342777,53820,44420,32549,545923,29499,732299,75341,225769,24274,333554,20075,32947,197423,6582,202498,98894,12219,10381,9378,128509,48724,59406,40184,137258,148065,70646,108086,101834,18760,21270,87364,18415,56497,722704,26940,55040,52301,436500,18159,198712,36297,15603,19279,28552,3596956,37543,24471,33371,68565,95915,124713,45023,22145,96748,5568,27681,49547,737037,13422,144637,37281,503402,93538,24795,353677,5036829,273175,50316,135512,41159,370518,87715,17575,8039,41196,78996,314626,6779,42354,85870,163391,7846,73849,63925,72609,27855,19237,8499.0,1072651,109325,36921,66160,108759,41920,22098,92220,53455,157522,606538
2026-05-01 14:35:00+00:00,283.07000732421875,209.99000549316406,245.9149932861328,392.30999755859375,351.3009033203125,329.3077087402344,270.54998779296875,39.5099983215332,418.67999267578125,323.0299987792969,53.88999938964844,148.84500122070312,170.19000244140625,69.48999786376953,1079.219970703125,58.154998779296875,129.72999572753906,330.9800109863281,285.0799865722656,289.7099914550781,33.790000915527344,192.9199981689453,124.16500091552734,1029.0999755859375,180.4600067138672,92.3499984741211,35.209999084472656,83.01000213623047,191.4499969482422,114.98999786376953,176.5800018310547,50.35499954223633,138.22000122070312,58.71500015258789,11.890000343322754,203.15499877929688,130.96499633789062,76.87000274658203,382.17999267578125,931.760009765625,41.64500045776367,328.0398864746094,324.760009765625,233.92999267578125,233.0,98.71499633789062,392.260009765625,461.3349914550781,229.27999877929688,315.05999755859375,32.775001525878906,79.38999938964844,974.2849731445312,237.5449981689453,501.6700134277344,363.4049987792969,293.17498779296875,80.6500015258789,608.0449829101562,242.94000244140625,113.98999786376953,192.39999389648438,411.69000244140625,44.564998626708984,19.834999084472656,89.33869934082031,198.69009399414062,169.3350067138672,98.2300033569336,58.92430114746094,159.3791961669922,26.514999389648438,149.0225067138672,201.76499938964844,223.0500030517578,174.83999633789062,50.630001068115234,172.00950622558594,709.4600219726562,106.76000213623047,92.75,56.82500076293945,432.25,305.04998779296875,51.31999969482422,130.85499572753906,158.02000427246094,474.5400085449219,255.0800018310547,386.7900085449219,279.7749938964844,368.3799133300781,56.95000076293945,333.260009765625,245.00999450683594,426.614990234375,82.1500015258789,75.76000213623047,133.0850067138672,153.17999267578125,918955,54545,32771,64824,652141,27219,712336,92490,193272,27070,257119,21848,43597,46742,9937,114932,49949,13804,13618,14242,228506,54926,43498,16539,154262,182682,72735,53820,90547,12482,22971,118504,18298,35839,425148,8470,36535,44148,486604,9922,67006,27521,15236,6643,15177,3155866,21633,10320,43888,56507,88380,103664,38461,9141,36744,5233,24060,134405,427498,10988,296822,29754,489695,138728,32013,311166,3302640,265677,58832,362273,35498,426733,52482,8176,6246,19957,93071,297621,2920,29981,46628,135846,9737,42958,33843,29564,25981,11690,7736.0,1154886,34356,51180,39781,87805,23884,5984,81350,33020,141377,162797
2026-05-01 14:40:00+00:00,282.3900146484375,209.82000732421875,245.57000732421875,393.3500061035156,352.7300109863281,329.8699951171875,270.5700988769531,39.52000045776367,419.1499938964844,322.8599853515625,53.84000015258789,148.4149932861328,170.25,69.53700256347656,1079.06005859375,57.790000915527344,129.49000549316406,330.45001220703125,285.5150146484375,289.5450134277344,33.69499969482422,193.1300048828125,124.01000213623047,1028.594970703125,180.14999389648438,92.37999725341797,35.10499954223633,83.07499694824219,191.8350067138672,115.0199966430664,176.2100067138672,50.224998474121094,138.07000732421875,58.720001220703125,11.91510009765625,202.94000244140625,131.0,76.62999725341797,383.5,932.0399780273438,41.654998779296875,327.74749755859375,324.70001220703125,233.13999938964844,232.75999450683594,98.79000091552734,391.5050048828125,459.9825134277344,229.25,315.1000061035156,32.73500061035156,79.25499725341797,972.0800170898438,237.52000427246094,501.1000061035156,363.43499755859375,292.6600036621094,80.4000015258789,610.1751098632812,243.17999267578125,113.6449966430664,192.34500122070312,412.00201416015625,44.54499816894531,19.829999923706055,89.19999694824219,199.27999877929688,169.2050018310547,98.06999969482422,58.88999938964844,159.24000549316406,26.47010040283203,148.8000030517578,201.5,222.60000610351562,175.13999938964844,50.529998779296875,172.5500030517578,709.7999877929688,106.83000183105469,92.6500015258789,56.849998474121094,431.739990234375,303.57000732421875,51.20500183105469,131.11500549316406,158.1885986328125,474.45001220703125,254.6199951171875,388.3550109863281,279.8500061035156,368.2699890136719,56.827701568603516,332.989990234375,245.31500244140625,426.4700012207031,82.06999969482422,75.69999694824219,133.0399932861328,153.0471954345703,949214,95415,24420,27528,476325,23678,793779,103986,129737,11312,323443,10946,33095,34059,4748,127760,157792,8609,51298,8307,118245,40015,63195,14937,92645,142011,74294,50376,113135,6801,39613,224308,13581,38241,760756,15215,48633,59238,319128,21176,107312,20372,18108,10506,25262,2309675,11656,11694,54797,44973,51454,116010,37194,8404,47502,3622,26664,51323,349314,15786,112266,29043,611431,150832,18738,353527,2025587,181453,37759,148704,35277,190182,50172,9069,10177,21707,77643,301648,7744,51550,45203,83681,8903,54741,30844,73324,19559,11079,9793.0,1286695,45427,23136,58349,125838,16506,4983,79470,41463,76820,192503
2026-05-01 14:45:00+00:00,283.1400146484375,210.0749969482422,246.0,393.0,352.5050048828125,329.92999267578125,270.3399963378906,39.47999954223633,418.81500244140625,322.8800048828125,53.81999969482422,148.13999938964844,170.07000732421875,69.13999938964844,1076.22998046875,57.70000076293945,129.35000610351562,330.30999755859375,284.4100036621094,289.3349914550781,33.665000915527344,193.0449981689453,123.73999786376953,1027.155029296875,180.2100067138672,92.41999816894531,35.02000045776367,83.0,191.51499938964844,114.77999877929688,175.88999938964844,50.11000061035156,137.94000244140625,58.595001220703125,11.905699729919434,202.7100067138672,130.90499877929688,76.4749984741211,384.2300109863281,931.7750244140625,41.52000045776367,327.2049865722656,324.4750061035156,233.11500549316406,232.7100067138672,98.66000366210938,392.1400146484375,459.4800109863281,229.27999877929688,315.3349914550781,32.73500061035156,79.29000091552734,974.0,236.7050018310547,501.17999267578125,362.885009765625,292.6600036621094,80.19999694824219,611.25,242.58999633789062,113.5,192.13999938964844,413.1400146484375,44.5,19.75,89.38999938964844,199.82000732421875,169.88009643554688,97.96499633789062,58.7599983215332,159.2449951171875,26.469999313354492,149.02000427246094,201.25,222.2899932861328,175.5,50.529998779296875,173.4197998046875,709.780029296875,106.66999816894531,92.4800033569336,56.630001068115234,431.4200134277344,302.6000061035156,51.13999938964844,131.0800018310547,157.92999267578125,473.239990234375,254.55499267578125,390.0268859863281,279.8500061035156,368.7749938964844,56.779998779296875,333.385009765625,244.3800048828125,425.56500244140625,81.98999786376953,75.61499786376953,132.9199981689453,153.0399932861328,878656,35778,25469,24303,244468,50678,441046,59511,124319,22520,150663,12366,33767,71411,5447,151647,42454,3537,10983,15205,171003,29839,47740,10071,92686,88514,87717,50748,97841,17018,39802,110746,11612,25717,202554,7964,30805,64172,269096,6051,84142,18101,11561,12594,29649,1526465,11118,23543,297761,52048,99026,82433,41200,7823,28517,5362,18104,58461,238759,13569,121641,22759,935554,172726,27482,194510,2339785,222651,54781,114438,23206,235114,53534,12291,4867,27178,48223,237311,720,36023,46047,73589,4166,86430,27658,45080,33889,8703,3621.0,1121163,31435,18748,35696,66463,29421,5492,111661,32915,59456,100514
2026-05-01 14:50:00+00:00,283.4999084472656,210.02000427246094,246.1199951171875,392.4700012207031,352.0899963378906,329.2200012207031,269.95001220703125,39.5099983215332,420.0199890136719,322.44000244140625,53.7400016784668,148.1699981689453,170.2100067138672,68.95500183105469,1072.43994140625,57.459999084472656,129.07000732421875,329.9100036621094,284.0400085449219,289.2250061035156,33.54999923706055,192.97999572753906,123.87999725341797,1026.1300048828125,180.36000061035156,92.37999725341797,35.029998779296875,82.94000244140625,191.71499633789062,114.6500015258789,175.75999450683594,50.119998931884766,137.9600067138672,58.625,11.904999732971191,202.77999877929688,130.63999938964844,76.36000061035156,384.739990234375,930.4199829101562,41.44499969482422,326.7049865722656,324.07000732421875,232.5449981689453,232.5500030517578,99.6500015258789,391.4949951171875,458.79998779296875,228.86500549316406,314.5950012207031,32.685001373291016,79.2249984741211,974.9299926757812,236.2899932861328,501.5450134277344,362.635009765625,292.3599853515625,80.16500091552734,610.97998046875,243.4149932861328,113.41999816894531,191.9949951171875,412.989990234375,44.40530014038086,19.69499969482422,89.61080169677734,199.6999969482422,170.1199951171875,97.66999816894531,58.84000015258789,159.09500122070312,26.427499771118164,148.81500244140625,201.23500061035156,222.01499938964844,175.68499755859375,50.54999923706055,172.99000549316406,707.8350219726562,106.48999786376953,92.42510223388672,56.5,430.8500061035156,302.6600036621094,51.08000183105469,130.8300018310547,157.75999450683594,473.2974853515625,254.32000732421875,388.9649963378906,280.20001220703125,368.07000732421875,56.70500183105469,333.5249938964844,244.97000122070312,424.5400085449219,81.91000366210938,75.6500015258789,132.7100067138672,153.3000030517578,702916,42603,26688,31454,246517,33008,432115,371270,110438,13965,268983,19353,35380,27851,2906,113910,43634,15229,11996,9983,179599,32923,52442,13249,99825,99123,53432,39172,72636,8176,45134,77472,13434,34255,234106,10054,19427,51889,363927,18298,88381,38345,31753,32193,19702,3179034,11648,18186,45799,54187,55365,99131,39245,12446,53089,3323,17436,79632,319562,30282,125487,24533,265475,112961,25976,414130,1637042,232359,66679,79225,29859,365660,96483,12404,5640,20276,68528,167208,7638,41938,72940,55494,11190,121771,37552,50435,35808,13164,4952.0,791669,93994,41673,35656,111111,75077,8040,99253,37240,104078,136018
2026-05-01 14:55:00+00:00,282.6099853515625,210.30499267578125,246.74000549316406,392.2200012207031,351.4100036621094,329.2179870605469,269.5950012207031,39.5,419.7900085449219,322.29998779296875,53.7400016784668,147.9600067138672,170.24000549316406,69.05000305175781,1071.97998046875,57.470001220703125,129.11000061035156,329.7699890136719,284.20001220703125,289.0199890136719,33.44499969482422,192.6649932861328,124.09500122070312,1026.989990234375,180.63999938964844,92.31999969482422,35.07500076293945,83.17500305175781,192.1699981689453,114.76499938964844,175.6999969482422,50.18000030517578,138.10000610351562,58.65999984741211,11.930100440979004,202.92999267578125,130.8300018310547,76.5,384.5,930.0999755859375,41.470001220703125,326.5899963378906,323.6099853515625,232.27999877929688,232.4149932861328,99.2249984741211,392.6050109863281,459.3599853515625,229.02999877929688,314.4200134277344,32.744998931884766,79.17500305175781,975.135009765625,236.24000549316406,501.1499938964844,362.28009033203125,292.364990234375,80.05999755859375,611.52001953125,244.67999267578125,113.25,191.91000366210938,414.05999755859375,44.459999084472656,19.655000686645508,89.62110137939453,199.52870178222656,170.125,97.69999694824219,58.95000076293945,159.11000061035156,26.450000762939453,148.6649932861328,201.0800018310547,222.16000366210938,176.38999938964844,50.540000915527344,173.3300018310547,707.5150146484375,106.62999725341797,92.4800033569336,56.6349983215332,430.4700012207031,302.3299865722656,51.06999969482422,130.67999267578125,157.61000061035156,472.3999938964844,254.7050018310547,391.2349853515625,280.0199890136719,368.75,56.744998931884766,332.56500244140625,246.0399932861328,425.1499938964844,81.86000061035156,75.86620330810547,132.94000244140625,153.97999572753906,547507,50142,25492,31074,220092,42260,390384,75064,107369,23122,264241,17520,41646,38560,7088,296791,65664,12134,9961,14126,216641,111833,35187,8709,54496,73335,48844,73532,76977,13398,36039,60349,11081,53341,411615,13216,24480,57335,265422,8436,245507,28212,15962,31828,16634,6215545,9742,45137,289098,44034,61770,74732,52291,14292,27107,4369,18276,57546,233998,20314,135605,39627,321092,89747,20476,232164,1540119,202887,122635,116078,35011,162698,47916,9595,3497,17298,60406,204611,4795,45090,61316,93500,3812,63445,62191,50528,22157,11599,6724.0,1202316,36414,31654,76271,70952,18797,5961,67118,36570,435198,151218
2026-05-01 15:00:00+00:00,281.8800048828125,210.33599853515625,246.35000610351562,392.114990234375,352.1300048828125,329.2101135253906,268.82501220703125,39.7400016784668,419.7799987792969,322.0350036621094,53.75,148.1999969482422,170.0399932861328,69.12999725341797,1071.650146484375,57.56999969482422,128.8800048828125,329.70001220703125,284.8299865722656,289.1000061035156,33.431400299072266,192.7899932861328,124.25,1026.6199951171875,180.3699951171875,92.36000061035156,35.095001220703125,83.13999938964844,192.5,114.80000305175781,175.6999969482422,50.20000076293945,138.19000244140625,58.63999938964844,11.957099914550781,203.3000030517578,130.64999389648438,76.70999908447266,383.5199890136719,929.469970703125,41.60499954223633,326.6499938964844,324.0,232.8300018310547,232.14999389648438,99.30249786376953,392.3475036621094,459.0050048828125,228.8699951171875,314.17999267578125,32.78499984741211,79.1449966430664,974.4450073242188,236.2449951171875,499.9599914550781,362.6300048828125,292.4800109863281,80.16500091552734,611.5999755859375,245.5449981689453,113.33999633789062,191.85000610351562,414.135009765625,44.470001220703125,19.674999237060547,89.48999786376953,199.62010192871094,169.92999267578125,97.66000366210938,58.97999954223633,159.25,26.475000381469727,148.83999633789062,201.2100067138672,222.16000366210938,176.4199981689453,50.5,172.1999969482422,707.4700927734375,106.62809753417969,92.5199966430664,56.84000015258789,430.57000732421875,302.1300048828125,51.084999084472656,130.63999938964844,157.77000427246094,472.7900085449219,254.6699981689453,391.0398864746094,279.9599914550781,368.92498779296875,56.720001220703125,332.2900085449219,246.00999450683594,425.0249938964844,81.83000183105469,75.94000244140625,132.86000061035156,153.9001007080078,864078,40896,33039,28168,188255,27905,559865,471594,91762,17246,174232,15053,33273,33626,3822,76356,175729,14472,15266,22166,132368,27537,49039,9894,78551,93982,52157,67153,70121,6405,37453,59186,17607,36656,600476,11239,24756,54538,270403,7902,77727,33471,11679,11302,22197,2455220,8966,19874,180890,41213,85810,62505,38122,12893,40118,3701,18705,49788,251950,31743,74868,36934,340400,58788,108820,277551,1295995,198710,42816,95599,35532,271413,57896,11082,11780,21246,70040,176627,8377,34208,54833,50041,7227,49821,36746,28437,28884,7764,5707.0,969412,35107,27038,106049,86969,71274,7216,86950,32376,84288,110592
2026-05-01 15:05:00+00:00,282.0801086425781,210.38999938964844,246.58999633789062,392.1741027832031,352.7001037597656,329.3550109863281,268.82501220703125,39.84000015258789,419.5,322.1300048828125,53.78499984741211,148.30999755859375,169.80499267578125,69.12000274658203,1071.43994140625,57.630001068115234,128.94000244140625,330.05999755859375,285.1099853515625,289.17999267578125,33.45000076293945,192.77000427246094,124.32499694824219,1025.8199462890625,181.0399932861328,92.44000244140625,35.17499923706055,83.18000030517578,192.26499938964844,115.06999969482422,175.64999389648438,50.32500076293945,138.39500427246094,58.720001220703125,11.96500015258789,203.4499969482422,130.67999267578125,76.73999786376953,383.9100036621094,930.219970703125,41.64500045776367,326.4599914550781,324.19000244140625,233.49000549316406,232.17999267578125,99.12950134277344,392.3399963378906,459.2900085449219,228.83999633789062,314.4599914550781,32.814998626708984,79.20989990234375,973.530029296875,236.01010131835938,499.4649963378906,362.7099914550781,292.465087890625,80.30999755859375,611.9450073242188,246.125,113.58000183105469,191.9499969482422,413.5150146484375,44.54999923706055,19.665000915527344,89.67500305175781,199.40499877929688,169.5050048828125,97.52999877929688,59.0,159.35000610351562,26.520999908447266,148.92999267578125,201.30999755859375,222.49000549316406,176.6199951171875,50.51499938964844,172.41000366210938,708.510009765625,106.73999786376953,92.41999816894531,56.915000915527344,430.3200988769531,303.53009033203125,51.140098571777344,130.86500549316406,157.75,472.3599853515625,255.07000732421875,392.39990234375,279.9049987792969,369.5199890136719,56.755001068115234,332.3399963378906,247.05999755859375,424.5299987792969,81.87999725341797,76.16999816894531,132.8800048828125,153.91000366210938,567714,32981,22489,22043,181558,32603,349013,59032,59070,11385,137698,5989,35006,20674,3517,144315,111298,9217,7130,6322,161551,36397,65390,8021,134576,143417,48219,37877,68619,11460,33335,64318,16362,30028,367897,9070,17043,45384,204124,8442,61849,26187,9131,4591,17058,1598441,9185,10698,132842,35070,62317,73826,25738,7744,36637,6271,17278,51823,287651,12159,78493,32869,220839,103506,23522,162974,868303,151341,60722,66096,29787,254328,44589,11473,7488,33322,64860,139790,7379,56298,95196,61942,4591,48394,37271,15993,21308,11483,20661.0,1149803,26109,22414,101446,69299,40576,13828,42522,88171,73527,93381
2026-05-01 15:10:00+00:00,283.5325012207031,210.09500122070312,248.0399932861328,392.8699951171875,353.2300109863281,328.6499938964844,268.6050109863281,39.762001037597656,419.6400146484375,321.9549865722656,53.75,148.33999633789062,169.7100067138672,69.05000305175781,1072.1099853515625,57.720001220703125,128.75,329.4750061035156,284.9049987792969,289.2699890136719,33.470001220703125,192.72999572753906,123.94999694824219,1025.219970703125,181.95989990234375,92.41000366210938,35.060001373291016,83.11000061035156,191.73500061035156,114.83000183105469,175.72999572753906,50.165000915527344,138.0449981689453,58.59000015258789,11.954999923706055,203.10499572753906,130.72500610351562,76.55000305175781,384.1300048828125,930.0599975585938,41.58000183105469,326.18499755859375,323.5899963378906,234.30999755859375,232.3563995361328,99.41999816894531,393.7099914550781,460.1700134277344,228.94000244140625,314.2699890136719,32.76499938964844,79.08999633789062,974.4149780273438,235.77999877929688,499.7900085449219,362.2099914550781,292.18499755859375,80.2699966430664,614.1199951171875,246.03500366210938,113.34500122070312,191.8699951171875,414.2900085449219,44.54999923706055,19.665000915527344,90.1500015258789,199.47000122070312,170.15499877929688,97.4800033569336,58.790000915527344,159.19000244140625,26.514999389648438,148.6999969482422,201.02000427246094,222.4499969482422,176.4199981689453,50.62009811401367,172.6199951171875,707.3400268554688,106.66999816894531,92.48500061035156,56.834999084472656,430.6199951171875,303.3699951171875,51.09000015258789,130.58999633789062,157.69000244140625,472.69000244140625,254.57000732421875,392.1449890136719,279.5150146484375,369.0450134277344,56.7400016784668,332.6099853515625,246.60000610351562,424.7300109863281,81.77999877929688,75.9010009765625,132.6649932861328,153.3300018310547,622132,38319,67889,34972,214807,42294,329246,37168,99394,21089,275790,18323,38266,29725,3126,90801,89041,12702,11425,11982,172611,87939,38988,11590,147261,74859,61230,43848,74730,17904,54059,74375,19764,29187,528097,10943,27098,79921,226012,12129,67700,20767,19989,21071,24959,1767257,10533,12113,51885,33631,110016,55920,33513,11166,42761,7129,16049,79205,256783,22557,65280,28277,269599,96947,31706,153970,881115,199102,48946,100939,44327,292975,44475,11080,4489,25405,53252,144830,4030,55689,53236,57006,7330,37231,37742,21871,30739,8334,11696.0,1055774,46326,35911,109034,53019,21069,11702,51087,145538,72650,118615
2026-05-01 15:15:00+00:00,284.010009765625,209.36000061035156,248.00999450683594,393.0249938964844,354.2850036621094,327.8299865722656,268.5199890136719,39.790000915527344,421.3699951171875,321.7200012207031,53.73500061035156,148.49000549316406,169.6699981689453,69.06500244140625,1072.239990234375,57.64500045776367,128.65499877929688,329.0,284.7250061035156,289.44500732421875,33.38880157470703,192.5749969482422,123.8301010131836,1023.780029296875,181.91000366210938,92.41000366210938,35.03499984741211,83.02079772949219,191.4550018310547,114.83999633789062,175.66000366210938,50.11000061035156,138.07000732421875,58.5088005065918,11.944999694824219,203.0,130.5800018310547,76.45999908447266,384.1199951171875,929.219970703125,41.630001068115234,325.7900085449219,323.4849853515625,234.74000549316406,232.21890258789062,99.98989868164062,394.0,460.5400085449219,228.6999969482422,314.07000732421875,32.755001068115234,78.9749984741211,970.9000244140625,235.42999267578125,498.4750061035156,361.7799987792969,291.70001220703125,80.19999694824219,613.6799926757812,245.90499877929688,113.26000213623047,191.80999755859375,413.75,44.5,19.665000915527344,89.94499969482422,199.55499267578125,171.1699981689453,97.2750015258789,58.744998931884766,158.97509765625,26.5049991607666,148.55499267578125,200.82000732421875,222.19000244140625,176.38499450683594,50.709999084472656,172.64999389648438,706.9774780273438,106.37999725341797,92.51000213623047,56.834999084472656,431.20001220703125,302.0,51.04999923706055,130.64500427246094,157.5800018310547,472.80999755859375,253.89999389648438,391.3500061035156,280.25,369.4501037597656,56.665000915527344,332.2799987792969,246.47500610351562,424.6099853515625,81.71499633789062,75.87000274658203,132.52999877929688,153.2100067138672,708298,33545,44490,25075,371269,36626,306354,64717,111463,17136,156996,32690,36690,27327,2823,154824,57099,10600,14994,7827,175488,27553,38485,7771,236125,85220,60626,27059,56998,8337,28244,83174,43244,37731,512979,10301,25454,52307,189116,9642,100198,25206,15433,24418,34179,2411373,11876,15089,48691,33056,75115,59033,35057,11077,49416,8580,29726,52462,280492,22776,64773,25239,252911,77848,23427,172693,1315776,452029,94856,87141,30115,135012,60931,10186,4714,19145,76589,168423,2314,72183,51708,91730,13504,25971,22475,14563,24761,7848,22123.0,735647,28629,28678,98642,69643,27261,5247,76081,46000,75628,87709
2026-05-01 15:20:00+00:00,283.96990966796875,208.7449951171875,248.38999938964844,393.1700134277344,353.29998779296875,327.6400146484375,269.5899963378906,39.83000183105469,421.44000244140625,321.8349914550781,53.7400016784668,148.52000427246094,169.5800018310547,69.16999816894531,1072.5870361328125,57.790000915527344,128.72000122070312,328.8949890136719,284.1499938964844,289.3299865722656,33.34000015258789,192.7100067138672,123.69000244140625,1023.3350219726562,181.72000122070312,92.48999786376953,35.05500030517578,82.94999694824219,191.41000366210938,114.92500305175781,175.19500732421875,50.150001525878906,137.9600067138672,58.564998626708984,11.9350004196167,202.74000549316406,130.63999938964844,76.50499725341797,385.29998779296875,930.1900024414062,41.70500183105469,326.0,323.7300109863281,235.2899932861328,232.0800018310547,99.95999908447266,394.3399963378906,460.9200134277344,228.7949981689453,314.1449890136719,32.7859992980957,78.9800033569336,970.030029296875,235.5950927734375,498.9599914550781,362.239990234375,291.67999267578125,80.27989959716797,613.8400268554688,245.5399932861328,113.1897964477539,191.87789916992188,413.94000244140625,44.47999954223633,19.649999618530273,90.12000274658203,199.14999389648438,171.75999450683594,97.28510284423828,58.720001220703125,159.0399932861328,26.475000381469727,148.5500030517578,200.7949981689453,222.1649932861328,175.9199981689453,50.654998779296875,172.24000549316406,706.2249755859375,106.33999633789062,92.45999908447266,56.834999084472656,431.1600036621094,301.7900085449219,51.04999923706055,130.57000732421875,157.57000732421875,470.9800109863281,254.0050048828125,391.7550048828125,280.5799865722656,369.5050048828125,56.69499969482422,332.57000732421875,245.85000610351562,425.1650085449219,81.7300033569336,75.9000015258789,132.57000732421875,153.4499969482422,657243,28432,93680,26589,224779,33567,511545,43106,93402,26478,112596,16498,35711,26837,4048,139838,35922,10837,10477,12544,162457,22998,43776,9836,108602,75103,45213,36318,104832,14301,40251,66713,15578,53941,265580,9938,18268,48918,257143,16735,103234,31870,12873,10375,16109,2836692,7238,16672,34001,44351,90536,61031,48619,11465,34191,3379,38929,40149,117335,24303,109889,33304,381323,74462,16890,106506,889776,684217,40999,69914,31398,251743,51978,9853,3305,20675,63553,241355,8108,57636,47423,137186,5919,29619,31522,18419,20659,13619,6582.0,591166,32277,31277,46773,58870,47129,14656,54328,21272,66359,113689
2026-05-01 15:25:00+00:00,283.95001220703125,208.2100067138672,248.99000549316406,393.1700134277344,353.9450988769531,327.2099914550781,269.4607849121094,39.93000030517578,421.80999755859375,321.989990234375,53.775001525878906,148.60000610351562,169.7050018310547,69.1500015258789,1072.6624755859375,57.63999938964844,128.77999877929688,329.010009765625,283.9800109863281,289.8349914550781,33.435001373291016,192.84500122070312,123.95999908447266,1022.6599731445312,182.22000122070312,92.66500091552734,35.150001525878906,82.93000030517578,191.22999572753906,115.1500015258789,174.82000732421875,50.279998779296875,138.35499572753906,58.599998474121094,11.925000190734863,203.23500061035156,130.52000427246094,76.41000366210938,385.3599853515625,930.25,41.70500183105469,325.7200012207031,323.80999755859375,235.0399932861328,232.2899932861328,99.36109924316406,395.6700134277344,460.92999267578125,228.52999877929688,314.2250061035156,32.834999084472656,78.95500183105469,965.030029296875,235.4600067138672,499.8399963378906,361.8599853515625,291.30999755859375,80.18000030517578,614.4255981445312,245.47000122070312,112.93499755859375,192.0500030517578,414.5899963378906,44.47999954223633,19.649999618530273,90.55860137939453,198.92999267578125,172.13999938964844,97.23999786376953,58.84000015258789,158.94500732421875,26.454999923706055,148.43499755859375,200.75,222.25,175.8699951171875,50.70000076293945,172.88999938964844,705.3400268554688,106.44000244140625,92.53500366210938,56.82500076293945,431.260009765625,301.4800109863281,51.080101013183594,130.60000610351562,157.64999389648438,470.04998779296875,254.3000030517578,392.6549987792969,280.4200134277344,369.5,56.72999954223633,332.885009765625,245.77499389648438,424.5899963378906,81.80000305175781,75.94000244140625,132.5500030517578,153.22500610351562,529709,47482,142444,23052,164605,40770,374877,32731,81760,18754,99696,13075,67523,134743,2503,66448,45388,6499,14767,20815,200244,23397,76557,10568,138653,124055,40029,59606,60632,19783,74628,54188,20211,49069,260883,9444,10731,60930,192869,10668,157413,19853,15459,13941,20793,1944716,13993,9346,30758,31630,73907,48624,51773,13402,22483,4717,36247,81471,132057,13992,62271,37473,219049,90155,23946,137720,1957150,515167,34311,81428,27046,151014,58169,6494,7446,31970,81988,313953,17328,100283,44467,54285,5872,26461,23942,29813,25802,10185,7366.0,537798,36782,16605,36620,51111,27130,5527,39929,26728,51071,87052
2026-05-01 15:30:00+00:00,283.6199951171875,208.13999938964844,248.78759765625,392.9599914550781,354.260009765625,326.3599853515625,269.7799987792969,39.97999954223633,420.80499267578125,321.9849853515625,53.755001068115234,148.66000366210938,169.56500244140625,69.04000091552734,1072.3399658203125,57.48500061035156,128.72999572753906,329.05999755859375,283.7149963378906,290.0299987792969,33.314998626708984,192.6999969482422,123.77999877929688,1021.8599853515625,182.5850067138672,92.54499816894531,35.18000030517578,82.87999725341797,191.3249969482422,114.94999694824219,174.69500732421875,50.33000183105469,138.44000244140625,58.58000183105469,11.904999732971191,203.27999877929688,130.59500122070312,76.3499984741211,386.3642883300781,930.1199951171875,41.64500045776367,325.3999938964844,323.4049987792969,236.33999633789062,232.3300018310547,99.393798828125,395.9549865722656,460.6000061035156,228.55999755859375,314.1900939941406,32.834999084472656,78.88999938964844,964.739990234375,235.37539672851562,498.8500061035156,361.510009765625,290.8800048828125,80.17009735107422,613.3350219726562,245.8000030517578,112.83000183105469,192.10499572753906,414.9100036621094,44.44499969482422,19.625,90.66329956054688,198.82000732421875,172.1699981689453,97.30000305175781,58.83000183105469,158.82000732421875,26.434999465942383,148.3300018310547,200.6699981689453,222.3000030517578,176.1199951171875,50.71500015258789,172.77000427246094,704.60498046875,106.32499694824219,92.62000274658203,56.650001525878906,430.7900085449219,301.3699951171875,51.095001220703125,130.8249969482422,157.6300048828125,469.8699951171875,254.4949951171875,393.53009033203125,280.0899963378906,369.2149963378906,56.79999923706055,332.5400085449219,246.55189514160156,424.0799865722656,81.75,75.88999938964844,132.36529541015625,153.0399932861328,438965,41436,32344,39934,241978,36193,407473,92628,128469,13714,176188,15841,39480,23656,4981,106173,56026,22789,8982,12574,176945,33970,45624,9654,79638,81458,42018,40279,379027,11569,98359,61528,15020,32750,230448,11716,17187,46659,349658,9565,102142,19484,9243,10607,20479,1427355,8847,12911,51877,28728,81736,60750,40365,14227,21109,8722,31803,39502,165249,21982,81173,33820,323269,193485,21233,124793,1474932,421067,34993,79346,26940,282984,44715,8558,2171,24120,49755,244331,22600,94871,65588,64453,5200,27960,25459,16205,19882,17918,3895.0,1112779,29807,22376,41799,35515,26614,2752,41160,28749,72092,92205
2026-05-01 15:35:00+00:00,284.4800109863281,207.8699951171875,248.72000122070312,392.9700012207031,354.5664978027344,326.7099914550781,270.42999267578125,39.88999938964844,421.3550109863281,322.0400085449219,53.775001525878906,148.8000030517578,169.89500427246094,68.9749984741211,1072.47998046875,57.568199157714844,128.66000366210938,328.7799987792969,283.8699951171875,289.80999755859375,33.3650016784668,192.77499389648438,123.70999908447266,1021.02001953125,182.4149932861328,92.5198974609375,35.18000030517578,83.06999969482422,191.08999633789062,114.98999786376953,175.1024932861328,50.32500076293945,138.39999389648438,58.54999923706055,11.895000457763672,203.08999633789062,130.57000732421875,76.3499984741211,386.1650085449219,929.885009765625,41.599998474121094,324.9599914550781,323.4049987792969,235.67999267578125,232.55499267578125,99.41000366210938,395.92999267578125,461.0799865722656,228.52000427246094,314.2250061035156,32.755001068115234,78.81500244140625,964.7899780273438,235.05999755859375,498.1199951171875,361.8450012207031,290.6499938964844,80.29499816894531,613.2899780273438,245.1199951171875,112.97000122070312,192.22000122070312,415.7900085449219,44.564998626708984,19.6200008392334,90.69999694824219,199.19000244140625,173.1199951171875,97.22000122070312,58.83140182495117,158.74000549316406,26.406999588012695,148.27999877929688,200.19000244140625,222.32000732421875,176.05999755859375,50.720001220703125,173.1199951171875,704.5,106.13999938964844,92.625,56.58000183105469,431.2998962402344,301.93499755859375,51.10499954223633,130.97450256347656,157.52000427246094,470.635009765625,254.27000427246094,394.6799011230469,280.0350036621094,369.7099914550781,56.654998779296875,332.57989501953125,245.85000610351562,424.6199951171875,81.70999908447266,75.79499816894531,132.25999450683594,152.87989807128906,577252,48514,32639,18313,214038,38214,496931,23182,89331,23565,222041,24727,54475,28088,4460,86732,52212,11606,7396,9345,154364,178428,45121,12407,87440,111880,69236,48248,59992,10374,37772,94860,13672,44147,481302,17933,30283,48029,299546,14319,44833,37052,12843,9307,27221,1553017,13396,11144,59358,40570,74484,58388,27664,12549,42477,3393,30432,91932,239618,10371,67515,44220,311992,208242,22446,132659,964163,516377,73605,57692,31354,410134,44192,13067,6576,8822,63355,290595,12659,58399,59491,44715,5912,29035,43406,18814,23191,19118,8862.0,1187095,36452,42522,297999,52923,14999,5285,62728,31690,87916,106068
2026-05-01 15:40:00+00:00,284.80999755859375,208.35499572753906,248.99000549316406,392.8299865722656,354.7699890136719,326.94000244140625,270.2300109863281,39.880001068115234,421.3599853515625,322.3999938964844,53.7599983215332,149.14999389648438,170.52499389648438,69.12000274658203,1072.5450439453125,57.689998626708984,128.55999755859375,328.6600036621094,283.6499938964844,290.04998779296875,33.415000915527344,192.75,123.6050033569336,1021.3300170898438,182.6199951171875,92.61000061035156,35.18000030517578,83.09500122070312,190.85000610351562,115.11000061035156,175.4250030517578,50.32500076293945,138.4199981689453,58.56999969482422,11.895000457763672,203.25,130.98500061035156,76.38500213623047,385.260986328125,929.7349853515625,41.60499954223633,325.5299987792969,323.489990234375,235.6300048828125,232.64999389648438,99.01499938964844,396.4200134277344,462.42999267578125,228.65499877929688,314.32000732421875,32.71900177001953,78.91999816894531,967.2550048828125,235.42999267578125,498.1700134277344,361.67999267578125,291.26251220703125,80.48999786376953,612.1300048828125,245.55499267578125,113.13999938964844,192.21499633789062,415.7040100097656,44.66999816894531,19.625,90.63500213623047,199.55999755859375,172.5449981689453,97.48999786376953,58.81999969482422,158.86000061035156,26.454999923706055,148.5800018310547,200.35000610351562,222.14500427246094,176.35000610351562,50.775001525878906,174.3000030517578,706.9500122070312,106.30999755859375,92.67440032958984,56.56999969482422,431.5050048828125,303.56500244140625,51.08000183105469,131.07000732421875,157.6300048828125,471.7099914550781,254.0399932861328,394.6300048828125,280.5150146484375,369.95001220703125,56.61000061035156,332.6199951171875,246.24000549316406,425.3800048828125,81.68000030517578,75.76000213623047,132.44000244140625,152.89999389648438,686264,32484,22923,17077,210842,26136,424571,23939,88479,14223,95959,10964,53576,28153,3010,64784,49812,6973,3839,25053,78826,44795,22677,7316,67295,83187,39101,33906,88174,9155,57625,53548,14360,21330,467686,10078,21679,33325,232182,5958,52749,21621,8605,18824,16933,1267387,9332,7761,54217,27715,58341,49226,41470,22552,23025,3904,35966,48441,172096,12582,162695,25264,295750,130769,15764,180613,886193,425687,61816,58266,30739,226858,38337,10171,4757,11331,47827,427289,21128,44251,41726,38652,6822,22459,29102,32105,17233,15570,9430.0,1015837,20398,19909,89679,38157,28266,2920,49784,26717,63247,102777
2026-05-01 15:45:00+00:00,285.2749938964844,207.9499969482422,249.8365020751953,392.7200012207031,354.7650146484375,327.0299987792969,270.55999755859375,39.8849983215332,421.260009765625,322.18499755859375,53.73500061035156,149.27999877929688,170.89999389648438,69.12000274658203,1073.2349853515625,57.77000045776367,128.47999572753906,328.7049865722656,283.70001220703125,289.9700012207031,33.415000915527344,192.83999633789062,123.52999877929688,1020.6300048828125,183.21499633789062,92.59500122070312,35.18000030517578,83.08000183105469,190.75,115.04000091552734,175.35499572753906,50.33000183105469,138.36000061035156,58.60499954223633,11.899999618530273,203.0449981689453,130.97500610351562,76.3499984741211,385.22149658203125,928.1799926757812,41.595001220703125,325.489990234375,323.2099914550781,235.6750030517578,233.02000427246094,99.28990173339844,397.5400085449219,463.1400146484375,228.52000427246094,314.1499938964844,32.70500183105469,78.8550033569336,965.4400024414062,235.36000061035156,498.2699890136719,361.1600036621094,291.1300048828125,80.61000061035156,611.364990234375,245.07000732421875,113.12010192871094,191.94000244140625,417.010986328125,44.697200775146484,19.645000457763672,90.94999694824219,199.63999938964844,173.23500061035156,97.30999755859375,58.779998779296875,158.75999450683594,26.434999465942383,148.52999877929688,200.2899932861328,222.17999267578125,176.26499938964844,50.79029846191406,174.5399932861328,706.6649780273438,106.31500244140625,92.70999908447266,56.54499816894531,431.75,304.70001220703125,51.06999969482422,130.85000610351562,157.4949951171875,471.68499755859375,254.0500030517578,396.1099853515625,280.19000244140625,369.8800048828125,56.6349983215332,332.8900146484375,246.1750030517578,425.4049987792969,81.66000366210938,75.7301025390625,132.4199981689453,152.80999755859375,1056147,36029,55914,21400,157885,32376,310718,13597,90456,16281,147750,12169,34960,18848,1920,73260,47836,5764,7144,15627,164272,86384,50763,7450,79141,66565,28563,21128,56580,9935,54987,39866,8689,25769,388690,13717,16639,35700,187801,11507,53703,15392,9304,4966,27572,1144232,10862,7021,31861,27004,43568,60336,39332,9537,48319,4746,20808,67125,228505,10513,92895,25736,480421,124892,27376,138815,877112,317277,32953,47042,17519,182730,37449,5592,9718,8228,52606,292249,25839,31661,40681,37717,3726,32728,26687,19803,13599,12215,5621.0,1238575,27961,29268,96518,51425,20710,2932,35899,19031,67091,75741
2026-05-01 15:50:00+00:00,285.0350036621094,207.77999877929688,249.40499877929688,393.0,354.3900146484375,326.510009765625,270.19000244140625,39.869998931884766,421.2601013183594,321.6499938964844,53.65999984741211,149.41000366210938,170.85000610351562,69.1500015258789,1071.31005859375,57.7599983215332,128.01300048828125,329.0,283.5199890136719,289.8399963378906,33.345001220703125,192.32000732421875,123.52999877929688,1021.7000122070312,182.8699951171875,92.58999633789062,35.189998626708984,82.97000122070312,190.5399932861328,115.0199966430664,175.4949951171875,50.34000015258789,138.2899932861328,58.56999969482422,11.875,203.35000610351562,131.02000427246094,75.84500122070312,383.7799987792969,926.27001953125,41.619998931884766,325.2749938964844,323.0350036621094,235.60000610351562,233.1199951171875,99.36000061035156,397.6048889160156,462.45001220703125,228.67999267578125,313.69500732421875,32.69499969482422,78.91000366210938,962.7349853515625,235.08799743652344,497.3299865722656,361.2699890136719,291.30999755859375,80.69999694824219,610.7100219726562,245.1699981689453,113.20500183105469,191.32000732421875,415.6199951171875,44.595001220703125,19.645000457763672,90.5,199.22999572753906,173.10499572753906,97.31999969482422,58.75,158.74000549316406,26.475000381469727,148.52000427246094,200.58999633789062,221.88499450683594,175.9199981689453,50.65999984741211,174.53500366210938,706.5050048828125,106.29000091552734,92.53500366210938,56.54499816894531,430.70001220703125,304.4599914550781,50.974998474121094,130.8249969482422,157.5500030517578,471.54998779296875,254.42999267578125,393.5,280.1400146484375,369.6199951171875,56.53499984741211,332.6000061035156,245.63999938964844,425.4599914550781,81.5000991821289,75.68000030517578,132.44000244140625,152.6300048828125,782799,47513,62503,40865,239964,41540,885764,31062,152874,17415,327450,29730,39420,42239,5016,256477,85109,11279,10899,12515,135070,89998,70562,12630,89044,158145,57157,41043,79978,16034,32683,77245,17725,69258,4247556,13794,33022,736860,401159,20244,54686,38736,14851,15803,31519,1531938,15126,16783,48536,60487,109041,90893,56695,21076,65776,9136,34550,76803,302116,25411,68729,90642,407687,155653,26169,206945,1372781,379198,49526,86850,56986,296105,55257,14389,8266,18007,121771,198915,5041,61956,84011,54591,8330,51118,79702,22296,23259,11498,15801.0,1504615,60459,44605,76718,90394,20507,6640,152304,35981,159505,135705
2026-05-01 15:55:00+00:00,284.75,207.8300018310547,249.14500427246094,393.510009765625,355.1549987792969,326.0,270.1300048828125,39.88999938964844,421.8500061035156,321.5150146484375,53.65999984741211,149.10000610351562,170.69000244140625,69.19999694824219,1071.2550048828125,57.6244010925293,128.0399932861328,328.7699890136719,283.302490234375,289.67498779296875,33.33000183105469,192.36500549316406,123.73999786376953,1021.0800170898438,182.6199951171875,92.57990264892578,35.20000076293945,82.95999908447266,190.6199951171875,114.9000015258789,175.0,50.349998474121094,138.389892578125,58.5,11.78499984741211,203.0850067138672,130.85000610351562,75.68000030517578,383.95001220703125,926.3499755859375,41.625,325.29998779296875,322.5350036621094,235.6699981689453,233.02000427246094,99.54010009765625,397.8599853515625,462.2149963378906,228.47000122070312,313.67999267578125,32.66999816894531,78.9000015258789,960.9600219726562,235.00999450683594,496.8301086425781,360.93499755859375,291.29998779296875,80.67500305175781,611.9299926757812,245.00999450683594,113.01000213623047,191.34120178222656,415.8208923339844,44.54999923706055,19.665000915527344,90.4749984741211,199.1300048828125,172.93499755859375,97.29000091552734,58.779998779296875,158.60000610351562,26.467599868774414,148.42999267578125,200.5749969482422,221.83999633789062,175.99000549316406,50.630001068115234,175.19000244140625,705.4400024414062,106.29900360107422,92.54000091552734,56.58000183105469,430.739990234375,303.3599853515625,51.060001373291016,130.57000732421875,157.4550018310547,470.68499755859375,254.1999969482422,394.4649963378906,280.1300048828125,369.44000244140625,56.584999084472656,332.9150085449219,245.64999389648438,424.82000732421875,81.56999969482422,75.69000244140625,132.47000122070312,152.52999877929688,506483,34548,26398,19495,198903,41422,273126,43340,61193,13839,107843,15021,27986,28606,1148,67682,53735,4899,4765,11787,109722,81436,57799,8789,62959,71832,106682,21294,66584,9255,58745,64108,13036,39575,2147912,11505,17884,284473,247871,9805,51937,26510,6563,8178,33330,1321154,11743,5089,32385,25546,51146,78021,44011,6218,38449,3624,9847,61454,160463,9230,67238,64320,189099,100146,28899,123343,806427,411814,30241,91499,23338,283165,29598,3699,3046,15667,64968,186260,4876,36750,48771,65003,4809,35536,154997,22571,12324,6041,4190.0,888309,24379,25428,125392,49420,15239,2602,52222,30301,62986,100304
2026-05-01 16:00:00+00:00,284.92498779296875,208.1649932861328,249.5,392.6700134277344,355.3299865722656,325.20001220703125,269.92498779296875,39.85499954223633,421.260009765625,321.54998779296875,53.68000030517578,149.14500427246094,170.75999450683594,69.22570037841797,1071.8399658203125,57.6349983215332,128.14999389648438,329.06500244140625,283.3699951171875,289.69000244140625,33.3651008605957,192.22999572753906,123.58000183105469,1019.7999877929688,182.4199981689453,92.5,35.15999984741211,83.08999633789062,190.17999267578125,114.7249984741211,174.97000122070312,50.290000915527344,138.1199951171875,58.43000030517578,11.839900016784668,202.92999267578125,130.88499450683594,75.76000213623047,384.2699890136719,926.5,41.58000183105469,325.2650146484375,322.7250061035156,236.3000030517578,232.7899932861328,99.15019989013672,397.625,461.8500061035156,228.51499938964844,313.7799987792969,32.6150016784668,78.82499694824219,960.7849731445312,235.10000610351562,496.88958740234375,360.8500061035156,291.1700134277344,80.66999816894531,611.219970703125,244.52000427246094,112.91000366210938,191.47000122070312,415.7900085449219,44.53990173339844,19.649999618530273,90.5,199.03500366210938,172.48500061035156,97.05000305175781,58.65999984741211,158.6300048828125,26.450000762939453,148.3800048828125,200.77000427246094,221.9949951171875,175.8350067138672,50.65999984741211,175.25509643554688,705.1900024414062,106.36000061035156,92.56999969482422,56.595001220703125,430.8299865722656,302.7300109863281,51.06999969482422,130.4774932861328,157.4499969482422,470.6300048828125,254.25999450683594,395.4949951171875,280.04998779296875,369.5950012207031,56.64500045776367,333.5400085449219,245.5399932861328,424.4375,81.66500091552734,75.58000183105469,132.32000732421875,152.5,390008,119501,31760,35388,284984,51836,315566,18525,90196,17447,136076,9075,24449,21995,1622,211886,69862,9775,6245,8316,77667,37701,53115,12713,82972,71107,150896,23735,265210,13565,28144,75902,25303,29044,1307121,12659,18206,162533,170624,15746,44789,26712,7647,21217,17847,1225510,9033,6918,30231,41128,50509,46545,44132,12783,38462,3359,23430,35634,298846,18425,56708,51211,195840,82649,14681,106780,644256,299770,43835,52418,18564,181304,39053,11858,3063,5735,45686,188100,832,44962,52393,43087,6807,35874,156848,15066,15597,7744,5326.0,918317,23850,29985,25815,42826,15513,3104,70030,24777,52519,84506
2026-05-01 16:05:00+00:00,283.9599914550781,207.86000061035156,250.2899932861328,393.0,355.3599853515625,325.42498779296875,269.29998779296875,39.849998474121094,420.42999267578125,321.67498779296875,53.65999984741211,149.1300048828125,170.50999450683594,69.1500015258789,1070.449951171875,57.630001068115234,127.91999816894531,328.9549865722656,283.3500061035156,289.7799987792969,33.375,192.32000732421875,123.62999725341797,1019.0499877929688,182.31500244140625,92.55000305175781,35.18000030517578,83.06999969482422,190.3000030517578,114.67250061035156,175.25,50.310001373291016,138.14999389648438,58.45000076293945,11.845000267028809,202.89500427246094,130.9199981689453,75.87999725341797,383.4800109863281,926.1500244140625,41.529998779296875,325.25,321.989990234375,236.2899932861328,232.6300048828125,99.26000213623047,397.5950012207031,461.3500061035156,228.2100067138672,313.625,32.595001220703125,78.75499725341797,961.3200073242188,235.22300720214844,496.93499755859375,360.7950134277344,291.1400146484375,80.69000244140625,610.1500244140625,244.6300048828125,112.77999877929688,191.30999755859375,414.385009765625,44.59000015258789,19.625,90.33039855957031,198.59500122070312,172.0399932861328,96.91999816894531,58.685001373291016,158.52000427246094,26.450000762939453,148.2899932861328,200.6199951171875,222.11000061035156,175.75999450683594,50.65010070800781,175.52000427246094,704.719970703125,106.5,92.55999755859375,56.52000045776367,430.8999938964844,302.26251220703125,51.084999084472656,130.55499267578125,157.32000732421875,470.75,253.97999572753906,393.67498779296875,280.04998779296875,369.9700012207031,56.685001373291016,333.739990234375,245.33999633789062,424.3949890136719,81.57499694824219,75.47000122070312,132.23899841308594,152.35499572753906,850105,32613,84877,16253,156162,56769,357300,22311,52798,12475,204812,5101,27648,19917,1235,47321,186618,5557,6898,6885,106779,39875,53685,4880,94244,91923,102560,27498,62695,16266,35862,60133,21882,31205,633920,12070,31830,100294,169992,17522,40891,16641,9153,2950,17836,991289,7940,5836,39409,30103,49618,43678,32846,5169,148378,5609,19362,47404,145236,11508,67885,22917,473068,189969,36506,109052,855191,271135,69662,101950,36845,114621,40656,7695,4317,12866,40764,238558,6957,66414,59738,43148,4080,14821,25862,15399,14069,6314,5498.0,719681,16976,44294,54841,85609,17779,2868,45150,22020,94703,88700
2026-05-01 16:10:00+00:00,283.9700012207031,207.8000030517578,249.78500366210938,392.5400085449219,356.07501220703125,325.409912109375,269.4110107421875,39.85499954223633,420.5350036621094,321.56500244140625,53.60499954223633,149.10499572753906,170.3699951171875,69.16000366210938,1071.0870361328125,57.4900016784668,127.8301010131836,328.635009765625,283.7099914550781,289.6700134277344,33.334999084472656,191.9199981689453,123.57499694824219,1017.8049926757812,182.09500122070312,92.5250015258789,35.18000030517578,83.1449966430664,190.14999389648438,114.51000213623047,175.0,50.33000183105469,138.08999633789062,58.540000915527344,11.829999923706055,203.01499938964844,130.7949981689453,75.94999694824219,384.4049987792969,925.6500244140625,41.53499984741211,325.04998779296875,321.9700012207031,236.0500030517578,232.7899932861328,99.26499938964844,397.95001220703125,460.7799987792969,228.00999450683594,313.760009765625,32.595001220703125,78.625,960.22998046875,235.02499389648438,496.82000732421875,360.92999267578125,290.7699890136719,80.54499816894531,610.4500122070312,244.46499633789062,112.6449966430664,191.35000610351562,413.80999755859375,44.58000183105469,19.69499969482422,90.19499969482422,198.9250030517578,172.6300048828125,97.05999755859375,58.78499984741211,158.39999389648438,26.434999465942383,148.02999877929688,200.4499969482422,221.91000366210938,175.97000122070312,50.625,175.55499267578125,704.7050170898438,106.46499633789062,92.58999633789062,56.540000915527344,430.6199951171875,301.2149963378906,51.05220031738281,130.30999755859375,157.1199951171875,470.6300048828125,254.3350067138672,393.9801025390625,279.9419860839844,370.32989501953125,56.654998779296875,333.5249938964844,245.4499969482422,424.239990234375,81.56999969482422,75.51000213623047,132.07000732421875,152.36000061035156,390330,34385,149221,16756,333195,16758,289427,17470,52536,9629,169813,13024,34303,17159,3290,83935,46798,7258,11141,14089,128043,61783,32344,9836,113962,105942,42692,31881,48311,13793,31952,40584,28682,32347,263658,6173,59644,72557,197660,9252,28161,16975,9694,7646,20447,725537,13493,20486,44548,42073,57578,74875,35754,9569,34461,12512,21922,47182,166454,7896,68086,30965,695346,87045,57595,99748,993866,333872,70285,74714,33377,334030,47598,10681,3149,8759,39341,232635,1817,36864,81082,34965,3971,33346,22128,21069,17013,4704,4209.0,616413,23587,33843,23208,50193,15453,4300,81115,28164,96759,64181
2026-05-01 16:15:00+00:00,284.32000732421875,208.01499938964844,250.0399932861328,392.739990234375,357.20001220703125,325.20001220703125,269.5199890136719,39.900001525878906,420.9700012207031,321.45001220703125,53.55500030517578,149.27499389648438,170.44000244140625,69.24559783935547,1070.7900390625,57.54999923706055,127.56999969482422,328.45001220703125,283.69000244140625,289.9200134277344,33.3650016784668,191.80999755859375,123.7699966430664,1017.8499755859375,182.47000122070312,92.5199966430664,35.20500183105469,83.19000244140625,190.27999877929688,114.31999969482422,175.19000244140625,50.349998474121094,138.2550048828125,58.61000061035156,11.817000389099121,203.2949981689453,130.68499755859375,75.82499694824219,385.0350036621094,924.6900024414062,41.584999084472656,325.7900085449219,321.9800109863281,236.6300048828125,233.05999755859375,99.39009857177734,398.1000061035156,460.42999267578125,228.3199005126953,313.6050109863281,32.595001220703125,78.7300033569336,960.8300170898438,235.30499267578125,496.45001220703125,360.95001220703125,290.8399963378906,80.56500244140625,611.6950073242188,245.11000061035156,112.66999816894531,191.08999633789062,413.7370910644531,44.6349983215332,19.760000228881836,90.41999816894531,199.0050048828125,172.75,97.12000274658203,58.84000015258789,158.50999450683594,26.420000076293945,147.9499969482422,200.75999450683594,221.9499969482422,176.1199951171875,50.65999984741211,176.02999877929688,704.2575073242188,106.33000183105469,92.58499908447266,56.61000061035156,430.8949890136719,301.3299865722656,51.04999923706055,130.47500610351562,157.14999389648438,470.6600036621094,254.11000061035156,395.25,280.3500061035156,370.80999755859375,56.595001220703125,333.67999267578125,245.9499969482422,424.5450134277344,81.55500030517578,75.55999755859375,132.0800018310547,152.375,2714209,30809,18526,19580,310046,34231,945422,17607,49980,13709,101537,7580,21673,19785,1561,153795,39969,8050,11858,5719,74545,29794,47480,3796,70527,87050,38087,30122,53484,16973,27635,32454,27583,40220,762708,5128,24069,49182,286376,21641,45578,53683,6904,12819,17257,1371082,6710,5138,49773,32132,39566,154340,29941,8058,39379,8236,15454,44900,127632,15468,54699,41029,190259,62012,22759,97518,683151,262252,38937,109435,19761,142074,40173,12793,2324,7079,72834,159856,2609,49021,51685,38208,7287,32530,29757,17571,15881,9626,3045.0,631485,18214,30956,53168,45094,15785,3032,42580,40918,78974,67576
2026-05-01 16:20:00+00:00,283.7349853515625,208.00999450683594,250.1300048828125,391.1650085449219,357.55499267578125,325.5849914550781,269.0799865722656,40.119998931884766,420.6300964355469,320.6101989746094,53.380001068115234,149.31809997558594,170.10000610351562,69.33999633789062,1069.5350341796875,57.439998626708984,127.23500061035156,328.239990234375,283.6499938964844,289.95001220703125,33.35499954223633,191.39990234375,124.08499908447266,1016.9099731445312,182.5850067138672,92.43000030517578,35.345001220703125,83.17500305175781,190.47999572753906,114.02999877929688,175.24000549316406,50.560001373291016,138.72000122070312,58.814998626708984,11.829999923706055,204.21499633789062,130.77000427246094,75.80000305175781,384.8399963378906,924.3699951171875,41.689998626708984,325.614990234375,321.79998779296875,236.2100067138672,232.77499389648438,99.32499694824219,398.2300109863281,459.2900085449219,228.3800048828125,313.06500244140625,32.654998779296875,78.58499908447266,962.6300048828125,235.28500366210938,497.05999755859375,360.3999938964844,290.45001220703125,80.44999694824219,612.614990234375,245.67999267578125,112.63999938964844,191.00999450683594,413.7550048828125,44.57500076293945,19.764999389648438,90.23999786376953,199.1699981689453,172.5800018310547,96.88500213623047,59.06999969482422,158.49000549316406,26.434999465942383,147.75,200.69500732421875,221.61000061035156,176.55990600585938,50.619998931884766,176.5399932861328,704.010009765625,106.01000213623047,92.41000366210938,56.682498931884766,430.80499267578125,301.3599853515625,50.959999084472656,130.44000244140625,157.02999877929688,470.05999755859375,255.1300048828125,395.45001220703125,279.93499755859375,370.9949951171875,56.47999954223633,333.6600036621094,246.58999633789062,424.56500244140625,81.5199966430664,75.68499755859375,132.02000427246094,152.7100067138672,769275,33993,29042,59035,448834,28522,368637,161877,67320,16744,350819,11803,31430,63478,3340,83877,78183,11273,6722,33247,139300,35386,101819,13698,78102,95203,102445,22658,178980,16800,46736,192592,53171,61374,473817,21776,31956,74496,209164,18544,107808,27271,8981,5638,35333,1195243,15056,9897,28956,44391,153051,56220,44024,13947,44782,9261,45598,53739,309946,19388,55474,94991,263590,106013,41468,118784,1477924,242226,39732,194881,27148,205508,58507,16691,7926,18146,67619,178323,6838,54696,60613,88770,5991,18795,45383,29527,17396,10604,14413.0,914754,29551,53454,42671,74015,23052,5138,75130,41506,88330,197872
2026-05-01 16:25:00+00:00,283.9549865722656,208.11500549316406,250.88999938964844,390.4599914550781,356.54998779296875,326.19000244140625,269.0,40.119998931884766,419.9599914550781,320.1600036621094,53.189998626708984,149.36500549316406,170.11000061035156,69.23999786376953,1069.1300048828125,57.29999923706055,126.95500183105469,328.0400085449219,284.0799865722656,290.2049865722656,33.345001220703125,191.1300048828125,124.05000305175781,1016.2000122070312,182.95860290527344,92.34590148925781,35.36000061035156,83.13999938964844,190.23500061035156,114.04000091552734,175.30999755859375,50.564998626708984,138.6699981689453,58.849998474121094,11.835000038146973,204.56500244140625,130.72999572753906,75.81999969482422,384.5249938964844,923.219970703125,41.64500045776367,325.4599914550781,321.3399963378906,236.9199981689453,232.6649932861328,99.30010223388672,399.7099914550781,459.0950012207031,228.42999267578125,312.5350036621094,32.60499954223633,78.59500122070312,963.6799926757812,235.4199981689453,497.25,360.1499938964844,290.1499938964844,80.40499877929688,612.1624755859375,245.4499969482422,112.59500122070312,190.76499938964844,414.32501220703125,44.60770034790039,19.725000381469727,90.70999908447266,198.65499877929688,173.6649932861328,96.91000366210938,59.099998474121094,158.55999755859375,26.420000076293945,147.64999389648438,200.80499267578125,221.30999755859375,176.2899932861328,50.665000915527344,176.4600067138672,704.0900268554688,105.97010040283203,92.4000015258789,56.58000183105469,431.1199951171875,300.7699890136719,50.849998474121094,130.52499389648438,156.72999572753906,470.43499755859375,254.8699951171875,395.4750061035156,279.44000244140625,370.8955078125,56.369998931884766,333.5899963378906,246.22999572753906,424.7200012207031,81.4000015258789,75.6082992553711,131.88999938964844,152.36000061035156,531743,49094,47160,31399,236798,34791,359723,29244,46488,18522,333285,11928,26118,33497,3959,71221,104733,11846,4473,19260,113787,27446,43203,13186,71397,65823,29054,23830,111716,21978,22328,55431,8434,38553,308395,40692,37917,70301,231818,9075,58088,17155,5434,9113,24265,922327,11934,6482,29715,30658,38846,45285,31831,11099,33609,7093,21898,53425,117425,15759,43899,31293,198585,124355,27003,255089,1173880,567278,33860,77035,35777,122343,36061,7227,3515,36660,53956,217628,1738,50998,78288,54905,6176,25592,30610,28188,21634,10933,3879.0,680385,27353,28767,26833,50784,17694,3019,101619,25820,59681,84205
2026-05-01 16:30:00+00:00,283.7900085449219,208.10000610351562,250.7949981689453,390.6000061035156,356.8299865722656,325.9700012207031,268.385009765625,40.165000915527344,420.1400146484375,320.45001220703125,53.130001068115234,149.33450317382812,169.89999389648438,69.25,1067.9000244140625,57.165000915527344,126.9800033569336,328.0799865722656,283.92999267578125,290.54998779296875,33.314998626708984,191.02000427246094,123.9000015258789,1015.4400024414062,182.85499572753906,92.20999908447266,35.31999969482422,83.05999755859375,189.93499755859375,114.30000305175781,175.1300048828125,50.529998779296875,139.00999450683594,58.834999084472656,11.824999809265137,204.39999389648438,130.58999633789062,75.8301010131836,384.8800048828125,922.4500122070312,41.65999984741211,325.44000244140625,321.04998779296875,236.55999755859375,232.53500366210938,99.37000274658203,399.7699890136719,458.5,228.44000244140625,312.6000061035156,32.595001220703125,78.48999786376953,962.760009765625,235.08799743652344,497.5,359.8599853515625,289.9700012207031,80.38099670410156,611.39501953125,244.9250030517578,112.63999938964844,190.69000244140625,413.8699951171875,44.560001373291016,19.739999771118164,90.55500030517578,198.82000732421875,173.17999267578125,96.80000305175781,59.0099983215332,158.60499572753906,26.415000915527344,147.47999572753906,200.61000061035156,221.11500549316406,175.77999877929688,50.595001220703125,176.22000122070312,703.7000122070312,105.76499938964844,92.4010009765625,56.540000915527344,430.8299865722656,300.8550109863281,50.845001220703125,130.4499969482422,156.55999755859375,469.6199951171875,255.25999450683594,395.0350036621094,279.3949890136719,370.6300048828125,56.369998931884766,333.6000061035156,245.7100067138672,424.4649963378906,81.43499755859375,75.58000183105469,131.7899932861328,152.18499755859375,468162,65870,46590,37379,226862,23708,382110,23994,57361,17928,351326,15667,28022,39744,1753,100569,70264,13963,8996,14926,94689,38812,27791,5773,57389,110901,39626,35642,184606,17558,33637,39746,30892,43772,146685,29505,14395,46620,259475,12302,69584,27056,7845,10448,22279,1533034,15107,14768,43380,47060,40259,66151,29900,13149,39165,3107,60461,47108,128771,17456,49432,36346,163111,81078,39050,231975,669669,341268,75169,49746,37292,135101,42175,6334,3641,12731,48255,154777,2847,64559,38979,37997,12021,28560,24917,77251,15623,13804,4561.0,569505,19961,36001,33004,47788,14455,3963,61574,18620,79063,176369
2026-05-01 16:35:00+00:00,283.3500061035156,208.3800048828125,250.72999572753906,391.0950012207031,357.55499267578125,326.05999755859375,268.7349853515625,40.064998626708984,420.2349853515625,320.6400146484375,53.19499969482422,149.35000610351562,169.91000366210938,69.25499725341797,1067.5899658203125,57.32500076293945,127.20999908447266,328.0249938964844,283.68499755859375,290.6700134277344,33.334999084472656,191.2100067138672,123.73999786376953,1015.9462280273438,182.8336944580078,92.27999877929688,35.32500076293945,82.98999786376953,190.1199951171875,114.34500122070312,175.0399932861328,50.53499984741211,138.8350067138672,58.880001068115234,11.839300155639648,204.46499633789062,130.78500366210938,75.76000213623047,385.385009765625,924.780029296875,41.64500045776367,325.4501037597656,321.1600036621094,236.5050048828125,232.5850067138672,99.5988998413086,399.7099914550781,458.7699890136719,228.80999755859375,312.7200012207031,32.57500076293945,78.48500061035156,963.260009765625,235.11000061035156,497.42999267578125,359.79998779296875,289.7850036621094,80.44499969482422,611.6599731445312,245.0449981689453,112.68000030517578,190.80499267578125,413.94500732421875,44.5099983215332,19.739999771118164,90.48880004882812,198.9600067138672,173.59500122070312,96.7699966430664,58.9114990234375,158.5800018310547,26.43000030517578,147.4550018310547,200.4949951171875,221.2899932861328,175.73500061035156,50.61000061035156,176.4600067138672,703.8200073242188,105.81999969482422,92.46499633789062,56.54499816894531,430.4649963378906,301.739990234375,50.860198974609375,130.52499389648438,156.60499572753906,469.45001220703125,254.71499633789062,394.5400085449219,279.2699890136719,370.8599853515625,56.400001525878906,333.4100036621094,245.49000549316406,424.15008544921875,81.48500061035156,75.54000091552734,131.86000061035156,151.97999572753906,406816,34786,15555,24635,290678,17460,1381221,24150,35827,12030,545492,5402,19812,16859,1601,109120,67221,3638,10565,9585,106505,35864,39738,7437,42336,67087,33294,25311,118606,12871,38365,61790,28566,59927,317804,65087,33566,29223,209015,10127,29901,13207,5267,3171,32097,1175615,9412,5868,79845,44181,55532,49736,21373,8408,27283,1920,26825,52495,82019,15149,240225,30399,115328,82823,13760,106324,550616,259274,65505,46665,34626,164339,20830,6124,3271,9887,41210,125030,2751,45993,34332,48528,7748,22406,29120,42453,28309,17661,4516.0,461512,16662,25364,184951,39821,18007,4705,57592,16196,51747,151707
2026-05-01 16:40:00+00:00,282.92999267578125,208.10000610351562,250.63999938964844,391.1300048828125,357.6199951171875,326.1050109863281,268.4599914550781,40.03499984741211,419.989990234375,320.5799865722656,53.10499954223633,149.35000610351562,169.77499389648438,69.30999755859375,1068.217529296875,57.255001068115234,127.19999694824219,327.7099914550781,283.95001220703125,290.510009765625,33.42499923706055,191.1999969482422,123.6500015258789,1015.5700073242188,182.7949981689453,92.19499969482422,35.31999969482422,82.97000122070312,190.19000244140625,114.41999816894531,175.02000427246094,50.52000045776367,138.88999938964844,58.79999923706055,11.824999809265137,204.47000122070312,130.75999450683594,75.80999755859375,384.2799987792969,924.3599853515625,41.625,325.2950134277344,321.04998779296875,236.20249938964844,232.49000549316406,99.21990203857422,400.1499938964844,458.94000244140625,228.875,312.3900146484375,32.584999084472656,78.51000213623047,963.0650024414062,234.97999572753906,497.2774963378906,359.8525085449219,289.92999267578125,80.51000213623047,611.9000244140625,244.2100067138672,112.69999694824219,190.67999267578125,413.625,44.53150177001953,19.709999084472656,90.36499786376953,198.6490020751953,173.11000061035156,96.6865005493164,58.8849983215332,158.57000732421875,26.434999465942383,147.5500946044922,200.2449951171875,221.2899932861328,175.50999450683594,50.58000183105469,176.39999389648438,705.4400024414062,106.18000030517578,92.38999938964844,56.580101013183594,429.95001220703125,302.1199951171875,50.86000061035156,130.38499450683594,156.60000610351562,469.5400085449219,254.4600067138672,394.2912902832031,278.875,371.0474853515625,56.38999938964844,333.2900085449219,245.10000610351562,424.80999755859375,81.4800033569336,75.5199966430664,131.8000030517578,151.99000549316406,407850,41362,19476,14663,267684,22688,245120,20643,52295,20228,284713,8441,31775,17855,1991,144849,88293,6901,14879,14360,204763,19841,33544,6007,59429,57574,35482,22332,63384,11272,40400,37319,43955,57007,202993,83369,25654,42313,147265,4960,24801,22119,8056,7950,29585,1363519,10700,14630,37559,35253,28461,37507,12889,8100,23616,5353,26274,43934,76816,17099,68623,24293,129219,85310,13662,356247,595238,225168,29399,31298,33447,105206,32960,8711,2754,10349,41613,219439,5456,35511,39271,59480,5860,23662,23331,35725,24822,9087,2858.0,655424,25281,29288,27924,44554,20774,4045,52748,23459,50889,88008
2026-05-01 16:45:00+00:00,282.5849914550781,208.0155029296875,250.52000427246094,391.7200012207031,357.3900146484375,325.8999938964844,268.3599853515625,40.11000061035156,419.93499755859375,320.260009765625,53.154998779296875,149.2899932861328,169.58999633789062,69.44000244140625,1067.0098876953125,57.31999969482422,127.25,327.875,283.07000732421875,290.30999755859375,33.3650016784668,191.0749969482422,123.77999877929688,1015.1400146484375,182.5500030517578,92.3197021484375,35.35499954223633,82.94000244140625,190.22999572753906,114.34500122070312,175.2100067138672,50.54999923706055,138.7949981689453,58.83000183105469,11.824999809265137,204.71499633789062,130.6300048828125,75.72000122070312,384.2659912109375,924.0449829101562,41.69499969482422,325.0799865722656,321.0899963378906,235.92999267578125,232.39999389648438,99.16500091552734,398.6099853515625,459.4049987792969,228.5500030517578,312.4800109863281,32.60499954223633,78.50499725341797,961.0900268554688,235.0688018798828,497.0,359.5199890136719,289.8999938964844,80.57990264892578,612.1599731445312,244.8300018310547,112.48999786376953,190.6300048828125,413.1000061035156,44.470001220703125,19.725000381469727,90.27999877929688,198.91000366210938,173.13999938964844,96.83000183105469,58.959999084472656,158.41000366210938,26.415000915527344,147.48500061035156,200.38999938964844,221.27000427246094,175.74000549316406,50.54999923706055,176.22999572753906,703.6824951171875,106.30000305175781,92.29499816894531,56.685001373291016,429.2349853515625,301.92498779296875,50.87200164794922,130.3874969482422,156.6699981689453,469.20001220703125,254.5500030517578,393.5286865234375,278.7099914550781,370.8500061035156,56.42499923706055,333.0199890136719,245.74000549316406,424.6199951171875,81.43000030517578,75.55500030517578,131.84010314941406,152.1300048828125,620232,29415,25442,18968,379546,17138,332339,17064,63392,12853,152308,18870,20205,73987,2886,84563,94329,8233,11509,18649,229666,20319,59214,7533,51554,53781,37515,25259,64984,10896,58458,34847,22518,60368,860484,29540,24089,45335,133652,6981,39702,20313,8627,3113,13187,1112593,34440,5689,35402,32798,30744,70996,29998,8650,31092,4030,18833,46723,91937,11879,64776,26203,280036,98804,15649,481292,623252,201134,24767,36187,22719,150079,24911,14627,8084,12159,42746,174224,3964,47275,48329,57669,3698,21058,32337,48103,26801,8861,5822.0,485994,55222,23202,44758,40112,18497,4073,45096,20614,44101,62462
2026-05-01 16:50:00+00:00,283.1099853515625,207.9600067138672,250.4199981689453,392.010009765625,357.80999755859375,326.0400085449219,268.57000732421875,40.04999923706055,420.06500244140625,320.3999938964844,53.19499969482422,149.4499969482422,169.91000366210938,69.36990356445312,1066.699951171875,57.38999938964844,127.16000366210938,327.7799987792969,283.8800048828125,289.8800048828125,33.44499969482422,191.30999755859375,123.78990173339844,1014.5150146484375,182.6649932861328,92.24299621582031,35.29499816894531,83.0,190.06100463867188,114.37999725341797,175.0500030517578,50.470001220703125,138.64999389648438,58.880001068115234,11.824999809265137,204.85000610351562,130.77999877929688,75.62000274658203,385.20001220703125,924.469970703125,41.685001373291016,325.3299865722656,321.2650146484375,236.22500610351562,232.64500427246094,98.92500305175781,399.4599914550781,460.114990234375,228.74000549316406,312.4100036621094,32.6349983215332,78.46499633789062,961.5499877929688,235.0,497.80999755859375,359.3399963378906,289.8550109863281,80.63999938964844,612.4849853515625,244.49000549316406,112.41999816894531,190.80999755859375,413.19000244140625,44.47999954223633,19.674999237060547,90.36499786376953,199.27000427246094,173.1114044189453,96.81999969482422,58.83000183105469,158.27499389648438,26.405000686645508,147.36000061035156,200.38499450683594,221.2781982421875,175.60000610351562,50.564998626708984,176.77000427246094,703.1099853515625,106.4000015258789,92.30999755859375,56.599998474121094,428.7749938964844,302.3399963378906,50.859798431396484,130.39999389648438,156.6013946533203,469.2785949707031,254.42999267578125,394.9800109863281,278.55999755859375,371.1499938964844,56.39500045776367,333.0400085449219,245.6649932861328,424.8699951171875,81.5,75.58999633789062,131.72999572753906,152.1199951171875,660388,34484,16269,22966,278217,23579,287455,20272,73143,13528,107187,7346,22431,25031,2105,45412,113442,4821,21347,10612,127637,37683,69609,5289,48795,67820,28938,37397,71960,11987,34371,53657,14301,27314,143956,27506,25399,76676,189579,5544,83563,27395,8736,8332,18856,1277743,8671,3993,37669,36136,58259,71944,17790,11897,49476,4294,22653,47270,108407,14364,60655,25829,231555,84061,27130,178286,735645,213122,29511,59531,26671,164475,41282,12152,5440,14368,38292,109832,5921,29344,81837,34028,5516,27398,21006,68403,14196,13159,3190.0,488244,39521,37171,40062,48570,11866,4818,48726,22215,66459,82211
2026-05-01 16:55:00+00:00,283.11700439453125,207.6999969482422,250.6024932861328,392.2650146484375,358.44000244140625,326.1300048828125,268.3999938964844,40.099998474121094,420.04998779296875,320.7850036621094,53.18000030517578,149.36000061035156,169.92999267578125,69.4000015258789,1066.7650146484375,57.29999923706055,127.16500091552734,327.44500732421875,283.19000244140625,289.635009765625,33.3849983215332,191.27999877929688,123.93000030517578,1015.0,182.60000610351562,92.20999908447266,35.314998626708984,83.0199966430664,190.35000610351562,114.41999816894531,174.85499572753906,50.48500061035156,138.68499755859375,58.900001525878906,11.835000038146973,205.1199951171875,130.85890197753906,75.78079986572266,384.9049987792969,924.47998046875,41.709999084472656,325.0450134277344,321.1600036621094,236.4250030517578,232.57000732421875,98.75990295410156,399.32000732421875,460.2900085449219,228.57000732421875,312.4700012207031,32.654998779296875,78.41000366210938,961.5499877929688,234.80999755859375,497.25,359.5150146484375,289.864990234375,80.61000061035156,612.510009765625,244.91000366210938,112.56999969482422,190.8699951171875,413.2099914550781,44.51499938964844,19.68000030517578,90.32273864746094,199.1649932861328,172.89999389648438,96.75499725341797,58.875,158.1199951171875,26.415000915527344,147.1999969482422,200.05999755859375,221.1199951171875,175.7449951171875,50.59000015258789,176.5850067138672,703.1500244140625,106.4000015258789,92.23999786376953,56.61000061035156,428.4649963378906,302.2200012207031,50.82749938964844,130.33999633789062,156.7100067138672,469.8699951171875,254.6300048828125,394.5799865722656,277.95001220703125,370.9800109863281,56.38999938964844,332.80999755859375,245.75,424.7850036621094,81.45999908447266,75.65499877929688,131.69000244140625,152.52499389648438,434250,26207,22560,15858,287936,13897,239636,32497,43154,12903,118206,9925,23616,21888,1334,83705,47717,10929,5481,26252,70037,24147,32839,8580,39186,58000,31239,47559,48317,9051,32406,34970,13237,42436,226407,31719,31205,42035,292139,6125,65979,14029,7939,4489,23885,1067829,5949,4945,47681,26524,41329,48328,29501,5974,22979,3389,24904,35572,222140,10395,100111,17703,149032,58386,24533,65016,595045,125342,30438,43580,30613,284641,31796,11946,4867,20307,63423,247849,2376,32984,80291,37217,4816,20283,33948,29117,20783,13917,3450.0,648291,37102,21718,68765,32077,13897,1749,57317,17293,88170,78384
2026-05-01 17:00:00+00:00,282.8299865722656,207.4550018310547,250.60000610351562,392.010009765625,358.8949890136719,326.8399963378906,268.4700012207031,40.040000915527344,420.2699890136719,320.8500061035156,53.2599983215332,149.46499633789062,170.05999755859375,69.33999633789062,1066.949951171875,57.30500030517578,127.37999725341797,327.3500061035156,283.1300048828125,289.7850036621094,33.35499954223633,191.38999938964844,123.95999908447266,1014.3400268554688,182.94000244140625,92.20999908447266,35.30500030517578,82.88999938964844,190.32000732421875,114.41000366210938,174.8800048828125,50.48500061035156,138.6540069580078,58.84000015258789,11.849900245666504,205.05499267578125,130.8300018310547,75.81500244140625,385.1600036621094,925.3300170898438,41.70500183105469,324.8999938964844,321.510009765625,236.22500610351562,232.8350067138672,98.79000091552734,399.8699951171875,460.56500244140625,228.6699981689453,312.81500244140625,32.6349983215332,78.38999938964844,961.5599975585938,234.80999755859375,497.2900085449219,360.0400085449219,290.0299987792969,80.58999633789062,612.030029296875,244.5850067138672,112.55000305175781,190.97500610351562,413.4049987792969,44.5099983215332,19.655000686645508,90.4800033569336,199.35000610351562,173.60000610351562,96.66999816894531,58.814998626708984,158.0050048828125,26.393400192260742,147.16000366210938,200.1750030517578,221.4499969482422,175.50999450683594,50.625,177.1300048828125,703.3300170898438,106.6500015258789,92.31500244140625,56.599998474121094,428.6700134277344,302.2950134277344,50.904998779296875,130.22999572753906,156.6699981689453,469.8800048828125,254.55999755859375,394.07501220703125,279.20001220703125,370.8999938964844,56.474998474121094,332.55999755859375,245.50990295410156,424.8500061035156,81.58000183105469,75.60990142822266,131.72999572753906,152.52000427246094,336568,43162,16979,17313,295505,26013,183709,19578,44513,15592,150015,12161,23789,29107,2862,53582,67800,6773,7480,26761,92392,23920,46513,8109,48127,60346,26485,22891,45326,7495,29325,30283,7807,25174,334875,64103,27997,35786,150626,7156,44166,19551,12135,5859,18672,1061176,9027,7154,27781,28340,60537,45297,19803,8152,46159,5932,21910,48838,475401,10700,44506,21089,129732,51435,24023,98750,438347,208698,28102,48725,43831,147494,38885,11551,4605,11886,47163,149517,3440,39743,78255,33614,5512,14531,29866,42463,53487,9453,5236.0,369764,33646,31155,45505,25918,13442,2573,38146,20619,49300,82119
2026-05-01 17:05:00+00:00,282.62451171875,207.52999877929688,250.5,391.57501220703125,359.07000732421875,327.0299987792969,268.31500244140625,39.97999954223633,420.30999755859375,320.8599853515625,53.29499816894531,149.13499450683594,169.7100067138672,69.33999633789062,1067.280029296875,57.244998931884766,127.48999786376953,327.4700012207031,282.8599853515625,289.5950012207031,33.3849983215332,191.52999877929688,123.75,1013.2999877929688,182.875,92.13500213623047,35.22999954223633,82.80500030517578,189.89500427246094,114.23999786376953,174.86000061035156,50.375,138.47000122070312,58.71500015258789,11.845000267028809,205.13999938964844,130.8800048828125,75.80000305175781,385.2699890136719,925.0394897460938,41.654998779296875,324.8599853515625,321.1300048828125,236.1300048828125,232.96499633789062,98.97000122070312,398.4700012207031,459.760009765625,228.5500030517578,313.04998779296875,32.595001220703125,78.36000061035156,963.0,234.74000549316406,496.79998779296875,359.6199951171875,289.82501220703125,80.55000305175781,612.010009765625,244.5,112.53500366210938,190.94000244140625,413.7300109863281,44.4900016784668,19.625,90.54000091552734,199.6199951171875,173.47000122070312,96.73999786376953,58.689998626708984,157.84500122070312,26.403200149536133,147.16000366210938,200.1750030517578,221.67999267578125,175.48500061035156,50.6150016784668,176.97999572753906,703.7999877929688,106.51000213623047,92.41500091552734,56.54499816894531,428.8299865722656,302.2049865722656,51.0,130.05999755859375,156.77499389648438,469.5,254.2899932861328,394.3999938964844,279.3399963378906,370.4200134277344,56.505001068115234,332.6600036621094,245.0,424.6300048828125,81.61000061035156,75.5199966430664,131.61000061035156,152.3000030517578,371229,51412,17731,20556,285047,19851,230493,25439,54239,6719,94540,28773,21198,54944,2617,43530,151882,5877,8742,9303,100946,21066,35155,4857,56679,63825,31774,21114,65543,15475,31340,49276,11423,40768,137659,114415,25824,35405,139460,5201,63355,13162,7395,3524,21457,973004,22077,9445,43663,20905,48429,49135,16074,6976,28068,3116,13748,41893,122522,6477,49937,26620,147202,37199,24373,113743,681357,178610,29674,73463,21510,162426,38507,5489,3703,18354,62196,152917,3395,56042,59637,45685,4414,10464,22155,19157,22388,11416,5731.0,358604,15102,28428,33620,25732,14210,2153,65267,22540,45178,85487
2026-05-01 17:10:00+00:00,282.6700134277344,207.55499267578125,250.58999633789062,391.2300109863281,359.8500061035156,327.75,268.5199890136719,39.95000076293945,420.54998779296875,321.0950012207031,53.34000015258789,149.0800018310547,169.8699951171875,69.30000305175781,1067.8199462890625,57.20500183105469,127.55999755859375,327.8500061035156,282.7449951171875,289.760009765625,33.494998931884766,191.55999755859375,123.75499725341797,1013.9097900390625,183.02450561523438,92.0199966430664,35.224998474121094,82.55000305175781,189.80999755859375,114.56510162353516,174.72500610351562,50.380001068115234,138.47999572753906,58.779998779296875,11.869999885559082,205.0399932861328,131.0,75.91999816894531,385.42999267578125,925.6199951171875,41.60499954223633,324.8599853515625,321.3500061035156,236.27499389648438,232.86000061035156,98.84989929199219,398.6549987792969,459.29010009765625,228.38999938964844,313.4200134277344,32.57500076293945,78.3949966430664,962.97998046875,234.80999755859375,496.3949890136719,359.989990234375,289.7300109863281,80.51000213623047,612.0399780273438,244.4600067138672,112.51499938964844,191.2100067138672,413.95001220703125,44.48500061035156,19.594999313354492,90.66999816894531,199.83999633789062,173.4600067138672,96.70999908447266,58.60499954223633,157.69000244140625,26.405000686645508,147.19500732421875,200.3699951171875,221.99989318847656,175.47999572753906,50.67499923706055,177.52499389648438,703.1099853515625,106.5,92.43000030517578,56.54499816894531,429.5199890136719,301.19500732421875,51.079898834228516,130.0449981689453,156.69000244140625,469.8550109863281,254.35000610351562,395.1000061035156,279.5899963378906,370.4649963378906,56.55500030517578,332.6499938964844,244.83999633789062,424.7200012207031,81.69000244140625,75.48999786376953,131.59500122070312,152.14999389648438,333035,50272,24727,35030,370162,33228,245739,25728,40735,9415,121115,11635,36160,33063,2618,63014,61422,7549,9970,7044,163094,21617,67713,14209,70271,94467,39403,83245,55505,18387,34084,49638,13055,58422,372699,16789,25466,33042,194418,6838,38853,20454,12730,10579,17180,763154,5953,3925,34999,29801,56842,45889,22126,15696,35571,5384,20737,31945,95569,10985,51792,27635,142551,58194,36408,76708,974158,111637,40871,66128,67782,273423,34919,10589,4070,12392,38538,137863,1058,27672,33752,50306,4978,19054,51967,16785,21248,16066,3771.0,471400,17278,31942,43757,45123,19059,4272,72659,22997,44883,72761
2026-05-01 17:15:00+00:00,282.6499938964844,207.52999877929688,250.94000244140625,391.09051513671875,359.7799987792969,327.364990234375,268.8399963378906,39.97999954223633,420.67999267578125,321.04998779296875,53.3849983215332,149.1199951171875,170.00999450683594,69.33499908447266,1068.56494140625,57.14500045776367,127.42500305175781,327.6499938964844,282.7300109863281,289.1400146484375,33.404998779296875,191.4149932861328,123.66000366210938,1013.739990234375,183.3300018310547,92.11000061035156,35.20500183105469,82.54499816894531,190.02999877929688,114.56999969482422,174.92999267578125,50.345001220703125,138.44000244140625,58.869998931884766,11.854999542236328,205.05499267578125,131.0449981689453,75.80999755859375,386.2799987792969,924.9299926757812,41.6150016784668,324.5899963378906,321.2200012207031,236.27000427246094,233.10000610351562,99.16680145263672,399.2099914550781,459.2449951171875,227.9199981689453,313.4200134277344,32.584999084472656,78.33000183105469,962.27001953125,234.61000061035156,495.75,360.1400146484375,289.4049987792969,80.37000274658203,613.530029296875,244.39999389648438,112.44999694824219,191.10000610351562,414.2799987792969,44.46500015258789,19.59000015258789,90.7699966430664,200.1195068359375,174.0,96.56999969482422,58.619998931884766,157.52000427246094,26.405000686645508,147.16000366210938,200.13499450683594,221.9600067138672,175.60000610351562,50.689998626708984,177.97999572753906,704.1300048828125,106.5199966430664,92.3550033569336,56.58000183105469,429.7799987792969,301.4549865722656,51.06999969482422,130.0800018310547,156.55999755859375,470.20001220703125,253.9199981689453,395.1400146484375,280.1099853515625,370.0950012207031,56.54499816894531,332.5299987792969,244.89999389648438,424.7200012207031,81.76499938964844,75.49500274658203,131.6199951171875,152.1199951171875,317651,28970,15469,21779,275046,29986,215057,35554,78632,15570,127493,9073,25595,36179,3749,72439,72312,7613,8160,44913,306700,24840,77355,3800,70130,76836,31370,57243,47456,10185,22867,56042,13809,25035,244320,19354,26086,33792,231846,6561,41110,18998,7978,5424,15403,944980,13581,12720,31147,27777,90305,47181,17590,9464,26279,2941,32349,56491,236029,12691,42088,23268,136662,63847,21545,77398,1442425,523318,37032,49714,55672,142472,33944,7892,2891,22998,42644,201484,12709,26838,65253,41494,4866,29908,23278,27671,16137,10458,7748.0,448510,19473,51359,24607,30830,11235,4572,65937,26840,55860,46969
2026-05-01 17:20:00+00:00,282.8699951171875,207.64999389648438,251.1300048828125,391.5400085449219,359.6184997558594,327.5899963378906,269.3500061035156,39.98500061035156,420.82000732421875,321.1099853515625,53.375,149.13499450683594,170.05999755859375,69.41999816894531,1068.635009765625,57.125,127.48500061035156,327.6099853515625,282.6524963378906,288.94500732421875,33.334999084472656,191.47000122070312,123.76499938964844,1014.02001953125,183.82000732421875,92.12000274658203,35.224998474121094,82.45500183105469,189.91000366210938,114.68499755859375,174.97500610351562,50.3650016784668,138.6999969482422,58.93000030517578,11.854999542236328,205.5,131.08999633789062,75.77999877929688,386.1600036621094,924.6699829101562,41.6349983215332,324.5299987792969,320.9200134277344,236.25,233.38499450683594,98.72940063476562,399.5199890136719,459.55010986328125,227.91000366210938,313.489990234375,32.625,78.30500030517578,962.469970703125,234.6300048828125,496.30999755859375,359.9800109863281,289.25,80.38500213623047,614.7949829101562,244.63999938964844,112.43000030517578,191.02000427246094,414.3900146484375,44.45000076293945,19.639999389648438,90.9198989868164,199.88999938964844,173.67999267578125,96.56999969482422,58.68000030517578,157.50999450683594,26.405000686645508,147.16000366210938,199.97250366210938,222.02000427246094,175.8249969482422,50.689998626708984,178.2899932861328,705.0399780273438,106.55999755859375,92.29000091552734,56.67499923706055,429.3900146484375,302.4599914550781,51.099998474121094,130.1699981689453,156.57000732421875,470.1200866699219,254.28500366210938,394.8500061035156,280.29998779296875,370.29998779296875,56.56999969482422,332.7049865722656,245.02000427246094,425.1000061035156,81.80999755859375,75.55999755859375,131.66000366210938,152.27000427246094,316935,47682,27039,19671,385617,20991,388156,15490,91605,21347,149043,8073,18880,17477,4742,54204,81432,4922,7745,22672,94616,20706,41975,5225,85975,70663,35172,58518,38296,9581,27730,127454,10267,23776,274555,15496,38341,35217,258091,7997,28432,18021,8873,2433,18985,1274645,16124,9200,34724,29888,49861,65868,15501,9867,37861,4651,43428,47074,244924,8254,49241,20645,137120,44459,33927,88834,941764,224847,33631,45641,35741,121571,31249,11004,3248,8651,39725,140945,4748,28815,56429,57675,4494,28371,21477,17291,15474,10218,2933.0,314745,22217,21459,33677,26692,9397,4577,49886,30856,54342,48342
2026-05-01 17:25:00+00:00,282.80999755859375,207.99000549316406,251.1199951171875,391.5,359.8399963378906,327.25,269.385009765625,40.0099983215332,421.3900146484375,321.4700012207031,53.42499923706055,149.22500610351562,170.06100463867188,69.54000091552734,1068.425048828125,57.099998474121094,127.58999633789062,327.7099914550781,282.4200134277344,288.92999267578125,33.32500076293945,191.4949951171875,123.86000061035156,1015.2849731445312,183.50999450683594,92.22000122070312,35.255001068115234,82.43000030517578,190.25,114.75,174.97000122070312,50.41999816894531,138.77999877929688,58.88999938964844,11.845000267028809,205.7050018310547,131.22000122070312,75.7249984741211,386.20001220703125,924.5050048828125,41.64500045776367,324.5799865722656,320.81500244140625,236.6199951171875,233.53500366210938,98.6449966430664,399.2550048828125,459.43499755859375,228.0,313.7200012207031,32.625,78.36000061035156,962.5499877929688,234.6750030517578,496.70001220703125,359.9800109863281,289.3599853515625,80.43499755859375,615.614990234375,244.77999877929688,112.71499633789062,191.02499389648438,414.4800109863281,44.45000076293945,19.645000457763672,90.77999877929688,199.85000610351562,173.55990600585938,96.43000030517578,58.75,157.5850067138672,26.44499969482422,147.27999877929688,200.0399932861328,222.24000549316406,176.08999633789062,50.720001220703125,178.78500366210938,705.4500122070312,106.57499694824219,92.23999786376953,56.70000076293945,429.364990234375,302.7250061035156,51.099998474121094,130.16000366210938,156.6199951171875,470.2500915527344,254.46499633789062,395.2200012207031,280.6000061035156,370.5799865722656,56.625,332.92498779296875,245.14999389648438,424.9200134277344,81.94999694824219,75.58000183105469,131.74000549316406,152.47000122070312,387042,64681,23601,16486,249279,20830,268909,22067,79893,12152,64621,13270,23021,27651,1934,88548,54683,6314,10286,9428,102818,16824,25966,6318,106976,79379,36190,48588,41203,8474,27263,44096,11592,34501,115135,19516,17368,35360,146460,9460,40416,21724,7514,6855,36549,1145800,9999,6164,38263,32016,36964,63192,17009,7360,26151,3540,20828,57811,162290,7502,74205,21534,182921,60331,16650,129265,1010133,145533,76818,49366,29321,212841,34874,13640,6233,10016,37981,175606,5341,33189,50166,49742,9308,37858,34862,13901,17974,7856,4628.0,318769,22091,732637,28943,30057,13206,8040,116607,15871,61577,57449
2026-05-01 17:30:00+00:00,282.2300109863281,208.32000732421875,250.9199981689453,391.6199951171875,360.2099914550781,327.3450012207031,269.1300048828125,40.07500076293945,421.9049987792969,321.54998779296875,53.505001068115234,149.3300018310547,170.13499450683594,69.55999755859375,1068.9500732421875,57.04999923706055,127.7699966430664,327.489990234375,282.3800048828125,289.239990234375,33.279998779296875,191.60499572753906,123.95999908447266,1015.7249755859375,183.35000610351562,92.20500183105469,35.28499984741211,82.3499984741211,190.5,114.8640365600586,174.91000366210938,50.46609878540039,139.0800018310547,58.92499923706055,11.871100425720215,205.77749633789062,131.32000732421875,75.8499984741211,385.2449951171875,925.8574829101562,41.69499969482422,325.1300048828125,320.989990234375,236.7949981689453,233.74000549316406,98.4613037109375,398.9549865722656,459.0799865722656,228.19000244140625,314.1050109863281,32.654998779296875,78.44000244140625,963.8099975585938,234.7100067138672,496.6400146484375,360.2300109863281,289.44500732421875,80.53500366210938,613.739990234375,244.82000732421875,112.79499816894531,191.22999572753906,414.2001037597656,44.40019989013672,19.69499969482422,90.55000305175781,199.96499633789062,173.63499450683594,96.30500030517578,58.77000045776367,157.63999938964844,26.475000381469727,147.50999450683594,200.10000610351562,222.375,176.36019897460938,50.709999084472656,179.39999389648438,705.9000244140625,106.5999984741211,92.2249984741211,56.755001068115234,429.94000244140625,302.45001220703125,51.119998931884766,130.30499267578125,156.72999572753906,470.8550109863281,254.52000427246094,395.05999755859375,280.79998779296875,370.1499938964844,56.689998626708984,333.1400146484375,245.57000732421875,424.7950134277344,82.0199966430664,75.58000183105469,131.97000122070312,152.64329528808594,330552,75919,45871,21146,479084,10182,249071,46977,116010,6821,99875,11816,27755,29832,2560,80158,54487,6940,11754,18003,102970,36003,50629,10875,83199,95427,24890,40695,103959,13069,36387,37648,15330,31348,365857,13008,26140,35284,172318,15691,72342,24030,10031,3562,39619,1163947,11945,11155,44192,42261,66967,79003,20616,13071,25499,4303,30641,69523,185675,9222,90091,26516,162838,89985,26245,138305,670521,182490,46017,50254,22577,166048,43855,9735,4881,13711,66021,236807,4109,40054,62243,52366,9286,17710,24470,11693,19411,12574,14731.0,306943,29535,24138,42488,45710,18389,4584,95855,23744,103811,84413
2026-05-01 17:35:00+00:00,282.3699951171875,208.14500427246094,250.72000122070312,391.7200012207031,360.4700012207031,327.1000061035156,269.04998779296875,40.03499984741211,421.635009765625,321.3999938964844,53.59000015258789,149.39999389648438,170.23500061035156,69.54000091552734,1069.06005859375,57.224998474121094,127.88999938964844,327.18798828125,282.3699951171875,289.5899963378906,33.279998779296875,191.6999969482422,123.88999938964844,1015.4500122070312,183.55999755859375,92.18000030517578,35.25,82.2699966430664,190.4199981689453,114.6050033569336,174.74000549316406,50.40999984741211,138.9199981689453,58.900001525878906,11.864999771118164,205.86000061035156,131.41000366210938,75.88999938964844,385.1400146484375,926.9199829101562,41.67499923706055,324.80999755859375,320.6099853515625,236.53500366210938,233.6999969482422,98.28970336914062,399.46539306640625,458.81500244140625,227.8800048828125,314.1400146484375,32.6349983215332,78.3499984741211,963.8300170898438,234.4949951171875,496.66009521484375,360.010009765625,288.92999267578125,80.48500061035156,614.010009765625,244.89999389648438,112.58000183105469,191.3300018310547,414.4599914550781,44.39500045776367,19.69499969482422,90.61509704589844,200.0850067138672,173.86000061035156,96.28500366210938,58.73500061035156,157.4199981689453,26.459999084472656,147.30999755859375,200.0500030517578,222.33999633789062,176.38999938964844,50.755001068115234,179.08999633789062,705.760009765625,106.33499908447266,92.30999755859375,56.71500015258789,429.7200012207031,302.0,51.150001525878906,130.10000610351562,156.5399932861328,470.1449890136719,254.67250061035156,395.79998779296875,280.32501220703125,369.55950927734375,56.689998626708984,333.1000061035156,245.13250732421875,424.6400146484375,82.01499938964844,75.58499908447266,131.85000610351562,152.52000427246094,398065,39073,31935,21297,241242,38193,185982,42871,45540,22104,237741,17352,21503,32792,2067,391527,68126,5844,6791,19209,113343,32286,30314,5754,43907,70724,34159,42427,112620,15868,48492,47361,11509,30593,102613,17503,30740,41378,143147,10715,59854,17606,8662,11342,25238,1162392,6627,3057,57351,22373,43800,68804,16109,9608,20110,6259,47015,31907,101475,9586,62398,27061,96368,86123,35466,82464,631043,175385,28848,44209,48538,196143,28798,9412,3264,5828,46003,219481,601,39232,37912,51070,5156,29313,24319,17379,17204,10307,9888.0,397230,23011,35594,37737,49165,24727,3086,100817,18872,67321,65066
2026-05-01 17:40:00+00:00,282.1000061035156,207.92999267578125,250.16009521484375,391.6199951171875,362.010009765625,326.9200134277344,268.9100036621094,40.03499984741211,422.44500732421875,321.0799865722656,53.52000045776367,149.58999633789062,170.17999267578125,69.56999969482422,1069.0699462890625,57.150001525878906,127.81500244140625,327.0,282.1600036621094,289.6099853515625,33.30500030517578,191.6824951171875,123.83999633789062,1015.5800170898438,183.24000549316406,92.20999908447266,35.25,82.30000305175781,190.61000061035156,114.54000091552734,174.80999755859375,50.404998779296875,138.89500427246094,58.88999938964844,11.860099792480469,205.375,131.42999267578125,75.98999786376953,385.3500061035156,926.9849853515625,41.689998626708984,324.7049865722656,320.489990234375,236.38999938964844,233.4499969482422,98.875,398.3713073730469,458.9200134277344,227.97000122070312,314.1099853515625,32.64500045776367,78.38999938964844,964.2650146484375,234.4250030517578,496.239990234375,359.5050048828125,288.9649963378906,80.4800033569336,614.0791015625,244.9499969482422,112.54499816894531,191.1999969482422,414.6650085449219,44.400001525878906,19.700000762939453,90.49500274658203,200.07000732421875,173.860107421875,96.29000091552734,58.654998779296875,157.27999877929688,26.46500015258789,147.35499572753906,199.92999267578125,222.3101043701172,176.3300018310547,50.730098724365234,178.74000549316406,704.4199829101562,106.3550033569336,92.2750015258789,56.78499984741211,429.55999755859375,302.0899963378906,51.13999938964844,130.13999938964844,156.57000732421875,470.07000732421875,254.7899932861328,397.04998779296875,280.3800048828125,369.7699890136719,56.65999984741211,332.6700134277344,245.1699981689453,424.6650085449219,81.94000244140625,75.62000274658203,131.89999389648438,152.55999755859375,254914,38333,26127,13012,614063,23479,217037,23617,81299,17469,223396,20385,32700,70901,3375,102254,45217,10164,5886,13071,139494,20393,49273,9034,76549,63160,43319,38302,128164,10223,25466,42698,13156,28469,602782,21608,18390,68230,153674,8612,52691,18773,6436,5667,18761,1341501,11443,10289,47545,29033,50308,56305,15688,23168,11210,5792,49314,180248,121372,10053,42743,51835,149215,57136,26311,83128,782355,196647,26084,87880,32041,118472,33725,6953,5307,13594,43863,221363,7364,47300,36017,63147,3833,17244,20391,13923,13960,8074,2874.0,1377543,13316,24369,42597,88376,21078,3025,172996,17051,83055,58198
2026-05-01 17:45:00+00:00,282.07000732421875,207.74000549316406,250.67999267578125,391.8399963378906,362.4700012207031,326.9800109863281,269.1000061035156,40.064998626708984,422.6549987792969,321.0849914550781,53.53499984741211,149.61700439453125,170.1999969482422,69.5999984741211,1068.699951171875,57.244998931884766,127.7300033569336,327.0150146484375,282.30999755859375,289.57000732421875,33.34000015258789,191.77000427246094,123.77999877929688,1015.1099853515625,183.52499389648438,92.28500366210938,35.230098724365234,82.33000183105469,190.58999633789062,114.58000183105469,174.90499877929688,50.38990020751953,138.92999267578125,58.915000915527344,11.864999771118164,205.29510498046875,131.4199981689453,75.94999694824219,384.885009765625,926.5269775390625,41.68000030517578,324.7040100097656,320.5899963378906,236.4550018310547,233.4149932861328,98.87010192871094,399.3500061035156,459.21990966796875,228.17999267578125,314.0799865722656,32.650001525878906,78.3949966430664,964.0,234.5050048828125,497.0400085449219,359.57501220703125,289.0849914550781,80.58000183105469,612.02001953125,244.86500549316406,112.55000305175781,191.16000366210938,414.7099914550781,44.417999267578125,19.719999313354492,90.66000366210938,199.93499755859375,173.2100067138672,96.12999725341797,58.625,157.1199951171875,26.46929931640625,147.3350067138672,199.8300018310547,222.39999389648438,176.3800048828125,50.744998931884766,178.6199951171875,704.649169921875,106.33000183105469,92.2249984741211,56.8650016784668,429.260009765625,302.2049865722656,51.119998931884766,130.0,156.52000427246094,470.4800109863281,254.7899932861328,397.04998779296875,279.8500061035156,370.29998779296875,56.650001525878906,333.1099853515625,245.02000427246094,424.3949890136719,81.9749984741211,75.62000274658203,131.7100067138672,152.3800048828125,291930,33281,33103,23726,417067,13765,202119,18634,208152,9686,122429,9586,22728,25038,1523,97864,52430,8513,17334,6282,117576,26299,26145,4724,51542,72267,31021,36750,319167,8473,25906,76773,7125,17853,270998,12646,41550,26913,178479,6132,41882,18802,8132,3804,17168,1266614,7522,8153,25851,25226,44445,57484,15914,16384,30689,4654,30092,44604,203901,8727,64194,22985,118274,50955,29388,102596,595910,150763,27052,52288,71226,148017,33181,7020,3276,14499,60123,132166,1472,31483,64261,56813,5252,11651,16913,21350,15308,7563,4620.0,514488,19022,27625,29996,36235,15873,3930,39560,27540,71933,84293
2026-05-01 17:50:00+00:00,281.6600036621094,207.55999755859375,250.52499389648438,391.19000244140625,361.840087890625,326.94000244140625,269.30999755859375,40.0,422.05999755859375,321.3800048828125,53.6150016784668,149.8000030517578,170.51499938964844,69.47650146484375,1069.300048828125,57.255001068115234,127.86000061035156,327.1199951171875,282.57501220703125,289.50750732421875,33.369998931884766,191.99000549316406,123.63500213623047,1015.489990234375,183.39500427246094,92.30000305175781,35.165000915527344,82.37999725341797,190.50999450683594,114.5,175.08999633789062,50.28499984741211,138.67999267578125,58.775001525878906,11.875,204.92999267578125,131.49000549316406,76.01000213623047,385.0950012207031,927.6500244140625,41.630001068115234,324.8999938964844,321.4200134277344,236.83999633789062,233.57000732421875,98.72000122070312,399.3699951171875,459.3450012207031,228.24000549316406,314.5299987792969,32.654998779296875,78.38999938964844,962.9299926757812,234.39999389648438,498.1099853515625,360.20001220703125,288.9750061035156,80.61000061035156,612.3599853515625,244.50999450683594,112.5999984741211,191.3699951171875,414.8550109863281,44.48099899291992,19.674999237060547,90.67510223388672,199.9398956298828,173.60000610351562,96.0999984741211,58.540000915527344,157.14500427246094,26.465099334716797,147.4149932861328,199.86000061035156,222.6300048828125,176.0500030517578,50.779998779296875,178.77000427246094,703.739990234375,106.41000366210938,92.34500122070312,56.80500030517578,429.5,302.17498779296875,51.20500183105469,130.02499389648438,156.55999755859375,470.7300109863281,254.98989868164062,396.94000244140625,279.94000244140625,370.2550048828125,56.719398498535156,332.8550109863281,244.9499969482422,424.2200012207031,82.11499786376953,75.62000274658203,131.80999755859375,152.3000030517578,524641,39477,25789,30275,510834,17859,237407,42274,112456,12670,167876,23146,26520,27923,4818,55561,55218,7424,7157,21471,97824,38724,66958,6703,52049,61501,40259,29078,74178,8103,29640,48849,13706,32165,151918,31460,28282,27806,170970,8943,40496,16143,11484,9372,25367,734255,15123,6996,25789,52210,56866,106958,27133,10436,46282,7413,24182,47307,156168,10168,51320,27183,168673,128620,25116,61174,525319,186077,73938,88874,40087,134374,31274,9577,6877,20662,41243,123482,5940,83010,47752,148523,6373,38500,38298,24902,23549,10322,5602.0,427351,14247,24658,43806,88967,17110,5036,133738,20186,62827,61896
2026-05-01 17:55:00+00:00,281.4750061035156,207.43499755859375,250.75999450683594,391.19500732421875,361.8900146484375,326.8500061035156,269.239990234375,40.06999969482422,421.8999938964844,321.3299865722656,53.435001373291016,149.75,170.05499267578125,69.54000091552734,1067.989990234375,57.23500061035156,127.72000122070312,327.0199890136719,282.5400085449219,289.32000732421875,33.25,192.25999450683594,123.7699966430664,1013.969970703125,183.52000427246094,92.18499755859375,35.220001220703125,82.37000274658203,190.69000244140625,114.36000061035156,175.10499572753906,50.35499954223633,138.75,58.77000045776367,11.891400337219238,205.4499969482422,131.5050048828125,76.0999984741211,385.2200012207031,927.5549926757812,41.64500045776367,324.6700134277344,321.05999755859375,236.72999572753906,233.57009887695312,99.02899932861328,399.74798583984375,459.4150085449219,228.10000610351562,314.1400146484375,32.665000915527344,78.31500244140625,962.7675170898438,234.2899932861328,497.0450134277344,360.239990234375,288.5159912109375,80.61000061035156,612.030029296875,244.57000732421875,112.53500366210938,191.27999877929688,415.20001220703125,44.41999816894531,19.704999923706055,90.7699966430664,199.64999389648438,173.8000030517578,95.97000122070312,58.6349983215332,157.0,26.434999465942383,147.22000122070312,199.99000549316406,222.48500061035156,176.1300048828125,50.790000915527344,178.0050048828125,703.0999755859375,106.44999694824219,92.29000091552734,56.775001525878906,429.80999755859375,300.82501220703125,51.1697998046875,129.86000061035156,156.51010131835938,470.85009765625,255.1999969482422,397.6700134277344,280.18499755859375,370.1449890136719,56.69499969482422,332.385009765625,245.0175018310547,424.2771911621094,82.00499725341797,75.69020080566406,131.63999938964844,152.30999755859375,425469,72306,45735,18317,236996,24232,198359,35823,75843,13969,359127,17128,26306,24191,4561,69295,44433,9794,4969,14772,120311,137498,48833,13180,49649,64022,26181,55131,51650,12882,26075,36832,12098,38677,420588,15059,22155,34515,172123,9828,85629,24629,9582,4148,18011,767287,10976,4728,38180,34282,81408,68404,30390,10400,25289,5047,30190,49475,115839,6973,58649,27054,163418,91364,16671,123172,642932,132624,29230,60063,39206,136657,50522,16947,3732,30581,39035,155434,5642,60259,54751,121904,7020,21871,26190,27709,19756,12927,3686.0,555534,18714,25484,35852,245047,12347,10002,108813,18807,60368,79488
2026-05-01 18:00:00+00:00,280.9200134277344,207.89500427246094,250.47999572753906,391.5899963378906,361.3900146484375,327.5299987792969,269.19000244140625,40.1349983215332,422.07000732421875,320.9901123046875,53.40999984741211,150.00999450683594,169.91000366210938,69.45500183105469,1066.925048828125,57.09000015258789,127.7300033569336,326.7850036621094,283.1600036621094,289.37689208984375,33.130001068115234,191.92999267578125,123.6500015258789,1013.0100708007812,183.3800048828125,92.26499938964844,35.220001220703125,82.48999786376953,190.2899932861328,114.3499984741211,175.33999633789062,50.3650016784668,138.74000549316406,58.70000076293945,11.875,205.58999633789062,131.7449951171875,75.94000244140625,385.3999938964844,926.0700073242188,41.595001220703125,324.29998779296875,320.8699951171875,237.11000061035156,233.59800720214844,99.11000061035156,399.1199951171875,459.70001220703125,228.3300018310547,313.8949890136719,32.65999984741211,78.30500030517578,968.6799926757812,234.1699981689453,496.1050109863281,359.95001220703125,288.2699890136719,80.6449966430664,611.0599975585938,244.57000732421875,112.61000061035156,190.9949951171875,415.2900085449219,44.3567008972168,19.65250015258789,90.61000061035156,199.28500366210938,173.31500244140625,96.05500030517578,58.66999816894531,157.00999450683594,26.475000381469727,147.1199951171875,200.21499633789062,222.39999389648438,176.25999450683594,50.77000045776367,177.55999755859375,703.510009765625,106.5,92.16999816894531,56.76499938964844,429.2799987792969,300.67498779296875,51.1349983215332,129.86000061035156,156.60000610351562,470.9150085449219,255.16000366210938,396.8299865722656,280.2200012207031,370.5350036621094,56.65999984741211,331.4949951171875,244.78250122070312,424.6700134277344,81.91000366210938,75.63500213623047,131.64999389648438,152.3300018310547,482206,84114,196816,22010,382045,16661,216043,44715,94066,20615,150498,20104,45250,32394,2007,121250,40746,69034,10439,12167,796466,33996,47728,7900,65188,69262,40790,37573,71170,9083,55727,52998,11365,56640,365460,12090,44219,36889,215920,10031,49942,27590,51758,8843,21567,1108985,19622,9510,24258,47155,181905,178989,41545,10209,30345,9101,31335,50094,157416,10640,84467,24019,254392,80941,67964,118311,914500,164267,50851,81239,29087,293412,41595,15340,6292,14770,59030,220632,2252,89017,49285,82695,5791,28779,32772,20547,17506,8829,12072.0,587200,38375,30145,42692,44664,26847,4231,63381,35574,62899,81803
2026-05-01 18:05:00+00:00,281.2699890136719,207.32000732421875,250.4149932861328,391.0899963378906,361.5899963378906,327.0199890136719,269.3197021484375,40.154998779296875,422.6499938964844,321.04998779296875,53.30500030517578,150.0850067138672,170.05999755859375,69.4000015258789,1065.25,57.019901275634766,127.58000183105469,326.57501220703125,282.6700134277344,289.4800109863281,33.08879852294922,192.17999267578125,123.66000366210938,1012.260009765625,183.5500030517578,92.2499008178711,35.224998474121094,82.51000213623047,190.4600067138672,114.44999694824219,175.5500030517578,50.369998931884766,138.7050018310547,58.650001525878906,11.875,205.5,131.9499969482422,75.76499938964844,384.8999938964844,923.5850219726562,41.57500076293945,324.16009521484375,319.8399963378906,237.1999969482422,233.5749969482422,99.00499725341797,399.1099853515625,458.95001220703125,228.30999755859375,313.44000244140625,32.6349983215332,78.20500183105469,968.2050170898438,234.00999450683594,495.3800048828125,359.07000732421875,288.0249938964844,80.46499633789062,611.510009765625,244.43499755859375,112.5199966430664,190.72000122070312,415.885986328125,44.31990051269531,19.7450008392334,90.66000366210938,199.5050048828125,173.08999633789062,95.91999816894531,58.724998474121094,156.7550048828125,26.43000030517578,146.92999267578125,200.11000061035156,222.14999389648438,176.1699981689453,50.77000045776367,177.13999938964844,703.3699951171875,106.11000061035156,92.05500030517578,56.75,429.19000244140625,299.7699890136719,51.08000183105469,129.7899932861328,156.51499938964844,471.1499938964844,254.97999572753906,397.07501220703125,280.05499267578125,370.5350036621094,56.59000015258789,330.5199890136719,244.02999877929688,424.42999267578125,81.78500366210938,75.44000244140625,131.52000427246094,152.3699951171875,486513,51525,59848,41506,235089,21919,187216,27715,63527,11257,183618,31423,32692,33401,2013,96363,58415,8197,9960,17810,826058,88059,65951,9299,56873,59527,32015,44910,49294,19485,39087,38430,9101,72299,234848,9826,67822,47521,167719,9600,44479,20756,14511,5944,21591,758055,19624,15121,38731,25579,69253,66284,30866,14771,61057,6852,41277,71213,161229,3250,49097,19302,224387,69883,68384,110736,679928,163911,45673,56125,35194,142310,35779,8734,5807,37581,47139,134754,2512,63518,60740,108323,6906,54634,24179,16813,17347,14232,11095.0,362531,23495,27844,36323,44469,21818,4880,52349,52393,71463,52718
2026-05-01 18:10:00+00:00,280.7149963378906,207.3000030517578,250.1199951171875,390.9100036621094,360.8900146484375,327.1600036621094,269.2908020019531,40.2400016784668,422.07000732421875,320.5199890136719,53.29010009765625,149.99000549316406,169.3699951171875,69.37000274658203,1064.760009765625,56.939998626708984,127.55000305175781,326.17498779296875,283.1322021484375,289.3999938964844,33.0098991394043,192.02000427246094,123.87999725341797,1010.4000244140625,183.25,92.09500122070312,35.23500061035156,82.43499755859375,190.625,113.94999694824219,175.63999938964844,50.375,138.84500122070312,58.638999938964844,11.864999771118164,205.8699951171875,131.83999633789062,75.75,384.5799865722656,924.155029296875,41.60499954223633,323.5799865722656,319.54998779296875,236.77499389648438,233.42999267578125,98.90899658203125,399.2300109863281,458.4200134277344,228.0399932861328,313.2699890136719,32.6349983215332,78.20999908447266,968.3049926757812,233.8300018310547,493.79998779296875,357.9200134277344,287.55999755859375,80.47000122070312,610.97998046875,244.5500030517578,112.69999694824219,190.6699981689453,415.3599853515625,44.30500030517578,19.729999542236328,90.76000213623047,199.1999969482422,172.69000244140625,95.83999633789062,58.845001220703125,156.74000549316406,26.44569969177246,146.68499755859375,199.9250030517578,221.85000610351562,176.3699951171875,50.724998474121094,177.1199951171875,702.6500244140625,105.8499984741211,91.98999786376953,56.71500015258789,428.70001220703125,299.9800109863281,51.0,129.75999450683594,156.49000549316406,471.57000732421875,254.83999633789062,396.66009521484375,280.05499267578125,370.3299865722656,56.52000045776367,330.04998779296875,244.3175048828125,424.0,81.61000061035156,75.48999786376953,131.39990234375,152.67999267578125,361905,44987,33078,53343,517461,28015,280081,51087,103677,18758,369089,22856,47915,32664,3723,150067,33718,8028,14241,14524,232993,30558,70035,27376,65037,446163,35455,28428,37765,16924,59162,59508,22070,87370,211203,16765,57322,47366,257427,14494,98115,30105,10975,19087,24775,900998,17943,9404,46043,27969,79935,90963,29115,16748,29021,29143,67330,51503,129976,11634,112675,33230,261152,71749,32309,192875,914365,232054,35768,57981,41686,190994,41055,23255,6692,17376,63950,123595,8856,61056,48937,132636,10538,36005,31525,13072,25708,10016,12862.0,371078,22078,35711,37741,49572,33512,7890,140582,71631,124911,81427
2026-05-01 18:15:00+00:00,281.239990234375,207.3350067138672,250.04490661621094,390.92999267578125,361.04998779296875,326.9949951171875,269.3299865722656,40.220001220703125,422.0299987792969,320.44000244140625,53.29999923706055,149.86500549316406,169.33999633789062,69.30000305175781,1064.8199462890625,56.810001373291016,127.41000366210938,326.375,283.2349853515625,289.44000244140625,33.0,191.94749450683594,123.7699966430664,1009.4199829101562,183.38999938964844,92.17500305175781,35.220001220703125,82.5199966430664,190.94000244140625,114.04499816894531,175.6750030517578,50.35499954223633,138.6999969482422,58.54999923706055,11.864999771118164,205.85000610351562,131.80499267578125,75.79000091552734,384.4700012207031,924.0989990234375,41.564998626708984,323.45001220703125,319.5,236.66000366210938,233.36000061035156,98.8949966430664,399.010009765625,458.1700134277344,227.94000244140625,313.1499938964844,32.584999084472656,78.19000244140625,965.4400024414062,233.55999755859375,493.1099853515625,358.0299987792969,287.55999755859375,80.42500305175781,611.0700073242188,244.7100067138672,112.52999877929688,190.5449981689453,415.6199951171875,44.314998626708984,19.71500015258789,91.0999984741211,199.13999938964844,172.42999267578125,95.90499877929688,58.80500030517578,156.75,26.44499969482422,146.58999633789062,200.08999633789062,221.9499969482422,176.6875,50.722900390625,176.6699981689453,701.9450073242188,105.73999786376953,91.93499755859375,56.73500061035156,428.760009765625,299.3900146484375,51.0,129.77999877929688,156.47000122070312,470.9599914550781,254.74000549316406,395.90008544921875,280.0050048828125,370.3999938964844,56.5,330.0,244.44000244140625,423.739990234375,81.55000305175781,75.43499755859375,131.27000427246094,152.89500427246094,452353,70578,20368,27975,315827,18012,262046,28898,102932,29586,180904,16429,39036,31461,2431,266452,51308,18882,12035,15184,310764,45843,65348,13474,213053,230504,26903,26572,89590,16920,62324,45523,22350,160822,381504,18296,35606,38757,161877,10743,54994,29191,13007,10956,27159,726464,12986,7550,64655,24826,126160,58384,16363,17545,66533,20122,99659,60382,120489,9729,71194,36173,185259,100281,33663,341987,692911,141905,32440,67748,28397,177356,49855,12990,6169,20678,48809,152134,2684,48100,52849,104649,6072,55075,24797,15293,14746,8155,4729.0,578299,30644,23227,65042,52120,15348,4933,106172,41566,66151,67307
2026-05-01 18:20:00+00:00,281.12200927734375,207.3000030517578,249.97799682617188,390.7272033691406,361.3699951171875,327.7898864746094,269.54998779296875,40.18989944458008,422.82000732421875,320.43499755859375,53.29499816894531,149.860107421875,169.3800048828125,69.2699966430664,1064.7550048828125,56.88999938964844,127.38999938964844,326.1400146484375,283.1700134277344,289.2850036621094,33.01499938964844,191.88999938964844,123.52999877929688,1008.864990234375,183.7449951171875,92.0999984741211,35.20500183105469,82.5250015258789,190.5399932861328,114.01000213623047,175.4499969482422,50.334999084472656,138.55999755859375,58.51499938964844,11.859700202941895,205.91000366210938,131.7899932861328,75.84500122070312,384.9601135253906,924.3599853515625,41.525001525878906,323.5400085449219,319.67999267578125,237.86000061035156,233.39999389648438,98.98999786376953,398.5799865722656,458.3450012207031,227.9499969482422,313.2149963378906,32.55500030517578,78.13500213623047,966.9400024414062,233.4199981689453,492.8399963378906,358.2449951171875,286.9800109863281,80.48500061035156,611.4949951171875,244.39500427246094,112.52999877929688,190.63999938964844,415.9200134277344,44.279998779296875,19.729999542236328,91.22000122070312,199.2899932861328,172.50999450683594,95.70999908447266,58.755001068115234,156.58999633789062,26.44499969482422,146.52999877929688,199.9499969482422,221.64500427246094,176.35000610351562,50.73500061035156,176.7899932861328,702.0150146484375,105.625,92.05010223388672,56.689998626708984,428.7749938964844,299.7799987792969,50.970001220703125,129.63999938964844,156.4600067138672,470.7799987792969,254.63999938964844,396.79998779296875,279.9800109863281,370.335693359375,56.435001373291016,329.5899963378906,244.25,424.0350036621094,81.5250015258789,75.41999816894531,131.22999572753906,152.91000366210938,391805,21005,19242,35397,168991,23112,294375,34542,63678,13094,98850,22583,26853,28338,909,96816,62328,6239,10621,18685,215587,19589,53824,12962,50866,67299,33819,22496,108638,9675,35042,63735,14552,48684,420661,23424,36240,25459,115192,11170,50562,32625,8606,12696,16288,623469,15186,9385,30153,26990,101669,83728,19504,14865,34287,20278,66180,42630,120503,13984,79787,20605,250855,68879,37738,391301,647373,140079,75881,48776,24574,97948,40137,7393,5781,15922,70815,101356,1659,67709,50986,58091,7869,25605,23378,25729,19993,10638,5295.0,520612,25975,29327,99248,38737,21121,5998,81503,45378,50088,90972
2026-05-01 18:25:00+00:00,281.2300109863281,207.38999938964844,250.33999633789062,390.9049987792969,360.6600036621094,327.67999267578125,269.6098937988281,40.220001220703125,422.4800109863281,320.5625,53.361000061035156,149.80999755859375,169.42999267578125,69.24500274658203,1065.300048828125,56.90999984741211,127.5,326.30999755859375,283.614990234375,289.5299987792969,33.040000915527344,192.00999450683594,123.5,1009.3599853515625,183.9550018310547,92.1500015258789,35.22999954223633,82.58000183105469,190.8000030517578,114.18499755859375,175.33999633789062,50.369998931884766,138.78500366210938,58.54999923706055,11.875,206.17999267578125,131.99000549316406,75.91999816894531,384.9200134277344,924.405029296875,41.599998474121094,323.9150085449219,319.75,237.6750030517578,233.3300018310547,98.76480102539062,398.9700012207031,458.3550109863281,228.13499450683594,313.31500244140625,32.584999084472656,78.125,966.3200073242188,233.55999755859375,492.92999267578125,358.2900085449219,286.9200134277344,80.56999969482422,611.8499755859375,244.75999450683594,112.56999969482422,190.72000122070312,415.5867919921875,44.33000183105469,19.725000381469727,91.30999755859375,199.13009643554688,172.42999267578125,95.9800033569336,58.84000015258789,156.57000732421875,26.44499969482422,146.5800018310547,199.9499969482422,221.99000549316406,176.39999389648438,50.76499938964844,176.69000244140625,702.260009765625,105.75749969482422,92.16000366210938,56.724998474121094,428.9800109863281,299.6199951171875,51.064998626708984,129.5800018310547,156.8000030517578,471.0,254.8300018310547,396.3800048828125,280.0950012207031,370.3599853515625,56.5099983215332,329.29998779296875,244.89999389648438,424.2300109863281,81.5999984741211,75.48999786376953,131.24899291992188,153.07000732421875,391479,37435,29363,25980,221188,16220,238338,42229,74922,33434,94431,23566,29193,35170,3635,93468,41966,7372,7557,10643,229270,28698,83562,11979,103059,73846,68210,23666,56411,20343,26823,93664,17065,159635,336711,12128,44955,44356,218102,14900,57463,25325,11564,12106,23457,664100,28217,20146,55009,34677,58930,62393,15336,13061,44230,3151,38576,49975,125725,12091,49231,28695,180202,66023,32018,140937,827439,202306,55279,84889,25044,169081,48370,11297,7655,19998,183136,140217,4945,34120,58028,60283,4267,47861,35098,39408,26466,7888,4282.0,390485,29451,26505,53790,73577,21759,6099,83352,24956,53509,99573
2026-05-01 18:30:00+00:00,280.44000244140625,207.1649932861328,250.19000244140625,390.4599914550781,359.94500732421875,327.260009765625,269.42498779296875,40.244998931884766,422.1499938964844,320.07501220703125,53.29010009765625,149.47000122070312,169.3000030517578,69.11000061035156,1063.510009765625,56.779998779296875,127.43000030517578,326.239990234375,283.739990234375,289.2051086425781,33.040000915527344,191.9199981689453,123.48999786376953,1006.6300048828125,183.94500732421875,92.06999969482422,35.2599983215332,82.55000305175781,190.68499755859375,113.98500061035156,175.0850067138672,50.415000915527344,138.7949981689453,58.564998626708984,11.869999885559082,206.31500244140625,131.9600067138672,75.91000366210938,384.3999938964844,923.3099975585938,41.619998931884766,323.6199951171875,319.4200134277344,237.6699981689453,233.49000549316406,98.90979766845703,398.5899963378906,457.760009765625,228.2198944091797,313.0950012207031,32.584999084472656,78.06500244140625,965.2849731445312,233.19000244140625,493.42999267578125,357.989990234375,286.510009765625,80.44000244140625,612.0700073242188,244.7550048828125,112.30000305175781,190.52999877929688,415.45001220703125,44.26499938964844,19.735000610351562,91.38500213623047,198.9698944091797,172.22999572753906,95.9800033569336,58.875,156.47000122070312,26.44499969482422,146.6199951171875,199.6999969482422,221.74000549316406,176.4499969482422,50.665000915527344,176.89500427246094,701.8300170898438,105.58999633789062,92.08999633789062,56.70000076293945,428.1000061035156,299.260009765625,51.04999923706055,129.16000366210938,156.9259033203125,470.9100036621094,255.05999755859375,395.4849853515625,280.07501220703125,370.1600036621094,56.54499816894531,328.94000244140625,244.9600067138672,424.1000061035156,81.5199966430664,75.48999786376953,131.0399932861328,153.1199951171875,543253,42350,25280,35454,268460,22707,378372,27377,109536,31221,189184,28944,25752,60962,3332,123731,66809,7808,5470,60566,205846,42646,79351,23276,69832,82026,35019,26402,60176,16257,34914,53258,22390,68172,128886,21045,41781,48680,345964,10317,40390,26713,9632,16879,32770,665820,17610,11256,44254,40659,55010,72849,20068,21362,33659,6843,49429,52046,158559,11954,113463,38468,208448,87282,30202,152248,810249,129623,122950,85533,37767,148232,59057,18913,8955,15456,79676,139509,5726,43394,50032,53765,7695,43370,45565,55139,22881,6986,6352.0,466294,26079,39353,171929,62468,42743,6378,76201,59345,122484,160631
2026-05-01 18:35:00+00:00,280.75,207.3249969482422,250.30999755859375,390.1400146484375,359.17999267578125,327.3699951171875,268.9200134277344,40.22999954223633,421.989990234375,319.82000732421875,53.250099182128906,149.33999633789062,169.32000732421875,69.0,1062.625,56.7599983215332,127.31999969482422,326.3999938964844,284.4599914550781,289.2049865722656,33.025001525878906,191.73500061035156,123.41999816894531,1007.2849731445312,183.71499633789062,92.08999633789062,35.21500015258789,82.61000061035156,190.6300048828125,113.80999755859375,175.17999267578125,50.35499954223633,138.75,58.709999084472656,11.845000267028809,206.11000061035156,131.8800048828125,75.76000213623047,384.17999267578125,923.2750244140625,41.55500030517578,323.614990234375,319.5799865722656,237.60000610351562,233.3699951171875,98.84500122070312,398.95001220703125,457.9200134277344,228.25,312.9800109863281,32.584999084472656,78.13999938964844,966.0650024414062,233.14999389648438,493.9599914550781,358.0899963378906,286.4525146484375,80.43499755859375,613.1099853515625,245.10499572753906,112.30000305175781,190.51499938964844,415.1300048828125,44.26499938964844,19.795000076293945,91.48500061035156,198.8249969482422,171.8800048828125,95.9800033569336,58.849998474121094,156.52980041503906,26.434999465942383,146.5850067138672,199.86000061035156,221.42999267578125,176.5500030517578,50.6150016784668,176.875,701.6199951171875,105.5250015258789,92.0999984741211,56.63999938964844,427.9949951171875,299.32501220703125,51.005001068115234,129.08999633789062,156.82749938964844,470.45001220703125,254.99000549316406,394.843994140625,280.1499938964844,369.8949890136719,56.505001068115234,329.010009765625,245.3800048828125,424.3500061035156,81.37999725341797,75.44000244140625,131.04150390625,153.19000244140625,455522,46332,16701,38458,248031,17048,565117,33821,93375,22388,140081,7926,21309,102103,2797,125576,53512,5655,24073,6772,111023,27256,46060,12496,87575,70436,28559,32120,55751,11721,50552,70490,17101,147066,457138,12066,36997,27497,199653,10708,68575,24607,9761,14514,27441,566688,9759,16214,29684,28947,52666,91202,23135,17337,46694,5389,41780,54039,198232,9187,44419,23432,139253,76720,125873,221524,1037087,110628,39586,55142,25719,133111,37705,17829,12726,9948,41712,125837,5038,47688,76628,50318,6262,25635,24187,38191,19753,10773,6739.0,584021,17923,39772,43919,53214,15396,4953,95865,30686,62745,73508
2026-05-01 18:40:00+00:00,280.7695007324219,207.57000732421875,250.3852996826172,389.8699951171875,358.71990966796875,328.3550109863281,268.4700012207031,40.26499938964844,421.44000244140625,319.70989990234375,53.22999954223633,149.36000061035156,169.27000427246094,69.05000305175781,1062.2650146484375,56.849998474121094,127.38999938964844,326.3067932128906,284.6449890136719,289.4100036621094,33.084999084472656,191.65499877929688,123.4800033569336,1007.7650146484375,183.89999389648438,92.08999633789062,35.25,82.5999984741211,190.74000549316406,113.97000122070312,175.32000732421875,50.415000915527344,138.85000610351562,58.75,11.854999542236328,206.3000030517578,131.85000610351562,75.84500122070312,383.95001220703125,923.0380249023438,41.584999084472656,324.1199951171875,319.75,237.47999572753906,233.22999572753906,98.76499938964844,398.5,458.30999755859375,228.44500732421875,312.8299865722656,32.59700012207031,78.2750015258789,964.6749877929688,233.5500030517578,494.0899963378906,358.3800048828125,286.95001220703125,80.5250015258789,612.1500244140625,244.9633026123047,112.43000030517578,190.42999267578125,414.9320068359375,44.27510070800781,19.825000762939453,91.52999877929688,198.625,172.25999450683594,96.03500366210938,58.899898529052734,156.7949981689453,26.450000762939453,146.74000549316406,199.77999877929688,221.4149932861328,176.27999877929688,50.599998474121094,176.93499755859375,701.5900268554688,105.6500015258789,92.07499694824219,56.78499984741211,428.0299987792969,299.760009765625,51.0099983215332,129.0850067138672,156.9250030517578,470.6600036621094,254.85000610351562,394.739990234375,280.0899963378906,369.7598876953125,56.459999084472656,328.875,245.16000366210938,424.42498779296875,81.4000015258789,75.41999816894531,131.15499877929688,153.2899932861328,323077,26213,19905,43037,328809,19342,395404,18574,73604,15591,276860,11291,25566,32444,3310,158166,82299,9869,21062,9250,125922,28593,53139,8852,69661,71096,28928,36504,55660,14850,44772,85946,19346,119110,656511,16464,39256,31215,169041,10286,119519,19026,8288,7922,22447,451811,10256,16096,28110,29597,110612,89529,20613,12885,29266,14221,53812,38080,166524,7422,73414,24551,193434,104272,30241,187010,914635,145724,56123,53521,30310,152605,47072,21537,7281,21837,51831,100508,5860,98511,31523,177382,4025,25785,36498,30312,28607,11308,8564.0,595161,23494,31813,41966,47742,15097,4607,111548,27851,88382,69635
2026-05-01 18:45:00+00:00,280.43499755859375,207.64999389648438,250.7899932861328,389.94500732421875,358.0400085449219,328.4599914550781,268.760009765625,40.255001068115234,421.7250061035156,319.7550048828125,53.275001525878906,149.3699951171875,169.7100067138672,69.06999969482422,1062.3900146484375,56.83000183105469,127.4000015258789,326.7349853515625,285.5,289.6199951171875,33.04499816894531,191.5800018310547,123.58000183105469,1008.77001953125,184.02999877929688,92.18000030517578,35.26499938964844,82.73999786376953,190.8300018310547,113.94499969482422,175.61000061035156,50.435001373291016,138.9949951171875,58.77000045776367,11.85990047454834,206.35000610351562,131.875,75.88500213623047,382.95001220703125,923.6199951171875,41.60499954223633,324.55499267578125,320.0,237.5500030517578,233.1300048828125,98.66010284423828,398.635009765625,458.7099914550781,228.55999755859375,312.9800109863281,32.6150016784668,78.26000213623047,965.4550170898438,233.67999267578125,494.6083068847656,358.5,287.2250061035156,80.54000091552734,611.9749755859375,245.2449951171875,112.45500183105469,190.4600067138672,414.6000061035156,44.30500030517578,19.844999313354492,91.5199966430664,198.43499755859375,172.2200927734375,96.11000061035156,58.915000915527344,157.02999877929688,26.489999771118164,146.75,199.9600067138672,221.4600067138672,176.26499938964844,50.60499954223633,177.0,703.52197265625,105.58999633789062,92.05999755859375,56.80500030517578,427.8399963378906,299.9599914550781,51.025001525878906,129.13510131835938,157.01499938964844,470.4649963378906,254.99000549316406,394.04998779296875,279.8399963378906,369.9150085449219,56.494998931884766,329.2349853515625,245.4199981689453,424.3800048828125,81.41999816894531,75.47000122070312,131.24000549316406,153.6750030517578,310660,63651,27068,43290,318155,23531,332698,26484,92165,28067,188505,22608,39127,57166,5877,92069,76099,11323,19507,31376,123489,33523,55146,9859,86856,95116,30677,52258,42047,23954,33884,39392,27195,49368,274215,8981,46439,67290,254274,8723,49056,15783,9812,10360,46344,1059971,19637,9769,40481,60746,110083,121120,19386,30046,62245,11190,40261,74783,155425,14375,74193,23295,183276,95305,82653,186981,962587,120419,40236,47615,39413,214595,39535,21851,9095,11977,49195,98492,5916,36073,67191,74810,8150,31560,38542,24232,34560,17488,4528.0,552346,53733,24374,63392,66913,16433,4003,73578,61632,92792,123076
2026-05-01 18:50:00+00:00,280.510009765625,207.36500549316406,250.4199981689453,390.5,357.3699951171875,328.3949890136719,268.7799987792969,40.2682991027832,421.75,319.8450012207031,53.29999923706055,149.35000610351562,169.63999938964844,69.08000183105469,1063.1400146484375,56.83000183105469,127.41500091552734,326.6131896972656,285.1671142578125,289.6099853515625,33.025001525878906,191.75,123.61000061035156,1009.0422973632812,183.72000122070312,92.18000030517578,35.244998931884766,82.75499725341797,190.81500244140625,114.05000305175781,175.41000366210938,50.404998779296875,139.03500366210938,58.75,11.849300384521484,206.54010009765625,132.0050048828125,75.8499984741211,382.44500732421875,923.5399780273438,41.64509963989258,324.4100036621094,319.8999938964844,237.30999755859375,232.90499877929688,98.79499816894531,398.3500061035156,458.5,228.47000122070312,313.2300109863281,32.60499954223633,78.26499938964844,966.7299194335938,233.55149841308594,494.69500732421875,358.3299865722656,287.2699890136719,80.56999969482422,611.8099975585938,244.9199981689453,112.56999969482422,190.51040649414062,414.6050109863281,44.26499938964844,19.81999969482422,91.26000213623047,198.41990661621094,171.9499969482422,96.21499633789062,58.900001525878906,157.0800018310547,26.4950008392334,146.8000030517578,199.9499969482422,221.44000244140625,176.39999389648438,50.630001068115234,176.9199981689453,703.4199829101562,105.58000183105469,91.82369995117188,56.8650016784668,427.8512878417969,299.9800109863281,50.98500061035156,129.1999969482422,156.8800048828125,470.375,255.1750030517578,394.7200927734375,280.2349853515625,369.8999938964844,56.45500183105469,329.260009765625,245.4250030517578,424.5050048828125,81.41999816894531,75.46499633789062,131.26499938964844,153.4600067138672,273745,59586,24500,31556,303146,27990,226390,42110,55641,14236,84311,18403,28742,22560,5822,129447,45526,8973,18466,27327,144262,96896,51574,6585,64016,53340,34029,32800,48417,24719,37962,93082,29511,42338,313143,13179,30235,56872,200600,7497,74067,24952,6984,6761,36998,867120,10750,15097,33278,39152,102331,60805,19813,15593,36995,25750,31737,48394,176211,9016,56921,21106,124082,84838,97144,176191,929924,109390,30307,47204,29350,244511,50099,11154,4203,13744,54027,102074,5562,38732,74794,72369,5328,13559,26260,29844,22646,7126,12629.0,444411,35864,24052,38369,41963,14086,4437,42572,33252,71895,95948
2026-05-01 18:55:00+00:00,280.45001220703125,207.16000366210938,250.14999389648438,390.8500061035156,357.8500061035156,328.94500732421875,268.94000244140625,40.224998474121094,422.44000244140625,319.6000061035156,53.29499816894531,149.30499267578125,169.4600067138672,69.04499816894531,1063.2900390625,56.779998779296875,127.4000015258789,326.6199951171875,284.6400146484375,289.2799987792969,33.029998779296875,191.7550048828125,123.70999908447266,1008.4299926757812,183.5449981689453,92.16000366210938,35.275001525878906,82.70999908447266,190.89999389648438,114.2699966430664,175.4499969482422,50.45500183105469,139.05499267578125,58.72999954223633,11.850000381469727,206.72999572753906,131.98500061035156,75.81999969482422,383.3699951171875,923.030029296875,41.665000915527344,324.3800048828125,319.9800109863281,236.7550048828125,232.30999755859375,98.82730102539062,397.8999938964844,458.69000244140625,228.3699951171875,313.3299865722656,32.58000183105469,78.26899719238281,963.8499755859375,233.57000732421875,494.05999755859375,358.2699890136719,287.56500244140625,80.57499694824219,611.2550048828125,245.24000549316406,112.48999786376953,190.4199981689453,414.8999938964844,44.25,19.81999969482422,91.2300033569336,198.35499572753906,171.69000244140625,96.12999725341797,58.88999938964844,157.1199951171875,26.5,146.875,199.72999572753906,221.30990600585938,176.49000549316406,50.6150016784668,176.91000366210938,704.780029296875,105.61000061035156,91.7699966430664,56.935001373291016,427.1199951171875,299.1099853515625,50.96500015258789,129.17999267578125,156.92999267578125,470.55999755859375,254.7899932861328,394.29998779296875,280.6650085449219,369.6700134277344,56.40999984741211,329.1000061035156,245.65499877929688,424.44000244140625,81.37000274658203,75.41000366210938,131.24000549316406,153.5399932861328,346021,64709,25366,30644,224936,35237,296977,59736,84081,18303,116862,7489,99451,58105,1965,211074,58547,17463,9266,19436,248811,35895,56495,7496,162460,74506,45930,35286,66879,17496,35932,88019,31523,28853,401926,21206,45772,43768,284535,6827,45522,17434,9232,7215,38836,684194,13017,32564,37101,43440,77581,134419,28142,16730,30437,11584,42730,56671,163465,12008,63530,26400,179083,83484,147843,154585,844665,150365,41341,65054,31601,209641,44615,13890,10920,15783,66602,136523,4664,33548,157089,73222,5579,46954,36315,26877,40864,12820,13247.0,477681,49276,30746,71115,56952,26961,4855,52746,47271,63138,79306
2026-05-01 19:00:00+00:00,280.5950012207031,206.77499389648438,250.03500366210938,390.4599914550781,358.260009765625,328.45001220703125,268.9599914550781,40.23500061035156,422.8349914550781,319.5849914550781,53.29499816894531,149.52000427246094,169.93499755859375,69.24500274658203,1061.7349853515625,56.86000061035156,127.56999969482422,326.57000732421875,283.739990234375,289.1400146484375,33.07500076293945,191.89999389648438,123.7300033569336,1008.0100708007812,183.67999267578125,92.19000244140625,35.34000015258789,82.73989868164062,190.72000122070312,113.91000366210938,175.61000061035156,50.55099868774414,139.0500030517578,58.68000030517578,11.864999771118164,206.75999450683594,131.99600219726562,75.8550033569336,384.6600036621094,923.2100219726562,41.724998474121094,323.8800048828125,319.989990234375,236.84500122070312,232.11000061035156,99.17009735107422,398.0455017089844,458.80999755859375,228.1199951171875,313.5199890136719,32.57339859008789,78.29000091552734,963.27001953125,233.39999389648438,494.2850036621094,358.364990234375,287.32000732421875,80.48500061035156,611.1900024414062,245.1300048828125,112.37000274658203,190.42010498046875,415.2099914550781,44.27000045776367,19.905000686645508,90.86000061035156,198.45010375976562,171.36000061035156,95.91500091552734,58.939998626708984,157.11000061035156,26.475000381469727,146.82359313964844,199.49000549316406,221.16000366210938,176.4499969482422,50.619998931884766,177.1999969482422,703.9099731445312,105.5999984741211,91.66000366210938,57.03499984741211,427.1142883300781,298.6199951171875,50.95009994506836,129.0800018310547,156.75999450683594,470.81500244140625,254.67999267578125,395.010009765625,280.69000244140625,369.82000732421875,56.400001525878906,329.125,245.4199981689453,424.2799987792969,81.38999938964844,75.50499725341797,131.25,153.41000366210938,395277,73974,22425,34716,276803,26519,338605,41161,74893,18934,141798,28187,51454,37397,6173,182879,69869,11264,18280,9252,403911,39255,67809,7277,129891,82595,60849,33685,70300,24140,33954,124816,12579,44840,301448,13468,37567,46255,432446,11192,66883,33337,12039,11989,42623,1160972,14585,12227,42473,37808,196574,79956,19116,28489,31954,5759,39070,89703,142737,28457,69215,29835,159185,169603,126494,242729,862852,152004,101838,81093,31288,170540,63237,24329,9440,26725,46942,240621,4519,40909,130790,175879,8433,52824,36038,37973,32811,12651,5409.0,405701,34444,24860,53371,31346,16216,4569,81032,44081,63694,90266
2026-05-01 19:05:00+00:00,280.669189453125,206.55999755859375,250.19000244140625,391.010009765625,359.10009765625,328.54998779296875,268.9200134277344,40.28499984741211,422.3399963378906,319.7900085449219,53.30500030517578,149.75,170.1199951171875,69.33999633789062,1062.885009765625,56.91999816894531,127.68499755859375,327.2099914550781,283.9200134277344,289.4100036621094,33.095001220703125,191.94500732421875,123.7300033569336,1009.3900146484375,183.9001007080078,92.2300033569336,35.39500045776367,82.73999786376953,190.68499755859375,114.04000091552734,175.6300048828125,50.619998931884766,139.10499572753906,58.84000015258789,11.875,207.17999267578125,132.2100067138672,75.93000030517578,384.3299865722656,923.2249755859375,41.79999923706055,324.0,320.6199951171875,236.7050018310547,232.00999450683594,99.48999786376953,398.385009765625,459.1700134277344,228.2799072265625,313.6299133300781,32.64500045776367,78.42500305175781,962.77001953125,233.3979949951172,495.260009765625,358.4649963378906,287.3949890136719,80.62000274658203,611.1799926757812,245.44000244140625,112.41999816894531,190.50999450683594,415.20001220703125,44.32500076293945,20.014999389648438,91.17500305175781,198.64500427246094,171.4600067138672,96.33999633789062,58.994998931884766,157.3000030517578,26.485000610351562,146.9700927734375,199.8699951171875,221.17750549316406,176.47999572753906,50.6150016784668,177.1750030517578,703.6099853515625,105.7249984741211,91.62000274658203,57.11000061035156,427.4674072265625,299.0050048828125,50.974998474121094,129.22999572753906,156.7949981689453,470.8399963378906,255.09500122070312,395.69989013671875,280.625,369.7900085449219,56.400001525878906,329.1499938964844,245.85459899902344,425.1600036621094,81.375,75.61000061035156,131.3800048828125,153.4199981689453,320021,77905,20840,29840,286242,27810,281835,31743,88314,14031,135768,19717,64260,81822,3190,110747,129705,10908,9497,11290,137779,27079,68026,8046,70087,79508,48078,41299,149312,35413,24045,73568,17091,53755,496272,27718,34706,38550,318043,10765,68365,28298,16318,8329,42738,1341739,12942,8043,46064,32371,117111,80719,20886,24311,33115,17838,28034,50879,159661,9397,83656,33512,170983,113645,88700,215280,603345,149644,61000,63328,39404,196981,52208,15783,8409,19388,91629,108025,7174,46267,89800,138963,6391,29203,35070,26357,26476,14406,9281.0,405288,60531,43726,46674,52747,16193,9156,76622,33447,91453,95160
2026-05-01 19:10:00+00:00,280.7699890136719,206.73500061035156,250.55999755859375,390.6300048828125,359.9100036621094,328.2650146484375,268.95001220703125,40.244998931884766,422.5849914550781,319.6600036621094,53.26499938964844,149.66000366210938,170.41000366210938,69.3499984741211,1063.530029296875,57.0099983215332,127.6500015258789,327.3349914550781,284.0950012207031,289.760009765625,33.14500045776367,191.99000549316406,123.83000183105469,1010.2100219726562,184.11500549316406,92.1449966430664,35.404998779296875,82.73500061035156,190.65499877929688,113.99500274658203,175.69000244140625,50.64500045776367,139.19000244140625,58.81999969482422,11.880000114440918,207.00999450683594,132.23500061035156,75.98999786376953,384.4130859375,922.969970703125,41.80500030517578,324.010009765625,319.8299865722656,235.66000366210938,232.05499267578125,99.61000061035156,398.67498779296875,460.0899963378906,228.40499877929688,313.82000732421875,32.6349983215332,78.50499725341797,962.0399780273438,233.82000732421875,495.2300109863281,358.1300048828125,287.7200012207031,80.63999938964844,609.75,245.27999877929688,112.41500091552734,190.2449951171875,415.5799865722656,44.42499923706055,19.989999771118164,91.3499984741211,199.02499389648438,171.76980590820312,96.55999755859375,58.9900016784668,157.55999755859375,26.454999923706055,147.1699981689453,199.9600067138672,221.07009887695312,176.1300048828125,50.64500045776367,177.0,703.4749755859375,106.02999877929688,91.72000122070312,57.09000015258789,427.989990234375,300.18011474609375,50.959999084472656,129.27999877929688,156.91000366210938,470.95001220703125,255.0800018310547,395.5199890136719,280.7650146484375,369.2200012207031,56.375,328.93231201171875,245.8300018310547,425.06500244140625,81.33499908447266,75.69000244140625,131.610107421875,153.36000061035156,308708,95475,25576,29789,312550,28168,249794,28815,76088,15788,231903,15575,73539,35525,4657,85075,52898,13256,11215,9070,227240,35984,48348,11098,226987,75552,42717,36739,87769,24367,35049,72940,12960,35809,212918,17456,53718,36930,221532,10620,109256,31476,12598,32624,66544,1328135,15460,12167,39134,48671,76590,80490,42734,33447,27213,5755,31997,84890,294887,10638,109190,40460,202965,149046,32918,153183,1322796,209970,109122,116216,61873,347406,103078,11404,6177,20088,65649,153675,2188,65438,71146,97366,7930,48998,29333,30841,30268,6987,7677.0,407347,44827,101219,40229,53122,22156,8987,87105,23116,108517,71060
2026-05-01 19:15:00+00:00,280.039794921875,206.48500061035156,250.0500030517578,390.92999267578125,361.614990234375,328.5199890136719,268.5899963378906,40.349998474121094,421.989990234375,319.9100036621094,53.400001525878906,149.6300048828125,170.35000610351562,69.43499755859375,1064.5999755859375,56.95000076293945,127.83000183105469,327.30999755859375,284.3349914550781,290.1650085449219,33.125,192.2100067138672,124.0,1011.260009765625,183.9149932861328,92.19000244140625,35.47800064086914,82.6500015258789,190.75,114.16000366210938,175.77000427246094,50.73500061035156,139.4250030517578,58.90999984741211,11.885000228881836,207.3699951171875,132.1699981689453,75.9800033569336,384.4100036621094,924.7550048828125,41.875,324.6000061035156,319.67999267578125,235.69000244140625,231.97500610351562,99.87999725341797,397.7449951171875,459.9700012207031,228.49000549316406,314.17999267578125,32.654998779296875,78.54499816894531,962.552001953125,234.34500122070312,494.8500061035156,358.04998779296875,287.5199890136719,80.59500122070312,610.5601196289062,245.72500610351562,112.25,190.57000732421875,415.20001220703125,44.404998779296875,20.03499984741211,91.12999725341797,199.4001007080078,171.76499938964844,96.5,59.16999816894531,157.6300048828125,26.430099487304688,147.19500732421875,199.9199981689453,221.40499877929688,176.0850067138672,50.67399978637695,176.7550048828125,702.280029296875,105.94000244140625,91.76499938964844,57.154998779296875,427.7799987792969,299.7699890136719,50.997798919677734,129.27000427246094,157.05999755859375,470.7850036621094,255.44500732421875,395.0350036621094,281.1400146484375,369.864990234375,56.42499923706055,329.0050048828125,246.26010131835938,425.2699890136719,81.45500183105469,75.77999877929688,131.72000122070312,153.5850067138672,606476,91200,31971,39811,459471,32028,315853,56461,122694,15033,538048,16782,65263,39449,5895,126268,75204,7284,7852,15089,414180,45331,86518,9717,220401,148493,58344,43446,98639,23659,36630,72091,14490,53821,361774,39283,75436,50299,226141,24445,53213,38344,15818,13939,66163,1407562,21247,25158,39423,61542,65547,142252,34523,33525,34782,6272,37477,109468,286480,9606,88406,27692,190088,138215,40614,215039,1483348,145219,44679,131436,33697,161359,80450,13571,10307,26376,68661,166126,11123,49934,89801,95367,7110,47261,29779,29700,42085,14034,13244.0,461204,61165,50282,48327,43222,25044,6415,89955,31436,102347,79399
2026-05-01 19:20:00+00:00,280.2449951171875,206.2100067138672,250.0500030517578,391.25,361.6400146484375,327.9750061035156,268.5050048828125,40.28030014038086,422.10809326171875,319.9800109863281,53.404998779296875,149.5399932861328,170.57000732421875,69.44499969482422,1064.6500244140625,56.95500183105469,127.75,327.5799865722656,284.6650085449219,289.9849853515625,33.05500030517578,192.05999755859375,123.88999938964844,1010.9400024414062,183.88499450683594,92.0999984741211,35.45000076293945,82.58000183105469,190.67999267578125,114.05000305175781,175.6999969482422,50.70500183105469,139.33999633789062,58.91999816894531,11.899999618530273,207.1300048828125,131.91000366210938,75.97000122070312,384.4800109863281,924.8800048828125,41.8650016784668,324.739990234375,319.7550048828125,235.33999633789062,232.22000122070312,99.89969635009766,397.19000244140625,459.4599914550781,228.1699981689453,314.0404052734375,32.654998779296875,78.58499908447266,961.8300170898438,234.23500061035156,494.32000732421875,357.5899963378906,287.55499267578125,80.62000274658203,610.4299926757812,245.97999572753906,112.18000030517578,190.55999755859375,415.55999755859375,44.400001525878906,20.03499984741211,91.11990356445312,199.66000366210938,171.8800048828125,96.66999816894531,59.11000061035156,157.72000122070312,26.43000030517578,147.3300018310547,199.97000122070312,221.55999755859375,176.0,50.64500045776367,177.00100708007812,702.5549926757812,105.7300033569336,91.83999633789062,57.112998962402344,427.7099914550781,299.614990234375,50.994998931884766,129.14999389648438,157.10000610351562,470.69000244140625,255.36500549316406,394.239990234375,281.3299865722656,369.8399963378906,56.44499969482422,328.69000244140625,246.19000244140625,425.0899963378906,81.43499755859375,75.7699966430664,131.67999267578125,153.4600067138672,544727,71508,30744,26890,441960,24529,353153,53860,98501,22414,155884,20126,64335,34340,2759,137239,55148,11180,15137,39230,177326,31492,70825,7674,84830,103495,61518,51477,101034,19975,32604,97796,38275,48114,265802,20899,39913,39779,181588,11398,76646,27641,14781,14631,53915,1920148,13615,6082,57145,37583,106565,118891,17563,19724,60216,7718,32232,99573,162112,12878,85304,21692,193964,114019,39164,146277,1181878,161064,60849,113558,32386,296645,63830,13155,28493,20843,57562,159715,3841,41893,102461,126814,7603,40678,37622,32101,37279,9771,11827.0,461807,33495,31667,42920,33686,20699,5176,74041,70456,64319,84940
2026-05-01 19:25:00+00:00,280.34991455078125,205.77000427246094,250.50999450683594,391.8699951171875,361.114990234375,328.20001220703125,268.8500061035156,40.40999984741211,422.7699890136719,319.9949951171875,53.44499969482422,149.2100067138672,170.7550048828125,69.41000366210938,1063.4599609375,56.91569900512695,127.66999816894531,328.1499938964844,283.9700012207031,290.32000732421875,32.970001220703125,191.9600067138672,123.80999755859375,1011.27001953125,183.97000122070312,92.21499633789062,35.470001220703125,82.38999938964844,190.59500122070312,113.5199966430664,175.22500610351562,50.7400016784668,139.00999450683594,58.79999923706055,11.890000343322754,207.0,131.97500610351562,75.80000305175781,385.3999938964844,924.7000122070312,41.88999938964844,324.7200012207031,319.2099914550781,234.63999938964844,232.08999633789062,99.88500213623047,398.2099914550781,458.5400085449219,228.0,314.2799987792969,32.67499923706055,78.69000244140625,961.7999877929688,233.83999633789062,494.4549865722656,357.45001220703125,287.0950012207031,80.47000122070312,611.2750244140625,246.27000427246094,112.08000183105469,190.75010681152344,416.2300109863281,44.296600341796875,20.0049991607666,91.11000061035156,199.71499633789062,171.77999877929688,96.33999633789062,59.040000915527344,157.7550048828125,26.405000686645508,147.48500061035156,199.75999450683594,221.4499969482422,175.6199951171875,50.65999984741211,177.3800048828125,702.9199829101562,105.50499725341797,91.94000244140625,57.11000061035156,427.05999755859375,298.1300048828125,51.029998779296875,128.84500122070312,157.25,469.5899963378906,254.89999389648438,394.3999938964844,281.44500732421875,369.82000732421875,56.46500015258789,328.6449890136719,245.81500244140625,424.9100036621094,81.3949966430664,75.80999755859375,131.7899932861328,153.44000244140625,396688,104375,36219,36044,300407,34503,419825,107518,129314,24641,196041,30243,65854,43742,8118,215949,64861,17641,16262,14571,296343,47479,93275,10688,1087125,85748,83650,60356,143484,37770,51497,136800,81669,84625,437975,62901,45019,120049,232204,9138,126877,39011,16749,22492,56407,1417901,19985,16176,39302,45776,101625,122347,33711,21173,57237,13361,49768,118779,191534,17041,102846,30175,290817,199159,63213,131158,1219800,131058,70264,129038,42462,380255,96604,17714,35465,46540,84349,163536,9238,83578,77521,111827,11012,61913,56084,44941,41652,16110,16944.0,482894,44969,39991,67946,63883,26191,7828,89497,80918,93424,81026
2026-05-01 19:30:00+00:00,280.2799987792969,205.8350067138672,250.4250030517578,391.7550048828125,360.17498779296875,328.1300048828125,268.8550109863281,40.29499816894531,422.42999267578125,319.8800048828125,53.36690139770508,149.27499389648438,170.7799072265625,69.33000183105469,1063.1400146484375,56.8849983215332,127.70999908447266,327.6300048828125,283.30499267578125,290.07000732421875,32.94499969482422,191.9199981689453,123.73999786376953,1010.760009765625,184.10000610351562,92.18499755859375,35.3650016784668,82.38999938964844,190.69500732421875,113.55500030517578,175.44000244140625,50.584999084472656,138.9600067138672,58.71500015258789,11.885000228881836,206.85000610351562,131.97999572753906,75.87999725341797,385.56988525390625,925.3800048828125,41.810001373291016,324.57000732421875,319.3999938964844,234.83999633789062,232.11500549316406,99.77189636230469,398.4800109863281,459.42950439453125,227.7100067138672,314.18499755859375,32.59000015258789,78.58000183105469,959.7999877929688,233.8000030517578,495.0,356.70001220703125,287.1449890136719,80.44996643066406,611.5601196289062,245.5800018310547,112.06500244140625,191.0500030517578,416.1600036621094,44.27609634399414,19.90999984741211,91.22000122070312,199.85000610351562,171.9199981689453,96.27999877929688,58.939998626708984,157.49000549316406,26.395000457763672,147.28500366210938,199.9600067138672,221.44500732421875,175.47999572753906,50.61640167236328,176.96499633789062,701.9099731445312,105.47029876708984,91.76499938964844,57.03499984741211,427.2699890136719,298.4700012207031,51.04499816894531,128.88999938964844,157.02999877929688,470.0,254.5399932861328,393.2025146484375,281.385009765625,369.77398681640625,56.505001068115234,328.7950134277344,245.97999572753906,425.29998779296875,81.3550033569336,75.62999725341797,131.6649932861328,153.3699951171875,550873,121220,38374,32388,293699,46246,358790,146691,113319,22942,321307,31527,74460,64700,8245,157904,115586,25378,30980,34148,556952,97240,103104,11345,109541,135741,114058,99174,81896,69235,66091,169350,45768,98799,966524,49558,70906,116719,289480,15101,186819,62169,35908,34340,59566,1310894,19869,17803,79250,57726,149897,170158,46901,39858,72998,47474,58378,116331,199579,39796,132025,47952,236057,175743,132121,232909,1445195,196691,83617,143183,64985,507209,104730,30107,21255,64101,195859,156310,9110,88549,176664,152408,19169,64800,64478,56259,69633,29005,22875.0,971008,53979,32926,78833,74367,43491,10432,201833,78013,98903,140741
2026-05-01 19:35:00+00:00,280.30499267578125,206.02499389648438,250.86000061035156,390.989990234375,359.9649963378906,328.0050048828125,268.7701110839844,40.279998779296875,422.0899963378906,320.1300048828125,53.3849983215332,149.15499877929688,170.91000366210938,69.26000213623047,1064.2950439453125,56.875,127.68000030517578,327.7149963378906,283.82501220703125,290.1549987792969,32.970001220703125,192.27000427246094,123.6500015258789,1011.6099853515625,184.2949981689453,92.11499786376953,35.349998474121094,82.45500183105469,190.59500122070312,113.78900146484375,175.4499969482422,50.560001373291016,138.89999389648438,58.68000030517578,11.875,206.71499633789062,132.0749969482422,75.97000122070312,385.260009765625,926.719970703125,41.76499938964844,324.69000244140625,319.7900085449219,234.94000244140625,232.42999267578125,99.66999816894531,398.3900146484375,459.6400146484375,227.94500732421875,314.30999755859375,32.625,78.62999725341797,961.7949829101562,234.2050018310547,495.1000061035156,357.2900085449219,287.2099914550781,80.4800033569336,611.4400024414062,245.6999969482422,112.0999984741211,191.0800018310547,416.82000732421875,44.369998931884766,19.905000686645508,91.22000122070312,199.6999969482422,172.30999755859375,96.52999877929688,58.849998474121094,157.4199981689453,26.419300079345703,147.4250030517578,200.0500030517578,221.44000244140625,175.84500122070312,50.595001220703125,176.66000366210938,703.5399780273438,105.5999984741211,91.94999694824219,57.064998626708984,427.5,297.75,51.060001373291016,128.97999572753906,157.22000122070312,470.1300048828125,255.0050048828125,392.92498779296875,281.4649963378906,370.07501220703125,56.525001525878906,328.739990234375,246.41000366210938,425.20001220703125,81.37000274658203,75.68000030517578,131.6300048828125,153.2899932861328,488220,114754,52272,25095,396319,31510,315572,186515,107357,23544,424797,27954,73337,49704,5861,151439,82967,16860,19219,51163,335811,52747,102382,8279,123829,98520,130634,45078,76512,36878,43995,144433,62027,86326,220789,58028,38479,65804,308159,13864,149531,28339,16853,21984,51165,889109,19829,17333,44321,54086,160756,107671,27359,26688,77777,14858,44672,117607,202585,16611,97740,33359,407021,152740,61118,160569,1015973,180327,80196,174333,48346,325689,71321,20491,17458,49498,109212,134843,8553,75427,116486,98742,90337,54436,48889,34261,39377,17486,9777.0,569913,28345,36749,70199,65208,30723,7618,105665,55006,72245,116218
2026-05-01 19:40:00+00:00,280.21990966796875,206.2899932861328,251.1199951171875,390.8599853515625,359.9150085449219,328.635009765625,268.6400146484375,40.19499969482422,422.1099853515625,320.0400085449219,53.3849983215332,149.07000732421875,170.875,69.23999786376953,1064.2099609375,56.90999984741211,127.69000244140625,327.2699890136719,283.7650146484375,290.2799987792969,32.9650993347168,192.17999267578125,123.76000213623047,1010.7899780273438,184.0399932861328,92.05000305175781,35.38999938964844,82.3499984741211,190.37989807128906,113.77999877929688,175.30999755859375,50.619998931884766,138.9199981689453,58.720001220703125,11.875,206.66000366210938,132.0399932861328,75.93000030517578,385.42999267578125,926.489990234375,41.76499938964844,324.3699951171875,318.9800109863281,234.02000427246094,232.25,99.6500015258789,398.8550109863281,459.7099914550781,227.97999572753906,314.260009765625,32.6150016784668,78.77999877929688,961.6749877929688,234.07000732421875,495.55999755859375,356.5299987792969,287.2200012207031,80.44000244140625,612.4199829101562,246.00999450683594,111.91000366210938,190.77999877929688,416.20001220703125,44.400001525878906,19.885000228881836,91.48999786376953,199.60499572753906,172.3800048828125,96.48999786376953,58.84000015258789,157.5749969482422,26.385000228881836,147.35000610351562,200.02000427246094,221.4499969482422,176.31500244140625,50.6150016784668,176.74000549316406,703.72998046875,105.5999984741211,91.83499908447266,56.92499923706055,426.94000244140625,297.7099914550781,51.06999969482422,128.93499755859375,157.19749450683594,469.30499267578125,254.98500061035156,391.8999938964844,281.4599914550781,370.1300048828125,56.525001525878906,329.2900085449219,246.7100067138672,425.05499267578125,81.31999969482422,75.69499969482422,131.6649932861328,153.26499938964844,501889,135615,130909,46737,300611,41153,360627,94636,130276,31026,294068,34399,73148,47357,5829,138280,107091,18652,30473,33779,248308,49976,89935,12084,142438,128361,86663,71146,198074,39469,54163,122576,40172,77538,517689,88939,48618,122405,254329,16690,124129,33131,24322,28435,43520,1447116,23574,22295,52574,93095,191320,688112,34833,28663,53803,16455,46043,112692,227377,24694,100312,46107,427920,133283,86159,269349,1196850,218455,85252,201639,56823,345278,76175,46048,24974,58993,105234,156480,9465,158130,99935,141901,11659,58096,43859,51841,43278,22142,9213.0,884712,40976,70521,66374,71757,36363,17757,105520,59801,117022,132894
2026-05-01 19:45:00+00:00,280.57000732421875,206.94000244140625,251.0,391.20001220703125,359.30499267578125,329.30999755859375,268.1549987792969,40.25,420.9800109863281,319.9949951171875,53.35499954223633,148.8000030517578,170.08999633789062,69.32499694824219,1064.760009765625,57.03499984741211,127.72000122070312,327.20001220703125,283.0799865722656,289.8999938964844,32.98500061035156,192.13999938964844,123.98500061035156,1011.0050048828125,184.0800018310547,92.04000091552734,35.494998931884766,82.38999938964844,190.8470001220703,113.77999877929688,175.1750030517578,50.775001525878906,139.0,58.78499984741211,11.895000457763672,207.01499938964844,132.27000427246094,75.94499969482422,385.3699951171875,926.2000122070312,41.724998474121094,324.0350036621094,317.6400146484375,233.7100067138672,232.2949981689453,99.86000061035156,399.06500244140625,459.95098876953125,228.089599609375,314.25,32.595001220703125,78.7750015258789,963.4299926757812,233.5,495.6400146484375,355.739990234375,287.09991455078125,80.44999694824219,611.5349731445312,246.75,112.18499755859375,190.6999969482422,416.1299133300781,44.37300109863281,19.8700008392334,91.54000091552734,199.1649932861328,172.35000610351562,96.27999877929688,58.97999954223633,157.8000030517578,26.405000686645508,147.47999572753906,200.0449981689453,221.38999938964844,176.75,50.52000045776367,176.97000122070312,704.0399780273438,105.5999984741211,91.77999877929688,56.88999938964844,427.20001220703125,297.1499938964844,51.0635986328125,128.8699951171875,157.18499755859375,468.94500732421875,255.0399932861328,392.3500061035156,281.510009765625,369.8699951171875,56.53499984741211,328.74749755859375,246.9499969482422,425.614990234375,81.26499938964844,75.6500015258789,131.77999877929688,153.5,539049,112862,187728,41249,397286,60278,457133,115947,130941,47862,365226,62783,84528,69145,11987,213112,136239,16530,29755,46042,483771,49217,155847,12023,221548,142752,126933,81090,133894,48906,69083,179282,38591,129066,1045430,35700,81374,83814,252127,14553,159805,46788,42630,35281,57645,1343745,23489,23492,79473,72988,233683,268181,49174,50817,74854,17945,71018,116215,284251,32127,128529,51891,259148,178138,114313,287092,1141622,301578,83698,204995,50033,581256,103602,24048,30882,50518,150533,175915,10564,124693,205523,177488,23493,82554,57480,74017,63902,37559,17042.0,831309,46491,75006,87504,94212,35944,13810,194308,132499,66678,177415
2026-05-01 19:50:00+00:00,279.8949890136719,207.00100708007812,250.47999572753906,389.8999938964844,360.5,329.8399963378906,268.3299865722656,40.255001068115234,420.29998779296875,319.489990234375,53.314998626708984,149.3699951171875,169.94000244140625,69.3499984741211,1063.3050537109375,56.834999084472656,127.56500244140625,326.69000244140625,283.25,290.1300048828125,32.994998931884766,192.13999938964844,123.75749969482422,1012.7449951171875,184.1750030517578,91.94999694824219,35.494998931884766,82.3499984741211,190.72000122070312,113.98999786376953,175.4499969482422,50.77000045776367,139.27999877929688,58.79499816894531,11.885000228881836,207.19500732421875,131.8800048828125,75.91000366210938,385.2699890136719,923.72998046875,41.71500015258789,324.0,317.8999938964844,234.58999633789062,232.4409942626953,99.62000274658203,398.93499755859375,459.0899963378906,227.82000732421875,313.32000732421875,32.58000183105469,78.74500274658203,964.89501953125,233.5749969482422,494.57000732421875,355.4849853515625,287.0274963378906,80.37999725341797,610.135009765625,246.8000030517578,112.3550033569336,190.67999267578125,414.0400085449219,44.42499923706055,19.895000457763672,91.27999877929688,199.0449981689453,171.69000244140625,96.36000061035156,58.915000915527344,157.80999755859375,26.40999984741211,147.6199951171875,200.01499938964844,221.3574981689453,176.75,50.529998779296875,177.07000732421875,702.9550170898438,105.66999816894531,91.59500122070312,56.875,426.7099914550781,297.44000244140625,51.03499984741211,129.11000061035156,156.9600067138672,469.114990234375,255.02999877929688,390.4017028808594,281.5199890136719,369.510009765625,56.494998931884766,328.07000732421875,247.26499938964844,425.19000244140625,80.98999786376953,75.63500213623047,131.9199981689453,153.3699951171875,1258140,174583,136802,190987,817549,97785,1159547,213904,280404,43901,508530,105696,149563,133230,17568,583716,231158,36093,63975,78648,399824,222157,190589,26477,250292,327206,297393,148641,284459,66196,114847,336444,89313,248803,1121654,174741,147746,149873,724073,25351,367483,94173,72675,54839,101353,2100605,60810,34258,189999,105774,283118,360644,82798,87649,115964,42130,126223,217679,578427,44640,252719,135962,686703,363391,155112,722174,2380106,429608,243784,455392,141322,840539,172857,104686,35011,77880,226221,447412,23547,185610,317282,236750,33759,148051,107398,128952,127074,45332,32165.0,991163,121983,78910,181285,200125,61563,24394,449106,141359,250265,307738
2026-05-01 19:55:00+00:00,280.1499938964844,206.60000610351562,250.75,389.05999755859375,360.54998779296875,329.8999938964844,268.3399963378906,40.13999938964844,421.2799987792969,319.6499938964844,53.224998474121094,149.2899932861328,169.61000061035156,69.11000061035156,1062.1400146484375,56.5099983215332,127.41999816894531,326.2699890136719,282.9200134277344,289.6199951171875,32.9900016784668,191.88999938964844,123.16999816894531,1011.7000122070312,183.77999877929688,91.86000061035156,35.375,82.07499694824219,190.6199951171875,114.43000030517578,175.13999938964844,50.560001373291016,138.97999572753906,58.68000030517578,11.869999885559082,207.61000061035156,131.64999389648438,75.7699966430664,385.69000244140625,923.4199829101562,41.654998779296875,323.8800048828125,318.6000061035156,233.60000610351562,232.22000122070312,99.66999816894531,399.010009765625,457.82501220703125,227.1999969482422,312.4599914550781,32.53499984741211,78.57499694824219,963.7100219726562,233.35000610351562,495.4100036621094,355.0400085449219,286.6400146484375,79.99500274658203,608.7449951171875,246.16000366210938,112.16000366210938,190.1699981689453,414.510009765625,44.404998779296875,19.864999771118164,91.125,198.4199981689453,171.86000061035156,96.68000030517578,58.724998474121094,157.41000366210938,26.334999084472656,147.27000427246094,199.30999755859375,220.7100067138672,176.1999969482422,50.43000030517578,177.0399932861328,701.25,105.9000015258789,91.5199966430664,56.939998626708984,426.0299987792969,294.67999267578125,50.939998626708984,128.88999938964844,156.85000610351562,469.1199951171875,254.27999877929688,390.6600036621094,281.07000732421875,368.8299865722656,56.29999923706055,328.0299987792969,246.86000061035156,423.9989929199219,80.80999755859375,75.55999755859375,131.60000610351562,152.7899932861328,2497654,507963,219226,376860,1379894,399102,2305834,433879,609228,151065,1511241,298901,402420,428750,46187,1296207,636446,103561,142363,231675,1353845,401261,811232,112398,807561,837641,407830,351902,414304,276251,309483,762420,254398,711644,2857181,572971,409859,443213,1080911,83542,810303,239631,149013,198796,306623,3699843,156585,137757,474113,426281,700605,811896,244118,189321,248184,110952,256238,1154357,948473,186354,703269,344180,1438225,903204,567230,876623,4054011,1099580,525632,1436287,405807,2929183,575525,203422,125285,190284,637718,968082,68329,491649,589800,672680,105231,409591,327563,314350,257247,122193,99711.0,1797457,325182,277780,457613,543655,211943,77086,989517,321467,725495,1294240
