Date,AAPL,ABBV,ADBE,AMD,AMZN,AXP,AZN,BAC,BP,C,COP,CVX,DHR,EQNR,GOOGL,GS,INTC,JNJ,JPM,LLY,MA,META,MRK,MS,MSFT,NVDA,NVO,PBR,PFE,PYPL,SHEL,SLB,TMO,TSLA,TTE,UNH,V,VLO,WFC,XOM
2025-05-02,204.45889282226562,192.20822143554688,380.8699951171875,98.80000305175781,189.97999572753906,273.9781494140625,142.39491271972656,40.16656494140625,26.556049346923828,68.80144500732422,88.38273620605469,132.53564453125,197.68771362304688,21.90424346923828,163.46319580078125,554.6101684570312,20.6200008392334,151.8881072998047,247.69285583496094,817.5665893554688,556.105224609375,595.163330078125,80.26427459716797,117.38668060302734,431.97296142578125,114.47303009033203,66.03669738769531,10.998830795288086,22.562280654907227,66.88241577148438,64.06786346435547,33.69987487792969,421.9971923828125,287.2099914550781,55.31795120239258,388.9522399902344,345.0178527832031,115.53379821777344,72.23202514648438,102.68192291259766
2025-05-05,198.02691650390625,189.88394165039062,381.05999755859375,100.58999633789062,186.35000610351562,275.1459045410156,141.7069091796875,40.2154655456543,27.55709457397461,69.00776672363281,84.70858001708984,129.6648406982422,196.0489959716797,21.753503799438477,163.64259338378906,548.2029418945312,20.270000457763672,150.7984619140625,247.74192810058594,815.4224853515625,557.8250122070312,597.40625,79.93619537353516,116.78129577636719,432.8562316894531,113.79318237304688,65.93177032470703,10.610414505004883,22.254613876342773,68.17550659179688,62.606536865234375,32.758644104003906,420.72186279296875,280.260009765625,54.992156982421875,393.7080993652344,346.0501403808594,115.93209075927734,72.28095245361328,99.83958435058594
2025-05-06,197.6485595703125,181.245361328125,382.9800109863281,98.62000274658203,185.00999450683594,272.51348876953125,138.1096954345703,39.941627502441406,26.820476531982422,68.25127410888672,84.72792053222656,129.7605438232422,188.7493133544922,21.92308807373047,162.6659698486328,538.2098999023438,19.940000534057617,150.28282165527344,244.49505615234375,769.4230346679688,555.70751953125,585.4835205078125,76.26939392089844,115.54122924804688,430.0179443359375,113.51325988769531,63.232303619384766,10.705150604248047,21.331607818603516,67.6881103515625,62.58729934692383,32.583984375,405.52777099609375,275.3500061035156,55.07839584350586,383.6905822753906,345.11712646484375,113.65892028808594,71.9188232421875,101.23174285888672
2025-05-07,195.3983612060547,182.1557159423828,384.9700012207031,100.36000061035156,188.7100067138672,273.37445068359375,137.7362060546875,40.02964401245117,26.565492630004883,69.01759338378906,84.80526733398438,129.9423370361328,191.76849365234375,21.565080642700195,150.85691833496094,540.7179565429688,20.309999465942383,153.03611755371094,244.63238525390625,771.0112915039062,563.00439453125,594.9539184570312,76.34658813476562,116.29307556152344,430.0576477050781,117.03242492675781,64.43418884277344,10.72409725189209,21.247703552246094,68.32470703125,62.53923416137695,32.50635528564453,406.3547668457031,276.2200012207031,54.85800552368164,380.335205078125,347.2511901855469,113.61034393310547,71.62518310546875,101.13507080078125
2025-05-08,196.6329803466797,179.72488403320312,383.989990234375,101.69999694824219,192.0800018310547,280.7174987792969,132.29124450683594,40.684906005859375,26.999908447265625,70.38320922851562,85.87850952148438,131.13851928710938,193.48666381835938,21.470869064331055,153.74688720703125,554.2183227539062,21.0,151.44058227539062,248.63455200195312,745.9270629882812,563.789794921875,596.1502075195312,74.9281234741211,119.00756072998047,434.84100341796875,117.34235382080078,61.85872268676758,11.036725044250488,21.41551971435547,70.10519409179688,62.568077087402344,33.302032470703125,409.2740173339844,284.82000732421875,55.001739501953125,374.9762878417969,348.6606140136719,118.25384521484375,71.7524185180664,102.54657745361328
2025-05-09,197.66848754882812,178.7758331298828,383.2799987792969,102.83999633789062,193.05999755859375,281.5586853027344,132.8219757080078,40.8707275390625,28.11427879333496,70.19654846191406,85.6561279296875,132.5260772705078,188.43148803710938,21.696979522705078,152.22216796875,555.58984375,21.420000076293945,150.0396270751953,248.2519989013672,729.1710815429688,565.3009033203125,590.6472778320312,73.30701446533203,118.83179473876953,435.3967590332031,116.62252044677734,62.73628234863281,11.178829193115234,21.16849136352539,69.88636016845703,63.596771240234375,33.525211334228516,401.65203857421875,298.260009765625,56.35283279418945,370.2009582519531,349.9211730957031,119.4195785522461,71.29972076416016,103.74536895751953
2025-05-12,210.15048217773438,184.07325744628906,395.94000244140625,108.12000274658203,208.63999938964844,295.8192138671875,135.5346221923828,42.40618896484375,28.510923385620117,73.5958480834961,89.21424102783203,135.52127075195312,199.4555206298828,21.772348403930664,157.91246032714844,579.337890625,22.18000030517578,149.96177673339844,255.08901977539062,750.016845703125,574.8743286132812,637.4412841796875,77.61067199707031,124.06547546386719,445.8467712402344,122.97102355957031,64.61541748046875,11.434616088867188,21.938081741333008,71.92545318603516,63.81789016723633,34.78665542602539,431.0040283203125,318.3800048828125,56.2474250793457,368.36279296875,353.20660400390625,126.76370239257812,73.6911392211914,105.533935546875
2025-05-13,212.28399658203125,182.06854248046875,397.3999938964844,112.45999908447266,211.3699951171875,299.16412353515625,133.11683654785156,43.30595779418945,28.860342025756836,74.24427032470703,91.05133056640625,136.21986389160156,195.264404296875,22.262248992919922,158.978759765625,591.5548095703125,22.559999465942383,144.41629028320312,257.9925537109375,740.5767211914062,573.2042236328125,653.98974609375,73.94387817382812,126.301513671875,445.72772216796875,129.89938354492188,62.383358001708984,11.548297882080078,21.72905731201172,71.90556335449219,65.00042724609375,35.038944244384766,427.3774108886719,334.07000732421875,57.39728927612305,302.84039306640625,354.08148193359375,131.2517547607422,74.78353118896484,105.82395935058594
2025-05-14,211.68582153320312,171.8417205810547,399.4700012207031,117.72000122070312,210.25,296.9869384765625,130.1879425048828,43.755836486816406,28.671466827392578,73.96918487548828,89.50431060791016,135.56912231445312,186.53457641601562,22.01729965209961,164.79856872558594,599.1866455078125,21.520000457763672,142.39266967773438,260.5723876953125,710.30078125,569.9136352539062,657.3092651367188,70.89464569091797,127.95166778564453,449.4988098144531,135.30810546875,61.439022064208984,11.510403633117676,20.92146110534668,72.29348754882812,64.50048828125,34.9419059753418,404.56134033203125,347.67999267578125,56.82235336303711,299.5628662109375,354.3996276855469,130.4843292236328,75.06892395019531,104.87652587890625
2025-05-15,210.80848693847656,175.9479522705078,404.69000244140625,114.98999786376953,205.1699981689453,296.4426574707031,133.58859252929688,43.403751373291016,28.43537139892578,74.6274185180664,89.88140106201172,136.13369750976562,189.6431427001953,22.20572280883789,163.39344787597656,603.3994140625,21.549999237060547,145.5545654296875,262.3870544433594,727.9005126953125,578.78125,641.8775024414062,72.17802429199219,129.3870391845703,450.5129089355469,134.79824829101562,63.098758697509766,11.415669441223145,21.47252655029297,71.18938446044922,64.78890991210938,34.6605110168457,403.4454345703125,342.82000732421875,56.736114501953125,266.82598876953125,360.20587158203125,131.5043487548828,74.3898696899414,105.94001770019531
2025-05-16,210.6190643310547,178.21412658691406,417.1300048828125,117.16999816894531,205.58999633789062,296.61090087890625,135.25942993164062,43.70692825317383,28.560131072998047,74.39163208007812,89.36894989013672,135.98062133789062,194.76783752441406,22.607725143432617,165.61572265625,606.4659423828125,21.65999984741211,147.2279510498047,262.45574951171875,753.3644409179688,579.8549194335938,638.3485107421875,73.39385223388672,129.0648193359375,451.6463317871094,135.36810302734375,61.4008674621582,11.387248992919922,21.69105339050293,71.79615020751953,64.73644256591797,34.70902633666992,410.5492858886719,349.9800109863281,57.18648147583008,283.90435791015625,363.0095520019531,131.86376953125,74.97051239013672,105.55950927734375
2025-05-19,208.14657592773438,179.85081481933594,420.67999267578125,114.73999786376953,206.16000366210938,296.19525146484375,136.98924255371094,43.78517532348633,28.214645385742188,74.79444122314453,88.15982055664062,134.1403045654297,195.06578063964844,22.119579315185547,165.96450805664062,599.8724365234375,21.3799991607666,148.35650634765625,259.8268737792969,751.0966186523438,582.9664306640625,638.438232421875,74.5228500366211,127.75640106201172,456.2197570800781,135.53805541992188,63.928627014160156,11.406195640563965,21.852569580078125,71.9354019165039,64.78502655029297,34.068603515625,412.4024963378906,342.0899963378906,56.908592224121094,307.2267150878906,365.77349853515625,130.49403381347656,74.85240936279297,103.88131713867188
2025-05-20,206.232421875,179.0179443359375,417.6099853515625,113.51000213623047,204.07000732421875,293.0977478027344,137.4413604736328,43.70692825317383,28.022708892822266,74.56847381591797,87.4577407836914,132.9586181640625,196.41648864746094,22.646007537841797,163.41336059570312,594.2098388671875,21.270000457763672,149.49478149414062,260.61163330078125,743.0396728515625,577.6976318359375,635.1185913085938,75.23690032958984,126.08670043945312,455.5238342285156,134.3483428955078,65.05419921875,11.387248992919922,22.346630096435547,72.22386169433594,64.73644256591797,33.544620513916016,412.2331237792969,343.82000732421875,56.91817855834961,312.76068115234375,364.71966552734375,129.524169921875,74.32098388671875,102.39826965332031
2025-05-21,201.4768829345703,176.0641632080078,414.0299987792969,112.05999755859375,201.1199951171875,283.0332336425781,136.96958923339844,42.29861068725586,27.715608596801758,72.1319808959961,84.98095703125,131.30230712890625,185.53147888183594,22.607725143432617,167.97755432128906,581.4149169921875,20.690000534057617,149.02781677246094,256.0601806640625,721.096923828125,566.1954956054688,633.5235595703125,74.28160858154297,122.34696197509766,449.9561767578125,131.76895141601562,65.05419921875,11.283039093017578,21.89057731628418,71.26896667480469,64.48379516601562,32.86538314819336,396.81982421875,334.6199951171875,56.37199401855469,294.6707763671875,356.2289733886719,125.2037353515625,72.02798461914062,101.13964080810547
2025-05-22,200.7490997314453,176.7808074951172,414.3299865722656,110.70999908447266,203.10000610351562,284.2009582519531,137.5003204345703,42.35729217529297,27.773193359375,72.1319808959961,83.986328125,131.04078674316406,186.19688415527344,22.49286460876465,170.279541015625,586.0880126953125,20.549999237060547,148.47323608398438,255.69723510742188,711.3987426757812,566.7920532226562,634.5902099609375,75.1114501953125,123.28433227539062,452.2329406738281,132.7987060546875,65.02558135986328,11.188302993774414,21.89057731628418,71.07003021240234,64.08538055419922,32.74894332885742,399.01177978515625,341.0400085449219,55.729984283447266,288.5338439941406,355.90093994140625,126.10504913330078,72.22480773925781,100.46641540527344
2025-05-23,194.67758178710938,177.4781036376953,407.69000244140625,110.30999755859375,200.99000549316406,282.2613525390625,138.40455627441406,42.24971389770508,27.917142868041992,71.80776977539062,83.06973266601562,132.25152587890625,183.27699279785156,22.799150466918945,167.8878631591797,586.3916625976562,20.049999237060547,148.7943115234375,255.73643493652344,709.9166870117188,560.2705688476562,625.1097412109375,74.86058044433594,123.09881591796875,447.5799560546875,131.25906372070312,64.243408203125,11.216723442077637,22.156606674194336,69.4785385131836,64.42549133300781,32.66161346435547,392.2167663574219,339.3399963378906,55.47126770019531,287.4640197753906,351.4965515136719,125.93850708007812,71.6737060546875,100.52495574951172
2025-05-27,199.60260009765625,179.86048889160156,413.1000061035156,114.55999755859375,206.02000427246094,290.71270751953125,139.48568725585938,43.247276306152344,27.97472381591797,74.1460189819336,83.4207763671875,133.5010223388672,187.88525390625,23.249008178710938,172.30255126953125,603.2328491210938,20.549999237060547,150.3740997314453,260.22906494140625,721.365478515625,571.1761474609375,640.3223876953125,74.8702163696289,126.16481018066406,458.0292663574219,135.4680633544922,67.19087982177734,11.292512893676758,22.432140350341797,71.09986877441406,64.8044662475586,32.923606872558594,402.07049560546875,362.8900146484375,56.046199798583984,286.9096374511719,357.2232360839844,128.0546417236328,72.81527709960938,101.00303649902344
2025-05-28,199.81195068359375,177.31346130371094,412.2300109863281,112.86000061035156,204.72000122070312,290.3168640136719,138.3455810546875,43.090797424316406,27.773193359375,73.71373748779297,82.47491455078125,131.7478790283203,187.71640014648438,23.009721755981445,171.76441955566406,596.0908203125,20.3700008392334,149.56947326660156,258.4634094238281,715.5664672851562,572.5380859375,641.5784301757812,73.5,124.50487518310547,454.7184753417969,134.7782440185547,65.43574523925781,11.11251449584961,22.023591995239258,71.06008911132812,64.17283630371094,32.583984375,400.65570068359375,356.8999938964844,55.854557037353516,289.934326171875,357.6507568359375,124.35140991210938,72.55941009521484,99.62732696533203
2025-05-29,199.3433837890625,179.7636260986328,413.3599853515625,113.02999877929688,205.6999969482422,292.31591796875,139.30877685546875,43.2668342590332,27.99391746520996,74.20497131347656,83.46953582763672,133.57852172851562,189.1664276123047,22.904436111450195,171.26614379882812,592.58349609375,20.25,150.69789123535156,259.3266296386719,718.7295532226562,574.38720703125,643.0438842773438,73.72193145751953,125.13956451416016,456.0308837890625,139.15721130371094,66.2560806274414,11.103041648864746,22.280120849609375,70.55279541015625,64.56153106689453,32.6810188293457,402.269775390625,358.42999267578125,56.12285614013672,289.9927062988281,360.3053283691406,126.5361099243164,73.3270263671875,100.19322967529297
2025-05-30,200.24066162109375,180.23817443847656,415.0899963378906,110.7300033569336,205.00999450683594,290.99969482421875,143.16152954101562,43.15925216674805,27.926742553710938,73.9986572265625,83.22574615478516,132.40650939941406,188.60032653808594,22.483291625976562,171.14654541015625,591.1951904296875,19.549999237060547,152.2973175048828,258.96368408203125,733.749267578125,582.1612548828125,645.4762573242188,74.14651489257812,125.01261901855469,457.7011413574219,135.09817504882812,68.20198822021484,10.932516098022461,22.318126678466797,69.90625,64.3477554321289,32.0697021484375,401.3431701660156,346.4599914550781,56.2282600402832,293.630126953125,363.07916259765625,126.34996795654297,73.59273529052734,99.81271362304688
2025-06-02,201.08807373046875,181.09042358398438,403.3999938964844,114.62999725341797,206.64999389648438,292.2664489746094,141.3924102783203,43.1103515625,28.387388229370117,74.4702377319336,84.56166076660156,133.5106964111328,187.93490600585938,23.27772331237793,168.44590759277344,589.4918823242188,19.739999771118164,152.48373413085938,259.6110534667969,743.1490478515625,577.8070068359375,668.8134765625,73.57720184326172,125.37389373779297,459.3018493652344,137.34764099121094,69.47064208984375,10.998830795288086,22.289623260498047,70.55279541015625,65.54296875,32.35110092163086,395.0164794921875,342.69000244140625,57.9818000793457,296.3630676269531,363.2084655761719,125.69358825683594,73.53369140625,100.54447174072266
2025-06-03,202.65330505371094,181.34222412109375,412.489990234375,117.30999755859375,205.7100067138672,294.3050842285156,141.17617797851562,43.667816162109375,28.368194580078125,75.18742370605469,85.72203826904297,135.16700744628906,190.74554443359375,23.2298641204834,165.6057586669922,594.5231323242188,20.290000915527344,151.5221405029297,261.19036865234375,746.7896728515625,578.5525512695312,664.7760009765625,74.43598937988281,125.64728546142578,460.29608154296875,141.1867218017578,67.63919830322266,11.084094047546387,22.185110092163086,70.95066833496094,65.9122314453125,33.098262786865234,398.4637756347656,344.2699890136719,57.5601806640625,292.9590759277344,363.74530029296875,128.2897491455078,74.44892883300781,101.2762451171875
2025-06-04,202.20468139648438,181.4293975830078,413.9100036621094,118.58000183105469,207.22999572753906,292.8602294921875,143.49569702148438,43.384193420410156,27.753997802734375,75.05970001220703,83.81082153320312,133.0554656982422,191.75856018066406,23.000150680541992,167.4693145751953,589.974365234375,20.25,150.3446502685547,259.1794738769531,761.7695922851562,580.6998291015625,685.8104248046875,75.5263900756836,125.13956451416016,461.1908874511719,141.88656616210938,68.71707916259766,10.823966979980469,22.223114013671875,72.41285705566406,65.36805725097656,32.52583694458008,402.18011474609375,332.04998779296875,56.58279800415039,292.14208984375,365.8729553222656,123.9693374633789,74.1832046508789,99.81271362304688
2025-06-05,200.02133178710938,181.55528259277344,415.20001220703125,115.69000244140625,207.91000366210938,292.889892578125,142.21798706054688,43.403751373291016,27.878755569458008,75.32496643066406,83.22574615478516,132.6002197265625,190.83493041992188,23.191577911376953,167.62875366210938,596.5415649414062,19.989999771118164,150.77638244628906,256.9527893066406,761.6104125976562,582.002197265625,682.4907836914062,74.89917755126953,127.54158020019531,464.9788818359375,139.95703125,69.29894256591797,10.8726806640625,21.96658706665039,72.08460235595703,65.6207046508789,32.36927032470703,396.8995056152344,284.70001220703125,56.764862060546875,287.7265625,364.6500549316406,124.30242919921875,73.7108383178711,99.35414123535156
2025-06-06,203.30133056640625,183.84080505371094,416.9200134277344,116.19000244140625,213.57000732421875,299.3323669433594,143.2598114013672,44.23995590209961,28.109081268310547,76.88707733154297,85.04920959472656,135.8062744140625,194.67843627929688,23.46915054321289,173.07984924316406,604.5363159179688,20.059999465942383,152.12069702148438,260.6606750488281,765.7880249023438,586.65478515625,695.5401611328125,76.20185852050781,128.7133026123047,467.6632995605469,141.6865997314453,71.18760681152344,11.028560638427734,22.185110092163086,73.03950500488281,66.09685516357422,33.142295837402344,400.4265441894531,295.1400146484375,56.84151840209961,294.9042053222656,368.08013916015625,125.7425765991211,75.11813354492188,101.73480987548828
2025-06-09,200.83883666992188,183.19195556640625,416.260009765625,121.7300033569336,216.97999572753906,298.43182373046875,143.51536560058594,44.14157485961914,28.27222442626953,76.79864501953125,85.84880065917969,136.3389892578125,197.836669921875,23.641435623168945,175.6939697265625,604.0637817382812,20.479999542236328,152.31692504882812,261.6513671875,769.5977783203125,580.8988037109375,691.9014282226562,76.54924011230469,128.84022521972656,470.0196228027344,142.59640502929688,71.97932434082031,10.940877914428711,22.774179458618164,73.15886688232422,66.33007049560547,33.386924743652344,407.03228759765625,308.5799865722656,57.157737731933594,294.87506103515625,364.54071044921875,125.65438079833984,75.2460708618164,102.41778564453125
2025-06-10,202.05511474609375,183.52122497558594,416.05999755859375,123.23999786376953,217.61000061035156,296.4129638671875,145.12722778320312,44.35800552368164,29.011178970336914,76.6611099243164,88.91065216064453,138.84764099121094,201.23326110839844,24.139150619506836,178.19833374023438,605.3928833007812,22.079999923706055,153.51405334472656,263.4759216308594,802.8997802734375,586.078125,700.2155151367188,78.49842071533203,128.7133026123047,468.2001953125,143.92608642578125,75.67082214355469,11.311094284057617,23.08771514892578,74.3624267578125,68.0694580078125,34.7568473815918,413.02020263671875,326.0899963378906,58.355506896972656,295.45855712890625,368.5573425292969,129.2498321533203,74.2520980834961,104.61308288574219
2025-06-11,198.1769256591797,185.4581298828125,412.8399963378906,121.13999938964844,213.1999969482422,295.997314453125,144.95030212402344,44.003849029541016,29.56779670715332,77.00497436523438,91.02664184570312,140.23272705078125,203.31890869140625,24.80915069580078,176.95114135742188,614.5496215820312,20.68000030517578,152.3463592529297,263.03448486328125,804.3121948242188,587.2710571289062,691.981201171875,77.50453186035156,128.7035369873047,469.890380859375,142.80625915527344,75.09849548339844,11.759251594543457,23.25873565673828,74.21322631835938,69.01203155517578,34.92319107055664,413.62799072265625,326.42999267578125,59.514949798583984,302.04290771484375,371.1522521972656,131.33657836914062,73.74034881591797,106.65226745605469
2025-06-12,198.5956573486328,186.34909057617188,413.67999267578125,118.5,213.24000549316406,294.8988342285156,147.42709350585938,43.895633697509766,29.67336082458496,76.85759735107422,92.33329010009766,140.41676330566406,203.69630432128906,25.25900650024414,175.30484008789062,615.47509765625,20.770000457763672,153.7200927734375,263.1227722167969,807.714111328125,585.8197021484375,691.2036743164062,78.95195007324219,128.81094360351562,476.104248046875,144.9759063720703,77.31148529052734,12.080755233764648,23.60077667236328,74.41216278076172,69.42015838623047,34.86448669433594,413.80731201171875,319.1099853515625,60.43484115600586,309.76513671875,369.2532958984375,130.78794860839844,72.8349609375,107.06205749511719
2025-06-13,195.85398864746094,185.05136108398438,391.67999267578125,116.16000366210938,212.10000610351562,284.8046569824219,146.2869873046875,43.374244689941406,30.44110679626465,75.0204086303711,94.54679870605469,141.32723999023438,199.296630859375,26.56072235107422,174.27716064453125,604.0834350585938,20.139999389648438,154.15185546875,259.8955383300781,815.005126953125,558.729736328125,680.7462158203125,78.8458023071289,126.43822479248047,472.2168273925781,141.9464111328125,76.14775085449219,12.373031616210938,23.315744400024414,70.45332336425781,70.48906707763672,35.52008819580078,401.6993103027344,325.30999755859375,60.82770919799805,304.93145751953125,350.81048583984375,131.3855438232422,71.2111587524414,109.39395141601562
2025-06-16,197.81802368164062,184.83831787109375,401.7300109863281,126.38999938964844,216.10000610351562,291.16796875,144.5768280029297,43.68904495239258,29.903682708740234,76.70040893554688,92.63557434082031,141.4434814453125,199.73361206054688,26.436296463012695,176.3724365234375,618.1728515625,20.739999771118164,152.30711364746094,265.20233154296875,803.2877197265625,565.3306884765625,700.4749145507812,78.9042739868164,127.81497955322266,476.3727111816406,144.66595458984375,73.46736145019531,12.412002563476562,23.182727813720703,71.87571716308594,69.41043853759766,35.138465881347656,404.0131530761719,329.1300048828125,59.955726623535156,301.3465576171875,353.4253234863281,134.96139526367188,71.98861694335938,109.74520111083984
2025-06-17,195.0464630126953,179.6280517578125,382.67999267578125,127.0999984741211,214.82000732421875,289.7725830078125,139.50534057617188,43.511966705322266,30.306751251220703,76.00286865234375,93.12313079833984,144.17491149902344,194.41029357910156,26.876583099365234,175.5542755126953,615.0123901367188,20.799999237060547,149.52041625976562,264.37835693359375,787.0345458984375,566.1061401367188,695.5963745117188,76.29232788085938,127.0240707397461,475.279052734375,144.09603881835938,70.9109878540039,12.733506202697754,22.802682876586914,70.29418182373047,70.28499603271484,35.304813385009766,389.2322082519531,316.3500061035156,61.268489837646484,302.53173828125,355.77166748046875,138.8899383544922,71.34893035888672,111.22823333740234
2025-06-18,195.9835968017578,179.6377410888672,378.0400085449219,126.79000091552734,212.52000427246094,293.34515380859375,139.09254455566406,44.328495025634766,29.884492874145508,76.97549438476562,91.46544647216797,143.53561401367188,193.1092529296875,26.627721786499023,172.93020629882812,625.448974609375,21.489999771118164,147.9013671875,268.7336730957031,780.8576049804688,535.5665283203125,694.1397705078125,77.27667999267578,129.3968048095703,477.4663391113281,145.455810546875,70.5962142944336,12.665308952331543,22.688669204711914,68.2053451538086,69.9643325805664,35.07975769042969,391.5261535644531,322.04998779296875,60.38169479370117,300.89599609375,338.41259765625,136.5876922607422,73.5533676147461,110.43793487548828
2025-06-20,200.39019775390625,179.45375061035156,376.9200134277344,128.24000549316406,209.69000244140625,295.49261474609375,137.5003204345703,44.761348724365234,29.990055084228516,77.07373809814453,92.33329010009766,144.8529052734375,195.04592895507812,26.579866409301758,166.26522827148438,630.9232788085938,21.079999923706055,146.97900390625,269.7538146972656,758.6760864257812,529.84033203125,680.751220703125,77.05252838134766,129.58233642578125,474.6427307128906,143.8260955810547,70.36727142333984,12.733506202697754,22.774179458618164,69.67747497558594,70.35301971435547,35.069969177246094,396.8321533203125,322.1600036621094,60.92681884765625,295.8125,336.6130676269531,138.2335662841797,74.20289611816406,111.91120910644531
2025-06-23,200.888671875,177.9623260498047,380.1199951171875,129.5800018310547,208.47000122070312,296.5218505859375,138.85665893554688,45.548362731933594,29.097551345825195,77.96778106689453,89.42745208740234,142.2473907470703,194.99624633789062,25.35472297668457,164.8184814453125,636.9096069335938,21.190000534057617,148.48031616210938,272.96142578125,766.5440673828125,539.1652221679688,696.8934326171875,78.12459564208984,130.84190368652344,483.1930847167969,144.1460418701172,66.50408935546875,12.373031616210938,22.831186294555664,71.6270523071289,68.83712005615234,33.005306243896484,399.156005859375,348.67999267578125,59.6516227722168,294.5097961425781,341.76312255859375,134.27561950683594,75.78733825683594,109.02318572998047
2025-06-24,199.6923065185547,179.6958465576172,382.3399963378906,138.42999267578125,212.77000427246094,305.1810302734375,138.66009521484375,45.90251541137695,28.627307891845703,79.716552734375,87.16519927978516,139.04136657714844,196.11851501464844,24.07215118408203,166.3949432373047,651.9048461914062,22.549999237060547,149.333984375,275.8944091796875,773.944580078125,554.256103515625,710.5313110351562,78.28053283691406,132.69715881347656,487.279296875,147.87539672851562,67.4675064086914,12.090497970581055,23.097217559814453,73.18870544433594,68.15691375732422,32.780242919921875,403.3050537109375,340.4700012207031,58.795013427734375,299.3484191894531,349.5975341796875,133.0902099609375,76.869873046875,105.70585632324219
2025-06-25,200.94850158691406,179.5408935546875,387.54998779296875,143.39999389648438,211.99000549316406,305.3888854980469,136.96958923339844,46.08943176269531,29.097551345825195,81.18041229248047,86.784912109375,138.73141479492188,199.62437438964844,24.024293899536133,170.296142578125,659.5452270507812,22.200000762939453,149.42230224609375,278.6409912109375,788.0889282226562,546.4720458984375,707.0195922851562,77.64703369140625,134.47425842285156,489.4268493652344,154.28436279296875,64.243408203125,11.954103469848633,23.049713134765625,72.68141174316406,67.4767074584961,32.46712112426758,409.5685119628906,327.54998779296875,59.418006896972656,295.8222961425781,343.2643737792969,132.96282958984375,77.81462097167969,105.73512268066406
2025-06-26,200.39019775390625,180.89671325683594,384.95001220703125,143.67999267578125,217.1199951171875,308.1895751953125,137.7362060546875,46.68952941894531,29.068761825561523,82.88988494873047,88.62786865234375,139.90341186523438,200.0812225341797,24.110437393188477,173.14968872070312,676.5687255859375,22.5,149.1573486328125,283.24151611328125,790.8939208984375,542.6048583984375,724.3888549804688,76.828369140625,136.45639038085938,494.57696533203125,154.99423217773438,64.57726287841797,12.139211654663086,23.03070831298828,72.78087615966797,68.98287963867188,33.10315704345703,411.03460693359375,325.7799987792969,59.92418670654297,296.4100036621094,344.0299377441406,134.18743896484375,78.69049072265625,107.31573486328125
2025-06-27,200.46995544433594,176.55807495117188,385.8299865722656,143.80999755859375,223.3000030517578,313.8996887207031,137.3037567138672,46.35505294799805,29.11674690246582,82.89971160888672,87.92578887939453,139.27381896972656,197.75352478027344,24.033864974975586,178.12847900390625,680.1624755859375,22.690000534057617,149.5498504638672,281.6327819824219,771.3284912109375,547.0884399414062,731.9110717773438,77.09150695800781,137.37425231933594,493.0756530761719,157.72378540039062,65.34990692138672,12.061270713806152,22.983205795288086,73.24837493896484,68.97317504882812,33.2792854309082,407.20477294921875,323.6300048828125,59.86578369140625,302.7668151855469,346.5950012207031,131.95376586914062,78.23780059814453,106.72056579589844
2025-06-30,204.5475311279297,179.7636260986328,386.8800048828125,141.89999389648438,219.38999938964844,315.6711730957031,137.3627166748047,46.55180358886719,28.723276138305664,83.6267318725586,87.5064926147461,138.69268798828125,196.5001678466797,24.062578201293945,175.83364868164062,696.8414306640625,22.399999618530273,149.8834686279297,284.37939453125,775.3868408203125,558.6401977539062,736.3606567382812,77.14998626708984,137.5402374267578,494.5372009277344,157.96376037597656,65.83638000488281,12.187923431396484,23.03070831298828,73.92476654052734,68.41928100585938,33.07380294799805,404.3921813964844,317.6600036621094,59.758705139160156,305.568115234375,352.997802734375,131.6892547607422,78.84795379638672,105.17898559570312
2025-07-01,207.1894989013672,183.99575805664062,392.1000061035156,136.11000061035156,220.4600067138672,319.1842956542969,140.46852111816406,47.36832809448242,29.270294189453125,84.75655364990234,89.70049285888672,140.9979248046875,200.0414276123047,24.158292770385742,175.44451904296875,695.5712890625,22.850000381469727,152.99398803710938,284.8698425292969,771.776123046875,561.29443359375,717.5347900390625,79.73269653320312,137.74530029296875,489.2081298828125,153.2745361328125,66.59947204589844,12.265864372253418,23.790800094604492,74.88961029052734,69.17723083496094,34.443721771240234,420.3600158691406,300.7099914550781,60.264888763427734,319.44732666015625,353.4153747558594,135.20632934570312,80.19620513916016,106.58396911621094
2025-07-02,211.7954864501953,184.73178100585938,378.4700012207031,138.52000427246094,219.9199981689453,322.23236083984375,139.81983947753906,47.91923522949219,30.038042068481445,85.23796081542969,92.08951568603516,143.33221435546875,201.43405151367188,24.799577713012695,178.23822021484375,704.85595703125,21.8799991607666,152.6407470703125,286.4295349121094,775.13818359375,558.2227172851562,711.8981323242188,80.29796600341797,139.4931182861328,488.2536926269531,157.22386169433594,66.59947204589844,12.616595268249512,24.05683135986328,75.90418243408203,70.23641204833984,35.138465881347656,426.63348388671875,315.6499938964844,61.80290222167969,301.24859619140625,352.172607421875,139.17404174804688,81.0523910522461,108.34996795654297
2025-07-03,212.90213012695312,183.30816650390625,379.30999755859375,137.91000366210938,223.41000366210938,325.5460510253906,136.51748657226562,48.13566589355469,29.682958602905273,87.16357421875,91.34842681884766,143.7099609375,202.13037109375,24.589008331298828,179.126220703125,712.5258178710938,22.489999771118164,153.08229064941406,291.75201416015625,776.520751953125,565.8973999023438,717.3253784179688,78.87503814697266,140.74295043945312,495.95892333984375,159.3135223388672,65.97946166992188,12.723764419555664,24.11383628845215,76.18268585205078,69.88658905029297,34.884056091308594,428.19927978515625,315.3500061035156,61.05336380004883,302.2182922363281,356.7857666015625,141.6428680419922,82.272705078125,109.47199249267578
2025-07-07,209.3130340576172,181.71023559570312,376.92999267578125,134.8000030517578,223.47000122070312,320.1885681152344,136.87130737304688,47.87004852294922,29.030372619628906,86.06322479248047,90.2465591430664,142.7704315185547,198.5791778564453,24.38800621032715,176.3923797607422,699.9723510742188,22.0,152.35618591308594,287.77984619140625,768.76220703125,561.801513671875,716.6668701171875,78.8458023071289,140.35238647460938,494.84539794921875,158.21371459960938,66.12254333496094,12.499685287475586,23.98082160949707,75.7748794555664,67.8459701538086,34.199092864990234,417.5973205566406,293.94000244140625,58.814476013183594,297.47760009765625,354.5786437988281,140.81991577148438,81.03269958496094,108.40850830078125
2025-07-08,209.3728485107422,183.78269958496094,382.239990234375,137.82000732421875,219.36000061035156,314.4838562011719,137.63792419433594,46.38456344604492,30.00925064086914,84.06884002685547,93.40591430664062,148.42703247070312,199.62362670898438,24.98143768310547,173.9678497314453,686.5328369140625,23.59000015258789,152.8664093017578,278.72174072265625,773.5267333984375,559.1372680664062,718.9814453125,79.30387115478516,137.80389404296875,493.7517395019531,159.97341918945312,66.42778015136719,12.791961669921875,24.34186363220215,74.63098907470703,69.2452621459961,35.75493240356445,425.0476379394531,297.80999755859375,60.39143371582031,301.3857421875,352.50067138671875,145.64976501464844,80.29461669921875,111.41361236572266
2025-07-09,210.4994354248047,184.6058807373047,373.3800048828125,138.41000366210938,222.5399932861328,314.8509216308594,139.21047973632812,46.079593658447266,30.00925064086914,84.28498077392578,92.17727661132812,148.21392822265625,199.90216064453125,25.230295181274414,176.22276306152344,685.8238525390625,23.440000534057617,153.34722900390625,279.0963134765625,782.7374877929688,562.5516967773438,731.0631103515625,81.5844497680664,138.2139892578125,500.6019592285156,162.85293579101562,66.47547149658203,12.5483980178833,24.28485870361328,74.43206024169922,69.70196533203125,35.471160888671875,418.77423095703125,295.8800048828125,60.897613525390625,296.6940612792969,355.692138671875,146.04164123535156,80.49143981933594,111.03311157226562
2025-07-10,211.76556396484375,188.8477020263672,371.42999267578125,144.16000366210938,222.25999450683594,322.67877197265625,141.15650939941406,46.207489013671875,30.249170303344727,85.55235290527344,92.99636840820312,149.32781982421875,204.42819213867188,25.53658103942871,177.22052001953125,698.1902465820312,23.81999969482422,154.73077392578125,284.0540771484375,786.4476928710938,560.9689331054688,725.5360717773438,81.8865737915039,139.71768188476562,498.58367919921875,164.07273864746094,67.73458862304688,12.499685287475586,24.493881225585938,75.29742431640625,70.25585174560547,35.86256790161133,429.59564208984375,309.8699951171875,60.946285247802734,293.36383056640625,353.822998046875,151.66502380371094,81.0523910522461,112.1356201171875
2025-07-11,210.51937866210938,186.37815856933594,363.3500061035156,146.4199981689453,225.02000427246094,316.9542236328125,139.81983947753906,45.97138214111328,31.324012756347656,85.20848846435547,93.23039245605469,150.4320068359375,203.7716827392578,25.938579559326172,179.78475952148438,694.0845336914062,23.43000030517578,153.95559692382812,282.7431640625,788.795166015625,547.6892700195312,715.828857421875,81.24333953857422,138.9267578125,500.4130554199219,164.89259338378906,65.75052642822266,12.48994255065918,24.370365142822266,70.98051452636719,70.25585174560547,36.508392333984375,433.7147216796875,313.510009765625,61.335655212402344,297.8596496582031,345.9189453125,149.94078063964844,81.2393798828125,112.62346649169922
2025-07-14,207.98707580566406,185.4774932861328,366.989990234375,146.24000549316406,225.69000244140625,318.392822265625,141.0189208984375,46.30586242675781,30.805784225463867,85.96498107910156,91.82623291015625,146.88694763183594,196.7090606689453,25.249435424804688,181.1516571044922,702.3058471679688,23.299999237060547,153.87710571289062,284.5567932128906,795.091552734375,550.5164794921875,719.2308959960938,81.54546356201172,140.5769500732422,500.1147766113281,164.04273986816406,65.76007080078125,12.275607109069824,24.08533477783203,73.49705505371094,69.08976745605469,35.44180679321289,424.2198486328125,316.8999938964844,60.566650390625,294.4118347167969,348.4740905761719,145.845703125,82.10540008544922,111.15017700195312
2025-07-15,208.4755859375,182.0684051513672,364.17999267578125,155.61000061035156,226.35000610351562,308.20367431640625,138.22763061523438,45.40079879760742,30.575462341308594,89.12848663330078,90.2465591430664,145.95712280273438,191.8448028564453,24.627294540405273,181.59066772460938,691.68212890625,22.920000076293945,152.258056640625,282.4376525878906,767.6481323242188,547.8685302734375,708.7255859375,79.45005798339844,138.25303649902344,502.89862060546875,170.671630859375,64.1194076538086,12.178180694580078,23.382253646850586,72.57199096679688,68.4095687866211,34.31651306152344,416.8891906738281,310.7799987792969,60.43037033081055,285.7238464355469,345.0141906738281,145.77713012695312,77.60795593261719,110.16474151611328
2025-07-16,209.5224151611328,186.16127014160156,361.7699890136719,160.0800018310547,223.19000244140625,309.44384765625,137.75587463378906,45.282745361328125,30.633045196533203,88.44076538085938,89.23243713378906,145.21128845214844,192.28250122070312,24.64643669128418,182.55850219726562,697.8948974609375,22.690000534057617,161.68771362304688,281.7181396484375,785.6022338867188,553.005126953125,701.2630004882812,80.33695220947266,136.49545288085938,502.69976806640625,171.34152221679688,63.94771194458008,12.04178524017334,23.382253646850586,72.58194732666016,68.67193603515625,33.84682846069336,415.2135925292969,321.6700134277344,60.206478118896484,286.48785400390625,347.8775634765625,140.2810821533203,78.64128875732422,109.50127410888672
2025-07-17,209.38284301757812,186.96224975585938,366.45001220703125,160.41000366210938,223.8800048828125,312.8666687011719,136.14401245117188,46.256675720214844,30.796188354492188,91.4569091796875,90.50007629394531,146.62542724609375,193.76463317871094,24.627294540405273,183.1671142578125,694.9608764648438,22.799999237060547,159.92149353027344,285.73956298828125,757.4525756835938,553.0947875976562,699.7665405273438,79.45005798339844,137.5792999267578,508.7446594238281,172.97125244140625,62.27842712402344,11.983330726623535,23.353748321533203,73.46720886230469,68.35125732421875,33.925106048583984,423.8608093261719,319.4100036621094,60.099403381347656,282.1585998535156,347.7880859375,141.73101806640625,78.44446563720703,108.94513702392578
2025-07-18,210.539306640625,184.8718719482422,365.7900085449219,156.99000549316406,226.1300048828125,305.52496337890625,135.22012329101562,46.55180358886719,30.700220108032227,91.81059265136719,89.35920715332031,145.3275146484375,189.04959106445312,24.598581314086914,184.64378356933594,697.3435668945312,23.100000381469727,160.6279754638672,287.08990478515625,767.6083984375,550.1580200195312,702.6298828125,77.92967224121094,137.5109405517578,507.10418701171875,172.38136291503906,61.3436279296875,11.700797080993652,23.249235153198242,73.77556610107422,68.29296112060547,32.6041145324707,413.6576843261719,329.6499938964844,60.06046676635742,276.84979248046875,347.032470703125,143.1809539794922,79.35969543457031,105.14971160888672
2025-07-21,211.83535766601562,180.5641326904297,367.67999267578125,157.0,229.3000030517578,300.5841979980469,135.08251953125,46.709205627441406,30.930545806884766,91.0246353149414,88.73513793945312,144.97882080078125,187.0800323486328,24.483722686767578,189.67245483398438,695.118408203125,23.260000228881836,161.27560424804688,286.794189453125,758.1290283203125,552.1390991210938,711.2994384765625,77.29618072509766,137.15943908691406,507.1141357421875,171.35153198242188,61.92549514770508,11.827449798583984,23.049713134765625,74.42211151123047,68.33183288574219,32.81938552856445,403.8735656738281,328.489990234375,59.86578369140625,276.3502502441406,348.91156005859375,143.3083038330078,79.00541687011719,105.42290496826172
2025-07-22,213.74954223632812,182.771728515625,372.8699951171875,154.72000122070312,227.47000122070312,301.7449645996094,138.54214477539062,46.99449920654297,31.208852767944336,92.35094451904297,90.66585540771484,145.3275146484375,188.91033935546875,24.502866744995117,190.90966796875,689.6144409179688,23.239999771118164,164.77859497070312,287.24761962890625,772.3131713867188,556.23046875,703.1586303710938,79.53777313232422,136.73956298828125,502.3517761230469,167.00225830078125,63.6996955871582,11.944360733032227,23.88581085205078,75.59583282470703,69.13835906982422,33.61198425292969,426.49383544921875,332.1099853515625,60.28435516357422,279.2789001464844,349.8262023925781,142.16207885742188,81.07207489013672,105.90098571777344
2025-07-23,213.5002899169922,186.1319580078125,372.4599914550781,158.64999389648438,228.2899932861328,306.2293701171875,143.49569702148438,47.358489990234375,31.391193389892578,94.30603790283203,92.6745834350586,148.310791015625,196.84832763671875,24.837865829467773,189.8021697998047,706.4608154296875,23.489999771118164,165.92665100097656,292.5011291503906,794.6439208984375,559.5454711914062,711.9081420898438,81.84760284423828,138.8584442138672,502.94830322265625,170.75161743164062,66.79978942871094,12.324319839477539,24.09483528137207,76.25232696533203,70.70284271240234,34.385013580322266,465.4808654785156,332.55999755859375,60.72239685058594,286.5074768066406,353.2364196777344,144.54270935058594,82.37110900878906,107.25718688964844
2025-07-24,213.11148071289062,186.4054718017578,371.69000244140625,162.1199951171875,232.22999572753906,305.82257080078125,144.83236694335938,47.60443115234375,30.834577560424805,93.71656799316406,93.24015045166016,150.9356689453125,201.74241638183594,24.579435348510742,191.73779296875,708.09521484375,22.6299991607666,166.3780059814453,292.29412841796875,801.149169921875,560.9490356445312,713.1251831054688,81.97429656982422,139.1416015625,507.9294128417969,173.7111358642578,67.4675064086914,12.324319839477539,24.08533477783203,77.40615844726562,70.33358001708984,34.48286437988281,473.7789611816406,305.29998779296875,58.833946228027344,272.8633117675781,351.9240417480469,137.48898315429688,82.53841400146484,108.09628295898438
2025-07-25,213.23110961914062,185.86822509765625,370.739990234375,166.47000122070312,231.44000244140625,309.1561279296875,142.82737731933594,47.66345977783203,30.90175437927246,94.38462829589844,92.5868148803711,149.9767608642578,204.3983612060547,24.273151397705078,192.7455291748047,717.744140625,20.700000762939453,165.14166259765625,294.3344421386719,808.37060546875,565.6476440429688,711.0101318359375,82.5590591430664,139.63958740234375,510.7430419921875,173.47117614746094,68.39275360107422,12.275607109069824,23.95969009399414,77.56529998779297,69.95460510253906,34.707923889160156,477.060302734375,316.05999755859375,59.05783462524414,275.29241943359375,354.976318359375,139.0858612060547,82.98126983642578,107.71576690673828
2025-07-28,213.40061950683594,184.14903259277344,369.4700012207031,173.66000366210938,232.7899932861328,308.29296875,141.19583129882812,47.44702911376953,31.35280418395996,93.8737564086914,94.60530090332031,151.3715362548828,201.87173461914062,24.96229362487793,192.14686584472656,712.496337890625,20.68000030517578,163.10069274902344,293.9992980957031,803.8148803710938,565.7074584960938,715.9486083984375,81.9255599975586,139.20018005371094,509.5400390625,176.7206268310547,65.81729888916016,12.22689437866211,23.495765686035156,77.80402374267578,70.16838836669922,35.226531982421875,483.68280029296875,325.5899963378906,59.34012985229492,276.3306579589844,353.4153747558594,141.8094024658203,81.75111389160156,108.73048400878906
2025-07-29,210.62904357910156,186.78643798828125,370.70001220703125,177.44000244140625,231.00999450683594,306.1103210449219,145.42208862304688,47.171573638916016,31.6311092376709,92.8225326538086,95.55115509033203,152.09799194335938,205.7611541748047,25.900293350219727,195.30975341796875,720.6979370117188,20.40999984741211,164.95521545410156,292.777099609375,758.8949584960938,560.7698364257812,698.35986328125,80.53186798095703,140.17660522460938,509.609619140625,175.4808349609375,51.45195770263672,12.509428024291992,23.486099243164062,71.07003021240234,71.0429458618164,34.86448669433594,480.89019775390625,321.20001220703125,59.826839447021484,255.71263122558594,349.259521484375,141.789794921875,81.33778381347656,110.13546752929688
2025-07-30,208.415771484375,184.9207000732422,364.0,179.50999450683594,230.19000244140625,301.02069091796875,150.5525360107422,47.18141174316406,30.949737548828125,94.12918853759766,94.26400756835938,148.73696899414062,202.9162139892578,24.751724243164062,196.08799743652344,719.4868774414062,20.34000015258789,164.1211700439453,295.3299255371094,756.0401611328125,556.578857421875,693.5811157226562,79.67422485351562,141.5240936279297,510.2757568359375,179.24021911621094,47.72230911254883,12.597110748291016,23.01251220703125,69.33927917480469,69.69224548339844,33.43585205078125,476.0230407714844,319.0400085449219,58.17201614379883,260.58062744140625,348.8817443847656,136.53868103027344,80.48159790039062,109.1792984008789
2025-07-31,206.94027709960938,184.63743591308594,357.69000244140625,176.30999755859375,234.11000061035156,296.9530029296875,143.672607421875,46.50261306762695,30.853771209716797,92.05620574951172,92.96710968017578,146.87725830078125,196.12216186523438,24.64643669128418,191.46839904785156,712.437255859375,19.799999237060547,161.6484832763672,291.9885559082031,736.136474609375,563.9055786132812,771.6278076171875,76.13639068603516,140.06893920898438,530.4187622070312,177.84043884277344,44.898841857910156,12.412002563476562,22.509929656982422,68.39433288574219,70.16838836669922,33.07380294799805,466.44830322265625,308.2699890136719,57.96759796142578,244.43882751464844,343.47314453125,135.62013244628906,79.349853515625,108.92562103271484
2025-08-01,201.76602172851562,190.69369506835938,347.79998779296875,171.6999969482422,214.75,291.9526672363281,145.36309814453125,44.91875457763672,30.46989631652832,90.2190170288086,90.45133209228516,146.64480590820312,196.05252075195312,24.359294891357422,188.7046356201172,698.63330078125,19.309999465942383,164.1898651123047,285.2171630859375,758.2782592773438,557.3554077148438,748.2527465820312,77.27667999267578,136.7554931640625,521.0829467773438,173.69113159179688,45.96718215942383,12.363288879394531,22.703229904174805,66.75311279296875,69.9643325805664,32.33991241455078,461.820556640625,302.6300048828125,57.58796310424805,232.89077758789062,337.3885498046875,131.54095458984375,76.54510498046875,106.97425079345703
2025-08-04,202.7330780029297,192.61801147460938,338.8500061035156,176.77999877929688,211.64999389648438,296.2386474609375,146.62115478515625,45.10566711425781,31.18006134033203,91.0595932006836,90.5390853881836,146.2960968017578,196.4206085205078,24.139150619506836,194.60133361816406,714.8396606445312,19.5,167.83023071289062,290.0369873046875,764.9127807617188,567.23046875,774.5509643554688,77.83221435546875,138.98739624023438,532.5464477539062,179.9700927734375,46.558589935302734,12.431488037109375,22.74188995361328,67.64832305908203,69.81857299804688,32.17356872558594,465.3412780761719,309.260009765625,57.9091911315918,236.03488159179688,340.1723327636719,133.37806701660156,76.34828186035156,104.75944519042969
2025-08-05,202.3043670654297,193.9464874267578,338.739990234375,174.30999755859375,213.75,294.3040466308594,146.40492248535156,44.820377349853516,32.24530792236328,90.50579833984375,90.88037109375,148.23329162597656,197.99227905273438,24.091293334960938,194.232177734375,709.7985229492188,20.190000534057617,167.53587341308594,287.1884460449219,761.8790283203125,563.4775390625,761.6712036132812,78.73859405517578,138.10250854492188,524.701904296875,178.23037719726562,45.041927337646484,12.577625274658203,23.92102813720703,67.46928405761719,70.35301971435547,32.780242919921875,465.1916198730469,308.7200012207031,58.67819595336914,245.84927368164062,335.4796142578125,135.1460418701172,76.72225189208984,104.6325912475586
2025-08-06,212.60302734375,191.7486572265625,345.6199951171875,163.1199951171875,222.30999755859375,293.2126770019531,144.67510986328125,44.682647705078125,32.51401901245117,91.20793151855469,90.79261779785156,147.98146057128906,194.1426239013672,23.689292907714844,195.6489715576172,713.5695190429688,20.40999984741211,167.388671875,287.1687316894531,742.4030151367188,566.5535278320312,770.1812133789062,77.42288208007812,138.92840576171875,521.908203125,179.3901824951172,43.286800384521484,12.67505168914795,23.12849235534668,69.05081939697266,70.19754028320312,32.153995513916016,447.7576904296875,319.9100036621094,58.60032653808594,240.73638916015625,337.7762756347656,131.81752014160156,76.3778076171875,103.92034912109375
2025-08-07,219.36245727539062,194.24928283691406,338.2699890136719,172.39999389648438,223.1300048828125,292.4090576171875,146.5818328857422,44.19076156616211,32.811519622802734,90.2190170288086,90.2953109741211,148.3495330810547,197.44515991210938,23.727581024169922,196.07801818847656,708.6465454101562,19.770000457763672,168.31105041503906,282.8220520019531,637.453857421875,558.6793212890625,760.0449829101562,78.32926940917969,138.55477905273438,517.8319091796875,180.73995971679688,46.51089096069336,12.74324893951416,23.41844367980957,67.85720825195312,69.3521499633789,32.08550262451172,453.5423889160156,322.2699890136719,59.184383392333984,239.64918518066406,330.1705017089844,130.95822143554688,75.82669830322266,103.37396240234375
2025-08-08,228.65420532226562,193.45806884765625,341.04998779296875,172.75999450683594,222.69000244140625,295.0877685546875,145.58226013183594,45.263065338134766,32.76353454589844,91.702392578125,91.57270812988281,150.14141845703125,199.50425720214844,23.45000648498535,200.9669952392578,710.1530151367188,19.950000762939453,170.0772705078125,284.615966796875,622.32470703125,571.7200927734375,767.49755859375,78.6411361694336,140.77684020996094,519.0248413085938,182.6696319580078,48.723880767822266,11.807965278625488,23.75672149658203,67.29023742675781,69.62423706054688,32.16378402709961,459.5066833496094,329.6499938964844,59.70029830932617,245.7415313720703,334.8333740234375,131.64959716796875,77.06407928466797,104.20330047607422
2025-08-11,226.74781799316406,194.03439331054688,333.6499938964844,172.27999877929688,221.3000030517578,293.89727783203125,146.6115264892578,45.4106330871582,32.581199645996094,91.28704833984375,91.20215606689453,148.6304168701172,198.70846557617188,23.239437103271484,200.54794311523438,708.1542358398438,20.649999618530273,170.55809020996094,285.4044494628906,631.84375,570.9933471679688,764.0755615234375,77.99788665771484,141.465087890625,518.7564697265625,182.0297393798828,47.5696907043457,11.798222541809082,23.75672149658203,66.72327423095703,69.3910140991211,31.674524307250977,461.1722717285156,339.0299987792969,59.36933517456055,247.191162109375,333.9584655761719,130.1483154296875,76.80669403076172,103.25688171386719
2025-08-12,229.21310424804688,194.03439331054688,338.42999267578125,174.9499969482422,221.47000122070312,300.822265625,149.1253204345703,46.728885650634766,32.69635772705078,94.67903900146484,92.23577880859375,149.58932495117188,204.63710021972656,23.27772331237793,202.88267517089844,731.9222412109375,21.809999465942383,169.53759765625,288.6472473144531,636.0314331054688,571.5806884765625,788.1489868164062,78.26103973388672,144.81785583496094,526.183349609375,183.1295623779297,47.48384094238281,11.924875259399414,23.824377059936523,67.60853576660156,70.20726776123047,32.232276916503906,476.1527099609375,340.8399963378906,60.02153015136719,256.202392578125,335.3827209472656,131.73851013183594,78.67762756347656,103.5495834350586
2025-08-13,232.88612365722656,196.79876708984375,351.07000732421875,184.4199981689453,224.55999755859375,304.4534606933594,154.27166748046875,46.473106384277344,32.92668533325195,93.60111999511719,93.49366760253906,150.97439575195312,208.0391082763672,23.536151885986328,201.50579833984375,733.2120361328125,22.219999313354492,171.14678955078125,286.36053466796875,656.9794921875,575.2838745117188,778.2523193359375,80.60984802246094,145.27996826171875,517.5734252929688,181.559814453125,48.55218505859375,11.895647048950195,24.31729507446289,70.25438690185547,70.69313049316406,32.82917404174805,483.51324462890625,339.3800048828125,59.73923110961914,266.23223876953125,341.1693115234375,134.4744110107422,77.10367584228516,104.98384094238281
2025-08-14,232.33717346191406,199.934326171875,348.5799865722656,180.9499969482422,230.97999572753906,305.3066711425781,155.32073974609375,46.93547058105469,33.24337387084961,94.40213775634766,93.26940155029297,150.28671264648438,209.11341857910156,23.45000648498535,202.48358154296875,735.683349609375,23.860000610351562,171.44117736816406,289.9384460449219,680.792236328125,581.1173095703125,780.2974243164062,80.65857696533203,146.0173797607422,519.46240234375,181.98974609375,48.599876403808594,11.768994331359863,24.268970489501953,69.01103210449219,70.58624267578125,32.506263732910156,483.7626037597656,335.5799865722656,59.885250091552734,265.9187927246094,344.0974426269531,134.1484832763672,78.60832977294922,104.76919555664062
2025-08-15,231.1494140625,201.8977508544922,354.8500061035156,177.50999450683594,231.02999877929688,303.064453125,156.70628356933594,46.17797088623047,33.42741012573242,92.6517562866211,92.95736694335938,151.633056640625,209.81967163085938,23.488292694091797,203.44140625,719.4573364257812,24.559999465942383,173.32516479492188,286.3210754394531,699.0349731445312,579.066650390625,783.39013671875,82.0717544555664,142.20252990722656,517.1657104492188,180.42001342773438,49.992530822753906,11.759251594543457,24.29796600341797,68.8618392944336,70.51360321044922,32.28120422363281,487.72216796875,330.55999755859375,60.586116790771484,297.7714538574219,343.0815734863281,135.11642456054688,76.32164764404297,104.86766815185547
2025-08-18,230.45074462890625,201.78054809570312,357.239990234375,176.13999938964844,231.49000549316406,304.63201904296875,156.60733032226562,47.14206314086914,33.15476989746094,93.1758804321289,92.4166259765625,150.4416961669922,207.90977478027344,23.373437881469727,203.04232788085938,719.6936645507812,23.65999984741211,172.94247436523438,287.3461608886719,695.8648681640625,581.49560546875,765.572021484375,82.08150482177734,142.34999084472656,514.1134643554688,181.97975158691406,51.84846496582031,11.807965278625488,24.230308532714844,69.16024017333984,70.17993927001953,32.58454132080078,486.2560119628906,335.1600036621094,59.885250091552734,302.1595153808594,341.3585205078125,135.1262969970703,76.65821838378906,105.09416961669922
2025-08-19,230.1213836669922,201.40936279296875,361.0299987792969,166.5500030517578,228.00999450683594,303.68951416015625,157.43865966796875,47.29946517944336,32.930816650390625,92.7011947631836,92.18067169189453,148.86489868164062,211.08299255371094,23.17906379699707,201.11666870117188,710.2613525390625,25.309999465942383,174.46337890625,286.4886779785156,701.0088500976562,582.8594360351562,749.71923828125,82.77347564697266,141.6519012451172,506.8257751464844,175.61080932617188,52.84202575683594,11.535173416137695,24.47193717956543,68.68279266357422,70.12104797363281,32.62368392944336,496.97772216796875,329.30999755859375,60.66399383544922,297.9967346191406,341.0697326660156,136.2324981689453,76.74730682373047,105.78350067138672
2025-08-20,225.5800323486328,204.3007049560547,353.42999267578125,165.1999969482422,223.80999755859375,305.9714050292969,159.37841796875,47.56507873535156,32.98923873901367,92.13751220703125,93.29163360595703,150.05972290039062,210.28720092773438,23.694150924682617,198.87171936035156,709.5720825195312,23.540000915527344,175.48385620117188,288.04595947265625,703.2318115234375,589.9968872070312,745.9680786132812,82.51033782958984,141.70106506347656,502.7992248535156,175.370849609375,52.37900924682617,11.613114356994629,24.529924392700195,67.71794891357422,70.7491455078125,32.64325714111328,493.5068359375,323.8999938964844,61.42326354980469,293.6870422363281,342.5437316894531,138.78074645996094,77.37095642089844,106.87659454345703
2025-08-21,224.47213745117188,204.64259338378906,353.42999267578125,163.7100067138672,221.9499969482422,305.74322509765625,159.25967407226562,47.47654342651367,33.15476989746094,91.5639419555664,93.18348693847656,152.3416748046875,202.82667541503906,24.267553329467773,199.3007354736328,704.9151000976562,23.5,175.57217407226562,287.2870178222656,707.5980834960938,589.2404174804688,737.3682250976562,83.89427947998047,141.62240600585938,502.15185546875,174.95091247558594,53.48832321166992,11.642341613769531,24.87786865234375,67.1907730102539,71.1417007446289,33.083587646484375,482.4859924316406,320.1099853515625,61.76396560668945,297.1250305175781,342.3047180175781,138.56344604492188,77.04428100585938,107.56593322753906
2025-08-22,227.3267059326172,205.7170867919922,362.0899963378906,167.75999450683594,228.83999633789062,316.6466979980469,160.26914978027344,48.67673873901367,33.82663345336914,94.20436096191406,95.1498031616211,154.91741943359375,210.6851043701172,24.46192741394043,205.62649536132812,730.4552612304688,24.799999237060547,175.9254150390625,291.9885559082031,709.4522094726562,596.24853515625,753.021484375,85.15151977539062,145.53562927246094,505.1295166015625,177.96043395996094,54.964195251464844,12.012557983398438,25.013179779052734,69.52827453613281,71.95626831054688,34.844913482666016,498.6732482910156,340.010009765625,62.328548431396484,301.1114807128906,348.6291198730469,143.5809326171875,78.30145263671875,109.5846939086914
2025-08-25,226.7278594970703,202.73780822753906,363.2099914550781,163.36000061035156,227.94000244140625,313.3131103515625,157.67617797851562,48.67673873901367,34.05058288574219,93.9472427368164,96.5262222290039,154.93701171875,206.6365203857422,24.238399505615234,208.02108764648438,727.4028930664062,24.549999237060547,175.0619354248047,290.6678161621094,693.1535034179688,590.5245361328125,751.5349731445312,83.1438217163086,145.1718292236328,502.17181396484375,179.78012084960938,54.346839904785156,12.148759841918945,24.29796600341797,69.11050415039062,72.44696807861328,34.884056091308594,489.45758056640625,346.6000061035156,61.0630989074707,298.60400390625,347.4140319824219,145.29953002929688,79.38045501708984,110.03768157958984
2025-08-26,228.87376403808594,203.52902221679688,354.9100036621094,166.6199951171875,228.7100067138672,318.0753479003906,158.44813537597656,49.43423843383789,33.75846481323242,94.65925598144531,95.4152603149414,154.11434936523438,205.164306640625,23.80105972290039,206.6741180419922,737.4063720703125,24.350000381469727,174.44911193847656,294.2851257324219,733.72607421875,588.9317016601562,752.3331298828125,82.83194732666016,146.4696807861328,499.96099853515625,181.7397918701172,53.38221740722656,12.01951789855957,24.08533477783203,69.80677795410156,72.28994750976562,34.56114196777344,487.19354248046875,351.6700134277344,60.27461624145508,294.2649230957031,349.7644958496094,145.14149475097656,80.68712615966797,109.79148864746094
2025-08-27,230.05152893066406,203.2359619140625,356.3500061035156,167.1300048828125,229.1199951171875,319.920654296875,158.21060180664062,49.562129974365234,33.972686767578125,95.79651641845703,96.25093078613281,155.95556640625,203.9208984375,23.91768455505371,207.01336669921875,738.115234375,24.850000381469727,174.74562072753906,294.9849548339844,731.871826171875,587.986083984375,745.62890625,81.93531799316406,146.87278747558594,504.64154052734375,181.56982421875,54.44329833984375,12.128875732421875,24.230308532714844,69.27960205078125,72.3390121459961,35.206966400146484,486.8345031738281,349.6000061035156,60.44010543823242,297.6441650390625,348.9378662109375,148.91448974609375,81.6671371459961,111.03230285644531
2025-08-28,232.11758422851562,203.0992431640625,353.9599914550781,168.5800018310547,231.60000610351562,324.4150085449219,158.32936096191406,49.67033767700195,34.420589447021484,95.7470703125,96.79167175292969,156.03392028808594,204.20936584472656,23.80105972290039,211.16400146484375,739.641357421875,24.93000030517578,173.421142578125,296.749267578125,729.6688232421875,587.806884765625,749.3501586914062,81.0971450805664,147.65936279296875,507.529541015625,180.1400604248047,54.124977111816406,12.287942886352539,23.776052474975586,69.68741607666016,72.55492401123047,35.69622039794922,488.4501953125,345.9800109863281,60.459571838378906,296.0867614746094,348.4498291015625,149.2996826171875,81.15238952636719,111.62316131591797
2025-08-29,231.69837951660156,205.521728515625,356.70001220703125,162.6300048828125,229.0,328.6712341308594,158.15122985839844,49.916282653808594,34.303749084472656,95.49983978271484,97.30290985107422,157.28750610351562,204.73658752441406,23.91768455505371,212.43115234375,737.6913452148438,24.350000381469727,175.12123107910156,297.0942687988281,730.286865234375,592.5950927734375,736.9691772460938,81.98403930664062,147.95431518554688,504.59173583984375,174.1510467529297,54.46259307861328,12.327710151672363,23.930692672729492,69.81672668457031,72.50585174560547,36.048484802246094,491.4223937988281,333.8699951171875,61.08256530761719,303.5111999511719,350.36212158203125,150.1392059326172,81.3503646850586,112.54883575439453
2025-09-02,229.28298950195312,207.0064697265625,345.6300048828125,162.32000732421875,225.33999633789062,328.572021484375,158.72525024414062,49.60147476196289,34.303749084472656,93.72967529296875,97.32257080078125,158.4921417236328,202.71725463867188,24.082901000976562,210.8746795654297,723.4373779296875,24.209999084472656,176.00094604492188,295.39892578125,732.8886108398438,589.1906127929688,733.3875732421875,83.30950927734375,146.3516845703125,503.0282287597656,170.75161743164062,54.38542556762695,12.337652206420898,24.14332389831543,68.88172912597656,72.41752624511719,35.128684997558594,486.24603271484375,329.3599853515625,60.92681884765625,302.4631652832031,348.65899658203125,152.38128662109375,80.95439910888672,112.9427490234375
2025-09-03,238.01634216308594,206.9478759765625,348.5,162.1300048828125,225.99000549316406,321.16082763671875,162.52561950683594,49.24732208251953,33.553993225097656,93.97689819335938,93.05567932128906,154.79989624023438,198.39015197753906,23.033283233642578,230.1412353515625,723.1503295898438,24.0,175.94163513183594,295.211669921875,735.5203857421875,590.5941772460938,735.3230590820312,82.04251861572266,146.03704833984375,503.2572937011719,170.59165954589844,54.732688903808594,12.238235473632812,23.95969009399414,69.2696533203125,71.38705444335938,34.52207946777344,483.27386474609375,334.0899963378906,60.06046676635742,301.56207275390625,349.4557800292969,153.46774291992188,79.69721984863281,110.2051010131836
2025-09-04,239.3238525390625,208.0614471435547,344.30999755859375,161.7899932861328,235.67999267578125,328.04620361328125,161.87242126464844,49.7982292175293,33.398197174072266,96.00418853759766,94.15680694580078,154.43753051757812,197.98233032226562,23.363718032836914,231.7775421142578,741.3043212890625,24.610000610351562,176.69285583496094,299.4598083496094,740.58447265625,592.9435424804688,746.8959350585938,81.91582489013672,148.00347900390625,505.866455078125,171.63148498535156,54.15391159057617,12.30782699584961,23.718061447143555,68.09593200683594,70.96505737304688,35.518287658691406,488.20086669921875,338.5299987792969,59.904720306396484,304.0107421875,349.5752868652344,153.4776153564453,81.00389862060547,110.68762969970703
2025-09-05,239.2340087890625,207.6316375732422,348.9700012207031,151.13999938964844,232.3300018310547,323.6510925292969,161.71408081054688,49.2343635559082,33.037925720214844,94.34280395507812,91.38430786132812,150.49066162109375,199.1561279296875,23.140188217163086,234.4714813232422,730.7227783203125,24.489999771118164,176.3666534423828,290.1552734375,724.9336547851562,581.5751953125,750.6870727539062,82.5590591430664,145.60443115234375,492.9501647949219,166.9922637939453,53.27610778808594,12.13881778717041,24.046672821044922,67.8969955444336,70.26825714111328,35.33088302612305,491.3027038574219,350.8399963378906,59.33039855957031,308.91796875,341.83660888671875,154.8406524658203,78.16287231445312,107.56593322753906
2025-09-08,237.42745971679688,204.9258575439453,358.6600036621094,151.41000366210938,235.83999633789062,322.8474426269531,161.4369659423828,48.92770004272461,33.01845169067383,94.8075942993164,89.86042785644531,150.82363891601562,197.58444213867188,23.596965789794922,233.72247314453125,734.3258056640625,24.479999542236328,176.0701446533203,288.70635986328125,736.327880859375,583.9443969726562,750.537353515625,81.95479583740234,146.2926788330078,496.13690185546875,168.2820281982422,52.35971450805664,12.1686429977417,23.727725982666016,68.0362548828125,70.37621307373047,35.29142761230469,486.3657531738281,346.3999938964844,59.47640609741211,313.6781921386719,340.9203186035156,155.4233856201172,78.34105682373047,108.17647552490234
2025-09-09,233.9041748046875,205.541259765625,354.05999755859375,155.82000732421875,238.24000549316406,321.7858581542969,160.7639923095703,49.74877166748047,33.19371795654297,96.26129913330078,90.31267547607422,151.6561279296875,193.3070526123047,23.548372268676758,239.30490112304688,756.1719970703125,24.440000534057617,174.91368103027344,293.57550048828125,748.2603759765625,581.356201171875,763.906005859375,82.46160125732422,149.6651153564453,496.34600830078125,170.7316131591797,52.37900924682617,12.258118629455566,23.882368087768555,67.32008361816406,70.58230590820312,35.29142761230469,481.1395263671875,346.9700012207031,59.92418670654297,340.7804260253906,342.6034851074219,159.83837890625,79.9447021484375,108.96429443359375
2025-09-10,226.35855102539062,206.73297119140625,350.1600036621094,159.5399932861328,230.3300018310547,320.8036804199219,159.9524383544922,49.590492248535156,33.84610366821289,96.09318542480469,92.73123931884766,154.53546142578125,191.5762176513672,24.228679656982422,238.84552001953125,761.7745971679688,24.770000457763672,173.7572021484375,296.22686767578125,752.2578125,576.7572021484375,750.2180786132812,81.89633178710938,151.53321838378906,498.29791259765625,177.300537109375,52.446529388427734,12.685611724853516,23.74705696105957,65.29093170166016,71.2987289428711,35.66624069213867,475.28497314453125,347.7900085449219,60.54718017578125,339.6637878417969,336.75714111328125,156.54934692382812,79.48934936523438,110.7861099243164
2025-09-11,229.59239196777344,215.11404418945312,350.54998779296875,155.6699981689453,229.9499969482422,326.7266845703125,160.52645874023438,50.203819274902344,33.56372833251953,97.72489929199219,92.54443359375,154.98597717285156,194.1326904296875,23.528934478759766,240.0438995361328,776.7709350585938,24.610000610351562,176.43585205078125,301.1748352050781,753.9127197265625,586.0647583007812,749.140625,82.9878921508789,153.85360717773438,498.9352722167969,177.1505584716797,52.37900924682617,12.586194038391113,24.02734375,66.9122543334961,70.6804428100586,35.53801727294922,490.1158142089844,368.80999755859375,59.76844024658203,346.3536376953125,342.10552978515625,155.65054321289062,80.42975616455078,110.43159484863281
2025-09-12,233.62472534179688,213.2776336669922,349.3599853515625,158.57000732421875,228.14999389648438,322.74822998046875,157.47824096679688,50.03565216064453,32.99897766113281,98.3380355834961,90.87307739257812,153.8695068359375,189.04959106445312,23.587247848510742,240.4733123779297,772.1483154296875,24.079999923706055,176.00094604492188,302.5054626464844,753.0254516601562,577.782470703125,753.8197021484375,80.7072982788086,153.76513671875,507.7884521484375,177.80047607421875,52.92884063720703,12.55636978149414,23.07050323486328,66.5342788696289,70.01309204101562,35.08429718017578,478.1972961425781,395.94000244140625,59.51534652709961,345.27618408203125,338.0618896484375,154.791259765625,80.63762664794922,110.4512939453125
2025-09-15,236.24969482421875,212.56454467773438,347.1000061035156,161.16000366210938,231.42999267578125,324.68292236328125,154.48941040039062,50.04553985595703,33.31056213378906,98.68415832519531,90.7747573852539,154.06536865234375,187.5475311279297,23.71358871459961,251.26864624023438,778.7803344726562,24.770000457763672,175.34857177734375,304.46685791015625,745.8480224609375,580.3209838867188,762.9083251953125,79.74275207519531,154.0109405517578,513.225830078125,177.73048400878906,53.65230941772461,12.775087356567383,23.167152404785156,66.75311279296875,70.33695983886719,34.295223236083984,473.6352233886719,410.0400085449219,60.264888763427734,342.9007873535156,337.6833801269531,155.63079833984375,80.588134765625,110.63838958740234
2025-09-16,237.6969451904297,211.245849609375,352.7300109863281,160.4600067138672,234.0500030517578,324.4646301269531,153.51950073242188,50.11478805541992,33.5247802734375,99.52473449707031,92.9475326538086,156.24937438964844,189.46739196777344,24.014869689941406,250.8192596435547,777.5628051757812,25.270000457763672,174.41946411132812,304.7527160644531,762.3162841796875,583.7652587890625,777.1748046875,79.8116455078125,153.19485473632812,506.9320068359375,174.86080932617188,55.176414489746094,12.864562034606934,23.099496841430664,66.49449157714844,70.98468780517578,34.75880432128906,479.9043273925781,421.6199951171875,60.449832916259766,334.9070739746094,338.65948486328125,160.63839721679688,80.5683364868164,112.93289947509766
2025-09-17,238.5353546142578,215.6903533935547,362.07000732421875,159.16000366210938,231.6199951171875,333.3540344238281,153.77684020996094,50.846824645996094,33.398197174072266,100.63232421875,92.23966217041016,156.7880401611328,191.92437744140625,23.985713958740234,249.19146728515625,786.1646728515625,24.899999618530273,175.15089416503906,307.2760009765625,757.7506103515625,595.9199829101562,773.9024658203125,79.8608627319336,154.76800537109375,507.9079284667969,170.27130126953125,56.14103698730469,12.84467887878418,23.244474411010742,68.25508117675781,70.08179473876953,34.31494903564453,471.81842041015625,425.8599853515625,59.56401443481445,336.7108154296875,344.8045959472656,161.65573120117188,81.6473388671875,113.53360748291016
2025-09-18,237.42745971679688,216.84300231933594,367.4599914550781,157.9199981689453,231.22999572753906,338.9794006347656,152.54962158203125,51.5689697265625,33.651363372802734,101.2751235961914,91.90538787841797,155.5637969970703,194.24212646484375,23.878808975219727,251.68807983398438,796.15234375,30.56999969482422,172.14605712890625,308.7347717285156,760.5418090820312,583.3969116210938,778.4218139648438,80.24471282958984,156.5673065185547,506.3444519042969,176.2206573486328,59.66190719604492,12.735320091247559,23.341123580932617,68.15560913085938,70.11123657226562,34.26563262939453,480.26373291015625,416.8500061035156,59.74897003173828,330.0182189941406,336.8169250488281,161.83351135253906,82.65704345703125,112.19432067871094
2025-09-19,245.032958984375,217.31187438964844,365.8999938964844,157.38999938964844,231.47999572753906,338.4337463378906,150.9859161376953,51.68767547607422,33.222930908203125,101.54212951660156,90.37165832519531,152.98806762695312,192.2725372314453,23.470623016357422,254.3744354248047,796.8353271484375,29.579999923706055,174.152587890625,310.26251220703125,749.6361083984375,581.5154418945312,776.5562133789062,80.22502899169922,157.22604370117188,515.7852172851562,176.6505889892578,59.22782897949219,12.546427726745605,23.225143432617188,67.85720825195312,69.47332763671875,33.959861755371094,478.746337890625,426.07000732421875,58.93129348754883,331.86138916015625,340.2330627441406,160.61863708496094,83.78553009033203,111.10123443603516
2025-09-22,255.5928192138672,217.42909240722656,364.0799865722656,159.7899932861328,227.6300048828125,338.29486083984375,153.4007568359375,51.36122512817383,33.46635437011719,102.34314727783203,90.46015167236328,152.83135986328125,189.4574432373047,23.742746353149414,252.18740844726562,797.3896484375,28.760000228881836,172.1954803466797,307.9560852050781,752.5868530273438,581.843994140625,763.8824462890625,79.13253021240234,158.0126190185547,512.3196411132812,183.58984375,58.56223678588867,12.645845413208008,23.23480987548828,67.32008361816406,69.7284927368164,33.456825256347656,474.164306640625,434.2099914550781,59.155181884765625,336.4052734375,342.97198486328125,164.39163208007812,84.30027770996094,110.31341552734375
2025-09-23,253.9459686279297,217.44863891601562,361.7799987792969,160.89999389648438,220.7100067138672,338.7809753417969,150.37232971191406,51.143592834472656,33.82663345336914,101.85858154296875,91.89555358886719,154.173095703125,188.72132873535156,24.286991119384766,251.31858825683594,798.1419677734375,29.34000015258789,174.53805541992188,308.25177001953125,744.6417846679688,567.3897094726562,754.1387329101562,78.699462890625,158.061767578125,507.1212463378906,178.410400390625,57.433631896972656,13.083279609680176,23.321794509887695,66.95204162597656,70.2093734741211,34.019046783447266,468.9334411621094,425.8500061035156,59.94365692138672,342.7036437988281,337.3348388671875,168.2930145263672,83.51825714111328,112.21401977539062
2025-09-24,251.8300018310547,214.88937377929688,353.2699890136719,160.8800048828125,220.2100067138672,337.7987976074219,149.1649169921875,51.143592834472656,34.284271240234375,100.52354431152344,94.01917266845703,155.89678955078125,184.931396484375,24.967300415039062,246.80471801757812,784.3928833007812,31.219999313354492,174.6468048095703,308.92205810546875,739.52783203125,566.2349243164062,759.3899536132812,78.41403198242188,155.23011779785156,508.0373840332031,176.9505615234375,56.66193389892578,13.371588706970215,23.28313446044922,67.4991226196289,70.77859497070312,34.13740921020508,467.18646240234375,442.7900085449219,60.81000518798828,346.7645568847656,337.31488037109375,168.7276153564453,83.2608871459961,112.8147201538086
2025-09-25,256.3813171386719,213.47300720214844,354.1600036621094,161.27000427246094,218.14999389648438,337.50115966796875,145.54266357421875,51.29197692871094,34.33295440673828,100.97844696044922,95.17929077148438,157.40504455566406,180.5048065185547,24.821521759033203,245.45652770996094,786.69921875,33.9900016784668,175.6747589111328,308.9516296386719,712.3532104492188,564.7318725585938,747.6595458984375,76.37666320800781,156.28216552734375,504.9303283691406,177.67050170898438,54.05745315551758,13.033571243286133,22.809547424316406,66.38507080078125,71.53427124023438,34.117679595947266,458.4217529296875,423.3900146484375,60.761329650878906,340.60418701171875,333.58001708984375,172.27342224121094,83.46875762939453,113.82903289794922
2025-09-26,254.97401428222656,215.4949951171875,360.3699951171875,159.4600067138672,219.77999877929688,338.98931884765625,145.9979248046875,51.64810562133789,34.751651763916016,102.27392578125,96.8211669921875,156.85659790039062,184.1918182373047,24.821521759033203,246.2055206298828,794.37060546875,35.5,177.6318817138672,311.52410888671875,722.27197265625,562.5716552734375,742.5081787109375,77.321533203125,157.4226837158203,509.3419494628906,178.17044067382812,53.64266586303711,13.003746032714844,22.964187622070312,66.94210052490234,72.03478240966797,35.03498077392578,463.4330139160156,440.3999938964844,61.47193908691406,339.1453857421875,336.01019287109375,173.46853637695312,84.15180206298828,115.4342041015625
2025-09-29,253.9459686279297,217.9858856201172,359.4200134277344,161.36000061035156,222.1699981689453,339.6143493652344,146.73028564453125,51.85584259033203,33.83636474609375,102.01681518554688,94.23546600341797,152.88034057617188,185.40756225585938,24.06346321105957,243.71890258789062,795.9642944335938,34.47999954223633,179.519775390625,311.1594543457031,724.23583984375,565.5680541992188,742.1587524414062,77.34122467041016,158.455078125,512.4689331054688,181.83004760742188,53.536556243896484,12.775087356567383,23.051172256469727,69.30944061279297,71.10244750976562,34.630577087402344,461.2368469238281,443.2099914550781,60.07993698120117,340.2296447753906,338.7889404296875,170.021484375,83.79542541503906,112.47991180419922
2025-09-30,254.14559936523438,226.1715545654297,352.75,161.7899932861328,219.57000732421875,329.5443115234375,151.85684204101562,51.0347785949707,33.553993225097656,100.37520599365234,92.99668884277344,152.08702087402344,197.56475830078125,23.694150924682617,242.77020263671875,788.2730102539062,33.54999923706055,183.2758331298828,310.9031677246094,760.611572265625,566.2349243164062,733.1538696289062,82.60688018798828,156.2919921875,515.8051147460938,186.55950927734375,53.52690887451172,12.586194038391113,24.626577377319336,66.70337677001953,70.1995620727539,33.90068435668945,484.1768798828125,444.7200012207031,59.054954528808594,340.347900390625,340.0040283203125,168.1646270751953,82.97380065917969,111.03230285644531
2025-10-01,254.9640350341797,238.71388244628906,343.7200012207031,164.00999450683594,220.6300048828125,325.97265625,166.97918701171875,50.13457107543945,33.553993225097656,97.61611938476562,93.8520278930664,151.3916778564453,212.13351440429688,23.888526916503906,244.5677490234375,777.5430297851562,35.939998626708984,183.8985595703125,306.25091552734375,822.836181640625,571.1725463867188,716.1422729492188,88.70913696289062,154.25672912597656,517.5578002929688,187.21945190429688,57.076717376708984,12.546427726745605,26.298633575439453,66.30550384521484,71.08281707763672,34.6108512878418,529.807373046875,459.4599914550781,59.81676483154297,343.3049011230469,346.4280090332031,165.6064910888672,80.05359649658203,110.28387451171875
2025-10-02,256.6408386230469,231.07518005371094,351.4800109863281,169.72999572753906,222.41000366210938,327.8775329589844,165.57383728027344,49.93672561645508,32.969764709472656,96.26129913330078,91.80706787109375,150.20663452148438,209.5924530029297,23.694150924682617,245.356689453125,771.4752197265625,37.29999923706055,183.82936096191406,303.1362609863281,817.2836303710938,574.7164306640625,725.8360595703125,88.09891510009766,152.69342041015625,513.6041870117188,188.8692626953125,56.66193389892578,12.367476463317871,26.17298698425293,68.56343078613281,70.43509674072266,33.64423370361328,524.0474853515625,436.0,58.847190856933594,348.6471862792969,344.55560302734375,162.6730499267578,79.68732452392578,109.59454345703125
2025-10-03,257.5291442871094,228.4866485595703,346.739990234375,164.6699981689453,219.50999450683594,327.639404296875,168.85958862304688,50.095001220703125,33.261878967285156,96.65686798095703,92.57393646240234,150.3829345703125,214.23611450195312,24.05374526977539,245.0171356201172,781.9677124023438,36.83000183105469,186.45860290527344,305.5806884765625,837.2410278320312,577.8223266601562,709.3735961914062,87.7839584350586,154.94497680664062,515.20751953125,187.59939575195312,57.52044677734375,12.327710151672363,26.45327377319336,68.88172912597656,71.84831237792969,33.79218673706055,542.3755493164062,429.8299865722656,59.074745178222656,355.03424072265625,348.4299011230469,158.42596435546875,79.85560607910156,111.53453826904297
2025-10-06,256.2016906738281,224.85289001464844,350.1400146484375,203.7100067138672,220.89999389648438,329.3756103515625,169.2158660888672,49.847694396972656,33.91426467895508,96.96343994140625,93.3113021850586,150.84323120117188,210.96762084960938,24.65630340576172,250.09024047851562,788.69873046875,36.59000015258789,185.98416137695312,306.2244567871094,842.4047241210938,576.1897583007812,714.465087890625,87.40010833740234,155.4365997314453,526.3811645507812,185.51962280273438,57.53974151611328,12.287942886352539,25.544757843017578,70.91088104248047,72.88859558105469,34.117679595947266,543.0045166015625,453.25,59.14399719238281,353.6247253417969,347.8721923828125,161.4088134765625,79.87541198730469,112.46021270751953
2025-10-07,255.99208068847656,227.43167114257812,348.30999755859375,211.50999450683594,221.77999877929688,325.3872985839844,169.96803283691406,49.74877166748047,34.05058288574219,96.71621704101562,93.62591552734375,151.71487426757812,208.0379180908203,24.675739288330078,245.42657470703125,781.6410522460938,37.16999816894531,186.70570373535156,304.7486877441406,840.9891967773438,577.215087890625,711.889404296875,86.22886657714844,153.3521728515625,521.8101196289062,185.01968383789062,56.93202590942383,12.208409309387207,25.390117645263672,74.21322631835938,73.5167007446289,33.94013977050781,538.2327880859375,433.0899963378906,58.74825668334961,358.4446105957031,350.9995422363281,161.161865234375,80.32086181640625,112.51929473876953
2025-10-08,257.5690612792969,225.8785400390625,348.7699890136719,235.55999755859375,225.22000122070312,321.2699890136719,168.99813842773438,49.303611755371094,33.61241149902344,95.6283950805664,92.17083740234375,150.5690155029297,204.2412872314453,23.93712043762207,244.2881317138672,768.6343383789062,37.43000030517578,187.49647521972656,301.1236877441406,843.0726318359375,573.8304443359375,716.6414794921875,85.0379409790039,153.03753662109375,522.676513671875,189.0892333984375,57.501155853271484,12.128875732421875,24.81987762451172,75.72513580322266,72.74138641357422,33.50614929199219,535.2579345703125,438.69000244140625,58.461341857910156,364.6148376464844,349.94378662109375,160.44085693359375,78.92510223388672,112.28295135498047
2025-10-09,253.55670166015625,225.34129333496094,347.4700012207031,232.88999938964844,227.74000549316406,321.88507080078125,168.32516479492188,49.254150390625,33.38846206665039,94.85704040527344,90.40115356445312,148.51231384277344,203.76295471191406,23.44146728515625,241.2023162841797,772.04931640625,37.79999923706055,188.87039184570312,302.6093444824219,852.6724853515625,562.7362060546875,732.2852783203125,86.12060546875,153.64715576171875,520.2366943359375,192.54885864257812,56.60405731201172,11.890275955200195,24.394615173339844,75.34716796875,72.16236114501953,32.677616119384766,533.7506103515625,435.5400085449219,57.986446380615234,362.41680908203125,345.6412353515625,160.0161590576172,79.08348083496094,111.18987274169922
2025-10-10,244.80340576171875,225.1556854248047,337.510009765625,214.89999389648438,216.3699951171875,314.5645446777344,167.315673828125,48.12642288208008,32.609493255615234,92.88909912109375,86.16374969482422,145.82884216308594,201.75006103515625,22.557065963745117,236.24905395507812,756.6074829101562,36.369998931884766,188.51455688476562,298.01373291015625,830.8809814453125,555.6889038085938,704.1223754882812,84.6343994140625,149.3111572265625,508.84405517578125,183.139892578125,54.91596603393555,11.532374382019043,23.950023651123047,69.46858978271484,70.09160614013672,31.286869049072266,523.8876953125,413.489990234375,56.77942657470703,349.4159851074219,342.2648620605469,156.07525634765625,76.8364028930664,109.04307556152344
2025-10-13,247.18885803222656,224.9603271484375,339.32000732421875,216.4199981689453,220.07000732421875,321.38775634765625,167.27609252929688,48.33415985107422,32.81397247314453,95.03504180908203,87.28455352783203,148.80613708496094,204.420654296875,22.85834503173828,243.8187713623047,778.8001708984375,37.220001220703125,188.6924591064453,305.0260314941406,816.8351440429688,557.4432983398438,714.5050048828125,84.3489761352539,152.5262908935547,511.9212646484375,188.29933166503906,55.46580123901367,11.751091003417969,23.901697158813477,68.49380493164062,70.7491455078125,31.829360961914062,523.6681518554688,435.8999938964844,56.977298736572266,353.51629638671875,341.916259765625,159.4235382080078,78.12327575683594,110.53006744384766
2025-10-14,247.29864501953125,223.8174591064453,335.94000244140625,218.08999633789062,216.38999938964844,331.06561279296875,168.4835205078125,49.55092239379883,32.23948287963867,98.73359680175781,86.68482971191406,149.24684143066406,205.42709350585938,22.43072509765625,245.11700439453125,762.942626953125,35.630001068115234,188.64305114746094,299.19232177734375,809.80712890625,566.0953369140625,707.466796875,83.36473846435547,152.73275756835938,511.4432067871094,180.01022338867188,54.655517578125,11.721266746520996,23.698732376098633,68.78226470947266,70.31733703613281,32.12525939941406,524.916015625,429.239990234375,57.73910903930664,354.7680969238281,346.975830078125,160.19393920898438,83.70633697509766,110.57930755615234
2025-10-15,248.8656463623047,222.56796264648438,330.6300048828125,238.60000610351562,215.57000732421875,328.8873596191406,167.9095001220703,51.71735382080078,32.463436126708984,98.67426300048828,86.26206970214844,148.97262573242188,205.37728881835938,22.421005249023438,250.68943786621094,760.1412963867188,37.150001525878906,188.9593505859375,302.767822265625,823.982666015625,561.0018310546875,716.3519287109375,82.78404235839844,159.92005920410156,511.3038330078125,179.8102569580078,54.71339416503906,11.572141647338867,23.57308578491211,67.61848449707031,70.54304504394531,32.12525939941406,526.9524536132812,435.1499938964844,59.82666015625,355.9706115722656,344.2966613769531,158.9988250732422,85.587158203125,109.90966796875
2025-10-16,246.979248046875,223.20745849609375,329.2300109863281,234.55999755859375,214.47000122070312,321.38775634765625,165.9301300048828,49.897151947021484,31.91815948486328,95.19327545166016,85.44606018066406,148.58087158203125,210.1803741455078,22.246068954467773,251.1188507080078,750.401123046875,36.84000015258789,189.8983612060547,295.6861572265625,816.8151245117188,548.1133422851562,710.881103515625,82.59703063964844,157.33419799804688,509.4913330078125,181.7900390625,54.105682373046875,11.492608070373535,23.41844367980957,65.69874572753906,70.04254150390625,32.470481872558594,535.8469848632812,428.75,59.79697799682617,351.55487060546875,334.0481262207031,154.46533203125,83.15199279785156,108.95445251464844
2025-10-17,251.81002807617188,225.8638916015625,333.260009765625,233.0800018310547,213.0399932861328,344.76177978515625,167.63238525390625,50.728111267089844,32.25895690917969,95.99430084228516,85.02330017089844,149.92262268066406,208.326904296875,22.4695987701416,252.95635986328125,743.1553955078125,37.0099983215332,190.9856414794922,294.7155456542969,800.3169555664062,559.1676635742188,715.7229614257812,83.45332336425781,156.00685119628906,511.4532165527344,183.19989013671875,52.446529388427734,11.572141647338867,23.68906593322754,67.051513671875,71.2398452758789,32.184444427490234,537.9832153320312,439.30999755859375,60.93474197387695,351.4858703613281,340.511962890625,155.82833862304688,82.43926239013672,110.53006744384766
2025-10-20,261.7411193847656,228.3136749267578,343.3999938964844,240.55999755859375,216.47999572753906,347.6064758300781,166.00930786132812,51.47993469238281,32.346595764160156,98.1995849609375,85.59352111816406,151.29373168945312,207.6592559814453,22.518192291259766,256.2019348144531,755.5780639648438,38.099998474121094,191.4798583984375,299.4696350097656,806.4277954101562,564.5404052734375,730.947509765625,84.95919799804688,159.25148010253906,514.6498413085938,182.6199493408203,53.76806640625,11.621849060058594,23.863037109375,68.83199310302734,71.46556854248047,32.97351837158203,542.8946533203125,447.42999267578125,60.390594482421875,359.25286865234375,343.0218200683594,158.19879150390625,85.15159606933594,110.9830551147461
2025-10-21,262.2701110839844,227.6544952392578,357.54998779296875,238.02999877929688,222.02999877929688,353.315673828125,164.72271728515625,50.96553421020508,32.288169860839844,97.16122436523438,84.95448303222656,150.6179656982422,219.995849609375,22.557065963745117,250.12020874023438,751.2821044921875,38.119998931884766,189.66114807128906,294.2500305175781,797.067138671875,570.1921997070312,732.0457153320312,86.23870849609375,156.55746459960938,515.5162963867188,181.14010620117188,52.84202575683594,11.492608070373535,24.017677307128906,69.67747497558594,71.318359375,33.06229019165039,557.0200805664062,442.6000061035156,60.341129302978516,360.13006591796875,345.8105163574219,155.74932861328125,83.9043197631836,110.99291229248047
2025-10-22,257.9583435058594,224.9882354736328,354.0899963378906,230.22999572753906,217.9499969482422,350.1129455566406,165.1383819580078,50.550052642822266,33.41767120361328,95.23283386230469,85.93763732910156,152.36126708984375,217.335205078125,23.295686721801758,251.34854125976562,737.0479125976562,36.91999816894531,190.70889282226562,291.2984924316406,809.8869018554688,569.5243530273438,732.1854248046875,86.22886657714844,155.46607971191406,518.3843383789062,180.2602081298828,51.49155807495117,11.661616325378418,23.892030715942383,67.70800018310547,73.15357971191406,34.4234504699707,566.2140502929688,438.9700012207031,61.58772277832031,356.30572509765625,343.96795654296875,159.87786865234375,83.033203125,112.96244049072266
2025-10-23,259.0861511230469,224.565185546875,354.1199951171875,234.99000549316406,221.08999633789062,353.0272216796875,165.07901000976562,51.20294952392578,34.07979202270508,95.6185073852539,88.56266021728516,153.33084106445312,221.94895935058594,24.267553329467773,252.7366485595703,743.165283203125,38.15999984741211,190.2443084716797,291.72442626953125,818.4699096679688,571.9266357421875,732.7744750976562,85.8056411743164,156.6361083984375,518.404296875,182.13999938964844,51.34686279296875,11.770975112915039,23.843706130981445,69.28955078125,74.31163024902344,35.518287658691406,570.9158325195312,448.9800109863281,61.91421127319336,355.2806701660156,344.5655517578125,170.9993133544922,83.60734558105469,114.21309661865234
2025-10-24,262.32000732421875,224.30938720703125,353.5199890136719,252.9199981689453,224.2100067138672,355.64312744140625,164.86126708984375,52.00423049926758,33.63188552856445,97.68534851074219,86.54718780517578,152.35147094726562,222.2279815673828,23.538652420043945,259.5674133300781,775.9295654296875,38.279998779296875,188.1982421875,297.5680236816406,822.8660888671875,571.826904296875,737.127197265625,86.11075592041016,161.10977172851562,521.441650390625,186.23953247070312,51.0864143371582,11.671557426452637,23.930692672729492,69.39896392822266,74.42938995361328,35.34075164794922,571.5048217773438,433.7200012207031,61.43931579589844,357.3012390136719,345.9798583984375,168.9449005126953,85.53766632080078,113.632080078125
2025-10-27,268.2986145019531,224.34872436523438,357.79998779296875,259.6700134277344,226.97000122070312,359.7311096191406,166.3853759765625,52.44939041137695,33.855838775634766,99.87085723876953,87.19607543945312,152.07723999023438,220.2349853515625,23.674715042114258,268.9046630859375,781.9776000976562,39.540000915527344,188.0994110107422,301.2425231933594,823.8230590820312,570.5211181640625,749.5663452148438,86.61271667480469,163.2335205078125,529.3189697265625,191.46897888183594,51.018890380859375,11.790858268737793,23.940357208251953,69.87641143798828,74.10553741455078,35.66624069213867,562.800048828125,452.4200134277344,61.706443786621094,360.7313537597656,346.4180603027344,172.2042999267578,86.13160705566406,114.1737060546875
2025-10-28,268.4882507324219,223.8666534423828,359.9100036621094,258.010009765625,229.25,359.09454345703125,163.5153045654297,52.301002502441406,33.553993225097656,100.26642608642578,85.32807922363281,150.9509735107422,216.139404296875,23.412311553955078,267.1071472167969,784.0563354492188,41.529998779296875,184.76837158203125,302.4409484863281,817.5328369140625,564.1117553710938,750.1853637695312,85.65801239013672,162.43710327148438,539.8251953125,201.0079345703125,50.2086067199707,11.800800323486328,23.679401397705078,72.63167572021484,73.67372131347656,35.370338439941406,556.66064453125,460.54998779296875,61.39974594116211,362.5646667480469,345.50177001953125,167.2559356689453,86.02271270751953,113.2775650024414
2025-10-29,269.1869201660156,221.50538635253906,337.8599853515625,264.3299865722656,230.3000030517578,356.2995910644531,162.76315307617188,52.014129638671875,34.2745361328125,98.02157592773438,86.59634399414062,151.90097045898438,213.25953674316406,23.490060806274414,274.197509765625,775.1178588867188,41.34000015258789,184.44219970703125,302.58953857421875,810.9834594726562,552.7982788085938,750.4149169921875,85.2151107788086,161.2769012451172,539.3073120117188,207.01727294921875,49.55266189575195,11.810742378234863,23.476436614990234,69.30944061279297,74.1447982788086,36.32709503173828,557.3394775390625,461.510009765625,61.558040618896484,350.16510009765625,339.9044189453125,168.5596923828125,85.13179779052734,114.6759262084961
2025-10-30,270.8836669921875,224.51600646972656,339.239990234375,254.83999633789062,222.86000061035156,356.9560546875,162.98086547851562,52.45927810668945,33.855838775634766,99.10939025878906,86.65533447265625,150.35354614257812,214.2958984375,23.295686721801758,281.09814453125,782.1458129882812,40.15999984741211,186.86386108398438,306.48199462890625,841.8565063476562,551.901123046875,665.3572387695312,84.91983032226562,162.4862518310547,523.582763671875,202.8677215576172,48.269718170166016,11.6516752243042,23.476436614990234,67.5687484741211,73.34004211425781,35.82405471801758,555.2531127929688,440.1000061035156,60.98421096801758,339.8058166503906,343.6393127441406,168.006591796875,85.12189483642578,112.9427490234375
2025-10-31,269.85565185546875,214.52000427246094,340.30999755859375,256.1199951171875,244.22000122070312,358.796142578125,163.09963989257812,52.87476348876953,34.20637512207031,100.10820007324219,87.36320495605469,154.4669189453125,214.62474060058594,23.285966873168945,280.80853271484375,781.3638916015625,39.9900016784668,186.68594360351562,308.1459045410156,860.1589965820312,550.216552734375,647.2674560546875,84.62456512451172,162.2290496826172,515.6656494140625,202.4677734375,47.710235595703125,11.572141647338867,23.824377059936523,68.90161895751953,73.52650451660156,35.56760787963867,566.4037475585938,456.55999755859375,61.57783126831055,336.66156005859375,339.3666076660156,167.47323608398438,86.09201049804688,112.6177749633789
2025-11-03,268.53814697265625,208.53817749023438,337.4700012207031,259.6499938964844,254.0,359.6813659667969,161.75367736816406,52.983577728271484,33.95321273803711,101.08311462402344,87.07809448242188,150.86280822753906,213.3093719482422,23.31512451171875,283.3350830078125,777.5529174804688,39.5,184.1061248779297,306.3928527832031,893.7236938476562,542.322021484375,636.645263671875,81.18958282470703,161.88282775878906,514.888916015625,206.85728454589844,47.372615814208984,11.751091003417969,23.834043502807617,67.9765625,73.00636291503906,36.51449966430664,563.8980712890625,468.3699951171875,60.914955139160156,329.00299072265625,335.5420837402344,169.48812866210938,86.4186782836914,112.02691650390625
2025-11-04,269.5262756347656,212.40472412109375,335.3500061035156,250.0500030517578,249.32000732421875,358.55743408203125,162.3672637939453,52.96379470825195,34.19663619995117,100.4862289428711,86.42921447753906,150.22621154785156,213.08018493652344,23.295686721801758,277.1634826660156,782.80908203125,37.029998779296875,184.69918823242188,306.2937927246094,904.0213012695312,550.97412109375,626.2725830078125,82.5379867553711,162.23895263671875,512.2001342773438,198.66818237304688,46.54304122924805,11.761033058166504,23.486099243164062,65.72859191894531,72.36845397949219,35.62678527832031,564.2574462890625,444.260009765625,60.59836196899414,326.0854187011719,338.9283447265625,167.02877807617188,86.2503890991211,112.401123046875
2025-11-05,269.6260986328125,213.27052307128906,335.5299987792969,256.3299865722656,250.1999969482422,363.83892822265625,160.62542724609375,51.88552474975586,34.74191665649414,101.16270446777344,86.22274017333984,149.51129150390625,211.46585083007812,23.140188217163086,283.9242858886719,785.046142578125,38.380001068115234,183.84913635253906,308.7005615234375,922.9119873046875,551.5322875976562,634.88818359375,83.05962371826172,163.39630126953125,505.0597839355469,195.18858337402344,46.745609283447266,12.069226264953613,23.78571891784668,67.69805145263672,73.22228240966797,36.0509147644043,566.6533203125,462.07000732421875,60.341129302978516,323.03973388671875,338.66943359375,168.0460968017578,86.07220458984375,111.94813537597656
2025-11-06,269.25677490234375,215.5038604736328,327.3500061035156,237.6999969482422,243.0399932861328,363.76934814453125,165.8113555908203,52.71648406982422,34.87823486328125,100.32705688476562,84.21710968017578,149.78550720214844,209.93125915527344,23.363718032836914,284.36370849609375,779.592041015625,37.2400016784668,184.8079071044922,310.4239501953125,934.5055541992188,551.50244140625,617.9065551757812,84.4277114868164,161.6553192138672,495.04144287109375,188.05935668945312,44.86459732055664,12.069226264953613,24.017677307128906,65.90763092041016,72.83953094482422,35.86351013183594,564.99609375,445.9100036621094,60.4598503112793,316.9483947753906,335.6018371582031,173.84384155273438,85.17139434814453,112.75564575195312
2025-11-07,267.9592590332031,215.62193298339844,326.95001220703125,233.5399932861328,244.41000366210938,366.56427001953125,167.41465759277344,52.6274528503418,35.618255615234375,100.26736450195312,85.3674087524414,151.82261657714844,209.2038116455078,23.655277252197266,278.4516906738281,778.3646240234375,38.130001068115234,184.4125518798828,311.20635986328125,921.4765014648438,550.1965942382812,620.6719360351562,84.91983032226562,160.60678100585938,494.7626037597656,188.1293487548828,44.063961029052734,12.785028457641602,24.02751350402832,65.86784362792969,74.18404388427734,36.1594123840332,571.4149169921875,429.5199890136719,61.59761428833008,319.56036376953125,334.6656188964844,173.45864868164062,85.61919403076172,115.4342041015625
2025-11-10,269.1781311035156,215.17921447753906,328.8500061035156,243.97999572753906,248.39999389648438,365.9078369140625,173.15481567382812,52.84508514404297,36.1440544128418,100.96373748779297,86.74382781982422,152.43960571289062,210.42950439453125,23.528934478759766,289.7064208984375,789.1144409179688,38.45000076293945,186.2312774658203,313.8607482910156,963.6141967773438,551.1834716796875,630.7052001953125,85.3824234008789,163.26773071289062,503.90460205078125,199.0281524658203,44.314762115478516,12.934154510498047,23.98817253112793,65.8976821899414,75.13600158691406,36.406002044677734,575.34814453125,445.2300109863281,62.2604866027832,316.96807861328125,333.5003356933594,176.97483825683594,85.67890167236328,116.4189682006836
2025-11-11,274.99267578125,221.53489685058594,333.2200012207031,237.52000427246094,249.10000610351562,368.17559814453125,176.34158325195312,53.052825927734375,36.36800765991211,100.2375259399414,89.16238403320312,153.01744079589844,215.03329467773438,24.024587631225586,290.9147644042969,802.0914916992188,37.880001068115234,191.58859252929688,312.6028747558594,985.525390625,556.55615234375,626.0330200195312,89.51620483398438,164.70205688476562,506.573486328125,193.1387939453125,47.41120147705078,13.391472816467285,25.0897216796875,67.04156494140625,75.57763671875,37.09644317626953,585.4705200195312,439.6199951171875,63.2795295715332,322.7539367675781,337.553955078125,178.63417053222656,85.76846313476562,117.9552001953125
2025-11-12,273.21435546875,229.46478271484375,337.04998779296875,258.8900146484375,244.1999969482422,370.7716064453125,173.55067443847656,53.52766036987305,35.890892028808594,102.33658599853516,87.56966400146484,150.1576690673828,218.63063049316406,23.558090209960938,286.3210144042969,830.4608154296875,37.88999938964844,192.14210510253906,317.34710693359375,1014.5941162109375,559.4268798828125,607.9931640625,90.0083236694336,168.0851287841797,509.0233154296875,193.7787322998047,48.481929779052734,12.904328346252441,25.443790435791016,66.84262084960938,74.9887924194336,35.57747268676758,586.9978637695312,430.6000061035156,63.26963424682617,334.1974182128906,338.1826477050781,175.3550262451172,85.83811950683594,116.32049560546875
2025-11-13,272.6948547363281,228.5399627685547,333.6000061035156,247.9600067138672,237.5800018310547,362.77471923828125,175.39149475097656,52.301002502441406,35.530616760253906,100.14798736572266,87.91377258300781,152.3710479736328,220.42433166503906,23.71358871459961,278.19207763671875,797.3302612304688,35.90999984741211,192.99217224121094,306.5216064453125,1019.6681518554688,553.7850952148438,608.8717041015625,91.46499633789062,163.82167053222656,501.205810546875,186.8394775390625,47.42084884643555,12.9540376663208,25.365108489990234,64.98257446289062,74.50790405273438,35.81419372558594,579.12158203125,401.989990234375,64.21942901611328,327.7511901855469,335.3883972167969,173.61668395996094,84.2857437133789,116.98028564453125
2025-11-14,272.15533447265625,228.6088409423828,331.1099853515625,246.80999755859375,234.69000244140625,355.2651672363281,176.3613739013672,52.043800354003906,36.062721252441406,99.7799072265625,89.8309326171875,154.3689727783203,220.43429565429688,24.118192672729492,276.0350036621094,782.8882446289062,35.52000045776367,193.664306640625,300.7076721191406,1023.5716552734375,543.9766845703125,608.4424438476562,91.45515441894531,162.090576171875,508.0672912597656,190.1491241455078,46.55268478393555,13.103163719177246,24.64713478088379,62.47597885131836,75.05876922607422,36.43558883666992,577.7041015625,404.3500061035156,64.70420837402344,317.24407958984375,329.3408508300781,179.52308654785156,84.63404083251953,118.50015258789062
2025-11-17,267.2099609375,230.2223663330078,325.07000732421875,240.52000427246094,232.8699951171875,339.42059326171875,176.95518493652344,50.92596435546875,36.03310775756836,97.68085479736328,88.03490447998047,151.62672424316406,219.66700744628906,23.96030044555664,284.63330078125,767.6939697265625,34.709999084472656,197.2720947265625,297.4986572265625,1019.9976196289062,535.1251831054688,601.0048217773438,91.39610290527344,157.7281951904297,505.388427734375,186.5795135498047,46.745609283447266,13.043512344360352,24.666805267333984,61.56087112426758,74.70209503173828,35.311153411865234,566.174072265625,408.9200134277344,64.318359375,315.92327880859375,325.07965087890625,176.20443725585938,83.01200866699219,116.90081024169922
2025-11-18,267.19000244140625,230.09446716308594,324.4700012207031,230.2899932861328,222.5500030517578,338.8337707519531,177.25210571289062,51.0842399597168,36.22067642211914,97.81017303466797,88.98748779296875,152.1317901611328,224.71920776367188,23.96030044555664,283.8943176269531,768.4263916015625,34.33000183105469,197.68724060058594,296.5478515625,1028.333740234375,525.885009765625,596.6920776367188,94.90982055664062,158.10409545898438,491.74517822265625,181.340087890625,45.86780548095703,13.053454399108887,25.030710220336914,60.377197265625,74.61293029785156,35.54787826538086,575.0287475585938,401.25,64.25899505615234,309.08282470703125,320.51904296875,183.14791870117188,83.44985961914062,118.24187469482422
2025-11-19,268.3089294433594,229.14996337890625,318.1099853515625,223.5500030517578,222.69000244140625,342.79241943359375,176.14364624023438,51.46015167236328,35.490142822265625,99.31234741210938,87.30062103271484,150.2303924560547,221.6300811767578,22.963598251342773,292.4127502441406,778.0181274414062,35.11000061035156,200.168212890625,300.3709411621094,1047.85107421875,528.656005859375,589.3343505859375,93.55157470703125,160.5375213623047,485.102783203125,186.49951171875,47.266510009765625,12.944096565246582,24.4700984954834,59.92855453491211,72.98810577392578,35.370338439941406,572.7925415039062,403.989990234375,63.507083892822266,304.6572265625,323.4530029296875,178.11068725585938,83.7483901977539,116.572998046875
2025-11-20,266.0010986328125,225.74581909179688,312.3999938964844,206.02000427246094,217.13999938964844,341.9568786621094,175.53004455566406,50.45112991333008,35.263084411621094,97.12374877929688,86.7945556640625,148.85385131835938,221.40087890625,22.73662757873535,289.05731201171875,765.852783203125,33.619998931884766,200.72174072265625,295.5277099609375,1041.5516357421875,526.1840209960938,588.1663208007812,93.47283935546875,156.98629760742188,477.3404846191406,180.6201629638672,45.91603469848633,12.70549488067627,23.99800682067871,57.92960739135742,72.53236389160156,34.7094841003418,571.744384765625,395.2300109863281,62.794742584228516,307.07208251953125,323.1037292480469,169.78164672851562,81.99700164794922,116.24517822265625
2025-11-21,271.2361755371094,232.46554565429688,324.19000244140625,203.77999877929688,220.69000244140625,350.9981994628906,180.12217712402344,51.005104064941406,35.51976013183594,98.18820190429688,86.69532775878906,148.5270538330078,226.59262084960938,22.67741584777832,299.2534484863281,766.1795043945312,34.5,201.54212951660156,295.171142578125,1057.9342041015625,538.6638793945312,593.2578125,96.21885681152344,156.46200561523438,471.04486083984375,178.86036682128906,45.944976806640625,12.685611724853516,24.627464294433594,60.38716506958008,72.59181213378906,35.695831298828125,586.4588012695312,391.0899963378906,63.962188720703125,315.3811950683594,327.3050842285156,172.39564514160156,82.70352935791016,116.3047866821289
2025-11-24,275.6620788574219,225.80484008789062,318.7300109863281,215.0500030517578,226.27999877929688,354.0218811035156,181.15142822265625,51.371116638183594,35.450653076171875,99.1730728149414,86.88385772705078,148.29928588867188,226.18405151367188,22.381366729736328,318.14776611328125,782.6903076171875,35.790000915527344,203.6672821044922,295.1513366699219,1068.3768310546875,536.1219482421875,612.0264282226562,98.81724548339844,161.0717010498047,472.92059326171875,182.52996826171875,43.37908172607422,12.67566967010498,24.80449867248535,60.377197265625,72.55218505859375,35.22238540649414,585.05126953125,417.7799987792969,63.82368087768555,314.474365234375,328.6223449707031,173.31004333496094,84.2459487915039,115.20213317871094
2025-11-25,276.7110900878906,228.05787658691406,319.54998779296875,206.1300048828125,229.6699981689453,360.6959228515625,184.55593872070312,51.915199279785156,35.23346710205078,100.64539337158203,85.95111846923828,147.09109497070312,229.96078491210938,22.223474502563477,323.0011901855469,794.1824951171875,35.83000183105469,205.57713317871094,300.103515625,1108.0904541015625,544.7142333984375,635.1576538085938,103.99432373046875,163.64361572265625,475.90374755859375,177.80047607421875,45.3951416015625,12.546427726745605,25.296260833740234,61.03520584106445,72.12616729736328,35.409793853759766,596.7409057617188,419.3999938964844,64.50633239746094,321.6007080078125,333.8415832519531,173.0417022705078,84.68379211425781,113.75180053710938
2025-11-26,277.29052734375,223.98471069335938,317.5199890136719,214.24000549316406,229.16000366210938,362.0187683105469,184.71429443359375,52.41971206665039,35.47039794921875,101.96849822998047,86.41748809814453,148.0615997314453,227.65887451171875,22.253076553344727,319.5159606933594,807.7337036132812,36.810001373291016,206.46241760253906,304.6991882324219,1102.4998779296875,543.17919921875,632.5520629882812,102.98055267333984,166.12652587890625,484.3943786621094,180.24020385742188,46.98676681518555,12.586194038391113,25.28642463684082,61.64336395263672,72.73052215576172,35.17306900024414,592.21875,426.5799865722656,64.82292938232422,324.9814758300781,333.1031188964844,173.40945434570312,85.14154052734375,114.01007843017578
2025-11-28,278.5893249511719,224.02406311035156,320.1300048828125,217.52999877929688,233.22000122070312,363.3117980957031,183.5266876220703,53.07261276245117,35.638221740722656,103.06279754638672,88.00513458251953,149.66592407226562,225.98475646972656,22.60833740234375,319.74560546875,817.6619262695312,40.560001373291016,205.8258056640625,310.087158203125,1073.677978515625,548.7612915039062,646.8681640625,103.17740631103516,167.82794189453125,490.88958740234375,176.98056030273438,47.6041259765625,12.466894149780273,25.31593132019043,62.50076675415039,73.0871810913086,35.745147705078125,589.8030395507812,430.1700134277344,65.00101470947266,325.0406188964844,333.75177001953125,175.68551635742188,85.43012237548828,115.1524658203125
2025-12-01,282.8353576660156,221.4758758544922,322.8500061035156,219.75999450683594,233.8800048828125,358.3783874511719,179.1720733642578,52.667022705078125,36.04297637939453,102.14756774902344,89.5630111694336,151.06224060058594,223.35403442382812,22.509654998779297,314.4627990722656,802.6359252929688,40.0099983215332,204.254150390625,305.9669494628906,1056.1273193359375,542.2222900390625,639.7999267578125,100.22469329833984,166.65078735351562,485.6315612792969,179.90025329589844,46.7166748046875,12.476836204528809,24.853675842285156,62.3911018371582,73.62218475341797,36.10023498535156,584.1328125,430.1400146484375,64.9317626953125,318.5747375488281,329.7101135253906,179.44253540039062,84.98233032226562,115.8577651977539
2025-12-02,285.9224548339844,220.74781799316406,322.80999755859375,215.24000549316406,234.4199981689453,358.7663269042969,178.4792938232422,52.617557525634766,35.8948974609375,102.65492248535156,88.60050201416016,148.79443359375,225.79542541503906,22.489919662475586,315.38153076171875,810.9422607421875,43.470001220703125,204.333740234375,304.9368896484375,1044.376953125,544.1560668945312,646.01953125,99.43730926513672,167.2640838623047,488.8841552734375,181.44007873535156,45.752052307128906,12.53648567199707,24.73565101623535,62.71013259887695,73.27542114257812,35.86351013183594,579.3611450195312,429.239990234375,65.00101470947266,319.8856506347656,328.9416809082031,177.44476318359375,85.8978271484375,114.61603546142578
2025-12-03,283.8843688964844,226.52305603027344,326.7799987792969,217.60000610351562,232.3800048828125,366.156494140625,179.82525634765625,53.50787353515625,36.76364517211914,106.16661834716797,91.10103607177734,150.1214599609375,227.65887451171875,23.091886520385742,319.1963806152344,832.1904296875,43.7599983215332,204.2442169189453,309.1462707519531,1031.837890625,551.950927734375,638.5320434570312,100.65775299072266,171.84410095214844,476.64208984375,179.57028198242188,45.8870964050293,12.72537899017334,25.148731231689453,61.055145263671875,74.42469024658203,37.329864501953125,579.4409790039062,446.739990234375,66.20803833007812,334.8381042480469,328.93170166015625,175.97377014160156,88.91300201416016,117.02001953125
2025-12-04,280.4375915527344,225.0177764892578,328.7300109863281,215.97999572753906,229.11000061035156,369.1602783203125,178.20217895507812,53.577117919921875,36.75376892089844,107.23107147216797,92.40092468261719,150.7849578857422,226.3335418701172,23.06228256225586,317.1890869140625,833.4437866210938,40.5,201.40928649902344,313.0783386230469,1012.7996215820312,540.5676879882812,660.425537109375,99.29950714111328,173.00146484375,479.7449951171875,183.37008666992188,46.292240142822266,12.804912567138672,25.27659034729004,61.543663024902344,73.8104248046875,37.896522521972656,574.2400512695312,454.5299987792969,66.06952667236328,328.707275390625,326.4268798828125,173.8865203857422,89.768798828125,116.36438751220703
2025-12-05,278.5193786621094,222.4302215576172,346.260009765625,217.97000122070312,229.52999877929688,368.3645935058594,178.4990997314453,53.646728515625,35.371681213378906,108.31541442871094,92.9665298461914,148.54685974121094,225.4566192626953,22.687284469604492,320.8341064453125,850.086181640625,41.40999984741211,200.8621826171875,312.0284729003906,1008.6265869140625,543.7673950195312,672.2955932617188,98.14795684814453,174.60397338867188,482.0597229003906,182.40013122558594,46.166839599609375,12.059284210205078,25.601154327392578,62.092002868652344,72.33422088623047,38.234527587890625,571.7744140625,455.0,64.13037872314453,326.1642761230469,330.558349609375,173.08145141601562,89.39066314697266,115.76836395263672
2025-12-08,277.6302185058594,219.51800537109375,339.1199951171875,221.11000061035156,226.88999938964844,360.33782958984375,180.6763916015625,53.597007751464844,35.32231521606445,108.35520935058594,92.16277313232422,147.2693634033203,223.6928253173828,22.785968780517578,313.49932861328125,862.1527099609375,40.29999923706055,200.5538330078125,312.1968078613281,995.9277954101562,538.7036743164062,665.6866455078125,97.37040710449219,174.9205322265625,489.9018249511719,185.5399627685547,45.11539840698242,12.1686429977417,25.34543800354004,60.93550491333008,72.02708435058594,38.01581954956055,567.2222900390625,439.5799865722656,64.98123168945312,321.12347412109375,326.16741943359375,172.50497436523438,89.6195297241211,115.21207427978516
2025-12-09,276.9208679199219,219.39010620117188,344.32000732421875,221.6199951171875,227.9199981689453,361.9591064453125,177.78651428222656,53.23903274536133,35.09526062011719,108.86256408691406,92.70853424072266,147.05149841308594,222.44720458984375,22.67741584777832,316.85693359375,871.990966796875,40.5,198.90261840820312,297.6373596191406,980.5833740234375,535.822998046875,655.8631591796875,95.36256408691406,176.89892578125,490.8995361328125,184.95999145507812,44.719905853271484,12.248176574707031,24.91268539428711,60.59653091430664,71.87847900390625,38.07546615600586,562.0911865234375,445.1700134277344,64.84272003173828,321.1036376953125,325.828125,174.25428771972656,88.45525360107422,117.467041015625
2025-12-10,278.5193786621094,221.54473876953125,343.1300048828125,221.4199981689453,231.77999877929688,373.5566101074219,181.13165283203125,53.775997161865234,35.42103958129883,110.51395416259766,96.0525131225586,149.94320678710938,229.61199951171875,22.697153091430664,319.9847412109375,884.5846557617188,40.779998779296875,205.44781494140625,307.1455383300781,991.984375,537.1287231445312,649.0444946289062,96.08106994628906,177.76942443847656,477.4701843261719,183.77005004882812,47.31473922729492,12.158700942993164,25.35527229309082,60.97538375854492,72.2054214477539,39.6959114074707,572.8125610351562,451.45001220703125,64.98123168945312,325.83685302734375,325.0596923828125,174.93014526367188,90.24645233154297,118.74849700927734
2025-12-11,277.77008056640625,220.36412048339844,350.42999267578125,221.42999267578125,230.27999877929688,382.8266296386719,178.71682739257812,54.253299713134766,35.07551574707031,111.16058349609375,95.96320343017578,149.2598876953125,231.55516052246094,22.46031379699707,312.210205078125,906.2606201171875,39.5099983215332,208.8994598388672,314.3460693359375,1007.6981201171875,561.5599975585938,651.6201782226562,97.44915771484375,178.3431396484375,482.3690185546875,180.92019653320312,48.51087188720703,12.079167366027832,25.374942779541016,61.5037841796875,72.18560791015625,40.10350799560547,577.8936767578125,446.8900146484375,64.71410369873047,334.1323547363281,344.91876220703125,170.86500549316406,92.13715362548828,118.74849700927734
2025-12-12,278.0198669433594,219.71478271484375,356.42999267578125,210.77999877929688,226.19000244140625,380.5091247558594,177.8063201904297,54.83003616333008,34.80896759033203,111.22027587890625,94.80223846435547,148.53695678710938,225.53634643554688,22.756362915039062,309.07244873046875,883.3114013671875,37.810001373291016,210.46116638183594,315.4751892089844,1025.7979736328125,570.092529296875,643.1543579101562,98.71881866455078,176.48345947265625,477.4402770996094,175.01052856445312,48.404762268066406,12.108993530273438,25.42411994934082,61.473876953125,71.66051483154297,39.218727111816406,571.2852783203125,458.9599914550781,65.05048370361328,339.20294189453125,347.11419677734375,167.27694702148438,92.30632781982422,118.03326416015625
2025-12-15,273.8537292480469,223.77810668945312,351.1499938964844,207.5800018310547,222.5399932861328,380.5190734863281,181.23060607910156,55.01897048950195,34.799095153808594,112.21509552001953,93.63134765625,148.3488006591797,227.72862243652344,22.578731536865234,308.003173828125,884.932861328125,37.5099983215332,213.03746032714844,316.9608154296875,1060.4200439453125,567.301513671875,646.9561157226562,99.52285766601562,175.87014770507812,473.73870849609375,176.28045654296875,48.58803939819336,12.108993530273438,25.994564056396484,60.55665588378906,71.56143951416016,38.67195129394531,575.3411865234375,475.30999755859375,64.5656967163086,338.4686584472656,346.1761779785156,166.87937927246094,92.44564819335938,116.98028564453125
2025-12-16,274.353271484375,220.0591278076172,347.8900146484375,209.1699981689453,222.55999755859375,378.7088317871094,180.81494140625,54.50189208984375,33.328155517578125,110.70297241210938,90.0690689086914,145.32833862304688,223.9120635986328,22.11492156982422,306.3543395996094,874.5474853515625,37.310001373291016,208.19322204589844,312.5335693359375,1052.5333251953125,564.2014770507812,656.587890625,97.5474853515625,174.60397338867188,475.3051452636719,177.71038818359375,47.22792053222656,11.721266746520996,25.109392166137695,61.144874572753906,69.80782318115234,37.38951110839844,569.5968627929688,489.8800048828125,63.17069625854492,331.62188720703125,344.3998107910156,161.8302764892578,91.73912048339844,113.9206771850586
2025-12-17,271.58587646484375,220.68878173828125,354.6600036621094,198.11000061035156,221.27000427246094,373.5963439941406,177.86569213867188,54.24335479736328,34.029075622558594,110.88204193115234,94.22671508789062,148.07151794433594,221.8493194580078,22.588600158691406,296.5112609863281,867.76318359375,36.04999923706055,209.2177734375,311.9690246582031,1040.05419921875,563.6532592773438,648.9443969726562,98.45079803466797,172.91244506835938,475.0357360839844,170.93075561523438,46.08002471923828,11.701383590698242,24.627464294433594,59.99834442138672,70.88773345947266,38.30411911010742,562.00439453125,467.260009765625,64.72399139404297,329.07171630859375,343.7012634277344,161.9197235107422,92.13715362548828,116.63260650634766
2025-12-18,271.935546875,219.2228546142578,355.80999755859375,201.05999755859375,226.75999450683594,373.5068664550781,179.3502197265625,53.95498275756836,32.883914947509766,112.24493408203125,91.5177993774414,146.25924682617188,223.56329345703125,22.351760864257812,302.2472229003906,871.71240234375,36.279998779296875,207.2084503173828,310.0079345703125,1055.1190185546875,564.390869140625,663.881591796875,99.94969940185547,171.09231567382812,482.87786865234375,174.1305694580078,45.925682067871094,11.6516752243042,24.627464294433594,59.26057434082031,70.64994812011719,37.906463623046875,561.8345947265625,483.3699951171875,64.42719268798828,325.608642578125,345.2979736328125,160.9556121826172,91.0325927734375,115.76836395263672
2025-12-19,273.4141845703125,223.1582794189453,355.8599853515625,213.42999267578125,227.35000610351562,374.4915466308594,180.83474731445312,54.95930862426758,33.50585174560547,114.26441192626953,91.23004150390625,146.3186492919922,224.0515594482422,22.51952362060547,306.9439392089844,888.8024291992188,36.81999969482422,205.27871704101562,314.17767333984375,1069.6546630859375,570.3914794921875,658.2064819335938,100.34675598144531,175.0688934326172,484.8134460449219,180.98020935058594,46.388702392578125,11.681499481201172,24.774993896484375,59.62946319580078,71.35337829589844,37.85675811767578,567.2692260742188,481.20001220703125,65.00101470947266,324.8941955566406,348.5312805175781,161.72093200683594,92.55510711669922,115.91736602783203
2025-12-22,270.7166748046875,224.23068237304688,357.5299987792969,214.9499969482422,228.42999267578125,378.80828857421875,181.21083068847656,55.565879821777344,33.70329666137695,117.47765350341797,92.5894546508789,148.3488006591797,227.21044921875,22.292551040649414,309.56207275390625,894.2935791015625,36.369998931884766,206.22369384765625,320.0014953613281,1074.686279296875,573.8504028320312,660.9341430664062,103.95006561279297,177.81887817382812,483.81573486328125,183.6800537109375,46.398345947265625,11.6516752243042,24.794662475585938,59.6793098449707,71.908203125,38.10529327392578,575.1314086914062,488.7300109863281,65.09005737304688,322.651611328125,351.3654479980469,162.5558319091797,93.81889343261719,117.3676986694336
2025-12-23,272.1053771972656,225.09646606445312,352.4200134277344,214.89999389648438,232.13999938964844,380.14111328125,182.37864685058594,55.655372619628906,34.13766860961914,118.78086853027344,92.0139389038086,149.05191040039062,230.0205535888672,22.73662757873535,314.1288757324219,896.9893798828125,36.349998474121094,204.69183349609375,322.8143310546875,1069.8543701171875,574.498291015625,664.3711547851562,104.26771545410156,177.56167602539062,485.7413330078125,189.19976806640625,49.78417205810547,11.761033058166504,24.4700984954834,59.23066711425781,72.39366149902344,37.97605514526367,579.3672485351562,485.55999755859375,65.30772399902344,322.29437255859375,352.6528015136719,163.76841735839844,94.00796508789062,118.62928771972656
2025-12-24,273.55401611328125,226.17872619628906,352.9800109863281,215.0399932861328,232.3800048828125,381.05615234375,182.99224853515625,55.93379592895508,33.871124267578125,120.9296646118164,91.09111785888672,149.04202270507812,230.65830993652344,22.845176696777344,313.8690490722656,906.0119018554688,36.15999984741211,206.68125915527344,326.02337646484375,1075.1854248046875,577.58837890625,666.9789428710938,105.66734313964844,179.68846130371094,486.90863037109375,188.59979248046875,50.700565338134766,11.761033058166504,24.617630004882812,59.858768463134766,72.16578674316406,37.74740219116211,578.5480346679688,485.3999938964844,64.84272003173828,325.05291748046875,354.4091796875,163.47023010253906,94.83390808105469,118.43061828613281
2025-12-26,273.1444091796875,226.26724243164062,353.79998779296875,214.99000549316406,232.52000427246094,379.0072021484375,183.88296508789062,55.854244232177734,33.831634521484375,119.79557800292969,90.8331298828125,148.56666564941406,229.83009338378906,22.73662757873535,313.2894592285156,902.2914428710938,36.20000076293945,206.5320587158203,324.7754211425781,1075.9542236328125,577.73779296875,662.7225952148438,105.99491882324219,179.90609741210938,486.599365234375,190.51968383789062,50.546226501464844,11.482666015625,24.676639556884766,59.788978576660156,72.13607025146484,37.568458557128906,580.1664428710938,475.19000244140625,64.83282470703125,329.2701416015625,354.26947021484375,163.01303100585938,94.79410552978516,118.32134246826172
2025-12-29,273.50408935546875,227.11337280273438,353.1600036621094,215.61000061035156,232.07000732421875,373.30792236328125,183.13079833984375,55.038856506347656,34.00933074951172,117.51744842529297,91.91470336914062,149.5272674560547,230.13943481445312,23.022808074951172,313.33941650390625,887.50927734375,36.68000030517578,206.46241760253906,320.6551818847656,1076.9324951171875,576.0433349609375,658.1265258789062,105.83609771728516,177.99693298339844,485.9907531738281,188.20980834960938,49.64912796020508,11.522432327270508,24.588123321533203,59.310428619384766,72.44320678710938,37.67781448364258,584.4921875,459.6400146484375,65.19889068603516,326.4024353027344,353.8802490234375,164.6529998779297,94.0577163696289,119.73194122314453
2025-12-30,272.82470703125,226.03114318847656,352.510009765625,215.33999633789062,232.52999877929688,371.3883056640625,183.11102294921875,54.9692497253418,34.30549240112305,116.60221862792969,93.37335968017578,150.83447265625,230.17933654785156,23.28925323486328,313.6292419433594,879.7898559570312,37.29999923706055,205.81585693359375,320.328369140625,1077.950927734375,575.5648803710938,665.3803100585938,105.28021240234375,177.14622497558594,486.3699035644531,187.52984619140625,49.4079704284668,11.790858268737793,24.57828712463379,58.921600341796875,73.1466293334961,38.32400131225586,582.873779296875,454.42999267578125,65.21867370605469,329.5976257324219,352.8923034667969,163.8578643798828,93.84874725341797,120.18889617919922
2025-12-31,271.6058349609375,224.8013153076172,349.989990234375,214.16000366210938,230.82000732421875,367.96673583984375,181.96298217773438,54.69082260131836,34.28574752807617,116.08492279052734,92.88714599609375,150.9335174560547,228.4330596923828,23.318857192993164,312.7798156738281,874.3982543945312,36.900001525878906,205.85565185546875,319.1398010253906,1072.889404296875,569.0458984375,659.5253295898438,104.48609924316406,175.6129608154297,482.5186767578125,186.4899139404297,49.07999801635742,11.780917167663574,24.489770889282227,58.20377731323242,72.79987335205078,38.154998779296875,578.8777465820312,449.7200012207031,64.72399139404297,327.56341552734375,349.98828125,161.80044555664062,92.74417114257812,119.54319763183594
2026-01-02,270.75665283203125,225.6080780029297,333.29998779296875,223.47000122070312,226.5,371.5553894042969,181.2504119873047,55.6354866027832,35.371681213378906,118.0844955444336,95.95327758789062,154.3896942138672,229.909912109375,24.226743698120117,314.9283142089844,909.5532836914062,39.380001068115234,206.2535400390625,322.36865234375,1078.559814453125,561.32080078125,649.8535766601562,105.66734313964844,179.93576049804688,471.8630065917969,188.83978271484375,50.53657913208008,11.850508689880371,24.76515769958496,57.964500427246094,74.74172973632812,39.96432876586914,591.9248046875,438.07000732421875,65.80239868164062,333.8049011230469,345.7669982910156,164.3051300048828,94.73439025878906,121.83790588378906
2026-01-05,267.0101623535156,216.62547302246094,331.55999755859375,221.0800018310547,233.05999755859375,378.60308837890625,180.55763244628906,56.57019805908203,35.65796661376953,122.66064453125,98.43397521972656,162.2626953125,234.85935974121094,23.822141647338867,316.3173522949219,943.4747314453125,39.369998931884766,203.22959899902344,330.8468322753906,1039.7745361328125,566.7432861328125,658.2264404296875,106.65007019042969,184.52566528320312,471.773193359375,188.1098175048828,53.16035461425781,11.671557426452637,24.755321502685547,59.11103057861328,74.33551788330078,43.5432243347168,610.5963745117188,451.6700134277344,65.60452270507812,339.38153076171875,353.0719299316406,179.4723663330078,95.90862274169922,124.52996063232422
2026-01-06,262.1147155761719,220.31492614746094,335.989990234375,214.35000610351562,240.92999267578125,382.3512268066406,187.96044921875,56.92817687988281,33.92048263549805,121.86479187011719,96.36011505126953,155.02349853515625,236.0867462158203,22.864913940429688,314.1188659667969,950.4678955078125,40.040000915527344,203.70706176757812,332.90625,1062.26708984375,578.4755249023438,660.0548706054688,108.0695571899414,185.72259521484375,477.4203186035156,187.22987365722656,54.26966857910156,11.502549171447754,25.01103973388672,59.62946319580078,72.22523498535156,43.37422180175781,620.10693359375,432.9599914550781,62.73537826538086,346.2779235839844,356.8241882324219,177.1863555908203,95.91857147216797,120.24850463867188
2026-01-07,260.08660888671875,229.65171813964844,338.1000061035156,210.02000427246094,241.55999755859375,377.028076171875,188.35633850097656,55.32722473144531,33.23930740356445,120.74065399169922,93.214599609375,153.6964874267578,235.0689239501953,22.74649429321289,321.7535095214844,936.0935668945312,42.630001068115234,206.39279174804688,325.3250732421875,1106.24365234375,578.0567626953125,648.1350708007812,107.8015365600586,182.7945556640625,482.3690185546875,189.09976196289062,54.568702697753906,11.472723960876465,24.863510131835938,58.33338165283203,70.87782287597656,42.121604919433594,616.54052734375,431.4100036621094,62.072509765625,339.06402587890625,355.14764404296875,182.74237060546875,93.82884979248047,117.7054443359375
2026-01-08,258.7978515625,220.51170349121094,339.0400085449219,204.67999267578125,246.2899932861328,381.7730712890625,186.08006286621094,55.864192962646484,33.693424224853516,119.97463989257812,97.95767974853516,157.70724487304688,234.5001220703125,23.397804260253906,325.2110595703125,929.9359741210938,41.11000061035156,204.6619873046875,328.11083984375,1083.3817138671875,578.2063598632812,645.50732421875,110.17396545410156,182.6857452392578,477.0212097167969,185.0299835205078,55.31146240234375,11.731208801269531,24.87334632873535,58.09410858154297,69.65921020507812,44.16952896118164,605.9010009765625,435.79998779296875,62.9134635925293,344.1742858886719,351.50518798828125,190.1570281982422,95.13243865966797,122.09618377685547
2026-01-09,259.1275329589844,216.52708435058594,333.95001220703125,203.1699981689453,247.3800048828125,374.42626953125,187.3468475341797,55.53604507446289,33.85137939453125,120.69091033935547,96.75702667236328,160.53955078125,237.8629608154297,23.190568923950195,328.3388671875,934.064208984375,45.54999923706055,203.30918884277344,327.5138854980469,1061.7879638671875,574.5526123046875,652.5013427734375,109.71734619140625,184.30804443359375,478.1885681152344,184.84999084472656,56.72945785522461,11.810742378234863,25.06021499633789,57.4859504699707,70.17440032958984,44.93501663208008,618.248779296875,445.010009765625,63.249847412109375,341.3264465332031,349.0502014160156,184.1537322998047,95.48072814941406,123.78492736816406
2026-01-12,260.0067138671875,216.4877166748047,327.6499938964844,207.69000244140625,246.47000122070312,358.456787109375,185.32789611816406,54.879756927490234,33.96984100341797,117.08967590332031,94.7625503540039,160.76730346679688,238.4916229248047,23.5754337310791,331.62652587890625,944.5789184570312,44.060001373291016,208.6110076904297,322.8377990722656,1079.19873046875,565.3085327148438,641.4207763671875,108.38720703125,184.5553436279297,476.09332275390625,184.92999267578125,57.7423095703125,11.800800323486328,24.853675842285156,57.117069244384766,70.99671936035156,44.885311126708984,614.8421630859375,448.9599914550781,64.03144073486328,337.8832092285156,342.4937438964844,178.52813720703125,94.49556732177734,123.2087631225586
2026-01-13,260.8059387207031,217.186279296875,309.92999267578125,220.97000122070312,242.60000610351562,356.8717956542969,187.0697479248047,54.2334098815918,34.907691955566406,115.69694519042969,95.71513366699219,162.28248596191406,235.05892944335938,24.187271118164062,335.7336730957031,933.2386474609375,47.290000915527344,212.5202178955078,309.3169860839844,1075.39501953125,544.0550537109375,630.5501708984375,107.46404266357422,180.78648376464844,469.5981750488281,185.79994201660156,57.530094146728516,12.228293418884277,24.73565101623535,56.3892707824707,72.50264739990234,45.63091278076172,606.4804077148438,447.20001220703125,65.0999526977539,331.35394287109375,327.2052917480469,180.63525390625,93.1024169921875,125.7021484375
2026-01-14,259.71697998046875,218.307861328125,304.44000244140625,223.60000610351562,236.64999389648438,357.1309814453125,190.6919708251953,52.18498992919922,35.3618049621582,111.82711791992188,99.56517028808594,165.61985778808594,237.44384765625,24.621477127075195,335.603759765625,927.7872924804688,48.720001220703125,217.39430236816406,306.30242919921875,1071.501708984375,545.8818969726562,614.9934692382812,110.1938247680664,178.82785034179688,458.3338928222656,183.1300811767578,56.82592010498047,12.586194038391113,25.158567428588867,57.4859504699707,73.66181182861328,46.69464111328125,621.2158813476562,439.20001220703125,65.82218170166016,332.3760070800781,328.4926452636719,185.37625122070312,88.8134994506836,129.33790588378906
2026-01-15,257.9685974121094,213.25083923339844,304.0899963378906,227.9199981689453,238.17999267578125,356.2437744140625,186.04046630859375,52.29437255859375,34.70037841796875,116.8509292602539,98.16606140136719,164.55030822753906,239.37973022460938,24.37476921081543,332.5458984375,970.7511596679688,48.31999969482422,218.40892028808594,307.68536376953125,1031.248779296875,541.7191162109375,620.2689208984375,110.15411376953125,189.16502380371094,455.6200866699219,187.03988647460938,55.0992431640625,12.53648567199707,25.463459014892578,56.568729400634766,72.74042510986328,46.2969856262207,624.0330810546875,438.57000732421875,64.9713363647461,336.34515380859375,327.0755310058594,183.45799255371094,88.52490997314453,128.27500915527344
2026-01-16,255.29112243652344,212.58636474609375,296.1199951171875,231.8300018310547,239.1199951171875,363.6404113769531,186.83221435546875,52.672237396240234,34.92743682861328,117.42791748046875,97.43177795410156,164.6493377685547,235.48802185058594,25.035947799682617,329.7678527832031,956.9637451171875,46.959999084472656,217.50372314453125,310.8789978027344,1036.6697998046875,538.564453125,619.7194213867188,108.02985382080078,187.04812622070312,458.8127746582031,186.21990966796875,60.12493133544922,12.616019248962402,25.227413177490234,56.7182731628418,73.562744140625,46.45604705810547,618.10888671875,437.5,65.545166015625,328.4664001464844,327.6243896484375,182.3448028564453,87.94774627685547,129.02996826171875
2026-01-20,246.46937561035156,212.27890014648438,290.3699951171875,231.9199981689453,231.0,351.0801086425781,178.0240478515625,51.807125091552734,34.70037841796875,112.21509552001953,94.78238677978516,163.69863891601562,233.83155822753906,24.51292610168457,321.77349853515625,938.4312744140625,48.560001373291016,217.0561065673828,301.19854736328125,1039.554931640625,530.8277587890625,603.6032104492188,108.6452865600586,180.1336212158203,453.48492431640625,178.06036376953125,58.533302307128906,12.755203247070312,25.09955596923828,54.91373825073242,72.43329620361328,46.17768859863281,618.3986206054688,419.25,66.48505401611328,335.8192443847656,325.1495056152344,183.60707092285156,86.23616790771484,129.59620666503906
2026-01-21,247.41848754882812,214.3715362548828,294.2300109863281,249.8000030517578,231.30999755859375,358.4767150878906,179.211669921875,51.77729415893555,35.46052551269531,113.26959228515625,96.39981079101562,165.11477661132812,241.53514099121094,25.33199691772461,328.1490173339844,948.0208129882812,54.25,216.85716247558594,300.50213623046875,1076.722900390625,526.6649169921875,612.4356689453125,110.2930908203125,181.34043884277344,443.0986328125,183.31008911132812,57.221412658691406,13.431239128112793,25.463459014892578,55.721290588378906,73.1268081665039,48.23555374145508,635.6715698242188,431.44000244140625,66.99952697753906,345.0673522949219,324.6106262207031,187.04605102539062,85.69880676269531,132.725341796875
2026-01-22,248.1178436279297,216.31541442871094,299.7300109863281,253.72999572753906,234.33999633789062,366.8601989746094,181.48793029785156,52.15515899658203,34.9767951965332,115.06026458740234,96.13188934326172,165.04547119140625,239.56932067871094,24.355031967163086,330.3074951171875,949.6522216796875,54.31999969482422,217.33462524414062,302.0840148925781,1085.568115234375,531.9458618164062,647.0759887695312,108.37727355957031,181.0733642578125,450.1126403808594,184.82998657226562,60.028465270996094,13.68972396850586,25.670000076293945,56.97748947143555,71.74967956542969,49.030860900878906,638.8184814453125,449.3599853515625,66.35643768310547,351.7355041503906,325.6883850097656,185.7539520263672,87.60941314697266,132.75514221191406
2026-01-23,247.80812072753906,217.45594787597656,301.07000732421875,259.67999267578125,239.16000366210938,360.5501708984375,183.98191833496094,51.429264068603516,36.062721252441406,113.00099182128906,97.59053802490234,165.10488891601562,234.51010131835938,25.27278709411621,327.6993103027344,914.0695190429688,45.06999969482422,218.97589111328125,296.2041015625,1062.5167236328125,523.8397827148438,658.1964721679688,107.38462829589844,177.0670928955078,464.888916015625,187.6598358154297,60.057403564453125,14.196749687194824,25.649999618530273,56.44908905029297,73.06736755371094,48.86186218261719,625.3617553710938,449.05999755859375,68.47367095947266,353.5116882324219,325.5087585449219,185.95272827148438,86.53469848632812,134.0763397216797
2026-01-26,255.17123413085938,218.9535369873047,304.7200012207031,251.30999755859375,238.4199981689453,362.1052551269531,186.51551818847656,51.727577209472656,36.28977966308594,114.22461700439453,97.68976593017578,165.8773193359375,236.2064971923828,25.292522430419922,333.02557373046875,926.9815063476562,42.4900016784668,220.3187713623047,299.5072021484375,1060.979248046875,526.4552612304688,671.7847900390625,106.61036682128906,179.91598510742188,469.20904541015625,186.4599151611328,61.716552734375,14.256401062011719,25.8799991607666,56.42914962768555,72.5719985961914,49.408634185791016,626.0010986328125,435.20001220703125,69.65101623535156,348.9273376464844,327.8139953613281,182.1658935546875,87.61936950683594,133.9471893310547
2026-01-27,258.0285339355469,222.0875244140625,297.4200134277344,252.02999877929688,244.67999267578125,358.3172302246094,189.2272491455078,51.876731872558594,37.13877868652344,114.19477081298828,99.09880828857422,167.4123077392578,235.24853515625,25.95370101928711,334.31463623046875,924.8527221679688,43.93000030517578,223.25315856933594,298.7809143066406,1037.7779541015625,519.5172119140625,672.394287109375,107.12654113769531,180.68756103515625,479.485595703125,188.50979614257812,60.66511535644531,14.9324369430542,26.5,55.342437744140625,74.75163269042969,50.363006591796875,623.2937622070312,430.8999938964844,71.02622985839844,280.5191650390625,324.5906677246094,181.7981414794922,88.27613830566406,135.92401123046875
2026-01-28,256.2002868652344,216.8708038330078,299.5799865722656,252.74000549316406,243.00999450683594,355.8649597167969,184.516357421875,51.51875686645508,37.21775817871094,113.60782623291016,100.60706329345703,168.28378295898438,224.0623779296875,25.89449119567871,335.7736511230469,931.9056396484375,48.779998779296875,226.5158233642578,299.2385559082031,1022.0940551757812,520.4755859375,668.1578979492188,106.11404418945312,180.3710174560547,480.533203125,191.5096435546875,58.195682525634766,15.290337562561035,25.860000610351562,53.9167594909668,75.08848571777344,48.583499908447266,607.4194946289062,431.4599914550781,70.75909423828125,291.7518310546875,326.30712890625,182.90139770507812,87.5994644165039,136.66905212402344
2026-01-29,258.0385437011719,218.61631774902344,291.6499938964844,252.17999267578125,241.72999572753906,357.3702087402344,183.26934814453125,52.781620025634766,37.553409576416016,114.60264587402344,102.00617980957031,169.53158569335938,219.15283203125,26.555667877197266,338.0120544433594,935.1983032226562,48.65999984741211,226.0880889892578,304.8598327636719,1022.4335327148438,542.7971801757812,737.6784057617188,107.54344940185547,180.43035888671875,432.5128173828125,192.49957275390625,57.23106002807617,15.429521560668945,26.100000381469727,52.949684143066406,76.75293731689453,48.16596221923828,591.5751342773438,416.55999755859375,71.85728454589844,290.0351867675781,331.1171875,181.38070678710938,90.19670104980469,139.57965087890625
2026-01-30,259.2374267578125,221.1750946044922,293.25,236.72999572753906,239.3000030517578,351.0601806640625,183.62564086914062,52.900943756103516,37.39545440673828,115.11000061035156,103.42514038085938,175.18626403808594,218.4243927001953,26.4964599609375,337.7622375488281,930.512939453125,46.470001220703125,226.0482940673828,304.33251953125,1035.421875,537.8656616210938,715.8870849609375,109.45925903320312,181.82289123535156,429.31011962890625,191.11965942382812,57.32752227783203,15.250571250915527,26.440000534057617,52.53095245361328,76.31700897216797,48.09637451171875,578.0385131835938,430.4100036621094,71.6297378540039,284.7165222167969,321.1676940917969,180.32713317871094,90.04743194580078,140.4637451171875
2026-02-02,269.7575988769531,223.78346252441406,293.3800048828125,246.27000427246094,242.9600067138672,351.71807861328125,186.46603393554688,53.72627639770508,37.21775817871094,116.2300033569336,101.00397491455078,172.3440704345703,222.94476318359375,25.60831069946289,343.4482421875,941.3757934570312,48.810001373291016,229.52980041503906,306.5710754394531,1042.3902587890625,554.417236328125,705.8056640625,112.5364761352539,184.110595703125,422.4058837890625,185.59996032714844,56.845211029052734,14.942378044128418,26.65999984741211,52.17203903198242,75.02904510498047,47.768306732177734,581.1954345703125,421.80999755859375,71.11526489257812,283.3868713378906,333.15301513671875,179.12449645996094,91.8187255859375,137.48361206054688
2026-02-03,269.22808837890625,223.8032989501953,271.92999267578125,242.11000061035156,238.6199951171875,348.5281677246094,182.41824340820312,54.143917083740234,38.323429107666016,117.70999908447266,104.09988403320312,176.31521606445312,216.13926696777344,25.993173599243164,339.47100830078125,934.07421875,49.25,231.86737060546875,313.24688720703125,1001.7880249023438,549.7752075195312,691.1082763671875,114.9883041381836,181.9322967529297,410.2735595703125,180.33023071289062,48.52051544189453,15.190919876098633,25.770000457763672,41.574127197265625,76.91145324707031,49.46828079223633,569.5269775390625,421.9599914550781,73.62824249267578,281.98773193359375,328.25311279296875,191.1012420654297,91.85852813720703,142.7783203125
2026-02-04,276.23150634765625,215.32363891601562,279.7099914550781,200.19000244140625,232.99000549316406,352.5554504394531,185.51593017578125,55.06869125366211,38.698570251464844,117.43000030517578,106.75918579101562,179.47430419921875,219.0630340576172,26.4372501373291,332.80572509765625,908.5186767578125,48.599998474121094,233.23011779785156,315.654541015625,1105.2752685546875,552.5704345703125,668.417724609375,117.46000671386719,179.11741638183594,413.2467956542969,174.18057250976562,45.520538330078125,15.051736831665039,26.780000686645508,40.90614700317383,78.06072235107422,51.0489616394043,564.6617431640625,406.010009765625,74.06356048583984,273.7914733886719,329.2710266113281,196.2100067138672,92.6844711303711,146.61276245117188
2026-02-05,275.6520690917969,217.21792602539062,269.3900146484375,192.5,222.69000244140625,353.50244140625,185.2289276123047,54.631160736083984,37.68174362182617,115.73999786376953,104.16934204101562,177.49368286132812,215.29107666015625,26.11159324645996,331.0169677734375,885.7484741210938,48.2400016784668,236.53256225585938,308.5807800292969,1019.1390380859375,550.9432373046875,669.63671875,118.86956024169922,174.90008544921875,392.7735290527344,171.87069702148438,41.80674362182617,14.813135147094727,26.489999771118164,39.77956008911133,73.93922424316406,49.21974563598633,541.8243408203125,397.2099914550781,72.47069549560547,266.4783020019531,328.45269775390625,194.13999938964844,91.55999755859375,145.11277770996094
2026-02-06,277.8599853515625,221.5916290283203,268.3800048828125,208.44000244140625,210.32000732421875,358.0181579589844,191.03836059570312,56.212223052978516,38.5109977722168,122.69000244140625,106.78895568847656,179.10789489746094,216.1492462158203,27.157636642456055,322.63287353515625,923.8878173828125,50.59000015258789,238.72093200683594,320.7584533691406,1056.4168701171875,547.798583984375,660.8941650390625,121.03353881835938,178.99806213378906,400.22650146484375,185.39996337890625,45.954620361328125,14.783310890197754,27.219999313354492,40.29798889160156,74.5931167602539,50.402774810791016,542.2938842773438,411.1099853515625,73.04452514648438,274.5158386230469,330.89764404296875,202.67999267578125,93.97000122070312,148.0631103515625
2026-02-09,274.6199951171875,221.42303466796875,266.8999938964844,216.0,208.72000122070312,358.52655029296875,186.07015991210938,56.092899322509766,38.71831512451172,123.7699966430664,107.86061096191406,180.8310546875,216.1991424560547,27.295793533325195,324.09185791015625,938.679931640625,50.2400016784668,237.37806701660156,320.4599914550781,1042.9293212890625,534.41162109375,676.640625,116.78500366210938,181.3752899169922,412.65814208984375,190.0297088623047,47.623416900634766,15.180978775024414,27.049999237060547,41.025787353515625,77.07988739013672,50.243709564208984,546.2200317382812,417.32000732421875,73.9151611328125,273.57318115234375,324.9100036621094,201.3800048828125,94.61000061035156,150.20880126953125
2026-02-10,273.67999267578125,220.6097869873047,264.6700134277344,213.57000732421875,206.9600067138672,362.055419921875,191.404541015625,55.07863235473633,36.49709701538086,122.1500015258789,106.66988372802734,180.4943389892578,219.28256225585938,27.493160247802734,318.3558654785156,944.0218505859375,47.130001068115234,237.08961486816406,316.659423828125,1023.2921142578125,539.4629516601562,670.1461791992188,116.28868103027344,176.9391326904297,412.328857421875,188.52978515625,47.38226318359375,15.240629196166992,27.610000610351562,41.36476135253906,77.178955078125,50.025001525878906,539.266845703125,425.2099914550781,73.83600616455078,271.1123046875,328.1700134277344,199.5,91.91000366210938,150.58628845214844
2026-02-11,275.5,219.07254028320312,257.1600036621094,213.5800018310547,204.0800018310547,352.8943786621094,202.6473388671875,53.54728698730469,38.056884765625,117.38999938964844,110.35123443603516,184.0198516845703,219.51206970214844,28.20368003845215,310.7412414550781,939.6448974609375,48.290000915527344,239.58633422851562,309.2374267578125,1013.5184326171875,536.5379638671875,668.1179809570312,118.43279266357422,175.73558044433594,403.4491271972656,190.0397186279297,47.015708923339844,15.737713813781738,27.729999542236328,40.337867736816406,79.48739624023438,51.560001373291016,526.6493530273438,428.2699890136719,76.89313507080078,276.7583923339844,329.239990234375,203.9199981689453,88.94999694824219,154.52999877929688
2026-02-12,261.7300109863281,225.62815856933594,262.5,205.94000244140625,199.60000610351562,341.7994384765625,202.40982055664062,52.22476577758789,36.71427917480469,111.1500015258789,109.97416687011719,180.6329803466797,214.48280334472656,27.24645233154297,308.7826232910156,899.8145141601562,46.47999954223633,243.25682067871094,301.09906005859375,1036.5400390625,526.5551147460938,649.254150390625,118.36331176757812,167.1616668701172,400.9248962402344,186.9298858642578,47.1989860534668,15.16109561920166,27.469999313354492,38.9620361328125,77.4959945678711,50.63999938964844,509.3164978027344,417.07000732421875,75.3101577758789,282.17626953125,324.17999267578125,196.91000366210938,86.29000091552734,149.92999267578125
2026-02-13,255.77999877929688,229.59524536132812,263.9700012207031,207.32000732421875,198.7899932861328,336.4364013671875,203.42918395996094,52.25459671020508,37.17826843261719,110.86000061035156,110.56953430175781,181.9600067138672,212.12782287597656,27.729999542236328,305.50494384765625,900.4014282226562,46.790000915527344,242.16262817382812,301.0094909667969,1040.0,517.470703125,639.2227172851562,120.51736450195312,170.2351531982422,400.4060974121094,182.80010986328125,47.816341400146484,15.101445198059082,27.579999923706055,40.16838455200195,78.04090118408203,50.38999938964844,504.3214111328125,417.44000244140625,75.97303009033203,290.92822265625,314.0799865722656,200.1699981689453,86.9800033569336,148.4499969482422
2026-02-17,263.8800048828125,230.94406127929688,260.45001220703125,203.0800018310547,201.14999389648438,343.4442443847656,207.31863403320312,52.44353103637695,37.079551696777344,113.77999877929688,107.93999481201172,180.5500030517578,205.92105102539062,27.31999969482422,301.8075256347656,911.2443237304688,46.18000030517578,242.04327392578125,305.5661926269531,1036.050048828125,521.0346069335938,638.7431030273438,120.67617797851562,170.62306213378906,395.95623779296875,184.95999145507812,47.623416900634766,14.9324369430542,27.3700008392334,40.68681335449219,77.21858978271484,49.84000015258789,501.0946044921875,410.6300048828125,75.70590209960938,286.85986328125,319.5,197.33999633789062,87.4000015258789,146.19000244140625
2026-02-18,264.3500061035156,226.83811950683594,263.1700134277344,200.1199951171875,204.7899932861328,345.1488342285156,206.51699829101562,53.06004333496094,38.037139892578125,116.2699966430664,110.5199966430664,183.8699951171875,208.11636352539062,28.25,303.1166076660156,928.8417358398438,45.459999084472656,243.6945037841797,307.2077941894531,1020.5599975585938,527.07421875,642.6697387695312,120.7655258178711,175.6460723876953,398.69000244140625,187.96981811523438,47.488372802734375,15.200861930847168,27.3700008392334,41.32488250732422,79.13072204589844,51.59000015258789,513.0527954101562,411.32000732421875,76.52706909179688,285.97674560546875,320.29998779296875,199.4600067138672,88.55999755859375,150.67999267578125
2026-02-19,260.5799865722656,222.5040740966797,259.2099914550781,203.3699951171875,204.86000061035156,341.5701599121094,208.6199951171875,52.47336196899414,38.5109977722168,115.55000305175781,111.58999633789062,184.77999877929688,210.80064392089844,28.850000381469727,302.636962890625,911.8511962890625,44.619998931884766,245.60433959960938,306.48150634765625,1023.219970703125,519.3674926757812,644.2284545898438,120.96405029296875,173.4379425048828,398.4599914550781,187.88983154296875,46.735965728759766,15.668122291564941,26.860000610351562,41.604034423828125,79.63600158691406,51.540000915527344,514.6112670898438,411.7099914550781,77.00196838378906,287.6933898925781,318.92999267578125,199.24000549316406,87.56999969482422,150.97000122070312
2026-02-20,264.5799865722656,222.9602813720703,258.6099853515625,200.14999389648438,210.11000061035156,345.08905029296875,204.1999969482422,52.7617301940918,38.18000030517578,116.0,110.52999877929688,183.92999267578125,209.0543670654297,28.81999969482422,314.7584228515625,917.411865234375,44.11000061035156,241.2077178955078,309.20758056640625,1009.52001953125,525.5068969726562,655.09912109375,121.36111450195312,174.47238159179688,397.2300109863281,189.8097381591797,45.742401123046875,15.69794750213623,26.649999618530273,41.52427673339844,79.77999877929688,50.849998474121094,510.4253845214844,411.82000732421875,77.05142974853516,287.7628479003906,320.95001220703125,200.75999450683594,88.69999694824219,147.27999877929688
2026-02-23,266.17999267578125,227.59185791015625,246.67999267578125,196.60000610351562,205.27000427246094,320.2276306152344,204.94000244140625,50.78291702270508,38.40999984741211,110.75,109.87999725341797,184.91000366210938,210.47134399414062,29.030000686645508,311.2708740234375,887.6386108398438,43.630001068115234,244.5399932861328,296.1543884277344,1058.56005859375,495.1790466308594,636.7048950195312,122.90963745117188,165.90841674804688,384.4700012207031,191.53964233398438,38.227996826171875,16.04590606689453,27.059999465942383,43.917030334472656,79.97000122070312,51.2400016784668,515.929931640625,399.8299865722656,77.00196838378906,280.16192626953125,306.5199890136719,197.38999938964844,85.1500015258789,150.75999450683594
2026-02-24,272.1400146484375,226.5604248046875,255.1699981689453,213.83999633789062,208.55999755859375,319.47003173828125,206.61000061035156,50.126625061035156,38.29999923706055,109.55999755859375,110.58999633789062,185.33999633789062,208.74502563476562,29.1200008392334,310.6813049316406,897.5464477539062,46.119998931884766,246.27999877929688,295.7862243652344,1042.1500244140625,497.1456604003906,638.7531127929688,123.01882934570312,167.88775634765625,389.0,192.83956909179688,37.224788665771484,16.443574905395508,27.139999389648438,46.87806701660156,80.77999877929688,51.849998474121094,515.0907592773438,409.3800048828125,78.26834869384766,271.836669921875,307.2200012207031,199.3300018310547,84.56999969482422,149.25999450683594
2026-02-25,274.2300109863281,225.0529327392578,257.80999755859375,210.86000061035156,210.63999938964844,326.0592041015625,205.7899932861328,51.39942932128906,38.09000015258789,114.33999633789062,110.01000213623047,184.22000122070312,209.07432556152344,29.15999984741211,312.67987060546875,916.556396484375,46.880001068115234,245.1699981689453,301.75567626953125,1028.8299560546875,508.5161437988281,653.1307983398438,121.55963897705078,172.80136108398438,400.6000061035156,195.54940795898438,36.80999755859375,16.61258316040039,27.09000015258789,47.177162170410156,82.27999877929688,51.65999984741211,513.1726684570312,417.3999938964844,78.64430236816406,282.0075988769531,312.989990234375,199.63999938964844,86.76000213623047,149.05999755859375
2026-02-26,272.95001220703125,222.84127807617188,259.0400085449219,203.67999267578125,207.9199981689453,334.2632751464844,203.97999572753906,52.00600051879883,37.9900016784668,116.19000244140625,110.69999694824219,184.16000366210938,208.9146728515625,28.950000762939453,307.1637878417969,924.136474609375,45.459999084472656,243.47000122070312,304.5712890625,1022.02001953125,513.8869018554688,656.447998046875,118.4228744506836,176.54127502441406,401.7200012207031,184.87998962402344,36.289100646972656,16.513168334960938,27.100000381469727,45.39256286621094,81.18000030517578,51.4900016784668,519.6063232421875,408.5799865722656,78.09026336669922,284.4486083984375,316.70001220703125,203.7899932861328,86.30000305175781,148.5399932861328
2026-02-27,264.17999267578125,230.17047119140625,262.4100036621094,200.2100067138672,210.0,307.926513671875,208.4499969482422,49.549888610839844,38.86000061035156,110.19000244140625,113.45999908447266,186.75999450683594,210.1919403076172,29.829999923706055,311.54071044921875,855.0700073242188,45.61000061035156,248.42999267578125,298.7709655761719,1051.989990234375,516.32275390625,647.62548828125,122.90963745117188,165.6199493408203,392.739990234375,177.180419921875,36.125118255615234,16.533048629760742,27.649999618530273,46.07051086425781,83.51000213623047,51.34000015258789,520.5953369140625,402.510009765625,79.48526000976562,291.0075988769531,320.1400146484375,204.63999938964844,81.44999694824219,152.5
2026-03-02,264.7200012207031,232.33253479003906,260.8800048828125,198.6199951171875,208.38999938964844,306.4611511230469,203.72999572753906,49.53000259399414,39.470001220703125,111.44999694824219,118.23999786376953,189.60000610351562,205.5618133544922,32.06999969482422,306.3043518066406,861.7000122070312,45.5,248.55999755859375,296.044921875,1017.969970703125,520.106201171875,653.0009155273438,120.51736450195312,166.10733032226562,398.54998779296875,182.47012329101562,36.42414855957031,17.219026565551758,27.260000228881836,45.49226379394531,84.22000122070312,51.27000045776367,508.07769775390625,403.32000732421875,80.2074966430664,292.6548156738281,320.510009765625,214.91000366210938,82.58000183105469,154.22000122070312
2026-03-03,263.75,231.93582153320312,270.989990234375,190.9499969482422,208.72999572753906,306.8499450683594,201.75999450683594,49.68910217285156,38.86000061035156,110.76000213623047,118.5199966430664,188.77000427246094,203.5760498046875,31.25,303.3664245605469,862.5800170898438,43.099998474121094,246.75,298.7311706542969,1007.72998046875,523.4205322265625,654.5196533203125,118.948974609375,165.0629425048828,403.92999267578125,180.04025268554688,35.36306381225586,16.861125946044922,26.579999923706055,46.2400016784668,82.33000183105469,48.58000183105469,507.5981750488281,392.42999267578125,77.50653839111328,286.97894287109375,320.8299865722656,217.7100067138672,82.52999877929688,151.8300018310547
2026-03-04,262.5199890136719,234.2466583251953,273.1199951171875,202.07000732421875,216.82000732421875,310.229248046875,201.52999877929688,50.017242431640625,38.84000015258789,111.31999969482422,115.6500015258789,186.02999877929688,204.2945098876953,31.579999923706055,302.9167785644531,867.25,45.58000183105469,245.3000030517578,297.8656311035156,1003.5700073242188,522.0228881835938,667.1587524414062,119.39566802978516,166.68423461914062,405.20001220703125,183.03009033203125,37.137969970703125,16.67223358154297,26.6200008392334,46.75,82.69999694824219,47.88999938964844,512.1836547851562,405.94000244140625,76.10164642333984,289.70770263671875,320.4700012207031,225.60000610351562,83.93000030517578,149.82000732421875
2026-03-05,260.2900085449219,230.43826293945312,281.739990234375,199.4499969482422,218.94000244140625,306.2418518066406,197.52000427246094,49.53000259399414,39.29999923706055,108.94999694824219,116.81999969482422,189.89999389648438,201.57032775878906,31.760000228881836,300.6683349609375,835.4600219726562,45.95000076293945,239.6300048828125,292.0553283691406,983.260009765625,523.7598876953125,660.0049438476562,115.21662139892578,161.68112182617188,410.67999267578125,183.330078125,37.68780517578125,16.63246726989746,26.610000610351562,47.63999938964844,82.94000244140625,47.400001525878906,518.3275756835938,405.54998779296875,76.2104721069336,286.5423278808594,319.79998779296875,228.02999877929688,82.11000061035156,150.75999450683594
2026-03-06,257.4599914550781,228.2166748046875,283.6199951171875,192.42999267578125,213.2100067138672,300.0514221191406,194.22000122070312,48.63999938964844,40.439998626708984,106.52999877929688,117.06999969482422,189.94000244140625,195.0841522216797,33.59000015258789,298.30999755859375,821.4199829101562,43.41999816894531,240.39999389648438,288.0060729980469,990.3300170898438,521.4439086914062,644.308349609375,114.93868255615234,159.41331481933594,408.9599914550781,177.8103790283203,37.21514129638672,17.49739646911621,27.049999237060547,46.970001220703125,84.69999694824219,46.900001525878906,501.4742431640625,396.7300109863281,77.93196105957031,284.27001953125,317.3599853515625,224.6300048828125,80.41999816894531,151.2100067138672
2026-03-09,259.8800048828125,225.5785675048828,282.44000244140625,202.67999267578125,213.49000549316406,304.4176330566406,194.9499969482422,47.900001525878906,40.650001525878906,106.58999633789062,117.02999877929688,189.44000244140625,198.37713623046875,32.43000030517578,306.3599853515625,832.030029296875,45.58000183105469,242.58999633789062,288.44384765625,1008.3900146484375,516.831787109375,646.836181640625,116.24897003173828,159.59234619140625,409.4100036621094,182.64010620117188,38.37268829345703,18.05413055419922,26.809999465942383,46.15999984741211,85.58999633789062,47.189998626708984,509.4663391113281,398.67999267578125,79.435791015625,285.1700134277344,315.9700012207031,215.9499969482422,78.83000183105469,150.44000244140625
2026-03-10,260.8299865722656,225.14218139648438,275.1300048828125,203.22999572753906,214.3300018310547,302.19464111328125,194.99000549316406,48.560001373291016,39.939998626708984,108.97000122070312,114.1500015258789,186.2899932861328,194.80474853515625,32.439998626708984,307.0400085449219,833.8099975585938,46.779998779296875,243.7100067138672,287.2598876953125,1001.3499755859375,513.8369750976562,653.510498046875,116.22911834716797,159.8907470703125,405.760009765625,184.760009765625,37.350189208984375,17.885122299194336,27.15999984741211,45.02000045776367,85.11000061035156,48.11000061035156,499.5860900878906,399.239990234375,79.22802734375,282.3399963378906,314.42999267578125,217.02000427246094,78.30000305175781,148.1300048828125
2026-03-11,260.80999755859375,225.80667114257812,273.7099914550781,204.8300018310547,212.64999389648438,305.02569580078125,193.30999755859375,48.52000045776367,41.560001373291016,109.19000244140625,117.02999877929688,191.7899932861328,194.64508056640625,33.529998779296875,308.70001220703125,823.760009765625,47.97999954223633,242.99000549316406,286.0560302734375,999.8400268554688,503.1353759765625,654.2998046875,115.3555908203125,160.02999877929688,404.8800048828125,186.02999877929688,37.456298828125,18.879291534423828,27.299999237060547,45.56999969482422,87.4000015258789,48.16999816894531,495.23040771484375,407.82000732421875,80.44493865966797,285.25,308.9599914550781,231.0500030517578,76.87999725341797,151.5800018310547
2026-03-12,255.75999450683594,223.5156707763672,269.7799987792969,197.74000549316406,209.52999877929688,300.9386291503906,192.5,47.130001068115234,42.15999984741211,105.5,120.26000213623047,196.97000122070312,185.86380004882812,34.369998931884766,303.54998779296875,787.52001953125,45.25,242.0399932861328,281.44964599609375,977.25,496.45684814453125,637.6340942382812,115.05780029296875,153.5448455810547,401.8599853515625,183.13999938964844,36.67495346069336,18.859407424926758,26.860000610351562,44.36000061035156,88.36000061035156,44.560001373291016,475.4200134277344,395.010009765625,80.55377197265625,277.04998779296875,306.5,235.80999755859375,75.25,153.52999877929688
2026-03-13,250.1199951171875,217.87249755859375,249.32000732421875,193.38999938964844,207.6699981689453,299.0146789550781,189.89999389648438,46.720001220703125,42.66999816894531,105.69000244140625,121.88999938964844,196.82000732421875,186.9215545654297,35.25,302.2799987792969,782.2100219726562,45.77000045776367,241.52000427246094,281.996826171875,985.0800170898438,497.13568115234375,613.1849975585938,114.76000213623047,154.04217529296875,395.54998779296875,180.25,36.61707305908203,18.461740493774414,26.579999923706055,44.900001525878906,89.43000030517578,44.720001220703125,464.3699951171875,391.20001220703125,81.86962127685547,282.0899963378906,307.1400146484375,230.58999633789062,74.0999984741211,156.1199951171875
2026-03-16,252.82000732421875,219.6279296875,251.86000061035156,196.5800018310547,211.74000549316406,297.26025390625,192.00999450683594,47.060001373291016,42.900001525878906,107.3499984741211,121.31999969482422,196.83999633789062,190.98289489746094,35.630001068115234,305.55999755859375,794.77001953125,45.7599983215332,243.19000244140625,284.7029724121094,989.1199951171875,507.6276550292969,627.4500122070312,115.43000030517578,154.86773681640625,399.95001220703125,183.22000122070312,37.21514129638672,19.058242797851562,26.610000610351562,45.41999816894531,90.4800033569336,44.959999084472656,470.0,395.55999755859375,81.97845458984375,285.489990234375,310.1099853515625,232.57000732421875,75.75,157.22999572753906
2026-03-17,254.22999572753906,217.9518280029297,254.1999969482422,196.30999755859375,215.1999969482422,299.3236999511719,191.2899932861328,47.279998779296875,43.849998474121094,107.70999908447266,122.87000274658203,197.97000122070312,194.79476928710938,36.939998626708984,310.9200134277344,807.0399780273438,44.060001373291016,238.11000061035156,285.42926025390625,930.3499755859375,505.7109375,622.6599731445312,115.87000274658203,156.98635864257812,399.4100036621094,181.92999267578125,37.0704460144043,19.39626121520996,27.450000762939453,46.130001068115234,91.97000122070312,46.130001068115234,472.7099914550781,399.2699890136719,85.12461853027344,287.57000732421875,308.4599914550781,235.9600067138672,76.2300033569336,158.80999755859375
2026-03-18,249.94000244140625,206.62579345703125,246.0,199.4600067138672,209.8699951171875,293.4622802734375,188.4199981689453,46.83000183105469,44.61000061035156,108.66999816894531,123.6500015258789,198.61000061035156,191.0926513671875,38.529998779296875,307.69000244140625,805.47998046875,45.029998779296875,237.27999877929688,286.27490234375,918.0499877929688,487.63201904296875,615.6799926757812,114.5,158.08045959472656,391.7900085449219,180.39999389648438,36.125118255615234,19.65474510192871,27.31999969482422,44.59000015258789,92.75,45.31999969482422,464.69000244140625,392.7799987792969,85.97547149658203,284.3299865722656,299.0199890136719,238.4600067138672,76.19000244140625,157.58999633789062
2026-03-19,248.9600067138672,204.5331573486328,245.99000549316406,205.27000427246094,208.75999450683594,294.00054931640625,188.92999267578125,47.0099983215332,45.86000061035156,109.8499984741211,126.0199966430664,201.44000244140625,189.7056121826172,40.5099983215332,307.1300048828125,809.5,46.18000030517578,237.60000610351562,286.5037536621094,917.5,490.2974548339844,606.7000122070312,114.19999694824219,157.7025146484375,389.0199890136719,178.55999755859375,35.76820755004883,19.66468620300293,27.40999984741211,44.189998626708984,91.19000244140625,47.81999969482422,470.2099914550781,380.29998779296875,89.10184478759766,280.44000244140625,299.7099914550781,242.07000732421875,76.38999938964844,158.16000366210938
2026-03-20,247.99000549316406,203.38272094726562,248.14999389648438,201.3300018310547,205.3699951171875,294.5687561035156,183.60000610351562,47.15999984741211,44.779998779296875,109.5199966430664,126.91999816894531,201.72999572753906,188.94723510742188,41.599998474121094,301.0,813.530029296875,43.869998931884766,235.3699951171875,285.1009216308594,906.7000122070312,495.4685363769531,593.6599731445312,114.18000030517578,160.60690307617188,381.8699951171875,172.6999969482422,35.23766326904297,18.690399169921875,26.969999313354492,44.0099983215332,90.44000244140625,46.630001068115234,474.3900146484375,367.9599914550781,87.8057861328125,275.5899963378906,301.6199951171875,239.86000061035156,77.5999984741211,159.6699981689453
2026-03-23,251.49000549316406,203.2438507080078,247.63999938964844,202.67999267578125,210.13999938964844,300.95855712890625,184.07000732421875,47.52000045776367,43.56999969482422,111.63999938964844,127.19000244140625,205.2100067138672,189.59585571289062,39.369998931884766,302.05999755859375,831.27001953125,44.0099983215332,235.4199981689453,288.4338684082031,910.5499877929688,499.5215759277344,604.0599975585938,115.68000030517578,163.44166564941406,383.0,175.63999938964844,35.51740264892578,19.15765953063965,26.770000457763672,45.4900016784668,90.70999908447266,49.25,478.1199951171875,380.8500061035156,88.19163513183594,269.5400085449219,304.44000244140625,237.38999938964844,78.27999877929688,161.1300048828125
2026-03-24,251.63999938964844,203.5116424560547,238.8699951171875,205.3699951171875,207.24000549316406,301.04827880859375,185.77999877929688,48.13999938964844,44.790000915527344,113.73999786376953,129.35000610351562,206.7899932861328,189.69564819335938,39.95000076293945,290.44000244140625,835.719970703125,44.060001373291016,235.27000427246094,290.91119384765625,903.02001953125,498.0740661621094,592.9199829101562,116.37000274658203,164.98336791992188,372.739990234375,175.1999969482422,35.58492660522461,19.63486099243164,26.959999084472656,44.209999084472656,91.12000274658203,50.5099983215332,490.2900085449219,383.0299987792969,87.8453598022461,272.2799987792969,303.760009765625,241.75,79.61000061035156,165.3800048828125
2026-03-25,252.6199951171875,205.475341796875,237.25,220.27000427246094,211.7100067138672,299.2938232421875,187.13999938964844,48.75,45.40999984741211,114.4800033569336,128.92999267578125,205.14999389648438,186.7519073486328,40.439998626708984,290.92999267578125,841.8400268554688,47.18000030517578,239.92999267578125,293.91583251953125,916.3099975585938,501.8974914550781,594.8900146484375,119.37000274658203,164.76454162597656,371.0400085449219,178.67999267578125,35.044742584228516,19.704452514648438,27.280000686645508,44.849998474121094,91.87999725341797,51.88999938964844,490.7699890136719,385.95001220703125,88.31036376953125,270.54998779296875,304.9100036621094,234.5399932861328,80.26000213623047,163.25999450683594
2026-03-26,252.88999938964844,209.38291931152344,240.8800048828125,203.77000427246094,207.5399932861328,298.4465026855469,183.39999389648438,48.2400016784668,46.16999816894531,112.41000366210938,133.25,207.7899932861328,187.64999389648438,41.119998931884766,280.9200134277344,822.6400146484375,44.099998474121094,239.24000549316406,290.1749572753906,897.0,499.89093017578125,547.5399780273438,118.93000030517578,162.35748291015625,365.9700012207031,171.24000549316406,35.112266540527344,20.21147918701172,27.56999969482422,45.20000076293945,92.16000366210938,52.310001373291016,488.8500061035156,372.1099853515625,88.9930191040039,268.04998779296875,305.5299987792969,248.13999938964844,79.0199966430664,165.42999267578125
2026-03-27,248.8000030517578,207.6770782470703,234.83999633789062,201.99000549316406,199.33999633789062,291.34893798828125,188.4199981689453,46.970001220703125,46.68000030517578,107.37999725341797,133.8000030517578,211.14999389648438,181.52000427246094,41.529998779296875,274.3399963378906,802.8900146484375,43.130001068115234,240.4499969482422,281.3998718261719,878.239990234375,483.4092712402344,525.719970703125,119.62999725341797,157.54336547851562,356.7699890136719,167.52000427246094,34.76499938964844,20.648914337158203,27.040000915527344,43.59000015258789,92.16999816894531,53.5,473.3599853515625,361.8299865722656,88.91387176513672,259.0199890136719,295.5199890136719,254.32000732421875,77.19000244140625,170.99000549316406
2026-03-30,246.6300048828125,211.36647033691406,241.1300048828125,196.0399932861328,200.9499969482422,296.552490234375,193.8800048828125,47.22999954223633,47.349998474121094,107.2699966430664,132.88999938964844,210.7100067138672,183.88999938964844,42.400001525878906,273.5,807.5999755859375,41.189998626708984,242.49000549316406,282.32513427734375,886.6300048828125,493.15252685546875,536.3800048828125,118.0999984741211,157.52346801757812,358.9599914550781,165.1699981689453,35.290000915527344,20.68868064880371,27.770000457763672,44.66999816894531,92.73999786376953,51.529998779296875,480.04998779296875,355.2799987792969,90.57600402832031,261.7900085449219,299.5400085449219,250.27000427246094,76.80000305175781,171.47000122070312
2026-03-31,253.7899932861328,215.7005157470703,243.0800018310547,203.42999267578125,208.27000427246094,301.5267639160156,197.22000122070312,48.75,47.0,113.41000366210938,132.0,206.89999389648438,189.60000610351562,42.20000076293945,287.55999755859375,845.989990234375,44.130001068115234,244.44000244140625,292.6622314453125,919.77001953125,498.8028259277344,572.1300048828125,120.29000091552734,163.69033813476562,370.1700134277344,174.39999389648438,36.75,20.629032135009766,28.079999923706055,45.22999954223633,93.0,51.38999938964844,491.5299987792969,371.75,90.9800033569336,270.5899963378906,302.239990234375,247.0800018310547,79.61000061035156,169.66000366210938
2026-04-01,255.6300048828125,213.21116638183594,241.3699951171875,210.2100067138672,210.57000732421875,300.5000305175781,200.72999572753906,49.27000045776367,46.16999816894531,115.30000305175781,128.3800048828125,197.41000366210938,190.7899932861328,40.38999938964844,297.3900146484375,860.2100219726562,48.029998779296875,244.1199951171875,293.87603759765625,954.52001953125,490.8065490722656,579.22998046875,120.83999633789062,165.28176879882812,369.3699951171875,175.75,36.47999954223633,19.962936401367188,28.549999237060547,44.630001068115234,92.02999877929688,50.029998779296875,494.5400085449219,381.260009765625,89.77999877929688,273.9800109863281,298.510009765625,241.4600067138672,80.56999969482422,160.77999877929688
2026-04-02,255.9199981689453,207.12168884277344,242.9199981689453,217.5,209.77000427246094,300.17999267578125,203.49000549316406,49.380001068115234,47.119998931884766,115.25,130.52000427246094,198.97000122070312,191.1199951171875,41.75,295.7699890136719,863.0399780273438,50.380001068115234,243.0399932861328,293.1000061035156,935.5800170898438,492.5934753417969,574.4600219726562,120.87000274658203,164.92369079589844,373.4599914550781,177.38999938964844,36.97999954223633,20.44013786315918,28.31999969482422,45.34000015258789,93.0999984741211,49.439998626708984,491.4599914550781,360.5899963378906,92.38999938964844,277.260009765625,300.79998779296875,244.08999633789062,80.5999984741211,160.69000244140625
2026-04-06,258.8599853515625,204.9893798828125,244.36000061035156,220.17999267578125,212.7899932861328,305.7300109863281,202.8300018310547,50.060001373291016,47.47999954223633,117.36000061035156,131.63999938964844,198.86000061035156,192.1199951171875,41.95000076293945,299.989990234375,866.0499877929688,50.779998779296875,240.97000122070312,295.45001220703125,927.0599975585938,500.6396484375,573.02001953125,120.8499984741211,165.6597442626953,372.8800048828125,177.63999938964844,36.66999816894531,20.73838996887207,27.829999923706055,45.47999954223633,93.63999938964844,49.779998779296875,488.19000244140625,352.82000732421875,92.25,281.3599853515625,303.3299865722656,245.5800018310547,81.8499984741211,163.3699951171875
2026-04-07,253.5,204.67201232910156,240.13999938964844,221.52999877929688,213.77000427246094,307.0299987792969,200.80999755859375,50.279998779296875,47.2400016784668,117.12999725341797,131.77000427246094,201.5399932861328,191.00999450683594,42.06999969482422,305.4599914550781,864.1500244140625,52.90999984741211,238.41000366210938,297.3999938964844,931.0900268554688,497.4251708984375,575.0499877929688,119.27999877929688,167.52969360351562,372.2900085449219,178.10000610351562,36.90999984741211,20.589263916015625,27.100000381469727,44.869998931884766,94.1500015258789,50.349998474121094,489.5,346.6499938964844,91.37000274658203,307.7300109863281,302.54998779296875,251.49000549316406,81.75,163.91000366210938
2026-04-08,258.8999938964844,209.84906005859375,239.30999755859375,231.82000732421875,221.25,316.3399963378906,204.27000427246094,51.880001068115234,45.88999938964844,123.48999786376953,125.22000122070312,192.88999938964844,196.19000244140625,39.33000183105469,317.32000732421875,905.75,58.95000076293945,241.3000030517578,307.9700012207031,953.2999877929688,506.25,612.4199829101562,123.18000030517578,175.07913208007812,374.3299865722656,182.0800018310547,37.61000061035156,19.8635196685791,27.469999313354492,45.849998474121094,92.01000213623047,51.880001068115234,503.4599914550781,343.25,89.44999694824219,305.9800109863281,308.9599914550781,239.63999938964844,84.66000366210938,156.22000122070312
2026-04-09,260.489990234375,210.6523895263672,229.94000244140625,236.63999938964844,233.64999389648438,317.7699890136719,204.99000549316406,52.709999084472656,45.900001525878906,124.91999816894531,123.47000122070312,190.36000061035156,192.99000549316406,38.54999923706055,318.489990234375,903.719970703125,61.720001220703125,241.30999755859375,310.3299865722656,955.1900024414062,503.57000732421875,628.3900146484375,122.68000030517578,177.2076873779297,373.07000732421875,183.91000366210938,37.439998626708984,20.569381713867188,27.219999313354492,45.97999954223633,91.08999633789062,52.540000915527344,500.4599914550781,345.6199951171875,89.93000030517578,306.9100036621094,308.2900085449219,235.10000610351562,86.0199966430664,155.0399932861328
2026-04-10,260.4800109863281,206.22909545898438,225.35000610351562,245.0399932861328,238.3800048828125,313.5,204.02999877929688,52.540000915527344,46.439998626708984,124.38999938964844,122.55000305175781,188.5500030517578,189.61000061035156,38.959999084472656,317.239990234375,907.7999877929688,62.380001068115234,238.4600067138672,309.8699951171875,939.469970703125,498.6600036621094,629.8599853515625,121.41999816894531,176.69046020507812,370.8699951171875,188.6300048828125,37.52000045776367,21.384601593017578,26.920000076293945,45.2400016784668,92.20999908447266,51.91999816894531,496.1099853515625,348.95001220703125,92.6500015258789,304.3299865722656,304.3599853515625,238.82000732421875,85.4000015258789,152.50999450683594
2026-04-13,259.20001220703125,204.7711944580078,240.11000061035156,246.8300018310547,239.88999938964844,323.82000732421875,202.24000549316406,53.349998474121094,46.439998626708984,126.27999877929688,123.62000274658203,191.77999877929688,195.8699951171875,39.20000076293945,321.30999755859375,890.7899780273438,65.18000030517578,237.9600067138672,313.67999267578125,929.5499877929688,508.5799865722656,634.530029296875,120.1500015258789,180.1717529296875,384.3699951171875,189.30999755859375,37.97999954223633,21.8419189453125,27.34000015258789,47.5099983215332,92.5999984741211,51.91999816894531,514.22998046875,352.4200134277344,93.44000244140625,313.0,309.3900146484375,242.0800018310547,86.63999938964844,152.63999938964844
2026-04-14,258.8299865722656,208.52999877929688,235.72000122070312,255.07000732421875,249.02000427246094,326.9599914550781,204.3800048828125,53.349998474121094,46.16999816894531,129.5800018310547,118.79000091552734,187.02000427246094,198.61000061035156,38.0,332.9100036621094,909.6300048828125,63.810001373291016,240.10000610351562,311.1199951171875,922.5,513.1599731445312,662.489990234375,119.95999908447266,182.3599853515625,393.1099853515625,196.50999450683594,39.31999969482422,20.887516021728516,27.110000610351562,47.970001220703125,91.36000061035156,51.4900016784668,527.219970703125,364.20001220703125,90.98999786376953,314.19000244140625,311.3699951171875,235.5800018310547,81.69999694824219,149.24000549316406
2026-04-15,266.42999267578125,208.4199981689453,244.66000366210938,258.1199951171875,248.5,329.05999755859375,201.2100067138672,54.31999969482422,46.119998931884766,131.69000244140625,118.91999816894531,184.91000366210938,198.13999938964844,36.81999969482422,337.1199951171875,899.489990234375,64.94000244140625,238.6699981689453,305.92999267578125,905.030029296875,519.9600219726562,671.5800170898438,117.9000015258789,190.59573364257812,411.2200012207031,198.8699951171875,40.810001373291016,20.420255661010742,27.190000534057617,49.56999969482422,89.83999633789062,52.41999816894531,531.6699829101562,391.95001220703125,87.05999755859375,314.04998779296875,315.9100036621094,235.0,80.29000091552734,149.00999450683594
2026-04-16,263.3999938964844,208.99000549316406,248.16000366210938,278.260009765625,249.6999969482422,325.760009765625,200.47000122070312,53.5099983215332,47.630001068115234,129.33999633789062,121.56999969482422,188.14999389648438,193.77999877929688,38.27000045776367,336.0199890136719,900.0,68.5,234.5399932861328,309.95001220703125,903.989990234375,518.5399780273438,676.8699951171875,115.45999908447266,186.3187255859375,420.260009765625,198.35000610351562,40.93000030517578,21.374658584594727,27.219999313354492,49.810001373291016,91.5,51.72999954223633,516.0,388.8999938964844,90.73999786376953,316.3999938964844,315.1000061035156,241.74000549316406,81.25,151.97999572753906
2026-04-17,270.2300109863281,208.3800048828125,244.4499969482422,278.3900146484375,250.55999755859375,331.69000244140625,204.8000030517578,53.90999984741211,44.59000015258789,132.17999267578125,116.04000091552734,183.99000549316406,194.75,35.470001220703125,341.67999267578125,925.9500122070312,68.5,234.17999267578125,310.2900085449219,927.030029296875,521.2999877929688,688.5499877929688,119.06999969482422,187.8107147216797,422.7900085449219,201.67999267578125,40.52000045776367,20.330781936645508,27.559999465942383,50.810001373291016,87.80999755859375,52.65999984741211,526.5999755859375,400.6199951171875,87.06999969482422,324.6300048828125,317.0199890136719,223.64999389648438,81.41000366210938,146.44000244140625
2026-04-20,273.04998779296875,203.7100067138672,248.6300048828125,274.95001220703125,248.27999877929688,329.8699951171875,200.69000244140625,53.95000076293945,45.119998931884766,133.0500030517578,116.44999694824219,183.25,195.5,36.0099983215332,337.4200134277344,941.739990234375,65.69999694824219,230.69000244140625,316.989990234375,919.9000244140625,516.6500244140625,670.9099731445312,117.0999984741211,189.68064880371094,418.07000732421875,202.05999755859375,40.459999084472656,20.638973236083984,27.520000457763672,51.459999084472656,88.0,52.20000076293945,526.02001953125,392.5,87.30999755859375,323.4800109863281,313.94000244140625,226.27999877929688,81.97000122070312,147.67999267578125
2026-04-21,266.1700134277344,205.1199951171875,247.17999267578125,284.489990234375,249.91000366210938,329.7900085449219,195.77999877929688,53.47999954223633,45.90999984741211,131.67999267578125,120.26000213623047,185.97999572753906,194.5399932861328,37.650001525878906,332.2900085449219,926.5499877929688,66.26000213623047,226.16000366210938,313.0,903.02001953125,511.3500061035156,668.8400268554688,112.55999755859375,188.29808044433594,424.1600036621094,199.8800048828125,39.41999816894531,21.02669906616211,27.309999465942383,50.880001068115234,88.66000366210938,52.77000045776367,524.5700073242188,386.4200134277344,88.37000274658203,346.010009765625,309.94000244140625,233.38999938964844,81.55000305175781,148.36000061035156
2026-04-22,273.1700134277344,200.5,255.94000244140625,303.4599914550781,255.36000061035156,332.8999938964844,194.80999755859375,53.119998931884766,46.369998931884766,129.72999572753906,122.5999984741211,186.32000732421875,184.0399932861328,37.970001220703125,339.32000732421875,934.8400268554688,65.2699966430664,226.10000610351562,313.0199890136719,921.47998046875,510.1600036621094,674.719970703125,112.88999938964844,190.02879333496094,432.9200134277344,202.5,39.150001525878906,21.0565242767334,26.799999237060547,51.220001220703125,89.48999786376953,54.349998474121094,513.97998046875,387.510009765625,89.56999969482422,353.5199890136719,311.2900085449219,234.36000061035156,80.58000183105469,149.5
2026-04-23,273.42999267578125,200.9499969482422,238.97999572753906,305.3299865722656,255.0800018310547,318.54998779296875,192.3000030517578,52.470001220703125,46.349998474121094,128.50999450683594,124.37000274658203,187.60000610351562,178.57000732421875,38.61000061035156,338.8900146484375,931.2999877929688,66.77999877929688,230.64999389648438,311.69000244140625,917.6500244140625,502.3800048828125,659.1500244140625,114.62000274658203,187.6416015625,415.75,199.63999938964844,38.52000045776367,21.145999908447266,26.670000076293945,49.75,89.2699966430664,54.7400016784668,466.70001220703125,373.7200012207031,90.47000122070312,354.55999755859375,308.8800048828125,233.8300018310547,80.51000213623047,150.52999877929688
2026-04-24,271.05999755859375,198.7100067138672,245.44000244140625,347.80999755859375,263.989990234375,314.0799865722656,189.75,52.04999923706055,46.25,127.9800033569336,121.76000213623047,185.2100067138672,177.25,37.939998626708984,344.3999938964844,926.9099731445312,82.54000091552734,227.5,308.2799987792969,883.9600219726562,504.1700134277344,675.030029296875,111.9000015258789,187.06471252441406,424.6199951171875,208.27000427246094,41.16999816894531,20.8700008392334,27.0,50.47999954223633,89.12999725341797,56.150001525878906,469.7099914550781,376.29998779296875,89.7300033569336,354.9200134277344,309.4200134277344,235.85000610351562,79.41999816894531,148.91000366210938
2026-04-27,267.6099853515625,197.3800048828125,239.30999755859375,334.6300048828125,261.1199951171875,318.8399963378906,187.50999450683594,52.630001068115234,45.970001220703125,129.13999938964844,121.68000030517578,184.77999877929688,180.6199951171875,38.04999923706055,350.3399963378906,937.8099975585938,84.98999786376953,225.33999633789062,311.6300048828125,868.27001953125,506.42999267578125,678.6199951171875,110.2300033569336,189.16342163085938,424.82000732421875,216.61000061035156,41.20000076293945,20.959999084472656,26.790000915527344,49.77000045776367,86.91000366210938,55.22999954223633,468.0400085449219,378.6700134277344,88.73999786376953,354.69000244140625,309.6499938964844,238.25,80.55999755859375,148.19000244140625
2026-04-28,270.7099914550781,197.69000244140625,243.1999969482422,323.2099914550781,259.70001220703125,315.8999938964844,186.67999267578125,52.65999984741211,46.349998474121094,128.52999877929688,124.31999969482422,188.36000061035156,178.97999572753906,38.5099983215332,349.7799987792969,926.5499877929688,84.5199966430664,227.7899932861328,311.45001220703125,874.0,507.6199951171875,671.3400268554688,110.02999877929688,189.34246826171875,429.25,213.1699981689453,41.16999816894531,21.229999542236328,26.479999542236328,49.63999938964844,87.58999633789062,55.650001525878906,470.2200012207031,376.0199890136719,91.02999877929688,366.7699890136719,309.29998779296875,240.27000427246094,81.5,150.55999755859375
2026-04-29,270.1700134277344,203.88999938964844,243.57000732421875,337.1099853515625,263.0400085449219,315.6499938964844,185.1999969482422,52.880001068115234,46.79999923706055,127.61000061035156,128.25,192.22000122070312,178.8000030517578,40.06999969482422,349.94000244140625,905.5999755859375,94.75,227.35000610351562,309.25,851.2100219726562,525.22998046875,669.1199951171875,110.94999694824219,186.0800018310547,424.4599914550781,209.25,40.290000915527344,21.850000381469727,26.260000228881836,50.939998626708984,88.91000366210938,55.70000076293945,466.260009765625,372.79998779296875,92.23999786376953,370.739990234375,334.8599853515625,251.3000030517578,81.51000213623047,154.6699981689453
2026-04-30,271.3500061035156,211.32000732421875,246.10000610351562,354.489990234375,265.05999755859375,323.04998779296875,187.3699951171875,53.459999084472656,47.380001068115234,127.9800033569336,125.77999877929688,193.30999755859375,178.9499969482422,40.75,384.79998779296875,923.77001953125,94.4800033569336,229.85000610351562,313.2300109863281,934.5999755859375,502.9200134277344,611.9099731445312,109.18000030517578,190.58999633789062,407.7799987792969,199.57000732421875,42.220001220703125,22.030000686645508,26.700000762939453,50.13999938964844,90.66999816894531,56.880001068115234,478.9599914550781,381.6300048828125,92.70999908447266,370.4800109863281,329.8399963378906,252.5800018310547,82.2300033569336,154.3300018310547
2026-05-01,280.1400146484375,206.60000610351562,250.7100067138672,360.5400085449219,268.260009765625,319.67999267578125,184.74000549316406,53.2400016784668,46.40999984741211,127.44000244140625,123.19000244140625,190.6300048828125,175.14999389648438,39.709999084472656,385.69000244140625,923.7100219726562,99.62000274658203,227.19000244140625,312.4700012207031,963.3300170898438,495.4599914550781,608.75,112.16000366210938,190.1699981689453,414.44000244140625,198.4499969482422,43.880001068115234,21.899999618530273,26.329999923706055,50.439998626708984,88.9800033569336,56.91999816894531,469.2099914550781,390.82000732421875,92.77999877929688,368.7799987792969,328.0299987792969,246.8699951171875,80.80999755859375,152.75
