Lead,Lag,Freq,AvgWeight,Score
MA,V,76.41509433962264,0.604101005002214,46.162435287905026
V,MA,65.09433962264151,0.62273503304908,40.5365257362137
DHR,TMO,59.43396226415094,0.5680870926511535,33.76366682737988
AAPL,CVX,58.490566037735846,0.5904672931713665,34.53676620436294
MSFT,ADBE,52.83018867924528,0.6114842871115215,32.30483026249547
CVX,XOM,51.886792452830186,0.6044471823122248,31.36282549733242
PYPL,V,50.943396226415096,0.5831057469934416,29.70538711098665
META,GOOGL,50.943396226415096,0.5805234170495472,29.5738344534675
TMO,DHR,49.056603773584904,0.6054866730444646,29.70311980972845
XOM,CVX,47.16981132075472,0.614964779321909,29.007772609524007
GOOGL,AAPL,47.16981132075472,0.6067965022738221,28.622476522350098
AAPL,ADBE,46.22641509433962,0.5906486101070425,27.303567825702906
ADBE,MA,46.22641509433962,0.5819727840559558,26.902515489379088
ADBE,V,44.339622641509436,0.5614988909627431,24.89664893891408
INTC,AMD,43.39622641509434,0.6213511229102993,26.96429401308846
AAPL,GOOGL,43.39622641509434,0.6043708361469747,26.227413644113998
AMZN,AAPL,42.45283018867924,0.5823567687329424,24.722693012247554
JNJ,INTC,42.45283018867924,0.5764790943595284,24.473169100168658
AMD,INTC,41.509433962264154,0.6101255393388155,25.325965783875365
AAPL,XOM,41.509433962264154,0.6066030701726517,25.179750082638375
ADBE,PYPL,41.509433962264154,0.5779580341628353,23.990710852042223
AMZN,GOOGL,41.509433962264154,0.5611513510796774,23.293074950477177
JPM,WFC,40.56603773584906,0.588440701216832,23.870707690871487
AAPL,AMZN,40.56603773584906,0.5567418410509533,22.584810533199047
AMZN,TTE,40.56603773584906,0.5336564036392222,21.648325808006184
INTC,GS,39.62264150943396,0.5932977902598624,23.50802565180587
NVDA,AAPL,39.62264150943396,0.5900155955549425,23.377976427648665
AZN,AMD,39.62264150943396,0.5846364192192479,23.164839252083407
SLB,MSFT,39.62264150943396,0.5832537626709825,23.110054747340815
AMD,GS,39.62264150943396,0.5810005981314601,23.020778416529552
NVDA,GOOGL,39.62264150943396,0.5720940396244031,22.66787704172163
GS,C,39.62264150943396,0.5711119280122068,22.628963185389324
NVO,CVX,39.62264150943396,0.5707668690404869,22.615291037453254
MA,ABBV,39.62264150943396,0.5622701924760402,22.278630267918572
GOOGL,AMZN,39.62264150943396,0.5615057120650868,22.248339534654384
AAPL,BAC,39.62264150943396,0.5596226740247265,22.17372859343256
PFE,JNJ,39.62264150943396,0.547785893009685,21.704724062647898
MSFT,CVX,38.67924528301887,0.585485902226787,22.6461528219795
JPM,VLO,38.67924528301887,0.5790872257005678,22.39865684313517
LLY,MSFT,38.67924528301887,0.5780971198277977,22.360360295226137
GOOGL,ABBV,38.67924528301887,0.575186323546371,22.247772891887937
CVX,JPM,38.67924528301887,0.5716633015249164,22.11150505898262
NVO,TSLA,38.67924528301887,0.5703949136324747,22.062444772576857
AAPL,ABBV,38.67924528301887,0.5687906315321477,22.00039235171515
GS,AMZN,38.67924528301887,0.552819236887784,21.382630860753913
UNH,AXP,38.67924528301887,0.5464502154552477,21.136281918552037
WFC,JPM,37.735849056603776,0.5938609673863802,22.40984782590114
BAC,PBR,37.735849056603776,0.592817342194395,22.370465743184717
SLB,UNH,37.735849056603776,0.5891473697314142,22.231976216279783
WFC,LLY,37.735849056603776,0.5877667302173146,22.179876611974137
ADBE,XOM,37.735849056603776,0.5800700295345144,21.889435076774127
ADBE,CVX,37.735849056603776,0.579697275306932,21.875368879506873
GOOGL,JNJ,37.735849056603776,0.5709211406901273,21.54419398830669
SLB,SHEL,37.735849056603776,0.5707504966547707,21.537754590746065
V,JNJ,37.735849056603776,0.5670483579089546,21.398051241847345
MS,ADBE,37.735849056603776,0.5606204459800065,21.155488527547416
TTE,SHEL,37.735849056603776,0.5579766516451394,21.055722703590167
C,NVDA,37.735849056603776,0.5578469979852417,21.050830112650633
TTE,TSLA,37.735849056603776,0.5574909209118327,21.037393241955954
GS,MS,37.735849056603776,0.548259017503033,20.68901952841634
AMD,AZN,37.735849056603776,0.5454545452826173,20.583190388023294
AMZN,BAC,37.735849056603776,0.5324086795108934,20.09089356644881
AAPL,V,36.79245283018868,0.6055592940008065,22.280011760407035
JPM,INTC,36.79245283018868,0.6040907102593842,22.22597896237357
INTC,JNJ,36.79245283018868,0.5993299206843901,22.050817836501142
CVX,WFC,36.79245283018868,0.5948956442228174,21.887669928952715
AAPL,MA,36.79245283018868,0.5916099965748851,21.766782892849548
MSFT,PYPL,36.79245283018868,0.590433741072851,21.723505567774705
JNJ,AMD,36.79245283018868,0.5838397634020256,21.480896955357544
MSFT,UNH,36.79245283018868,0.5836692127926505,21.474621980106953
AAPL,MRK,36.79245283018868,0.5802044917948618,21.347146396226048
JPM,PFE,36.79245283018868,0.5783093764905348,21.27742045578383
INTC,C,36.79245283018868,0.576676994387148,21.217361114244127
V,INTC,36.79245283018868,0.5738281459151995,21.112544991219604
TTE,NVO,36.79245283018868,0.5697065078979244,20.9608998188859
INTC,WFC,36.79245283018868,0.5609505189763709,20.638745509507988
GS,SLB,36.79245283018868,0.5530904106323664,20.34955284402103
META,TTE,36.79245283018868,0.5506772913810715,20.260768267794138
EQNR,JNJ,36.79245283018868,0.5486111550351469,20.18475004374597
JNJ,AZN,36.79245283018868,0.5435689163080374,19.999233713220242
MRK,AMZN,36.79245283018868,0.5431162495241886,19.982578991927692
GOOGL,BAC,36.79245283018868,0.5379014050403982,19.790712072241064
MSFT,TSLA,36.79245283018868,0.5339890672140086,19.646767567307865
MS,UNH,36.79245283018868,0.5309031386920349,19.53322868772581
ADBE,MSFT,35.84905660377358,0.6302204556605571,22.59280878783129
PYPL,MA,35.84905660377358,0.6051967105865242,21.69573113423389
V,PYPL,35.84905660377358,0.59726301084688,21.411315483190037
AXP,SLB,35.84905660377358,0.5848572126549906,20.966579321594
INTC,SHEL,35.84905660377358,0.5782050385368898,20.728105155096046
CVX,MSFT,35.84905660377358,0.577999212635432,20.720726490704163
GS,NVO,35.84905660377358,0.5723285552697862,20.517438773822523
WFC,TTE,35.84905660377358,0.5695739714573671,20.418689542811272
AAPL,PFE,35.84905660377358,0.5662218366360696,20.2985186718591
AAPL,JNJ,35.84905660377358,0.5623402477892402,20.159367373576533
SHEL,BP,35.84905660377358,0.5623091009854169,20.158250790043244
ABBV,BAC,35.84905660377358,0.5594723800861517,20.056557021956383
COP,MRK,35.84905660377358,0.547690895123187,19.63420190064255
COP,V,35.84905660377358,0.5473513780535826,19.622030533996355
JNJ,VLO,35.84905660377358,0.5453507904671128,19.550311356368194
JPM,C,35.84905660377358,0.5356588555999289,19.20286463471443
JPM,LLY,34.90566037735849,0.6001744938372289,20.949487049035344
GOOGL,META,34.90566037735849,0.590458754035399,20.61035273519789
PBR,MS,34.90566037735849,0.5786056561855737,20.196612527232286
NVO,GS,34.90566037735849,0.5768896470644947,20.136714095647456
WFC,MRK,34.90566037735849,0.5761846297286818,20.112104999963417
SHEL,MSFT,34.90566037735849,0.5724352477990445,19.981230347702496
UNH,ADBE,34.90566037735849,0.5718235616155128,19.959879037522615
MSFT,XOM,34.90566037735849,0.5716896452466816,19.955204598233227
COP,XOM,34.90566037735849,0.5653094097177952,19.73249826373436
AMD,PBR,34.90566037735849,0.5648079151546455,19.71499326483196
AMZN,TMO,34.90566037735849,0.564680969812609,19.71056215383635
NVDA,BAC,34.90566037735849,0.5643012323924389,19.697307168415318
MRK,WFC,34.90566037735849,0.5636792778220044,19.675597433409585
AMD,MS,34.90566037735849,0.5634734712753688,19.668413619989288
GOOGL,JPM,34.90566037735849,0.5634032273575107,19.665961709648958
ADBE,UNH,34.90566037735849,0.563326876719447,19.66329664020711
JPM,JNJ,34.90566037735849,0.5624319340944602,19.6320580768821
DHR,BP,34.90566037735849,0.5567592081019386,19.434047829973327
AAPL,MSFT,34.90566037735849,0.5544753783800541,19.35432924534151
PFE,AMD,34.90566037735849,0.5522213116346228,19.275649557057587
TTE,UNH,34.90566037735849,0.551828803912664,19.2619488158194
TMO,V,34.90566037735849,0.551184663678798,19.239464675580685
ADBE,TMO,34.90566037735849,0.5503897398858815,19.211717335639257
COP,CVX,34.90566037735849,0.5502714268558111,19.207587541193405
XOM,ABBV,34.90566037735849,0.5457540832573511,19.049906679737724
NVDA,PBR,34.90566037735849,0.5439341230958097,18.98637976843864
JNJ,CVX,34.90566037735849,0.5437515848538536,18.980008150559037
MRK,LLY,34.90566037735849,0.5427326035625964,18.944439935675533
C,SHEL,34.90566037735849,0.5393942522725544,18.827912579325012
VLO,META,34.90566037735849,0.5377724165676511,18.771301333021782
PFE,BAC,34.90566037735849,0.5305506145273391,18.519219563690136
NVDA,ABBV,34.90566037735849,0.525801797134849,18.353458956593784
CVX,MRK,33.9622641509434,0.5967083561806891,20.26556681368378
META,XOM,33.9622641509434,0.5821838819745773,19.772282784042247
ABBV,XOM,33.9622641509434,0.5766798500777035,19.585353398865404
V,ABBV,33.9622641509434,0.5766052095469637,19.58281843744405
VLO,BAC,33.9622641509434,0.5741069807321119,19.497972930524554
C,MSFT,33.9622641509434,0.5701318039180675,19.362966925519274
NVDA,XOM,33.9622641509434,0.5685119364696685,19.307952559347232
SLB,GOOGL,33.9622641509434,0.5642665720829464,19.16377037262837
JPM,AZN,33.9622641509434,0.562841412024841,19.115368710277618
META,ABBV,33.9622641509434,0.5617592062949175,19.078614553412294
SLB,ADBE,33.9622641509434,0.5612264898641931,19.060522297274485
JPM,CVX,33.9622641509434,0.5603008399793175,19.029085131373048
DHR,SHEL,33.9622641509434,0.5588829868886938,18.980931630182052
JPM,AMD,33.9622641509434,0.5560557061863832,18.884910776141318
XOM,V,33.9622641509434,0.555060131483739,18.85109880510812
PYPL,TSLA,33.9622641509434,0.5541668552380368,18.820761121291817
ABBV,AAPL,33.9622641509434,0.5532362141617114,18.789154443227936
MA,TMO,33.9622641509434,0.552678859757153,18.77022542571463
META,AMZN,33.9622641509434,0.5500670251928717,18.681521610323944
GS,JPM,33.9622641509434,0.5490257225569809,18.646156615142747
JPM,GOOGL,33.9622641509434,0.5447647648696963,18.501444844631195
BP,PFE,33.9622641509434,0.5430135008435348,18.441967953176654
CVX,COP,33.9622641509434,0.5421046511135033,18.41110135857181
BP,C,33.9622641509434,0.5419786090222156,18.40682068377336
JNJ,WFC,33.9622641509434,0.5393678230593029,18.318152481259343
GOOGL,PBR,33.9622641509434,0.537622707401074,18.258884402300627
BP,TSLA,33.9622641509434,0.5371919864315707,18.244256142959006
ABBV,JPM,33.9622641509434,0.532167740147346,18.073621363494773
INTC,PFE,33.9622641509434,0.5258566412072704,17.859282154209183
NVO,TMO,33.9622641509434,0.5250667618153675,17.832456061653993
TMO,MA,33.9622641509434,0.5201629155994272,17.66591034111262
ADBE,AAPL,33.0188679245283,0.6263724817304007,20.682110245815117
AMD,SLB,33.0188679245283,0.6151072367509237,20.310144609700313
INTC,JPM,33.0188679245283,0.6093220709251123,20.11912498337635
SHEL,GOOGL,33.0188679245283,0.6079759959723496,20.074679112294564
MRK,AAPL,33.0188679245283,0.6022106919909586,19.884315301588252
V,AXP,33.0188679245283,0.6001407417252308,19.815967887153846
AAPL,JPM,33.0188679245283,0.5978617491830173,19.74071813340151
AXP,SHEL,33.0188679245283,0.5959250947155524,19.676771995324845
INTC,PBR,33.0188679245283,0.5942429746910416,19.621230296402317
META,TSLA,33.0188679245283,0.5926627029774527,19.569051513406457
AMZN,SLB,33.0188679245283,0.5922593857080853,19.555734433757536
MA,PYPL,33.0188679245283,0.589156502645837,19.4532807477399
NVO,AMD,33.0188679245283,0.5864044993335887,19.36241271384491
GOOGL,XOM,33.0188679245283,0.5830056839418659,19.250187677325762
BP,INTC,33.0188679245283,0.5828220781457751,19.244125221794462
MSFT,DHR,33.0188679245283,0.5783493473655046,19.096440714898737
DHR,V,33.0188679245283,0.578210894155461,19.09186914664258
MA,AXP,33.0188679245283,0.5769605088254564,19.05058283857639
MSFT,AAPL,33.0188679245283,0.575714130210535,19.009428827706344
BP,WFC,33.0188679245283,0.5723728208216439,18.89910257429956
V,BP,33.0188679245283,0.5705283089520344,18.838198880491703
META,VLO,33.0188679245283,0.5700978753078724,18.823986448844842
CVX,INTC,33.0188679245283,0.5695337122376106,18.805358422939975
JNJ,GOOGL,33.0188679245283,0.5684012508498077,18.767965829946483
BP,LLY,33.0188679245283,0.5680614331144153,18.756745433023145
META,NVDA,33.0188679245283,0.5678601621435685,18.750099693419713
MRK,ABBV,33.0188679245283,0.5666451795387134,18.709982343259405
DHR,PYPL,33.0188679245283,0.5663522660925209,18.700310672866255
SLB,TMO,33.0188679245283,0.5632079064608351,18.5964874774804
TTE,GS,33.0188679245283,0.5630432837476914,18.591051821857736
MSFT,LLY,33.0188679245283,0.5627946065429572,18.582840782078776
MRK,BAC,33.0188679245283,0.5619771996002355,18.555850930196456
INTC,AZN,33.0188679245283,0.5599427540765187,18.488675842149203
NVO,SHEL,33.0188679245283,0.5584139100876822,18.4381951444046
BAC,MRK,33.0188679245283,0.5578757608889576,18.420426067088222
MA,CVX,33.0188679245283,0.5578142136257817,18.4183938461343
SHEL,GS,33.0188679245283,0.5567066470007348,18.38182325002426
MRK,TTE,33.0188679245283,0.5555312998414995,18.343014617408002
BAC,XOM,33.0188679245283,0.5552027082309745,18.33216489441897
SHEL,TMO,33.0188679245283,0.5500034660653373,18.160491804044156
COP,PFE,33.0188679245283,0.5475847611829782,18.080628906985126
MRK,MSFT,33.0188679245283,0.5464723493735585,18.043898328372215
ABBV,CVX,33.0188679245283,0.5453115313021687,18.00556942978859
V,XOM,33.0188679245283,0.5446469381583235,17.98362531654842
DHR,MA,33.0188679245283,0.5426287420971219,17.9169867673578
LLY,META,33.0188679245283,0.5421756144339926,17.902025004895982
AZN,GS,33.0188679245283,0.5414523100372086,17.87814231254934
WFC,MSFT,33.0188679245283,0.5400841173830386,17.832966140005993
TTE,MS,33.0188679245283,0.5399690616210457,17.829167128996794
MSFT,TTE,33.0188679245283,0.5390695531519756,17.79946637765957
BAC,NVDA,33.0188679245283,0.5363235032837557,17.708794919746648
SHEL,MS,33.0188679245283,0.5283024766314168,17.443949700093953
JPM,BP,33.0188679245283,0.5249731578346862,17.334019362466055
PYPL,TMO,33.0188679245283,0.5236641576616456,17.290797658639242
COP,ADBE,33.0188679245283,0.5225335683848494,17.25346688063182
BP,GS,33.0188679245283,0.521504591567468,17.2194912310013
EQNR,DHR,33.0188679245283,0.5187537096985323,17.128660225894933
MA,JNJ,33.0188679245283,0.511169302182461,16.878231675835977
INTC,MRK,32.075471698113205,0.6022230135738367,19.316587227840042
XOM,BAC,32.075471698113205,0.5947664878099369,19.077415646733822
MS,BP,32.075471698113205,0.5871109532558637,18.83186076481072
XOM,JNJ,32.075471698113205,0.5870269538304536,18.82916644361832
BAC,INTC,32.075471698113205,0.58607406981665,18.79860223940198
PYPL,MSFT,32.075471698113205,0.5860728505921743,18.798563132201814
LLY,SLB,32.075471698113205,0.58395773230975,18.730719715595754
AMZN,V,32.075471698113205,0.5806961616252109,18.626103297412424
LLY,AMD,32.075471698113205,0.5776592903338243,18.528694218254742
AMZN,MS,32.075471698113205,0.5768668097282817,18.503275029020358
NVO,PYPL,32.075471698113205,0.5767576601695985,18.49977400543995
NVO,PBR,32.075471698113205,0.5767272651283798,18.498799070155577
PYPL,SHEL,32.075471698113205,0.5755120644926107,18.459820936555438
PYPL,NVO,32.075471698113205,0.5745462297722841,18.428841332318544
PBR,NVO,32.075471698113205,0.574015989070174,18.411833611684827
META,PYPL,32.075471698113205,0.5721801596200702,18.352948516115458
SHEL,TTE,32.075471698113205,0.5708400109157185,18.30996261427776
SLB,INTC,32.075471698113205,0.5705540822343635,18.300791316951283
TSLA,MSFT,32.075471698113205,0.5677186249834704,18.20984268814905
SHEL,NVO,32.075471698113205,0.566842121313852,18.181728419500914
GOOGL,NVDA,32.075471698113205,0.566555103234579,18.172522179222344
NVDA,WFC,32.075471698113205,0.5626659301815552,18.047775119031016
AAPL,AXP,32.075471698113205,0.5623431281514585,18.037421091650554
GS,GOOGL,32.075471698113205,0.5617724350651214,18.01911584171144
BP,CVX,32.075471698113205,0.5617214451365786,18.017480315701576
MRK,JPM,32.075471698113205,0.5615490591904942,18.011950955166796
WFC,BAC,32.075471698113205,0.5604189358515647,17.975701715993583
TMO,SLB,32.075471698113205,0.559002996345448,17.930284788438897
PBR,META,32.075471698113205,0.5579134037194187,17.89533559100022
PFE,GOOGL,32.075471698113205,0.557811247760896,17.89205889044383
AMZN,META,32.075471698113205,0.5570558624968859,17.867829551786905
PBR,JNJ,32.075471698113205,0.5568591764594585,17.861520754359987
XOM,NVDA,32.075471698113205,0.5554682871888865,17.816907324926547
MRK,XOM,32.075471698113205,0.5552868500734265,17.81108764386462
ABBV,GOOGL,32.075471698113205,0.553350797186529,17.748987834284893
PYPL,CVX,32.075471698113205,0.5532180000333199,17.744728302955544
PYPL,DHR,32.075471698113205,0.552827088626573,17.732189635191965
MSFT,BP,32.075471698113205,0.5522826477906954,17.71472643856947
VLO,MA,32.075471698113205,0.5509314121701067,17.671384918663797
SLB,C,32.075471698113205,0.5480668023848444,17.57950120857048
BAC,GOOGL,32.075471698113205,0.5455555008673703,17.49895002782131
PYPL,ABBV,32.075471698113205,0.5438366760589911,17.44381791132613
AMZN,ABBV,32.075471698113205,0.5428553154576802,17.412340307133135
PYPL,AXP,32.075471698113205,0.5413484575914165,17.364007130290716
NVDA,AXP,32.075471698113205,0.5412604522420109,17.361184317196575
CVX,NVDA,32.075471698113205,0.539926661283669,17.318402343061077
AZN,JNJ,32.075471698113205,0.5395423936976879,17.30607677898244
VLO,V,32.075471698113205,0.535030253955553,17.161347768385664
XOM,PFE,32.075471698113205,0.5265584281762701,16.889609960370926
UNH,CVX,32.075471698113205,0.5253667997515306,16.851387916558526
AMZN,SHEL,32.075471698113205,0.5220740224339782,16.745770530901186
PFE,EQNR,32.075471698113205,0.5200589779625594,16.681137028987752
C,TMO,32.075471698113205,0.5195294154342117,16.664151061097357
INTC,SLB,31.132075471698112,0.6028375081358109,18.76758280045449
SHEL,META,31.132075471698112,0.5959016452377514,18.55165499325075
AMD,NVDA,31.132075471698112,0.5876594530408303,18.295058443723963
CVX,ABBV,31.132075471698112,0.5875376359815383,18.291266025840343
C,GS,31.132075471698112,0.5837984500492014,18.174857407192118
COP,INTC,31.132075471698112,0.5817007319260875,18.109551088264986
BAC,C,31.132075471698112,0.5810053499903085,18.087902405358662
SHEL,CVX,31.132075471698112,0.5805327806759853,18.073190341799542
BP,JNJ,31.132075471698112,0.5781709967730038,17.99966310708408
GOOGL,UNH,31.132075471698112,0.5758666242104852,17.92792320655284
BP,ADBE,31.132075471698112,0.5754939349967404,17.91632061782305
AMZN,LLY,31.132075471698112,0.5744440652768188,17.883635994467
AZN,INTC,31.132075471698112,0.5742519638846639,17.877655479428217
GOOGL,CVX,31.132075471698112,0.5742186513971193,17.876618392551826
PYPL,UNH,31.132075471698112,0.5730857934561553,17.84135017363502
NVDA,MRK,31.132075471698112,0.5728223333823683,17.833148114734108
VLO,PFE,31.132075471698112,0.5715945084453186,17.79492337612784
C,META,31.132075471698112,0.5712216243693512,17.78331472093263
DHR,MSFT,31.132075471698112,0.5711107251002925,17.77986219651854
XOM,WFC,31.132075471698112,0.5709123343126601,17.773685879545077
AXP,AAPL,31.132075471698112,0.5701063923654762,17.748595234019543
V,CVX,31.132075471698112,0.5691304354347563,17.71821166919524
DHR,UNH,31.132075471698112,0.56850179641352,17.69864083174166
MS,PBR,31.132075471698112,0.5684984497578407,17.698536643404474
LLY,PYPL,31.132075471698112,0.5676981603028893,17.673621971693724
MSFT,JPM,31.132075471698112,0.566693613172069,17.642348334602147
AZN,NVDA,31.132075471698112,0.5664165147910004,17.633721686889636
XOM,AAPL,31.132075471698112,0.5662284274059599,17.62786613622328
INTC,VLO,31.132075471698112,0.5646700336119588,17.57935010301381
MSFT,MS,31.132075471698112,0.5645032574906576,17.574158016218583
DHR,ADBE,31.132075471698112,0.562019092839157,17.496820814803943
COP,MA,31.132075471698112,0.5619428362095309,17.494446787655207
TMO,AXP,31.132075471698112,0.560512169424984,17.44990716134384
SLB,V,31.132075471698112,0.5599937477693463,17.433767619234366
AZN,SHEL,31.132075471698112,0.559204400588442,17.40919360322508
DHR,EQNR,31.132075471698112,0.5589349542943828,17.40080518086286
PBR,TSLA,31.132075471698112,0.5579373334199546,17.369747172508017
BP,JPM,31.132075471698112,0.5577834856815213,17.36495757310396
TTE,PYPL,31.132075471698112,0.5571447672765285,17.345072943514566
TSLA,SHEL,31.132075471698112,0.5570239971939763,17.341313120189827
LLY,GS,31.132075471698112,0.5567178037520257,17.331780682846084
TSLA,SLB,31.132075471698112,0.5562929682937849,17.31855467329708
CVX,AAPL,31.132075471698112,0.5557268177925868,17.300929233165437
UNH,NVO,31.132075471698112,0.5552229063028311,17.28524142263531
BAC,SHEL,31.132075471698112,0.5520364196227772,17.18603947882231
JNJ,PFE,31.132075471698112,0.5508731881875019,17.149825669988264
VLO,GS,31.132075471698112,0.5499156390539083,17.12001517809337
PYPL,ADBE,31.132075471698112,0.5488141582974703,17.08572379605332
AZN,PYPL,31.132075471698112,0.5458556721768081,16.993619982862892
TSLA,BP,31.132075471698112,0.5430951168916417,16.9076781673813
MS,SHEL,31.132075471698112,0.542353885553329,16.88460209741496
VLO,EQNR,31.132075471698112,0.5404196763422296,16.82438615027696
EQNR,BAC,31.132075471698112,0.5361215168769935,16.690575525415834
JPM,AMZN,31.132075471698112,0.5358145776484912,16.681019870188877
C,JPM,31.132075471698112,0.5343582382051046,16.635681000724954
AXP,COP,31.132075471698112,0.524278706972527,16.32188427367301
UNH,META,31.132075471698112,0.5218486652989704,16.246232032892475
MSFT,V,31.132075471698112,0.5195017778269745,16.173168554990713
PBR,BP,31.132075471698112,0.5167364529239762,16.087078251406805
TSLA,C,31.132075471698112,0.503975690704492,15.68980923891343
DHR,JPM,30.18867924528302,0.6091663548048978,18.38992769222333
AMD,JPM,30.18867924528302,0.601062856103606,18.145293769165463
WFC,PBR,30.18867924528302,0.5969974079735612,18.022563259579204
WFC,XOM,30.18867924528302,0.5938515188855972,17.927593022961425
WFC,CVX,30.18867924528302,0.5927371898113893,17.89395289996647
NVO,MA,30.18867924528302,0.5888159915823764,17.775577104373628
AMD,NVO,30.18867924528302,0.5872384844815272,17.727954248498932
TMO,SHEL,30.18867924528302,0.5858837653509508,17.687057067198513
AXP,V,30.18867924528302,0.5809713836727144,17.53875875238383
JNJ,GS,30.18867924528302,0.5798922443168024,17.506180960507244
JNJ,AAPL,30.18867924528302,0.5784595295870165,17.462929195079745
JPM,ABBV,30.18867924528302,0.5777920982015142,17.442780323064582
AXP,CVX,30.18867924528302,0.5740232150337508,17.329002718000023
ABBV,NVDA,30.18867924528302,0.5735196012783372,17.31379928387433
NVDA,LLY,30.18867924528302,0.5719405162313714,17.26612879189046
MSFT,NVO,30.18867924528302,0.5701223876167633,17.211241890317382
MRK,EQNR,30.18867924528302,0.5697050790294602,17.198643895228987
NVDA,C,30.18867924528302,0.5694751807126386,17.19170356868343
PBR,AMD,30.18867924528302,0.5693069143528438,17.18662382951981
SHEL,ADBE,30.18867924528302,0.5687572978960571,17.17003163459795
GOOGL,WFC,30.18867924528302,0.5662566184617115,17.094539425259214
GS,AZN,30.18867924528302,0.5659560971170832,17.085467082779868
V,MRK,30.18867924528302,0.5656288367919811,17.075587525795655
TSLA,LLY,30.18867924528302,0.5643836990180591,17.037998460922537
MA,EQNR,30.18867924528302,0.5641413002624203,17.030680762639104
UNH,WFC,30.18867924528302,0.5631624080219438,17.001129298775663
AAPL,LLY,30.18867924528302,0.5630159553826141,16.996708087022313
PBR,GS,30.18867924528302,0.5617382001924124,16.95813434543132
TMO,PYPL,30.18867924528302,0.5612616915754193,16.9437491796353
INTC,BAC,30.18867924528302,0.5611310351536873,16.939804834828298
NVO,DHR,30.18867924528302,0.5591393297714473,16.87967787989275
UNH,XOM,30.18867924528302,0.5587478310097268,16.867859049350244
AAPL,BP,30.18867924528302,0.5581088337764286,16.84856856683558
VLO,AMZN,30.18867924528302,0.5562387884461389,16.792114368185327
ABBV,JNJ,30.18867924528302,0.5562076391312548,16.79117401150958
EQNR,PYPL,30.18867924528302,0.5560550026468605,16.786566117641073
UNH,AAPL,30.18867924528302,0.5548883905698133,16.75134763984342
AMD,C,30.18867924528302,0.5544154256475048,16.73706945350958
MSFT,EQNR,30.18867924528302,0.5537642116809061,16.717410163951882
C,MS,30.18867924528302,0.5537509929261158,16.717011107203497
V,PBR,30.18867924528302,0.5532391628796132,16.701559634101528
JPM,XOM,30.18867924528302,0.5526580493700579,16.684016584756467
LLY,CVX,30.18867924528302,0.5512710571495911,16.64214512149709
CVX,JNJ,30.18867924528302,0.5512484261423125,16.641461921277358
ABBV,AMD,30.18867924528302,0.5502171892693528,16.61033024209367
GOOGL,LLY,30.18867924528302,0.5498496316282278,16.599234162361594
SLB,CVX,30.18867924528302,0.5488028305550582,16.56763262053006
TSLA,TTE,30.18867924528302,0.5486051146863047,16.561663839586558
TTE,AXP,30.18867924528302,0.54797033695304,16.542500738204982
AXP,GOOGL,30.18867924528302,0.5462881242395802,16.491716958176006
COP,VLO,30.18867924528302,0.5462350024977021,16.490113282949498
PYPL,VLO,30.18867924528302,0.545020280687612,16.453442435852438
PFE,MS,30.18867924528302,0.5445876584129568,16.440382140768506
AAPL,TTE,30.18867924528302,0.5443814863691577,16.43415807906891
ADBE,ABBV,30.18867924528302,0.5430119123086183,16.39281244705263
TSLA,VLO,30.18867924528302,0.5429147898422688,16.389880448068492
AMZN,ADBE,30.18867924528302,0.5418001937716588,16.35623226480479
META,UNH,30.18867924528302,0.5406855330941864,16.32258213114525
WFC,AMD,30.18867924528302,0.5391459700020563,16.27610475477906
XOM,VLO,30.18867924528302,0.5376891265377757,16.232124574725304
CVX,VLO,30.18867924528302,0.5374178266406211,16.223934389150827
INTC,PYPL,30.18867924528302,0.5368471272031237,16.206705726886753
AZN,PBR,30.18867924528302,0.5360331780695303,16.18213367757073
C,UNH,30.18867924528302,0.535585678497946,16.16862425654177
PYPL,EQNR,30.18867924528302,0.5355496488737794,16.167536569774473
SHEL,MRK,30.18867924528302,0.5351012017902181,16.15399854461036
MS,EQNR,30.18867924528302,0.5347567882784463,16.143601155575737
SLB,TSLA,30.18867924528302,0.5339864871647507,16.1203467823321
BP,EQNR,30.18867924528302,0.5338563551932207,16.11641826998402
GS,AXP,30.18867924528302,0.533834444490408,16.11575681480477
INTC,TTE,30.18867924528302,0.5308174840447799,16.024678763616
MRK,NVDA,30.18867924528302,0.5297861617429882,15.993544505448702
VLO,AAPL,30.18867924528302,0.5297626662223903,15.99283520671367
PYPL,PBR,30.18867924528302,0.5288856206798757,15.96635836014719
UNH,COP,30.18867924528302,0.525788009343674,15.872845565092044
V,META,30.18867924528302,0.5253722480169958,15.860294279758364
PBR,LLY,30.18867924528302,0.524476095957294,15.833240632673029
PYPL,NVDA,30.18867924528302,0.5237932660851181,15.812626900682812
AMZN,C,30.18867924528302,0.5232725577183912,15.796907402819357
AZN,BP,30.18867924528302,0.522341144134204,15.768789256881629
TTE,ADBE,30.18867924528302,0.5208718598718052,15.72443350556393
BP,AAPL,30.18867924528302,0.5145160593970322,15.53256028368399
PBR,UNH,30.18867924528302,0.5135190547004325,15.502462028692301
PBR,VLO,30.18867924528302,0.5115232143853637,15.442210245595886
MRK,C,30.18867924528302,0.5061329284022369,15.279484631010925
GS,AMD,29.245283018867923,0.6129603202548146,17.926198045187974
PBR,PYPL,29.245283018867923,0.6078505714802707,17.776761996121124
MSFT,MA,29.245283018867923,0.5995655808643758,17.534465100750612
NVDA,V,29.245283018867923,0.5970760941946829,17.461659358523743
MS,GOOGL,29.245283018867923,0.596251409793792,17.437541229818443
C,SLB,29.245283018867923,0.5882136902908225,17.202475848127825
AXP,AMZN,29.245283018867923,0.587529494823534,17.18246635804675
GOOGL,SLB,29.245283018867923,0.5856411315774118,17.127240640471477
MS,TSLA,29.245283018867923,0.5850383045659877,17.10961079391096
TSLA,NVO,29.245283018867923,0.5836795201069154,17.06987275784375
SHEL,TSLA,29.245283018867923,0.583457677344665,17.063384903476052
ADBE,PFE,29.245283018867923,0.5830740951343761,17.05216693317515
ABBV,AMZN,29.245283018867923,0.5827492933784609,17.042668013898385
XOM,LLY,29.245283018867923,0.5814451164798323,17.004526991391323
MSFT,WFC,29.245283018867923,0.5811084025838037,16.99467969820558
COP,AAPL,29.245283018867923,0.5793518839496227,16.94330981362104
GOOGL,ADBE,29.245283018867923,0.5786543007308272,16.922908794958154
V,EQNR,29.245283018867923,0.5775472407796032,16.890532513365752
NVO,V,29.245283018867923,0.5766208297258019,16.863439359905524
BAC,AMZN,29.245283018867923,0.5758432317590318,16.84069828729244
JPM,META,29.245283018867923,0.5740725885984903,16.78891532693698
MRK,PYPL,29.245283018867923,0.5740152477722473,16.787238378244968
MA,AAPL,29.245283018867923,0.5739057470415955,16.784035998386283
META,V,29.245283018867923,0.573840572160512,16.782129940543275
AAPL,TMO,29.245283018867923,0.5718323468372413,16.723398822598565
TSLA,GS,29.245283018867923,0.570635684628571,16.688402097628018
MS,DHR,29.245283018867923,0.5693304003011073,16.65022868805125
AMZN,JNJ,29.245283018867923,0.5687927247930171,16.63450421564484
INTC,BP,29.245283018867923,0.5679180807958815,16.608925004407855
V,AAPL,29.245283018867923,0.5677924095258147,16.60524971254741
MS,BAC,29.245283018867923,0.5670291729370392,16.582928642498317
MA,BP,29.245283018867923,0.5667666208265497,16.57525023171985
CVX,LLY,29.245283018867923,0.5651295080696874,16.52737240581161
GS,DHR,29.245283018867923,0.5644835063332725,16.50847990219948
MS,COP,29.245283018867923,0.562711982499741,16.45667118631318
TMO,CVX,29.245283018867923,0.5613922718914887,16.418075876071835
ADBE,JPM,29.245283018867923,0.5613173953074468,16.41588608918005
MRK,INTC,29.245283018867923,0.5598272255551029,16.372305653026594
PBR,MA,29.245283018867923,0.558771714344749,16.341436928950205
C,VLO,29.245283018867923,0.557948554340073,16.31736338164364
ABBV,C,29.245283018867923,0.5578098709899632,16.313307547819676
AMZN,AZN,29.245283018867923,0.5560392698154403,16.261525815357214
AZN,JPM,29.245283018867923,0.5548274205605181,16.226084940920813
BP,MSFT,29.245283018867923,0.5545267655001153,16.217292198588275
TSLA,META,29.245283018867923,0.5531942575594999,16.17832262674009
INTC,ABBV,29.245283018867923,0.5526357364148319,16.161988517792253
DHR,AXP,29.245283018867923,0.552394400472486,16.154930579855723
GOOGL,MSFT,29.245283018867923,0.5503849028060752,16.096162251875782
TMO,BP,29.245283018867923,0.5503845335595925,16.096151453157894
META,JPM,29.245283018867923,0.5501898906493248,16.090459066159497
ADBE,COP,29.245283018867923,0.5493985928886265,16.06731733919568
EQNR,BP,29.245283018867923,0.548640525892467,16.045147455345734
SLB,AXP,29.245283018867923,0.5478750127702959,16.022759807433182
INTC,EQNR,29.245283018867923,0.5475064278931143,16.01198043838353
ABBV,VLO,29.245283018867923,0.5466541367270573,15.987054942017712
TTE,JPM,29.245283018867923,0.5457915747986315,15.9618290742996
BP,MA,29.245283018867923,0.5453497583574162,15.948908027433868
MS,CVX,29.245283018867923,0.5452889963340632,15.947131024864113
NVO,VLO,29.245283018867923,0.5447672742580331,15.931873115093419
AMD,AXP,29.245283018867923,0.5447058615818959,15.930077083998842
BP,TTE,29.245283018867923,0.5445088953902715,15.924316751979637
AMZN,XOM,29.245283018867923,0.5444647200217193,15.923024830823866
LLY,MRK,29.245283018867923,0.5429188883381022,15.87781654573695
MS,NVO,29.245283018867923,0.5424435991217734,15.863916578089599
LLY,WFC,29.245283018867923,0.5416958837476655,15.842049430356255
AXP,MRK,29.245283018867923,0.5414305205530118,15.834288808625816
XOM,COP,29.245283018867923,0.5410548881995539,15.823303334137897
CVX,TSLA,29.245283018867923,0.5408069034947875,15.816050951262653
TSLA,MRK,29.245283018867923,0.5344297400285337,15.629549000834476
TSLA,WFC,29.245283018867923,0.5339590647127188,15.615783968013474
VLO,ABBV,29.245283018867923,0.5330797414716493,15.590067910963327
MA,MRK,29.245283018867923,0.5329736866979332,15.5869663090905
V,TMO,29.245283018867923,0.5324003994078933,15.570200360042161
NVDA,TTE,29.245283018867923,0.5279215407810893,15.43921487189978
TMO,AMZN,29.245283018867923,0.5265075039004706,15.39786096312697
TMO,COP,29.245283018867923,0.5264693666271796,15.396745627776006
AMZN,COP,29.245283018867923,0.5223500378541615,15.276274691961325
VLO,AZN,29.245283018867923,0.5202957681893264,15.21619699421615
UNH,TTE,29.245283018867923,0.515764511497619,15.083679109836028
JNJ,ABBV,29.245283018867923,0.5096112718443091,14.903725874692057
EQNR,PFE,29.245283018867923,0.5057545607676449,14.79093526773301
META,LLY,29.245283018867923,0.5055034075196982,14.783590219915702
MSFT,META,28.30188679245283,0.6118852118145531,17.317505994751503
C,GOOGL,28.30188679245283,0.6033589519371235,17.07619675293746
UNH,MA,28.30188679245283,0.5968207016248667,16.891151932779245
META,AAPL,28.30188679245283,0.5947113712062522,16.83145390206374
PYPL,XOM,28.30188679245283,0.5924564858782071,16.767636392779448
GS,META,28.30188679245283,0.588871246797618,16.666167362196738
TMO,NVO,28.30188679245283,0.5863902279284512,16.595949847031637
BAC,AMD,28.30188679245283,0.5853232692207728,16.565752902474703
AXP,INTC,28.30188679245283,0.5827935167074084,16.49415613322854
BAC,JPM,28.30188679245283,0.5816846882314876,16.46277419523078
JNJ,JPM,28.30188679245283,0.5811399522614548,16.447357139475134
PFE,AAPL,28.30188679245283,0.5790754573956569,16.388928039499724
INTC,AMZN,28.30188679245283,0.5779853320670607,16.358075435860208
JNJ,PBR,28.30188679245283,0.5764982319719345,16.3159876973189
MA,XOM,28.30188679245283,0.5761732651699805,16.306790523678693
V,LLY,28.30188679245283,0.5752245899890934,16.279941226106416
TMO,MSFT,28.30188679245283,0.5741846632666439,16.250509337735203
JPM,PBR,28.30188679245283,0.5738490553342166,16.241011000024997
BP,MRK,28.30188679245283,0.5717100784133239,16.180473917358224
MS,META,28.30188679245283,0.5704407683162959,16.14455004668762
BP,XOM,28.30188679245283,0.5703915120230239,16.14315600065162
UNH,AZN,28.30188679245283,0.5699872012152234,16.131713241940286
GOOGL,V,28.30188679245283,0.5691395458851676,16.107722996750027
AMD,TMO,28.30188679245283,0.5686291757747334,16.093278559662267
META,MA,28.30188679245283,0.5683558869617898,16.085543970616694
GOOGL,C,28.30188679245283,0.5681601671976529,16.080004732009044
CVX,BP,28.30188679245283,0.5679995672250825,16.075459449766484
WFC,BP,28.30188679245283,0.5672985830160798,16.055620274039995
AAPL,COP,28.30188679245283,0.5666008521848733,16.035873175043584
BAC,MSFT,28.30188679245283,0.5656418136057183,16.008730573746746
ABBV,INTC,28.30188679245283,0.565462075110258,16.00364363519598
MS,GS,28.30188679245283,0.5647590377572946,15.983746351621546
SLB,WFC,28.30188679245283,0.5647174037690649,15.98256803119995
AXP,XOM,28.30188679245283,0.5630269104481196,15.934723880607159
V,NVDA,28.30188679245283,0.5630033608802735,15.934057383403966
BAC,BP,28.30188679245283,0.562170669704526,15.910490652014888
COP,ABBV,28.30188679245283,0.5609232322307822,15.875185817852326
EQNR,AMD,28.30188679245283,0.560319887203502,15.858110015193454
AAPL,SHEL,28.30188679245283,0.5581011684528607,15.79531608828851
BAC,JNJ,28.30188679245283,0.5579904008607948,15.792181156437588
AMD,VLO,28.30188679245283,0.5571953297372433,15.769679143506885
SLB,PYPL,28.30188679245283,0.5563712121271787,15.74635506020317
NVO,JPM,28.30188679245283,0.5561702144403955,15.740666446426287
NVO,UNH,28.30188679245283,0.5557838184043674,15.729730709557568
PFE,C,28.30188679245283,0.5535834886804819,15.667457226806091
DHR,NVO,28.30188679245283,0.5524216061927963,15.634573760173481
MA,PBR,28.30188679245283,0.552230205271407,15.629156752964349
PYPL,PFE,28.30188679245283,0.5514334715860675,15.606607686398137
INTC,LLY,28.30188679245283,0.5511879700741075,15.599659530399268
TTE,LLY,28.30188679245283,0.5511853116041446,15.599584290683339
NVDA,BP,28.30188679245283,0.5511493070734005,15.598565294530202
TTE,SLB,28.30188679245283,0.5507343863425438,15.586822254977655
LLY,BP,28.30188679245283,0.5502450452287457,15.572972978172048
ABBV,ADBE,28.30188679245283,0.5476517589313122,15.499578082961667
AMD,MRK,28.30188679245283,0.5461897867185301,15.458201510901796
XOM,BP,28.30188679245283,0.5455201965153247,15.43925084477334
GS,AAPL,28.30188679245283,0.5452776251757055,15.432385618180346
MRK,V,28.30188679245283,0.5447306727614705,15.416905832871805
NVDA,JNJ,28.30188679245283,0.5447036108704782,15.416139930296554
XOM,MA,28.30188679245283,0.5444979132362875,15.410318299140211
V,TSLA,28.30188679245283,0.5438873048076462,15.39303692851829
MS,PFE,28.30188679245283,0.542921643144527,15.365706881448876
TTE,BAC,28.30188679245283,0.5429139495909922,15.365489139367702
VLO,INTC,28.30188679245283,0.5427524420340131,15.360918170773955
SHEL,PBR,28.30188679245283,0.5414485869251048,15.32401661108787
ABBV,WFC,28.30188679245283,0.5401420684686696,15.287039673641594
MSFT,TMO,28.30188679245283,0.539642416523952,15.272898580866565
PBR,V,28.30188679245283,0.5394297063762241,15.266878482345966
CVX,AMZN,28.30188679245283,0.5393786259488488,15.26543280987308
GS,BAC,28.30188679245283,0.5388422303967482,15.250251803681552
UNH,JNJ,28.30188679245283,0.538255579523788,15.23364847708834
VLO,LLY,28.30188679245283,0.5374732573907378,15.211507284643522
AXP,MS,28.30188679245283,0.5368773131869369,15.194640939252931
JNJ,MA,28.30188679245283,0.5359354228267765,15.16798366490877
WFC,C,28.30188679245283,0.5357181116055523,15.16183334732695
COP,BAC,28.30188679245283,0.5354219718182717,15.153452032592595
AZN,LLY,28.30188679245283,0.534879920890264,15.138110968592379
GOOGL,TMO,28.30188679245283,0.5333126901839219,15.093755382563828
AZN,BAC,28.30188679245283,0.5331581422389756,15.089381384121952
WFC,JNJ,28.30188679245283,0.5330277695160197,15.08569159007603
MS,AAPL,28.30188679245283,0.5319267154638917,15.05452968294033
JNJ,XOM,28.30188679245283,0.5316538341127717,15.04680662583316
AXP,JPM,28.30188679245283,0.5314905851228988,15.042186371402797
AXP,TTE,28.30188679245283,0.5298297439389797,14.995181432235276
MRK,TSLA,28.30188679245283,0.5269491965816211,14.913656507027012
SHEL,PYPL,28.30188679245283,0.526398243694355,14.89806350078363
PFE,NVO,28.30188679245283,0.526391021164231,14.897859089553707
MA,VLO,28.30188679245283,0.5262274966597245,14.89323103753937
GS,VLO,28.30188679245283,0.5226557501799398,14.792143873017164
MA,LLY,28.30188679245283,0.5218377131954213,14.768991882889281
ADBE,META,28.30188679245283,0.5210433187031883,14.746509019901556
SLB,META,28.30188679245283,0.5137999263683307,14.541507350047096
MS,JNJ,28.30188679245283,0.5100987577731593,14.436757295466771
AXP,TSLA,28.30188679245283,0.5098769937666942,14.430480955661155
SHEL,SLB,27.358490566037734,0.6196278575958633,16.952082896490598
MS,SLB,27.358490566037734,0.6051606637394068,16.556282309851696
PFE,MRK,27.358490566037734,0.5964042806370279,16.316720885352648
NVDA,JPM,27.358490566037734,0.592928475261349,16.221628096772754
WFC,NVDA,27.358490566037734,0.5894548190832016,16.126594106993252
WFC,INTC,27.358490566037734,0.5889927915122919,16.113953730053268
XOM,MRK,27.358490566037734,0.588934435364459,16.11235719393331
NVO,SLB,27.358490566037734,0.587686335200522,16.078211057372773
AZN,GOOGL,27.358490566037734,0.587604682166489,16.07597715361149
JPM,MSFT,27.358490566037734,0.5850411272118483,16.005842159569433
NVO,MSFT,27.358490566037734,0.5845946101276153,15.993626126132868
SLB,AZN,27.358490566037734,0.5824072844671707,15.933784197686744
NVO,ADBE,27.358490566037734,0.5816688972772416,15.913583038716986
AXP,DHR,27.358490566037734,0.5784888943043618,15.826582957383481
SHEL,AXP,27.358490566037734,0.576306630108306,15.766879502963086
ADBE,DHR,27.358490566037734,0.5739682899170124,15.702906044899395
GOOGL,TTE,27.358490566037734,0.5711356341155159,15.625408857877321
JPM,MRK,27.358490566037734,0.5709606539234575,15.620621663943648
TSLA,UNH,27.358490566037734,0.5701357599646989,15.598053810354969
WFC,NVO,27.358490566037734,0.5680775977409938,15.541745598574357
PYPL,BP,27.358490566037734,0.5678298469845181,15.534967511840588
TSLA,EQNR,27.358490566037734,0.5665367788569439,15.499591119671104
DHR,AMZN,27.358490566037734,0.5659951213061258,15.484772186677027
AMD,GOOGL,27.358490566037734,0.5658959681219673,15.482059505223633
PFE,PYPL,27.358490566037734,0.5653538484772193,15.46722793003713
INTC,NVDA,27.358490566037734,0.5639420979692177,15.428604567082369
CVX,SHEL,27.358490566037734,0.5636092488352015,15.419498317189474
UNH,MSFT,27.358490566037734,0.5631683127820741,15.407434972339763
SHEL,UNH,27.358490566037734,0.5628123173221744,15.397695473908543
WFC,PFE,27.358490566037734,0.5608882987966568,15.345057231229289
XOM,JPM,27.358490566037734,0.5607687859039427,15.341787538881452
GS,XOM,27.358490566037734,0.5603040193545898,15.32907222762557
PBR,MSFT,27.358490566037734,0.5587179616225247,15.285680082125676
DHR,GOOGL,27.358490566037734,0.5585088182425963,15.279958234938956
BP,NVDA,27.358490566037734,0.558301305400626,15.274280996809576
META,MSFT,27.358490566037734,0.5580324694151433,15.266926050036938
JNJ,BAC,27.358490566037734,0.5562957539262667,15.219412135718617
C,PBR,27.358490566037734,0.5561611546264615,15.215729702044701
NVDA,AMZN,27.358490566037734,0.5560961077039389,15.213950116428517
TMO,VLO,27.358490566037734,0.5551929027527285,15.189239792291627
TTE,INTC,27.358490566037734,0.5529775229902001,15.128630345958303
NVDA,META,27.358490566037734,0.5523943850897557,15.112676573210296
AAPL,WFC,27.358490566037734,0.55196351470085,15.100888609740236
BAC,LLY,27.358490566037734,0.5517314201636224,15.094538853533065
PFE,V,27.358490566037734,0.5511478870337503,15.078574267904488
JPM,COP,27.358490566037734,0.5509408140436135,15.072909063457349
BP,NVO,27.358490566037734,0.5508322840058316,15.069939845442562
LLY,INTC,27.358490566037734,0.5505504777722812,15.06223005226052
UNH,VLO,27.358490566037734,0.5489664028490244,15.018892153416704
UNH,AMD,27.358490566037734,0.5486710949680489,15.01081297554096
VLO,MRK,27.358490566037734,0.5482399092831097,14.99901638604734
COP,JPM,27.358490566037734,0.5480859383016505,14.994803972403645
MRK,GOOGL,27.358490566037734,0.547991438361373,14.992218596679072
PFE,WFC,27.358490566037734,0.5476469429311401,14.982793721701002
PFE,BP,27.358490566037734,0.5474620603424729,14.977735613143127
WFC,COP,27.358490566037734,0.547171215283264,14.969778531334578
C,JNJ,27.358490566037734,0.546268381139145,14.945078351920003
MS,LLY,27.358490566037734,0.5458150741277582,14.93267655632546
JPM,TTE,27.358490566037734,0.545547091102543,14.92534494525825
TMO,ADBE,27.358490566037734,0.5431216016323628,14.858987214470302
SLB,LLY,27.358490566037734,0.54248913493667,14.841683880342856
WFC,SHEL,27.358490566037734,0.5415312166204214,14.815476681124734
MS,TMO,27.358490566037734,0.5414082861919124,14.812113490156092
TTE,TMO,27.358490566037734,0.5410867627555835,14.80331709425653
ABBV,V,27.358490566037734,0.5403065569606839,14.7819718413772
MA,ADBE,27.358490566037734,0.5400638290206624,14.775331171320008
EQNR,AXP,27.358490566037734,0.5398208539154858,14.768683739197254
BP,SHEL,27.358490566037734,0.5384287999661475,14.730599244356863
COP,C,27.358490566037734,0.5378631618490748,14.715124239267139
C,LLY,27.358490566037734,0.5375450638062568,14.706421556963628
NVDA,CVX,27.358490566037734,0.5368853013848031,14.68837145298046
AXP,ABBV,27.358490566037734,0.5355101949044306,14.650750615309894
AZN,C,27.358490566037734,0.5354760017550217,14.649815142354367
SHEL,LLY,27.358490566037734,0.5349831371975042,14.63633111200719
MS,V,27.358490566037734,0.5344544974749196,14.621868327144025
COP,TMO,27.358490566037734,0.5329176465549701,14.57982240574918
BAC,TTE,27.358490566037734,0.5318038908760588,14.549351731514816
XOM,MS,27.358490566037734,0.5316753029039165,14.545833758692055
EQNR,GOOGL,27.358490566037734,0.5302043382157072,14.505590385146705
XOM,AMZN,27.358490566037734,0.5301382582241805,14.503782536321918
EQNR,AZN,27.358490566037734,0.529841930075513,14.495675445462146
NVDA,VLO,27.358490566037734,0.5288871594405847,14.469554362053731
XOM,INTC,27.358490566037734,0.5271059900779252,14.420824256848897
TSLA,JPM,27.358490566037734,0.5267559086200128,14.411246556585253
C,XOM,27.358490566037734,0.5257249576246613,14.383041293504885
WFC,VLO,27.358490566037734,0.5256809458040249,14.38183719652521
META,GS,27.358490566037734,0.5256329132072083,14.380523097178338
TMO,EQNR,27.358490566037734,0.5201605160900631,14.23080657227531
PBR,TTE,27.358490566037734,0.5191614385919459,14.203473319968328
BP,DHR,27.358490566037734,0.5190929602492257,14.201599855875042
TTE,DHR,27.358490566037734,0.5167242585489036,14.136795752753022
PFE,AZN,27.358490566037734,0.5139946109862074,14.06211671566039
UNH,PBR,27.358490566037734,0.4986162879807412,13.641389010793862
META,SLB,26.41509433962264,0.6146171501574914,16.23517000416015
AMZN,JPM,26.41509433962264,0.606446053499708,16.019329715086627
AZN,SLB,26.41509433962264,0.6052153747495491,15.98682121979941
CVX,BAC,26.41509433962264,0.6014549996778268,15.8874905575275
MS,AMZN,26.41509433962264,0.6006973260111605,15.867476536143863
V,VLO,26.41509433962264,0.6002442381386522,15.855508177247417
TTE,GOOGL,26.41509433962264,0.5909401908972866,15.609740891626437
GOOGL,AZN,26.41509433962264,0.5907061337651524,15.603558250400251
AMZN,PYPL,26.41509433962264,0.5899310575705633,15.583084539599785
JPM,NVDA,26.41509433962264,0.5872028666595267,15.511019119308251
TSLA,PYPL,26.41509433962264,0.5858822565579758,15.476135078889925
DHR,SLB,26.41509433962264,0.5842971544511052,15.434264457199005
JNJ,MRK,26.41509433962264,0.5807954917580576,15.341767706816615
WFC,GOOGL,26.41509433962264,0.580427610961043,15.332050100857739
META,JNJ,26.41509433962264,0.5797810884108845,15.314972146702608
AXP,MA,26.41509433962264,0.5757155473022139,15.20758049477546
NVO,AAPL,26.41509433962264,0.5750623176933573,15.190325373032078
BAC,MS,26.41509433962264,0.5730872465867183,15.138153683422747
MRK,JNJ,26.41509433962264,0.5725903669975709,15.125028562199986
VLO,AMD,26.41509433962264,0.5720389836432692,15.11046371887881
NVDA,SHEL,26.41509433962264,0.5706408120071215,15.073530883206981
MA,INTC,26.41509433962264,0.570604035553123,15.072559429705136
C,AZN,26.41509433962264,0.5696613903602763,15.047659368007299
NVO,MS,26.41509433962264,0.5680203197549744,15.004310333150265
TMO,META,26.41509433962264,0.5672951909607477,14.98515598764239
LLY,PBR,26.41509433962264,0.5671397176082974,14.98104914437012
AXP,MSFT,26.41509433962264,0.5670441354680967,14.978524333119536
BAC,META,26.41509433962264,0.566389746121931,14.961238576805725
ABBV,PFE,26.41509433962264,0.5653502273832988,14.933779591256949
LLY,VLO,26.41509433962264,0.5623331882271864,14.854084217321903
AXP,ADBE,26.41509433962264,0.5623267244716516,14.853913476609664
CVX,ADBE,26.41509433962264,0.5620649933441614,14.846999824185394
PFE,PBR,26.41509433962264,0.5615845132168812,14.834307896294975
AZN,NVO,26.41509433962264,0.5606440380959629,14.809465157251848
JPM,BAC,26.41509433962264,0.5600722177652859,14.794360469271703
UNH,EQNR,26.41509433962264,0.5600222266599614,14.793039949508413
COP,NVDA,26.41509433962264,0.5599751530746108,14.791796496310473
UNH,JPM,26.41509433962264,0.5593548875906519,14.775412125036087
SHEL,NVDA,26.41509433962264,0.5586383541846928,14.756484827520186
SHEL,AMZN,26.41509433962264,0.5584086407966397,14.75041692670369
META,COP,26.41509433962264,0.5579918226469801,14.739406635957964
META,BAC,26.41509433962264,0.5571782272214534,14.71791543603839
META,MRK,26.41509433962264,0.5566021308462374,14.702697795938347
COP,AXP,26.41509433962264,0.555740261623038,14.679931439099118
UNH,SLB,26.41509433962264,0.5546794733117849,14.651910615782997
INTC,NVO,26.41509433962264,0.5538060435130455,14.628838885250259
JPM,NVO,26.41509433962264,0.5536427117815269,14.624524462153541
VLO,PYPL,26.41509433962264,0.553531949074085,14.62159865478715
ABBV,MA,26.41509433962264,0.5504447775585831,14.540050727962573
LLY,MS,26.41509433962264,0.549831126392439,14.523841074517257
ABBV,SHEL,26.41509433962264,0.5492143595607171,14.507549120471772
VLO,GOOGL,26.41509433962264,0.5488393164744336,14.49764232196617
AZN,TTE,26.41509433962264,0.5484601562104153,14.487626767822292
SLB,MA,26.41509433962264,0.5479201017842823,14.473361179207457
MS,MSFT,26.41509433962264,0.5474698664591483,14.461468170619012
XOM,TSLA,26.41509433962264,0.5472007556781776,14.454359583951861
INTC,DHR,26.41509433962264,0.5471349681457228,14.452621800075697
PYPL,AMZN,26.41509433962264,0.5458180890605219,14.417836314806237
AMZN,UNH,26.41509433962264,0.5457872389691104,14.417021406731218
SHEL,ABBV,26.41509433962264,0.545768207903061,14.41651869932614
MS,XOM,26.41509433962264,0.5457490216112298,14.416011891617392
C,BAC,26.41509433962264,0.5450186148701628,14.396718128645809
NVO,BP,26.41509433962264,0.5448498710994035,14.39226074602198
MRK,MA,26.41509433962264,0.5445894974841482,14.385382952411462
COP,GOOGL,26.41509433962264,0.5441427171906245,14.373581208808949
JNJ,C,26.41509433962264,0.544127352317047,14.373175344223883
NVO,COP,26.41509433962264,0.5438810180509634,14.366668401346203
BAC,NVO,26.41509433962264,0.5429284203565884,14.34150544338158
JPM,ADBE,26.41509433962264,0.5420595791304001,14.318554920425663
MS,AXP,26.41509433962264,0.5402126185044465,14.269767281249528
V,COP,26.41509433962264,0.538224970330473,14.217263367220042
GOOGL,SHEL,26.41509433962264,0.5378858367893294,14.208305122737004
LLY,BAC,26.41509433962264,0.5372785740230361,14.192264219476426
VLO,PBR,26.41509433962264,0.5370385760157701,14.185924649473172
UNH,BP,26.41509433962264,0.5369268889395683,14.182974424818784
AXP,JNJ,26.41509433962264,0.5356208358707961,14.148474909794615
VLO,C,26.41509433962264,0.5327241171183601,14.071957810673663
GOOGL,AXP,26.41509433962264,0.5315401956561009,14.040684413557381
BAC,VLO,26.41509433962264,0.5309362661239768,14.02473155799184
AAPL,SLB,26.41509433962264,0.5268207681600897,13.916020291021237
AMZN,AXP,26.41509433962264,0.5262121209010043,13.899942816252944
BP,GOOGL,26.41509433962264,0.523737655141544,13.834579569776635
AXP,BAC,26.41509433962264,0.5213528068952644,13.771583578365474
PBR,JPM,26.41509433962264,0.5170630514694396,13.658269284098406
BP,UNH,26.41509433962264,0.5136772499708159,13.568833018097022
AMD,BAC,26.41509433962264,0.5110573702173246,13.499628647250082
UNH,TSLA,26.41509433962264,0.508749480321309,13.438665517921368
LLY,EQNR,26.41509433962264,0.5063746905131287,13.375935221101512
GS,EQNR,26.41509433962264,0.5053815972741476,13.349702569505784
AMD,EQNR,26.41509433962264,0.5041051146717469,13.315984161140484
CVX,AMD,25.471698113207548,0.6110826109213379,15.565311787618985
NVO,INTC,25.471698113207548,0.5950359749007537,15.156576719170141
BAC,ADBE,25.471698113207548,0.5890249269523496,15.003465120484378
LLY,ADBE,25.471698113207548,0.5889979916729111,15.002779033177925
XOM,AMD,25.471698113207548,0.5844134052363626,14.886001831492257
SLB,AAPL,25.471698113207548,0.5843484407161761,14.884347074845996
INTC,MS,25.471698113207548,0.5841121100666201,14.878327331885608
PBR,GOOGL,25.471698113207548,0.5829969019270135,14.849921086820155
UNH,V,25.471698113207548,0.582841558588201,14.845964228190025
SLB,ABBV,25.471698113207548,0.5823545957872593,14.833560458732078
JPM,AAPL,25.471698113207548,0.5822047470905654,14.829743557967232
TMO,UNH,25.471698113207548,0.5816460400649626,14.81551234127735
MRK,SHEL,25.471698113207548,0.5810800270212325,14.801095027899319
AZN,MRK,25.471698113207548,0.5793405817477996,14.75678840300999
SLB,NVO,25.471698113207548,0.5782436447986421,14.728847556191827
MRK,PBR,25.471698113207548,0.577554400811849,14.711291341433888
TSLA,DHR,25.471698113207548,0.5775231195049434,14.710494553427804
GOOGL,GS,25.471698113207548,0.5769972071242072,14.697098672031693
PYPL,AAPL,25.471698113207548,0.5756903949860853,14.663811947758777
TMO,GOOGL,25.471698113207548,0.5754134541305302,14.656757793890865
MRK,ADBE,25.471698113207548,0.5753124275706591,14.654184475856413
EQNR,PBR,25.471698113207548,0.5736306376031499,14.611346429514196
AMZN,MSFT,25.471698113207548,0.5729517222968549,14.594053303787813
UNH,ABBV,25.471698113207548,0.5725756825224183,14.584474932174807
AMZN,PBR,25.471698113207548,0.5722756734997445,14.576833192918022
CVX,GOOGL,25.471698113207548,0.5695876068846053,14.508363571589003
PYPL,SLB,25.471698113207548,0.568453280580737,14.479470354414998
AXP,TMO,25.471698113207548,0.568354021024234,14.476942044956905
JNJ,V,25.471698113207548,0.5683506240156829,14.476855517380603
PYPL,LLY,25.471698113207548,0.5670271112852081,14.443143400660961
MRK,PFE,25.471698113207548,0.5669335598221346,14.440760486035504
PFE,MSFT,25.471698113207548,0.5664155625465367,14.42756621580801
NVDA,MSFT,25.471698113207548,0.5658735529063756,14.41376030987938
XOM,GOOGL,25.471698113207548,0.565540625733347,14.40528008943431
AZN,TSLA,25.471698113207548,0.565035802775372,14.392421391448156
BAC,WFC,25.471698113207548,0.5647469420688453,14.38506361873474
VLO,SLB,25.471698113207548,0.5643214077387915,14.374224536742803
TMO,XOM,25.471698113207548,0.5632491457500453,14.346912203067191
VLO,MSFT,25.471698113207548,0.5631972691480063,14.345590817920915
LLY,XOM,25.471698113207548,0.5616132237234092,14.30524249106797
WFC,GS,25.471698113207548,0.560359520263412,14.273308535011438
TSLA,AZN,25.471698113207548,0.5597527883853846,14.257854043778664
COP,AZN,25.471698113207548,0.5596277804629467,14.254669879716568
AZN,WFC,25.471698113207548,0.5594804669372246,14.250917554061383
TTE,ABBV,25.471698113207548,0.5594487776928595,14.250110375195478
AZN,XOM,25.471698113207548,0.5593203977928151,14.246840321137743
DHR,C,25.471698113207548,0.5592144985323981,14.24414288714599
JNJ,NVDA,25.471698113207548,0.5579265408430136,14.211336417699405
PFE,TSLA,25.471698113207548,0.5557486133836316,14.155860906941559
MRK,CVX,25.471698113207548,0.5543327842110556,14.119797333677832
MS,AMD,25.471698113207548,0.5542080489058362,14.116620113639224
NVO,XOM,25.471698113207548,0.5540932156437589,14.113695115454236
UNH,MS,25.471698113207548,0.5535366711759416,14.099518982783419
WFC,AZN,25.471698113207548,0.5533304666125272,14.09426660239456
TSLA,PBR,25.471698113207548,0.5531617625633461,14.089969423783346
AAPL,C,25.471698113207548,0.5529386994311964,14.084287627021043
GOOGL,COP,25.471698113207548,0.5520368663077598,14.061316405952374
AZN,DHR,25.471698113207548,0.5513971065009922,14.045020637289424
TSLA,MA,25.471698113207548,0.5502532626807308,14.015884992811069
GS,PBR,25.471698113207548,0.5500171439227083,14.009870647087853
AMD,WFC,25.471698113207548,0.5496999269179569,14.001790591306449
PFE,INTC,25.471698113207548,0.5489827961695976,13.983524053376541
GS,TSLA,25.471698113207548,0.5483733949708773,13.968001570012914
TTE,V,25.471698113207548,0.5480325714664318,13.959320216597792
WFC,EQNR,25.471698113207548,0.5477241731305009,13.951464787286344
DHR,PBR,25.471698113207548,0.5473718957999609,13.942491685470703
ABBV,PBR,25.471698113207548,0.546461655117082,13.919306309586052
LLY,NVDA,25.471698113207548,0.5458771525970864,13.904418037850313
UNH,BAC,25.471698113207548,0.5458680839103952,13.904187043000633
PYPL,AMD,25.471698113207548,0.5456933434758764,13.899736107404399
MA,PFE,25.471698113207548,0.5454510150950601,13.893563592043984
TMO,AAPL,25.471698113207548,0.5453046775959592,13.889836127444246
AMZN,WFC,25.471698113207548,0.5442094155702452,13.861937943770396
GOOGL,DHR,25.471698113207548,0.5441148397395486,13.859528936762086
PYPL,MRK,25.471698113207548,0.5436172848460219,13.846855368719426
SLB,JNJ,25.471698113207548,0.543521627108211,13.844418803699714
JPM,GS,25.471698113207548,0.5433269994875571,13.839461307701928
GS,COP,25.471698113207548,0.5421156240043705,13.808605517092458
XOM,C,25.471698113207548,0.539546762116551,13.743172242591392
VLO,TSLA,25.471698113207548,0.5394706969382784,13.741234733333508
META,WFC,25.471698113207548,0.5394302627483346,13.740204805853807
EQNR,AMZN,25.471698113207548,0.5392808195754162,13.73639823446815
ADBE,AMD,25.471698113207548,0.5376006454678368,13.693601346822259
AZN,TMO,25.471698113207548,0.5374432251829949,13.689591584849872
ABBV,COP,25.471698113207548,0.5371433070452759,13.681952160587217
V,ADBE,25.471698113207548,0.5340410077584088,13.602931329695318
PBR,PFE,25.471698113207548,0.5333781289047386,13.586046679649002
SLB,COP,25.471698113207548,0.5324069423082511,13.56130890785168
MSFT,INTC,25.471698113207548,0.5319582884121272,13.549880931252298
TTE,C,25.471698113207548,0.530264588461511,13.506739517415848
PFE,SLB,25.471698113207548,0.5301718495046378,13.504377298703039
MSFT,VLO,25.471698113207548,0.529505806444666,13.487412050949041
ADBE,TSLA,25.471698113207548,0.5286986977405915,13.466853621694312
META,AXP,25.471698113207548,0.5255692653129822,13.387141663632566
ADBE,EQNR,25.471698113207548,0.5249393233830817,13.37109597296529
AAPL,VLO,25.471698113207548,0.5247332990908777,13.365848184390282
C,ADBE,25.471698113207548,0.5239950678804726,13.347044181861094
MA,SLB,25.471698113207548,0.5228585117162504,13.318094166357323
AMZN,AMD,25.471698113207548,0.5225979274502085,13.311456642599651
ABBV,META,25.471698113207548,0.520620683112866,13.261092871742814
JNJ,UNH,25.471698113207548,0.519951205807982,13.244040147939165
AZN,AXP,25.471698113207548,0.5194548654544673,13.231397516293034
AZN,PFE,25.471698113207548,0.5188005430346045,13.214730813145588
TTE,PBR,25.471698113207548,0.5186277252931921,13.210328851807724
ABBV,BP,25.471698113207548,0.5172877149452632,13.176196512756704
PFE,META,25.471698113207548,0.5158375320777017,13.139257892545231
BAC,DHR,25.471698113207548,0.5150057398683284,13.118070732495159
UNH,SHEL,25.471698113207548,0.5141917701394777,13.097337541288583
META,TMO,25.471698113207548,0.5087149173902384,12.95783280144947
SHEL,COP,25.471698113207548,0.5077828653729151,12.934091853838403
BP,META,25.471698113207548,0.505074675135467,12.86510964967699
UNH,MRK,25.471698113207548,0.5044040898509498,12.848028703750607
MSFT,MRK,24.528301886792452,0.6281493862641722,15.407437776291015
EQNR,GS,24.528301886792452,0.5988447611732666,14.68864508538201
MSFT,SLB,24.528301886792452,0.5953136653827527,14.602033301841102
INTC,TMO,24.528301886792452,0.5919119978718719,14.518596174215725
GOOGL,MRK,24.528301886792452,0.5875013270394801,14.410409908515549
SHEL,EQNR,24.528301886792452,0.5852781749884185,14.355879763866868
SLB,AMZN,24.528301886792452,0.584524223246182,14.337386607925218
GOOGL,MS,24.528301886792452,0.5838591173098054,14.321072688731077
MA,NVDA,24.528301886792452,0.5819648367380459,14.274609203008673
CVX,GS,24.528301886792452,0.5794116077829904,14.211982832412971
VLO,CVX,24.528301886792452,0.5793135483293668,14.209577600531636
AMZN,CVX,24.528301886792452,0.5787279793835948,14.195214588654212
GS,ABBV,24.528301886792452,0.5781755276941121,14.181663886836711
CVX,V,24.528301886792452,0.5775682495962967,14.166768386324259
AMD,TSLA,24.528301886792452,0.5771791832133061,14.157225248628261
EQNR,INTC,24.528301886792452,0.5768532423959571,14.1492304738631
PFE,LLY,24.528301886792452,0.5756431847012174,14.119549813426088
AMD,AMZN,24.528301886792452,0.5745075407315505,14.091694395302182
C,PFE,24.528301886792452,0.5712039942824135,14.010664010700708
JNJ,AMZN,24.528301886792452,0.5701887348737804,13.985761421432349
SHEL,DHR,24.528301886792452,0.5691176722673221,13.959490074481485
MRK,SLB,24.528301886792452,0.5690969406031866,13.958981561964954
MA,DHR,24.528301886792452,0.568714243580793,13.949594653868507
ADBE,SHEL,24.528301886792452,0.5682233916043663,13.937554888408984
PFE,XOM,24.528301886792452,0.5677651027639192,13.92631384137915
UNH,GOOGL,24.528301886792452,0.5676852987103422,13.924356383461223
ADBE,AMZN,24.528301886792452,0.5667983923591617,13.902602076734155
ABBV,MSFT,24.528301886792452,0.5666090705604534,13.897958334501686
MRK,AXP,24.528301886792452,0.5663913130688006,13.892617113008317
GOOGL,VLO,24.528301886792452,0.5657045363364157,13.875771645987555
SHEL,XOM,24.528301886792452,0.5653223219131743,13.866396575228803
META,CVX,24.528301886792452,0.5645566290594101,13.847615429759115
AMD,BP,24.528301886792452,0.5625209802350948,13.797684420860815
TTE,JNJ,24.528301886792452,0.5624593919852295,13.79617376567544
C,EQNR,24.528301886792452,0.5624506908109734,13.795960340646518
META,DHR,24.528301886792452,0.5622190114235336,13.790277638690446
WFC,SLB,24.528301886792452,0.5620240601426154,13.785495814818868
MS,INTC,24.528301886792452,0.5616399276740176,13.776073697664582
COP,WFC,24.528301886792452,0.5610586417361132,13.761815740697115
SLB,BAC,24.528301886792452,0.5607403449409447,13.754008460815625
MRK,AMD,24.528301886792452,0.557553727814412,13.675846153938409
AMZN,EQNR,24.528301886792452,0.5562981038894095,13.645047831249666
AMD,DHR,24.528301886792452,0.555197427169399,13.618050100381485
TSLA,AXP,24.528301886792452,0.5535106099088408,13.57667533738666
TSLA,AMD,24.528301886792452,0.552552252762146,13.553168463977165
V,AMZN,24.528301886792452,0.5517835583058918,13.534313694295458
ABBV,LLY,24.528301886792452,0.5512601004477442,13.5214741619258
V,DHR,24.528301886792452,0.5512288490280496,13.52070761766914
C,TSLA,24.528301886792452,0.5496922147823927,13.483016589002085
MS,PYPL,24.528301886792452,0.5491169718046209,13.468906855585042
AZN,EQNR,24.528301886792452,0.549000498090171,13.466049953155139
EQNR,XOM,24.528301886792452,0.5489199286998888,13.464073722827461
MA,META,24.528301886792452,0.5485029417051067,13.453845739936579
SHEL,AAPL,24.528301886792452,0.5484838762588029,13.453378096914033
EQNR,MS,24.528301886792452,0.5484209300579403,13.45183413349665
MA,COP,24.528301886792452,0.5484005133645874,13.451333346678558
AXP,META,24.528301886792452,0.5469731890476502,13.416323504942364
ABBV,TSLA,24.528301886792452,0.546540451804033,13.405709195193262
TSLA,GOOGL,24.528301886792452,0.5456333431065581,13.383459359217461
TTE,AZN,24.528301886792452,0.5446215374328799,13.358641484202714
CVX,MA,24.528301886792452,0.5444309800544226,13.353967435297157
MA,MSFT,24.528301886792452,0.542464767914579,13.305739590357597
GS,TMO,24.528301886792452,0.5410090570591632,13.27003347503608
JPM,TMO,24.528301886792452,0.5409131096697771,13.267680048503967
EQNR,JPM,24.528301886792452,0.540187014888422,13.249870176508464
BAC,SLB,24.528301886792452,0.5394329047815222,13.231373136150543
V,PFE,24.528301886792452,0.5394089300053081,13.230785075601895
SHEL,JPM,24.528301886792452,0.5393458119697424,13.22923689737104
VLO,XOM,24.528301886792452,0.5391308225016489,13.223963570795162
SHEL,PFE,24.528301886792452,0.5382518123820438,13.20240294521994
DHR,AAPL,24.528301886792452,0.5378659739039805,13.192938982550464
AMD,CVX,24.528301886792452,0.5370158253190236,13.172086281410012
TMO,TSLA,24.528301886792452,0.5369697059392974,13.170955051341256
GS,SHEL,24.528301886792452,0.5347823006489871,13.11730171403176
V,MSFT,24.528301886792452,0.5347646079450302,13.11686774204791
DHR,META,24.528301886792452,0.534646011856074,13.113958781375398
COP,JNJ,24.528301886792452,0.5346037597315895,13.112922408510684
AMZN,GS,24.528301886792452,0.5340051839132272,13.09824036013576
AMD,PFE,24.528301886792452,0.5337416253722943,13.091775716678915
PBR,AMZN,24.528301886792452,0.5318848061274628,13.046231093692484
LLY,AMZN,24.528301886792452,0.5317952809448173,13.044035192986085
SHEL,C,24.528301886792452,0.5308097650509107,13.019862161626111
ABBV,TTE,24.528301886792452,0.5292540820797635,12.981703900069672
GS,WFC,24.528301886792452,0.5251945430427946,12.882130301049678
EQNR,UNH,24.528301886792452,0.5247792032999166,12.871942722450783
AMD,ABBV,24.528301886792452,0.5236599945421723,12.84449043216649
PFE,TTE,24.528301886792452,0.5222872276436571,12.810818791259512
BAC,AXP,24.528301886792452,0.5197589074373536,12.748803389972824
C,INTC,24.528301886792452,0.5193383374470586,12.738487522286343
TTE,MSFT,24.528301886792452,0.5175368007267249,12.694298885749856
MA,TSLA,24.528301886792452,0.5167633515464041,12.675327490760854
DHR,VLO,24.528301886792452,0.516061512236823,12.658112564299431
SLB,BP,24.528301886792452,0.514928184132123,12.630313950410565
PYPL,META,24.528301886792452,0.5130768498314748,12.584903863790892
ABBV,SLB,24.528301886792452,0.511357623860603,12.542734170165733
C,AMD,24.528301886792452,0.5075811324170091,12.450103247964373
CVX,TTE,24.528301886792452,0.5045453929304166,12.375641713387575
LLY,PFE,24.528301886792452,0.5033293213733337,12.345813543119506
PBR,ABBV,24.528301886792452,0.5031369817772491,12.341095779441957
SLB,DHR,23.58490566037736,0.603635691221761,14.23669083070191
NVO,LLY,23.58490566037736,0.602726335669611,14.215243765792712
WFC,PYPL,23.58490566037736,0.5903807458138175,13.924074193722111
C,NVO,23.58490566037736,0.5898887048146279,13.912469453175186
INTC,AXP,23.58490566037736,0.5891267851308907,13.89449964931346
JPM,DHR,23.58490566037736,0.586831013656746,13.84035409567797
TTE,META,23.58490566037736,0.586334513399076,13.828644183940472
GS,NVDA,23.58490566037736,0.5857688865445677,13.815303927937919
NVDA,MS,23.58490566037736,0.5821269638214931,13.72940952409182
VLO,TMO,23.58490566037736,0.5811412589187089,13.706161766950682
CVX,PFE,23.58490566037736,0.5756902087576151,13.577599263151301
TSLA,AAPL,23.58490566037736,0.5754304370169815,13.571472571155224
DHR,CVX,23.58490566037736,0.5743375129389936,13.545696059881925
TSLA,CVX,23.58490566037736,0.573542655595752,13.526949424428114
C,DHR,23.58490566037736,0.573207797054001,13.519051817311345
JNJ,TMO,23.58490566037736,0.5730471505405235,13.51526298444631
C,AAPL,23.58490566037736,0.572636624590379,13.505580768641014
V,AZN,23.58490566037736,0.5718091434475712,13.48606470395215
JPM,UNH,23.58490566037736,0.5716004163421142,13.481141894861185
UNH,C,23.58490566037736,0.5715457741637756,13.47985316423999
EQNR,SHEL,23.58490566037736,0.5701676342305452,13.447349863927952
TSLA,V,23.58490566037736,0.5701288456313395,13.446435038474988
BAC,CVX,23.58490566037736,0.5697620906810082,13.43778515757095
SLB,GS,23.58490566037736,0.5685811304287834,13.409932321433573
AAPL,UNH,23.58490566037736,0.5669043959073119,13.370386695927168
AMD,SHEL,23.58490566037736,0.5665458816137378,13.361931170135325
AMZN,PFE,23.58490566037736,0.5641836075085945,13.30621715822157
C,BP,23.58490566037736,0.5637991961448765,13.297150852473504
MRK,MS,23.58490566037736,0.5627322296029815,13.27198654724013
ADBE,LLY,23.58490566037736,0.5627238972256884,13.271790028907745
TMO,C,23.58490566037736,0.5621380395670338,13.257972631297967
LLY,TSLA,23.58490566037736,0.5607424682376148,13.225058213151291
CVX,AXP,23.58490566037736,0.5606106290739605,13.221948798914164
MSFT,PFE,23.58490566037736,0.560463478186738,13.21847825912118
GS,UNH,23.58490566037736,0.5582988182018095,13.167424957589846
MA,NVO,23.58490566037736,0.5564975667185701,13.12494261128703
PBR,SHEL,23.58490566037736,0.555550331963283,13.102602168945353
ADBE,NVDA,23.58490566037736,0.5553074043438181,13.096872743957974
BAC,TSLA,23.58490566037736,0.5542539528701458,13.072027190333626
NVDA,AZN,23.58490566037736,0.5540380478530428,13.06693509087365
EQNR,NVDA,23.58490566037736,0.5525177410479031,13.031078798299601
BAC,AZN,23.58490566037736,0.5523574473645205,13.02729828689907
EQNR,LLY,23.58490566037736,0.5513907332505713,13.004498425721021
VLO,COP,23.58490566037736,0.5508664295662193,12.992132772788192
CVX,C,23.58490566037736,0.5499993978108915,12.971683910634233
TSLA,PFE,23.58490566037736,0.5478736339560988,12.921547970662708
AZN,AMZN,23.58490566037736,0.5477341516599126,12.918258293865863
WFC,META,23.58490566037736,0.5469114801095839,12.898855662961886
PFE,NVDA,23.58490566037736,0.5463655827385959,12.885980724966885
EQNR,VLO,23.58490566037736,0.5462040314557738,12.882170553202211
ADBE,AXP,23.58490566037736,0.5460242743550995,12.877930998941025
AXP,AZN,23.58490566037736,0.5436831590812653,12.822716016067577
TMO,PFE,23.58490566037736,0.5435061387450751,12.818541008138565
PYPL,AZN,23.58490566037736,0.5428232551677842,12.802435263391137
AMD,UNH,23.58490566037736,0.5405642254823719,12.749156261376697
PFE,UNH,23.58490566037736,0.5397683855363019,12.730386451327876
VLO,NVDA,23.58490566037736,0.5392885248655166,12.719068982677278
COP,PYPL,23.58490566037736,0.5392435578224705,12.718008439209209
TSLA,INTC,23.58490566037736,0.5368089518218104,12.660588486363453
NVO,C,23.58490566037736,0.5365290648965925,12.653987379636614
AZN,UNH,23.58490566037736,0.5359079721004283,12.639338964632742
NVO,META,23.58490566037736,0.5354305422113985,12.62807882574053
CVX,PBR,23.58490566037736,0.5344849981118525,12.605778257355011
JNJ,LLY,23.58490566037736,0.5332386198042548,12.57638254255318
NVDA,DHR,23.58490566037736,0.532885366609362,12.568051099277406
ABBV,GS,23.58490566037736,0.5322691941675387,12.553518730366479
MA,UNH,23.58490566037736,0.5317394485253333,12.541024729371069
SHEL,MA,23.58490566037736,0.5308166815468744,12.519261357237605
BP,TMO,23.58490566037736,0.5307753281245029,12.518286040672239
CVX,PYPL,23.58490566037736,0.5299206680999966,12.498128964622563
NVDA,NVO,23.58490566037736,0.5287795845843827,12.471216617556195
NVO,GOOGL,23.58490566037736,0.5277720768727941,12.447454643226278
BP,PBR,23.58490566037736,0.5273040319886577,12.436415848789098
C,PYPL,23.58490566037736,0.5271299271332012,12.43230960219814
MA,AMZN,23.58490566037736,0.5269351970204657,12.42771691086004
NVDA,MA,23.58490566037736,0.5267570737750557,12.423515890921124
AMZN,NVDA,23.58490566037736,0.5252200138007421,12.387264476432598
META,BP,23.58490566037736,0.5218103767871027,12.306848509129782
PFE,ABBV,23.58490566037736,0.520559656316624,12.27735038482604
XOM,PYPL,23.58490566037736,0.5193990151591293,12.249976772620975
VLO,WFC,23.58490566037736,0.5189582302094723,12.2395809011668
INTC,UNH,23.58490566037736,0.5152807494945297,12.152847865437023
MRK,BP,23.58490566037736,0.5149016445489842,12.14390671106095
EQNR,TTE,23.58490566037736,0.5147272121783869,12.139792740056295
AXP,LLY,23.58490566037736,0.5136316046451164,12.11395293974331
CVX,TMO,22.641509433962266,0.6150915123695713,13.926600280065767
EQNR,MA,22.641509433962266,0.6055269294065313,13.710043684676181
AAPL,NVDA,22.641509433962266,0.6039320177134672,13.673932476531332
PFE,AMZN,22.641509433962266,0.5995886680203263,13.575592483479086
V,SHEL,22.641509433962266,0.5930561033867304,13.427685359699558
NVDA,AMD,22.641509433962266,0.5918475391161876,13.400321640366514
NVO,AMZN,22.641509433962266,0.5904216758398982,13.368037943544866
AMD,JNJ,22.641509433962266,0.5873052874514731,13.29747820644845
NVDA,SLB,22.641509433962266,0.5867774496342341,13.28552716152983
GOOGL,MA,22.641509433962266,0.585744072736473,13.262129948750333
VLO,JPM,22.641509433962266,0.5833153444186258,13.207139873629263
TSLA,NVDA,22.641509433962266,0.5820392240751305,13.178246582833145
ADBE,SLB,22.641509433962266,0.5815016285625022,13.166074608962315
BP,PYPL,22.641509433962266,0.5780532894794123,13.087999007081033
WFC,TSLA,22.641509433962266,0.57800372337452,13.086876755649511
GS,CVX,22.641509433962266,0.5779188622690317,13.08495537212902
WFC,AMZN,22.641509433962266,0.5772954667154543,13.070840755821608
CVX,AZN,22.641509433962266,0.5766854036724596,13.057028007678332
AXP,NVDA,22.641509433962266,0.5762567001358596,13.047321512510031
VLO,DHR,22.641509433962266,0.576247448691392,13.04711204584284
JNJ,TTE,22.641509433962266,0.5756505523060399,13.033597410702791
META,NVO,22.641509433962266,0.5740399223612056,12.997130317612203
SHEL,AZN,22.641509433962266,0.5715480853267285,12.940711365888195
C,AMZN,22.641509433962266,0.5683740617248859,12.868846680563456
META,ADBE,22.641509433962266,0.5679785994369143,12.85989281743957
MRK,META,22.641509433962266,0.567763384469889,12.855020025733339
BP,V,22.641509433962266,0.5675078942702284,12.849235341967438
COP,SHEL,22.641509433962266,0.5674307759014375,12.847489265692927
MS,C,22.641509433962266,0.5657391196402312,12.809187614495801
JNJ,MS,22.641509433962266,0.5644426107330286,12.779832695842158
XOM,TTE,22.641509433962266,0.5632624368286955,12.753111777253483
BAC,PFE,22.641509433962266,0.5617744803847033,12.71942219738951
ADBE,VLO,22.641509433962266,0.5609487025098103,12.700725339844764
MSFT,PBR,22.641509433962266,0.560222496404572,12.684282937462008
BP,SLB,22.641509433962266,0.5597310162003409,12.673155083781305
AMD,LLY,22.641509433962266,0.5597306428956169,12.673146631598875
GS,LLY,22.641509433962266,0.559081858732385,12.658457178846454
EQNR,NVO,22.641509433962266,0.5576223919254353,12.625412647368346
MSFT,AXP,22.641509433962266,0.5563471314416257,12.596538825093415
GOOGL,PYPL,22.641509433962266,0.5557540246847528,12.583109992862328
INTC,COP,22.641509433962266,0.5549142526301778,12.564096285966292
GOOGL,BP,22.641509433962266,0.5548087196463874,12.561706859918207
VLO,TTE,22.641509433962266,0.553618804054268,12.534765374813617
TSLA,MS,22.641509433962266,0.5533758004064533,12.529263405429132
WFC,AAPL,22.641509433962266,0.5525469548028722,12.510497089876353
JNJ,BP,22.641509433962266,0.5513623886156102,12.483676723372307
LLY,NVO,22.641509433962266,0.5506588883358547,12.46774841515143
ADBE,BP,22.641509433962266,0.5501848216651232,12.457014830153733
BP,VLO,22.641509433962266,0.5499971778896352,12.452766291840797
AAPL,MS,22.641509433962266,0.5489075988865088,12.428096578562464
META,AZN,22.641509433962266,0.5487287056911968,12.424046166593136
JNJ,EQNR,22.641509433962266,0.5479400328117681,12.40618942215324
SLB,JPM,22.641509433962266,0.5471633360369337,12.3886038347985
AXP,NVO,22.641509433962266,0.5471066148257571,12.387319580960538
BAC,ABBV,22.641509433962266,0.5469004934038173,12.382652680841147
TMO,NVDA,22.641509433962266,0.5465567088406221,12.374868879410313
ABBV,AXP,22.641509433962266,0.5452723384272834,12.345788794580002
AXP,PYPL,22.641509433962266,0.5446741141080262,12.332244093011916
JPM,TSLA,22.641509433962266,0.544480047682873,12.327850136215993
PYPL,COP,22.641509433962266,0.5437224024507369,12.310695904544987
AMD,ADBE,22.641509433962266,0.5434418270358066,12.304343253640905
PBR,INTC,22.641509433962266,0.5411532058181217,12.252525414749925
V,WFC,22.641509433962266,0.540553016121052,12.238936214061555
EQNR,ADBE,22.641509433962266,0.5404488363478602,12.236577426744006
AZN,COP,22.641509433962266,0.5391289778952258,12.20669383913719
META,C,22.641509433962266,0.5390978138814614,12.205988238825542
TMO,ABBV,22.641509433962266,0.538888086682491,12.201239698471495
JNJ,COP,22.641509433962266,0.5384141907909586,12.19050998017265
GS,INTC,22.641509433962266,0.5381399305264517,12.184300313806455
PYPL,INTC,22.641509433962266,0.537885217219595,12.178533220066305
COP,EQNR,22.641509433962266,0.5378119051533614,12.176873324227053
AMD,PYPL,22.641509433962266,0.5377866995637305,12.176302631631636
INTC,V,22.641509433962266,0.53617968065132,12.139917297765738
WFC,UNH,22.641509433962266,0.5358995477075047,12.13357466507558
BP,AMZN,22.641509433962266,0.5357520650000386,12.130235433963138
MA,GS,22.641509433962266,0.5354181393499259,12.12267485320587
EQNR,SLB,22.641509433962266,0.5335343096442152,12.080022105152043
GS,MRK,22.641509433962266,0.5334175380541682,12.077378220094376
MRK,VLO,22.641509433962266,0.5328546129211905,12.064632745385447
C,COP,22.641509433962266,0.5325376035005942,12.05745517359836
AAPL,GS,22.641509433962266,0.5316252104593052,12.036797217946534
COP,MSFT,22.641509433962266,0.5304019661471057,12.009101120311827
AZN,CVX,22.641509433962266,0.5283421130474709,11.96246293692387
UNH,PYPL,22.641509433962266,0.5262752723006638,11.915666542656542
PFE,TMO,22.641509433962266,0.5255585567632696,11.89943902105516
EQNR,CVX,22.641509433962266,0.524298133649411,11.870901139231949
EQNR,MRK,22.641509433962266,0.5225905556265313,11.832238995317692
SHEL,BAC,22.641509433962266,0.5222718753415337,11.825023592638502
JNJ,SHEL,22.641509433962266,0.5211900073339697,11.800528467938937
XOM,ADBE,22.641509433962266,0.521130143988218,11.799173071431351
LLY,AZN,22.641509433962266,0.5211289045090023,11.799145007750996
XOM,EQNR,22.641509433962266,0.5167256954204005,11.69944970763171
TMO,JNJ,22.641509433962266,0.5160808742628459,11.68484998330972
EQNR,WFC,22.641509433962266,0.5148793549032356,11.657645771394014
PYPL,GS,22.641509433962266,0.5146942337333029,11.653454348678558
AAPL,DHR,22.641509433962266,0.5138713221106831,11.634822387411694
GS,ADBE,22.641509433962266,0.5110912626353531,11.571877644574034
JNJ,MSFT,22.641509433962266,0.5109016086406933,11.567583591864755
MA,SHEL,22.641509433962266,0.5106163864812706,11.561125731651412
VLO,BP,22.641509433962266,0.5047602954220579,11.428534990688105
MRK,TMO,22.641509433962266,0.5046249003950345,11.425469442906442
TTE,BP,22.641509433962266,0.4977851991992972,11.270608283757673
BAC,COP,22.641509433962266,0.48028271887104057,10.874325710287712
PFE,CVX,21.69811320754717,0.6052800011008873,13.133433986151328
V,BAC,21.69811320754717,0.6038028491847066,13.101382576649295
META,PBR,21.69811320754717,0.6000510223640173,13.019975013558867
V,TTE,21.69811320754717,0.5981063148616045,12.977778530015947
TMO,JPM,21.69811320754717,0.5976881705133144,12.968705586609651
NVO,WFC,21.69811320754717,0.5969806498009049,12.953353722095107
UNH,INTC,21.69811320754717,0.5944344462562455,12.89810590933363
BAC,AAPL,21.69811320754717,0.5865106940094664,12.72617543605446
TSLA,ADBE,21.69811320754717,0.5850348121830188,12.694151585103238
PBR,EQNR,21.69811320754717,0.5839119047137705,12.669786611713889
GOOGL,TSLA,21.69811320754717,0.5775567049735725,12.531890768294497
V,AMD,21.69811320754717,0.5752026325396357,12.48081183812417
NVDA,PYPL,21.69811320754717,0.5751543482440504,12.479764160012415
SHEL,WFC,21.69811320754717,0.5740336168457375,12.455446403256568
SLB,MS,21.69811320754717,0.5739961184863328,12.454632759609108
TTE,AMZN,21.69811320754717,0.5738091925124951,12.450576818667345
TTE,AAPL,21.69811320754717,0.5728511019963713,12.429788062185416
META,INTC,21.69811320754717,0.571819455339264,12.407403276229314
SLB,MRK,21.69811320754717,0.5711452054726031,12.39277332629233
BP,AZN,21.69811320754717,0.5709345124604078,12.388201685461679
PYPL,JNJ,21.69811320754717,0.5698753089503164,12.365218967789882
NVO,AZN,21.69811320754717,0.5697314330856839,12.362097132991254
SHEL,INTC,21.69811320754717,0.5684766590403177,12.334870903705008
TSLA,TMO,21.69811320754717,0.5678344626526569,12.320936453784066
LLY,TTE,21.69811320754717,0.5671900330634049,12.30695354760218
GOOGL,PFE,21.69811320754717,0.5670515360572163,12.303948423882995
AMZN,MRK,21.69811320754717,0.5652661119912166,12.265208090375454
DHR,ABBV,21.69811320754717,0.5641738774448749,12.241508661539738
AAPL,PBR,21.69811320754717,0.5622492591118826,12.19974807506915
COP,BP,21.69811320754717,0.561697958328623,12.187785888262574
MSFT,COP,21.69811320754717,0.561170541152195,12.176341930660834
NVO,NVDA,21.69811320754717,0.5603759135062177,12.159100010040573
VLO,ADBE,21.69811320754717,0.5597526038030808,12.145575365538546
AXP,UNH,21.69811320754717,0.5596448057430239,12.143236351027877
MSFT,GOOGL,21.69811320754717,0.5589966755081776,12.129173147818946
JPM,SHEL,21.69811320754717,0.5586143314184473,12.120877002475742
JPM,AXP,21.69811320754717,0.5583943911010428,12.116104712569797
PFE,JPM,21.69811320754717,0.5559665547424797,12.063425244412295
GS,MSFT,21.69811320754717,0.555414795193307,12.051453103251003
NVDA,UNH,21.69811320754717,0.5553372961140746,12.049771519456336
AAPL,META,21.69811320754717,0.5551082164573847,12.044800923131932
COP,UNH,21.69811320754717,0.5547023025006733,12.035993356146685
BP,AMD,21.69811320754717,0.5544249868088003,12.029976128870194
GOOGL,AMD,21.69811320754717,0.5536866949756978,12.01395658909533
COP,META,21.69811320754717,0.5535997973037012,12.012071073570876
PFE,GS,21.69811320754717,0.5526184964962955,11.990778697561128
NVDA,INTC,21.69811320754717,0.5522582552051347,11.982962141243489
DHR,INTC,21.69811320754717,0.5522361325040066,11.982482120369955
AMD,COP,21.69811320754717,0.5517861793304981,11.972718985473072
ADBE,MRK,21.69811320754717,0.548503064802339,11.901481594767734
SHEL,V,21.69811320754717,0.5484295658911933,11.899886807073061
VLO,NVO,21.69811320754717,0.5481594756469615,11.894026358377468
ADBE,BAC,21.69811320754717,0.5470072329439596,11.86902486576516
MS,MRK,21.69811320754717,0.5420884723792289,11.762297042190815
NVO,AXP,21.69811320754717,0.5412338542681103,11.743753441666545
AMZN,VLO,21.69811320754717,0.5407117360476414,11.732424461411089
PYPL,TTE,21.69811320754717,0.540561276269895,11.729159768120365
AXP,EQNR,21.69811320754717,0.5394292281413083,11.704596459669897
AZN,AAPL,21.69811320754717,0.5390785476780299,11.696987355278006
TMO,GS,21.69811320754717,0.5386096313190175,11.686812755035286
NVDA,COP,21.69811320754717,0.5358585583442911,11.627119662187448
TTE,XOM,21.69811320754717,0.5336435651543175,11.579058489197456
MSFT,ABBV,21.69811320754717,0.5320403129479263,11.54427094132293
LLY,C,21.69811320754717,0.5315991027692679,11.534697512918077
NVDA,GS,21.69811320754717,0.5310947526027416,11.523754065908545
PYPL,GOOGL,21.69811320754717,0.5310587344250495,11.522972539411452
PBR,ADBE,21.69811320754717,0.5293603952714683,11.486121784192235
WFC,MS,21.69811320754717,0.5284233512813616,11.46578969761445
PBR,XOM,21.69811320754717,0.5266682899427568,11.427708178003215
META,PFE,21.69811320754717,0.5245524534341507,11.381798517910816
PBR,MRK,21.69811320754717,0.5239141517443514,11.367948575584984
MS,AZN,21.69811320754717,0.5215487042333681,11.316622827705157
BP,COP,21.69811320754717,0.5202879056099733,11.289265876442817
MRK,COP,21.69811320754717,0.5151591442198835,11.177981431186153
TTE,EQNR,21.69811320754717,0.5147062263195551,11.1681539673111
AZN,VLO,21.69811320754717,0.5125100238145002,11.12050051672972
XOM,META,21.69811320754717,0.5124760928932627,11.119764279759472
BAC,V,21.69811320754717,0.5124311525577862,11.118789159272719
DHR,MS,21.69811320754717,0.5118737353168878,11.106694256875869
DHR,NVDA,21.69811320754717,0.5106196244271116,11.079482416814686
V,JPM,21.69811320754717,0.5040972479323067,10.937959153248164
MS,TTE,21.69811320754717,0.5031017585549797,10.916358912042012
ADBE,NVO,20.754716981132077,0.5939848255150747,12.327986944652494
PFE,MA,20.754716981132077,0.5888569572070061,12.221559489202015
NVDA,TMO,20.754716981132077,0.5857261937013786,12.156581378707859
XOM,GS,20.754716981132077,0.5842879735293738,12.126731526081343
MSFT,NVDA,20.754716981132077,0.582169689186543,12.082767134060328
TMO,PBR,20.754716981132077,0.5802614317161988,12.043161790336203
AMZN,INTC,20.754716981132077,0.5732089924247942,11.896790408816484
AMZN,MA,20.754716981132077,0.5714284445472342,11.85983564154637
CVX,META,20.754716981132077,0.5649666851101137,11.725723653228776
CVX,MS,20.754716981132077,0.5649307072725838,11.72497694339325
XOM,MSFT,20.754716981132077,0.5649030842295244,11.724403634952393
MS,NVDA,20.754716981132077,0.5634546705423241,11.694342218802955
BP,BAC,20.754716981132077,0.5630559120856619,11.686066099891097
CVX,NVO,20.754716981132077,0.5602987547453436,11.628842079620341
JPM,EQNR,20.754716981132077,0.5599122294338131,11.620819856173481
V,NVO,20.754716981132077,0.5587559341752688,11.596821275335769
LLY,SHEL,20.754716981132077,0.5585660237718323,11.59287973866067
NVO,PFE,20.754716981132077,0.5574828352754503,11.570398467981045
MRK,AZN,20.754716981132077,0.5573395143751924,11.56742388325871
PBR,DHR,20.754716981132077,0.5566021554903793,11.552120208290892
PFE,AXP,20.754716981132077,0.5562514340839143,11.544841084760487
MA,TTE,20.754716981132077,0.5562066260964288,11.54391110766173
AMD,META,20.754716981132077,0.5533807171161127,11.485260166560831
LLY,UNH,20.754716981132077,0.5511916696540657,11.43982710602778
ABBV,MRK,20.754716981132077,0.5507863598351677,11.431415015446877
AXP,GS,20.754716981132077,0.5502231239003221,11.419725213025554
MRK,DHR,20.754716981132077,0.5478581530949899,11.370640913292243
AXP,AMD,20.754716981132077,0.5463097329753164,11.33850389194053
XOM,NVO,20.754716981132077,0.5461906915789181,11.336033221449243
TTE,MRK,20.754716981132077,0.5457830324785045,11.327572372195377
TSLA,JNJ,20.754716981132077,0.5454762719604801,11.321205644462795
DHR,COP,20.754716981132077,0.5441994483740022,11.294705532290614
PBR,BAC,20.754716981132077,0.54293812091365,11.268527037830474
AAPL,AZN,20.754716981132077,0.5426832541926112,11.263237351167403
TTE,CVX,20.754716981132077,0.541469802440725,11.238052503486745
LLY,V,20.754716981132077,0.5408983039353352,11.22619121375224
META,MS,20.754716981132077,0.540603777864627,11.220078408511126
TSLA,BAC,20.754716981132077,0.5387518300463486,11.181641755678935
BAC,PYPL,20.754716981132077,0.5380578308906651,11.167237999617578
MA,WFC,20.754716981132077,0.5378485922692257,11.16289531124808
BP,AXP,20.754716981132077,0.5378100685139223,11.16209576160971
LLY,MA,20.754716981132077,0.535189010486287,11.107696444055014
ABBV,TMO,20.754716981132077,0.5346370479643736,11.09624061812851
META,SHEL,20.754716981132077,0.5338781743325753,11.080490410676093
MA,GOOGL,20.754716981132077,0.5332909973459681,11.068303718501225
COP,LLY,20.754716981132077,0.531770967093157,11.036755920801372
SHEL,JNJ,20.754716981132077,0.529406266245523,10.987677223963686
PBR,AXP,20.754716981132077,0.5293510025133273,10.986530240842644
ADBE,WFC,20.754716981132077,0.5267185679074274,10.931894805625854
AXP,PFE,20.754716981132077,0.5240791860886248,10.877115182971458
PFE,COP,20.754716981132077,0.5238885788211562,10.873159183080602
COP,AMD,20.754716981132077,0.5220727835486388,10.835472866103826
MSFT,SHEL,20.754716981132077,0.5173266266340074,10.736967722592608
UNH,DHR,20.754716981132077,0.5168725007476661,10.727542468347789
AMD,MA,20.754716981132077,0.5160713078734649,10.710913936996443
PYPL,MS,20.754716981132077,0.5133818395620149,10.655094783362573
NVO,BAC,20.754716981132077,0.5078035107304416,10.539318147235582
JNJ,AXP,20.754716981132077,0.5067047979638161,10.516514674720712
TMO,INTC,19.81132075471698,0.6166507591299459,12.216665982763079
AMZN,DHR,19.81132075471698,0.5989464353430783,11.86591994547608
PBR,NVDA,19.81132075471698,0.593421878045772,11.75647116883133
TSLA,ABBV,19.81132075471698,0.5888955090949893,11.666797821693185
DHR,TSLA,19.81132075471698,0.5857265441690751,11.60401644108545
PFE,VLO,19.81132075471698,0.5853307590775957,11.596175415688217
COP,NVO,19.81132075471698,0.5848629004975303,11.586906519290695
AAPL,PYPL,19.81132075471698,0.5823946561336666,11.538007338497168
MSFT,AMZN,19.81132075471698,0.580479198977983,11.500059602394002
V,SLB,19.81132075471698,0.579303755540939,11.476772515433698
PFE,DHR,19.81132075471698,0.575574449715635,11.402890041536164
INTC,CVX,19.81132075471698,0.57438089617602,11.379244169524924
TTE,WFC,19.81132075471698,0.5672474661686258,11.237921499567113
GS,JNJ,19.81132075471698,0.567192544414897,11.236833427087582
ADBE,GOOGL,19.81132075471698,0.5663746995202503,11.220630839552129
COP,SLB,19.81132075471698,0.5647599969271286,11.188641448556321
AMZN,NVO,19.81132075471698,0.5639737682997136,11.173065221032061
VLO,AXP,19.81132075471698,0.5620828319702617,11.135603274882541
TMO,MS,19.81132075471698,0.5616717531122211,11.127459259770417
MS,MA,19.81132075471698,0.5613714680544424,11.121510216172915
C,MRK,19.81132075471698,0.559716875984831,11.088730561963633
MA,AZN,19.81132075471698,0.5592985876924857,11.080443718436038
BAC,GS,19.81132075471698,0.5574317962715319,11.043460114813369
EQNR,MSFT,19.81132075471698,0.5561404520491048,11.017876880218113
GOOGL,NVO,19.81132075471698,0.5547322794768426,10.989979121711032
JPM,PYPL,19.81132075471698,0.5544373496239094,10.984136171794432
GOOGL,INTC,19.81132075471698,0.5538391136708659,10.972284327441683
C,CVX,19.81132075471698,0.5530727432261051,10.957101516743592
DHR,XOM,19.81132075471698,0.5514378320526523,10.924711767080847
CVX,EQNR,19.81132075471698,0.5505515348045287,10.907153048014248
MSFT,BAC,19.81132075471698,0.5502128308837557,10.900442875998934
AAPL,TSLA,19.81132075471698,0.5492515297505598,10.881398230907317
TTE,MA,19.81132075471698,0.5461890725159428,10.820726908334716
MS,JPM,19.81132075471698,0.5449528257579908,10.796235227280949
INTC,META,19.81132075471698,0.5437456645402519,10.772319769193668
BAC,UNH,19.81132075471698,0.5428745809136268,10.755062452062418
UNH,AMZN,19.81132075471698,0.5388002403537793,10.674344384367325
ADBE,PBR,19.81132075471698,0.5380333003411402,10.659150289777305
MS,ABBV,19.81132075471698,0.5369269703646369,10.63723243175224
JNJ,NVO,19.81132075471698,0.5362478017749891,10.623777204976198
TTE,PFE,19.81132075471698,0.5358900760162769,10.616690185228128
JPM,MA,19.81132075471698,0.535869640623171,10.616285333100556
PBR,TMO,19.81132075471698,0.5357782259935193,10.614474288550854
AMZN,TSLA,19.81132075471698,0.5334788571249168,10.56892075436156
META,EQNR,19.81132075471698,0.5309955669667925,10.519723496511928
PBR,SLB,19.81132075471698,0.5307885652281611,10.515622518671115
JNJ,SLB,19.81132075471698,0.5289515370666777,10.47922856452852
UNH,TMO,19.81132075471698,0.5271594510723737,10.443724974075328
V,UNH,19.81132075471698,0.5269760337520731,10.440091234710883
UNH,GS,19.81132075471698,0.525523600204236,10.41131660781977
VLO,JNJ,19.81132075471698,0.5243883401932393,10.38882560760191
AAPL,EQNR,19.81132075471698,0.5241217978114733,10.383545050982018
PBR,AZN,19.81132075471698,0.5225838298310417,10.353075874011203
COP,DHR,19.81132075471698,0.5222452382365858,10.346367927328586
BP,ABBV,19.81132075471698,0.5218886995715054,10.33930442547322
ADBE,AZN,19.81132075471698,0.5206011631741321,10.313796628921484
NVO,ABBV,19.81132075471698,0.516571787554267,10.233969376075102
LLY,JPM,19.81132075471698,0.511314982032017,10.129825115728638
PBR,COP,19.81132075471698,0.5081551989125083,10.06722563883271
ADBE,MS,19.81132075471698,0.5064254347503228,10.03295672618564
LLY,COP,19.81132075471698,0.5063904860957853,10.032264347180652
ABBV,DHR,19.81132075471698,0.4966686855362676,9.83966263798266
MSFT,C,19.81132075471698,0.48711442602658245,9.650380138262483
INTC,XOM,18.867924528301888,0.6124623719805751,11.555893810954247
JNJ,META,18.867924528301888,0.6002338480612032,11.325166944551004
INTC,MSFT,18.867924528301888,0.5940390759351906,11.20828445160737
NVDA,ADBE,18.867924528301888,0.593359497014034,11.195462207811962
INTC,TSLA,18.867924528301888,0.5891668195217309,11.116355085315679
AZN,MS,18.867924528301888,0.5856136827542641,11.04931476894838
SLB,AMD,18.867924528301888,0.584215488666565,11.022933748425755
AXP,BP,18.867924528301888,0.5820422320525502,10.981928906651891
SLB,TTE,18.867924528301888,0.5754613009076159,10.85776039448332
TSLA,XOM,18.867924528301888,0.5722695281650054,10.797538267264255
AMZN,BP,18.867924528301888,0.5712561392801219,10.77841772226645
WFC,ABBV,18.867924528301888,0.571146494104237,10.776348945362964
DHR,MRK,18.867924528301888,0.5703554075651167,10.761422784247486
TMO,WFC,18.867924528301888,0.5699444795250329,10.753669425000622
XOM,TMO,18.867924528301888,0.5688611165738637,10.733228614601202
SHEL,AMD,18.867924528301888,0.5643204605032435,10.647555858551764
NVO,TTE,18.867924528301888,0.562150352937617,10.606610432785226
GS,PFE,18.867924528301888,0.5593124998296908,10.553066034522468
SLB,NVDA,18.867924528301888,0.5590270231752017,10.547679682550976
PFE,ADBE,18.867924528301888,0.558408392125387,10.536007398592208
ADBE,JNJ,18.867924528301888,0.5580929795991967,10.530056218852769
MA,AMD,18.867924528301888,0.5522573601055032,10.419950190669873
MRK,GS,18.867924528301888,0.5521072834391996,10.417118555456597
XOM,SHEL,18.867924528301888,0.5489759108786466,10.358036054314088
MSFT,AZN,18.867924528301888,0.5489190005701803,10.356962274909062
UNH,LLY,18.867924528301888,0.5482954812770375,10.345197759944105
UNH,PFE,18.867924528301888,0.5473512383417843,10.327381855505365
TMO,MRK,18.867924528301888,0.5467422714487027,10.315891914126466
TTE,AMD,18.867924528301888,0.5462126820560637,10.305899661435165
LLY,ABBV,18.867924528301888,0.5456969508045221,10.29616888310419
CVX,DHR,18.867924528301888,0.5442482118094137,10.268834185083278
LLY,AXP,18.867924528301888,0.5427292273697168,10.240174101315413
AXP,C,18.867924528301888,0.5420262410140219,10.226910207811734
COP,TSLA,18.867924528301888,0.536354761013503,10.119901151198171
BAC,MA,18.867924528301888,0.5358578286495363,10.110525068859177
BAC,EQNR,18.867924528301888,0.5353182289889895,10.100343943188482
EQNR,V,18.867924528301888,0.533162904543001,10.059677444207566
C,MA,18.867924528301888,0.5330065311307328,10.056727002466658
JPM,V,18.867924528301888,0.5281990390147354,9.966019604051612
XOM,AZN,18.867924528301888,0.5191092370706419,9.794513906993245
LLY,TMO,18.867924528301888,0.5187276412412538,9.787313985684035
GS,PYPL,18.867924528301888,0.5184312647807575,9.781721976995426
LLY,DHR,18.867924528301888,0.5179253381857547,9.772176192184052
MA,MS,18.867924528301888,0.5174855145588545,9.763877633185935
WFC,MA,18.867924528301888,0.5139291259918157,9.696775962109731
BAC,TMO,18.867924528301888,0.5137863677671193,9.694082410700364
TTE,VLO,18.867924528301888,0.5137621258134966,9.693625015348992
VLO,MS,18.867924528301888,0.5090427657520944,9.604580485888574
V,GOOGL,17.92452830188679,0.6003621200033029,10.761207811379958
TSLA,AMZN,17.92452830188679,0.5981559323454891,10.721662938268201
MA,BAC,17.92452830188679,0.5758880781415215,10.322522155366896
INTC,GOOGL,17.92452830188679,0.5744351012615546,10.296478230159941
AZN,MA,17.92452830188679,0.5733614393660481,10.277233347127277
AZN,ADBE,17.92452830188679,0.5694681874818032,10.207448643541754
EQNR,ABBV,17.92452830188679,0.5664617442175963,10.153559566164462
UNH,NVDA,17.92452830188679,0.5653088544578796,10.132894561037464
CVX,UNH,17.92452830188679,0.5617912748983185,10.069843606667972
XOM,PBR,17.92452830188679,0.5603988063450397,10.04488426467524
WFC,ADBE,17.92452830188679,0.5594975488314893,10.028729648866317
AZN,V,17.92452830188679,0.5591553424871125,10.022595761561451
INTC,AAPL,17.92452830188679,0.558801113347151,10.016246371316857
MSFT,GS,17.92452830188679,0.558335306884678,10.007897010197059
PFE,SHEL,17.92452830188679,0.5573124864676032,9.989563436683454
V,GS,17.92452830188679,0.5548159907461563,9.944814928468839
DHR,TTE,17.92452830188679,0.5538246735098943,9.927046034611312
JNJ,DHR,17.92452830188679,0.5454244218701698,9.7764754863521
TMO,TTE,17.92452830188679,0.5436307679179784,9.744325085322254
JPM,MS,17.92452830188679,0.5424717782503086,9.723550742222512
DHR,JNJ,17.92452830188679,0.5421383276434933,9.717573797383372
MRK,UNH,17.92452830188679,0.5394947573902847,9.670189047561706
JNJ,TSLA,17.92452830188679,0.5364277834008294,9.615214985486565
TTE,COP,17.92452830188679,0.5356441618510727,9.601168938839981
EQNR,C,17.92452830188679,0.534592902241923,9.582325606223147
GS,BP,17.92452830188679,0.5340549829161285,9.572683656043813
NVDA,PFE,17.92452830188679,0.5333920942576827,9.560801689524501
AZN,ABBV,17.92452830188679,0.5331239704321133,9.555995696424672
TMO,BAC,17.92452830188679,0.5307685048365953,9.51377508669369
SLB,XOM,17.92452830188679,0.528265879774674,9.468916712942269
DHR,BAC,17.92452830188679,0.5263003963726338,9.433686350075511
AZN,META,17.92452830188679,0.5255540562466193,9.420308555363931
PYPL,BAC,17.92452830188679,0.5253107801467604,9.415947946026836
SLB,VLO,17.92452830188679,0.5248325088207122,9.407375158107104
AMD,XOM,17.92452830188679,0.5241868057745518,9.395801235581589
MA,JPM,17.92452830188679,0.521330295070123,9.344599628615411
EQNR,TMO,17.92452830188679,0.5210925275567785,9.340337758093199
COP,MS,17.92452830188679,0.5190510475111091,9.30374519123686
PBR,AAPL,17.92452830188679,0.5146100960795075,9.224143231613812
PYPL,C,17.92452830188679,0.5084300109124162,9.113368120128214
COP,GS,17.92452830188679,0.4884822175287974,8.75581333306335
LLY,GOOGL,16.9811320754717,0.5925220060646986,10.06169444260809
GS,TTE,16.9811320754717,0.5840223825784067,9.917361213595585
AAPL,INTC,16.9811320754717,0.5834421275679978,9.907507826626379
SLB,PBR,16.9811320754717,0.5777632837572838,9.811074629840668
LLY,JNJ,16.9811320754717,0.5735667390050866,9.73981254914298
JNJ,PYPL,16.9811320754717,0.5709602332558521,9.695551130759753
EQNR,AAPL,16.9811320754717,0.5692329768636184,9.66622036183503
MS,VLO,16.9811320754717,0.5667071107296281,9.623328295408779
ABBV,AZN,16.9811320754717,0.5665610138393455,9.620847404819076
DHR,GS,16.9811320754717,0.5580766948807416,9.476774064012593
ABBV,EQNR,16.9811320754717,0.5547404804422692,9.420121366000798
EQNR,TSLA,16.9811320754717,0.5544892458463984,9.415855118146387
MSFT,JNJ,16.9811320754717,0.5524520017938976,9.381260407820903
TMO,LLY,16.9811320754717,0.547945474192358,9.304734467417399
WFC,TMO,16.9811320754717,0.5453778458993971,9.261133232253913
NVDA,EQNR,16.9811320754717,0.5420529015881331,9.204671913760752
NVO,MRK,16.9811320754717,0.5398514259677571,9.167288365490217
COP,PBR,16.9811320754717,0.5386224112440366,9.146418304144019
CVX,SLB,16.9811320754717,0.5378191969644525,9.132778816377495
SLB,EQNR,16.9811320754717,0.5369960467187117,9.118800793336614
AXP,WFC,16.9811320754717,0.5360782017146639,9.103214746098066
DHR,AZN,16.9811320754717,0.5351887467609611,9.088110794054057
DHR,WFC,16.9811320754717,0.531158609843638,9.01967450677876
WFC,V,16.9811320754717,0.5304994863236053,9.008481843231035
LLY,AAPL,16.9811320754717,0.5277604111531482,8.961969245996857
NVO,EQNR,16.9811320754717,0.5257869031324531,8.928456845645432
BP,MS,16.9811320754717,0.5186745869198303,8.807681664676362
GS,V,16.9811320754717,0.5113598142557907,8.683468543966258
MSFT,AMD,16.9811320754717,0.5090179952917463,8.643701806840975
TMO,AMD,16.9811320754717,0.5023304933199131,8.530140452602298
COP,AMZN,16.9811320754717,0.5019402460631147,8.523513612392515
WFC,DHR,16.037735849056602,0.5913071620506537,9.48322807062369
EQNR,META,16.037735849056602,0.5848962214693584,9.380411099036879
MS,WFC,16.037735849056602,0.5779512700850279,9.269029803250447
TTE,NVDA,16.037735849056602,0.5724407792259791,9.180654006454382
XOM,SLB,16.037735849056602,0.5695406746416143,9.1341428951957
AAPL,NVO,16.037735849056602,0.5566713904320573,8.927748714476389
INTC,MA,16.037735849056602,0.5542690598562463,8.88922077127942
NVDA,TSLA,16.037735849056602,0.5531745154012301,8.871666756434822
DHR,PFE,16.037735849056602,0.548837069170018,8.802103939519155
XOM,UNH,16.037735849056602,0.5461823478610917,8.759528220413733
AMD,AAPL,16.037735849056602,0.5446708200267342,8.73528673627781
ADBE,GS,16.037735849056602,0.5341129898145063,8.56596304419491
XOM,DHR,16.037735849056602,0.5318134253891147,8.529083237372593
DHR,LLY,16.037735849056602,0.5271432565528227,8.454184303205645
PBR,WFC,16.037735849056602,0.5265716353773222,8.445016793787243
SLB,PFE,16.037735849056602,0.5259632857052113,8.435260242442068
C,AXP,16.037735849056602,0.5173443087332595,8.297031366476803
XOM,AXP,16.037735849056602,0.5165634061714561,8.284507457466749
META,AMD,16.037735849056602,0.5139483145461143,8.242567308758437
PYPL,WFC,16.037735849056602,0.5021271029618954,8.052981839954926
ABBV,NVO,16.037735849056602,0.49168516405200235,7.885516781966075
ADBE,TTE,15.09433962264151,0.597376914142906,9.01701002479858
AXP,PBR,15.09433962264151,0.5880899900914407,8.876830039116086
JNJ,ADBE,15.09433962264151,0.5799366914103308,8.753761379778577
PYPL,JPM,15.09433962264151,0.5729695075956989,8.648596341067153
JPM,SLB,15.09433962264151,0.5618316996676396,8.480478485549277
DHR,AMD,15.09433962264151,0.5592573283544271,8.441620050632862
AMD,V,15.09433962264151,0.5542734597268202,8.366391844933135
C,TTE,15.09433962264151,0.5529347875141349,8.34618547191147
WFC,AXP,15.09433962264151,0.5486884484525615,8.282089787963193
AZN,MSFT,15.09433962264151,0.5475657723242087,8.265143733195602
ADBE,C,15.09433962264151,0.5359437418591795,8.089716858251766
GOOGL,EQNR,15.09433962264151,0.5269405972990719,7.953820336589765
AXP,VLO,15.09433962264151,0.5225428074805134,7.887438603479448
MA,C,15.09433962264151,0.5180510936588721,7.819639149567881
VLO,SHEL,15.09433962264151,0.5126844208899314,7.738632768149908
VLO,UNH,15.09433962264151,0.5093378377313226,7.688118305378454
GS,MA,15.09433962264151,0.5090679588386506,7.684044661715482
ADBE,INTC,15.09433962264151,0.506033239433108,7.6382375763488
PBR,C,14.150943396226415,0.597783727703935,8.459203693923607
NVO,JNJ,14.150943396226415,0.5772096006479006,8.168060386526895
V,C,14.150943396226415,0.566193669215038,8.012174564363745
MRK,NVO,14.150943396226415,0.5268168504224667,7.454955430506605
SHEL,VLO,14.150943396226415,0.5191898729358697,7.347026503809477
TSLA,COP,13.20754716981132,0.5622534155216288,7.4259885068894365
C,ABBV,13.20754716981132,0.557285820737625,7.360378764459198
AMD,TTE,13.20754716981132,0.5486385710381761,7.24616980616459
ABBV,MS,13.20754716981132,0.5436221336510776,7.1799149727500815
C,V,13.20754716981132,0.5432043996427353,7.174397731130465
TMO,AZN,13.20754716981132,0.5257590575587947,6.943987552663327
V,MS,13.20754716981132,0.5156750466696245,6.810802503183719
ABBV,UNH,13.20754716981132,0.48911703200286455,6.460036271735946
EQNR,COP,13.20754716981132,0.4785142144963072,6.319999059385189
PBR,CVX,13.20754716981132,0.4707788955521635,6.217834469556877
COP,TTE,12.264150943396226,0.5157250584942696,6.32492996266557
C,WFC,11.320754716981133,0.62431049965854,7.067666033870265
AMD,MSFT,10.377358490566039,0.5527224366489368,5.735798870885194
AAPL,AMD,10.377358490566039,0.5414038781745165,5.6183421319997
ABBV,PYPL,10.377358490566039,0.508359804815317,5.275431936762724
INTC,ADBE,5.660377358490567,0.4853744659737545,2.7474026375872898
