Lead,Lag,Freq,AvgWeight,Score
ABBV,SLB,92.3076923076923,-0.5999557266613514,55.380528614893976
AZN,MA,61.53846153846154,0.8997127277592039,55.36693709287408
NVO,AZN,92.3076923076923,-0.5978332053845801,55.18460357396123
TMO,AMD,92.3076923076923,0.5952879216315786,54.94965430445341
UNH,AZN,92.3076923076923,-0.5856871512996276,54.06342935073485
AAPL,MRK,69.23076923076923,0.7515541045287588,52.030668775067916
UNH,MRK,76.92307692307693,-0.6702034409706887,51.55411084389914
ABBV,META,84.61538461538461,0.6048051920695233,51.17582394434428
AMD,TMO,84.61538461538461,0.6009326507985744,50.848147375263984
INTC,AZN,76.92307692307693,-0.6559558269614223,50.45814053549403
JNJ,PFE,92.3076923076923,0.5423399325723228,50.062147622060564
META,ABBV,92.3076923076923,0.5351594366878916,49.39933261734384
JNJ,AMZN,76.92307692307693,-0.6391723294238945,49.167102263376506
GOOGL,AMZN,84.61538461538461,0.5702310985083557,48.25032371993779
PBR,PFE,69.23076923076923,0.6944361554466922,48.07634922323253
TMO,AMZN,61.53846153846154,0.7646910952851136,47.057913556006994
TTE,JPM,61.53846153846154,-0.7613839159103868,46.85439482525457
AMZN,GOOGL,69.23076923076923,0.6764777253375682,46.83307329260087
PBR,ABBV,69.23076923076923,0.6713202563423507,46.476017746778126
UNH,JNJ,69.23076923076923,-0.6664026723103345,46.13556962148469
NVO,LLY,61.53846153846154,-0.7471215847978474,45.97671291063676
GS,SHEL,61.53846153846154,-0.7456639758668138,45.88701389949623
PBR,META,84.61538461538461,0.5374481984679186,45.476386024208495
SHEL,WFC,84.61538461538461,-0.5372419244467272,45.458932068569226
PBR,AAPL,76.92307692307693,0.5733893012270357,44.106869325156595
PYPL,JPM,69.23076923076923,-0.6360376606125002,44.03337650394232
PBR,SLB,92.3076923076923,-0.4692895589327406,43.319036209176055
SLB,SHEL,69.23076923076923,-0.6229193998946344,43.125189223474685
DHR,TMO,92.3076923076923,0.4651138296008152,42.93358427084448
VLO,SHEL,76.92307692307693,-0.5557911387341552,42.75316451801194
PYPL,WFC,76.92307692307693,-0.5549727780256104,42.69021369427773
TMO,TSLA,84.61538461538461,-0.5035355482616081,42.60685408367453
MS,SHEL,53.84615384615385,-0.7844790588115436,42.24118008985235
PYPL,MRK,61.53846153846154,-0.6832505234324864,42.04618605738378
TMO,SLB,76.92307692307693,0.5458958272447966,41.9919867111382
PBR,GS,61.53846153846154,0.6701449546563546,41.23968951731413
AZN,JNJ,84.61538461538461,0.48672795052336504,41.184672736592425
PYPL,PFE,76.92307692307693,-0.5323819212688251,40.952455482217324
AXP,VLO,46.15384615384615,0.8814254160233572,40.68117304723187
PYPL,BAC,61.53846153846154,-0.659578403744099,40.5894402304061
ADBE,PFE,61.53846153846154,-0.6560509202302375,40.37236432186077
VLO,AMD,61.53846153846154,-0.6545518267800634,40.28011241723467
EQNR,AAPL,61.53846153846154,-0.6514795450019355,40.091048923196034
INTC,ABBV,76.92307692307693,-0.5210341923194785,40.0795532553445
GS,V,92.3076923076923,-0.4325049208422727,39.92353115467132
TSLA,INTC,53.84615384615385,-0.7413439655348676,39.91852122110826
AMD,VLO,69.23076923076923,-0.5733663514455835,39.69459356161731
BP,EQNR,61.53846153846154,-0.6435532657310815,39.60327789114348
MRK,NVO,92.3076923076923,-0.42235785641784235,38.98687905395468
PYPL,AMZN,53.84615384615385,0.7203963539732964,38.79057290625442
ABBV,PYPL,69.23076923076923,-0.5507501419741698,38.12885598282714
SHEL,PYPL,76.92307692307693,0.49353411580320605,37.964162754092776
ABBV,MA,69.23076923076923,0.5458875057124525,37.792211933939015
SHEL,TTE,76.92307692307693,0.4899154136830699,37.685801052543844
BAC,AAPL,76.92307692307693,0.4891626780347506,37.62789831036544
PFE,JNJ,92.3076923076923,0.40744921047060556,37.61069635113282
V,MS,84.61538461538461,-0.4419755993914091,37.397935333119236
SLB,ABBV,84.61538461538461,-0.4405580988104092,37.277992976265395
DHR,AMD,69.23076923076923,0.5351373691311503,37.04797170907963
V,GS,100.0,-0.37013303696518995,37.013303696518996
AMD,GOOGL,84.61538461538461,-0.4336863732461051,36.69653927467043
TMO,META,69.23076923076923,-0.528566592398973,36.59307178146736
GS,MS,92.3076923076923,0.39175973742901177,36.16243730113955
JNJ,TTE,100.0,0.36064396284153505,36.0643962841535
AZN,EQNR,61.53846153846154,-0.5853523807205319,36.02168496741734
BAC,AXP,46.15384615384615,0.7801790562885306,36.00826413639372
PYPL,C,61.53846153846154,-0.5837573216330953,35.92352748511356
TMO,DHR,92.3076923076923,0.3879246747082013,35.80843151152627
V,SHEL,76.92307692307693,0.4652655552195558,35.789658093811994
EQNR,PYPL,61.53846153846154,0.5802976359244829,35.71062374919895
NVO,SHEL,69.23076923076923,-0.515290473454016,35.6739558545088
SLB,AMZN,46.15384615384615,0.7694006697441659,35.51080014203843
INTC,SLB,69.23076923076923,0.511828301801217,35.43426704777656
AZN,ABBV,76.92307692307693,0.45959400994463556,35.353385380356585
UNH,BP,76.92307692307693,-0.4595040141083211,35.34646262371701
COP,PBR,76.92307692307693,-0.4593719826356678,35.33630635658984
CVX,PFE,61.53846153846154,-0.5739935317497269,35.322678876906274
NVO,BP,69.23076923076923,-0.5070381671004207,35.102642337721434
MSFT,BAC,46.15384615384615,-0.7584986846867543,35.00763160092712
LLY,JPM,69.23076923076923,0.5045904543639729,34.933185302121196
XOM,PFE,53.84615384615385,-0.6465805609971861,34.81587636138694
WFC,PYPL,69.23076923076923,-0.4964146582414506,34.36716864748504
META,LLY,53.84615384615385,-0.6376322079018385,34.33404196394515
INTC,MSFT,61.53846153846154,-0.5555030598799058,34.18480368491728
BAC,BP,61.53846153846154,-0.5541067885218502,34.098879293652324
ADBE,AMD,84.61538461538461,-0.4010785462228705,33.9374154496275
SLB,JPM,61.53846153846154,-0.5512149171285647,33.920917977142444
NVO,MRK,61.53846153846154,-0.5495966199924871,33.82133046107613
AMZN,TSLA,84.61538461538461,-0.39801145936213445,33.67789271525753
MRK,JPM,53.84615384615385,0.6249108845461467,33.6490476294079
NVDA,ADBE,38.46153846153847,-0.8737361910070982,33.60523811565763
MSFT,V,76.92307692307693,0.4368225550410158,33.60173500315506
PBR,V,53.84615384615385,-0.623603497592338,33.578649870356664
GOOGL,V,84.61538461538461,-0.39637550041790826,33.53946541997685
GS,BAC,69.23076923076923,-0.4830078055188416,33.43900192053518
GOOGL,SHEL,69.23076923076923,-0.48221196745295203,33.38390543905052
SLB,JNJ,69.23076923076923,-0.48219876480757645,33.38299140975529
ADBE,MSFT,53.84615384615385,0.6169096060276175,33.218209555333246
V,C,84.61538461538461,-0.39216735217803955,33.18339133814181
LLY,GOOGL,53.84615384615385,0.6156913943185611,33.15261354023021
XOM,BP,61.53846153846154,-0.536476430846756,33.013934205954214
NVO,XOM,76.92307692307693,0.4286712735772569,32.974713352096686
GS,C,46.15384615384615,0.7139400617590658,32.951079773495344
PFE,ABBV,69.23076923076923,0.47504876579698835,32.887991478253035
DHR,SLB,76.92307692307693,0.42737945518933307,32.87534270687178
AAPL,NVO,76.92307692307693,-0.4243976188573465,32.645970681334354
JNJ,NVO,92.3076923076923,-0.3532164281475132,32.604593367462755
WFC,BP,53.84615384615385,-0.6030626061780346,32.472601871124944
TTE,SHEL,69.23076923076923,0.4686538219368715,32.44526459562956
WFC,AAPL,53.84615384615385,0.5967934182032086,32.135030210942006
GOOGL,EQNR,61.53846153846154,-0.5218494059239414,32.113809595319466
SHEL,AMD,69.23076923076923,0.46357509528022045,32.093660442476796
JNJ,LLY,53.84615384615385,-0.5958100898475683,32.08208176102291
VLO,MA,76.92307692307693,-0.4123737120786063,31.721054775277413
PYPL,ABBV,61.53846153846154,-0.5147280040659582,31.675569480982045
V,MA,84.61538461538461,0.3728509981360428,31.54893061151131
MS,LLY,69.23076923076923,-0.45286108044226814,31.351920953695483
BAC,SLB,46.15384615384615,0.6775167109849797,31.2700020454606
AMD,JNJ,46.15384615384615,0.6767517321169719,31.234695328475627
SHEL,GS,61.53846153846154,-0.5058869656663055,31.131505579464957
UNH,VLO,76.92307692307693,0.40396712790890604,31.074394454531237
INTC,UNH,84.61538461538461,0.3665969267245671,31.01973995361722
BAC,AMZN,46.15384615384615,-0.6711001416424623,30.97385269119057
EQNR,GOOGL,69.23076923076923,-0.4456434803229629,30.85224094543589
AMD,NVO,69.23076923076923,-0.44529715165311906,30.82826434521593
AMZN,TMO,61.53846153846154,0.500722769172212,30.813708872136125
MSFT,NVDA,76.92307692307693,0.3995008928988947,30.730837915299595
INTC,META,69.23076923076923,-0.4434988460873541,30.703766267586055
NVO,EQNR,46.15384615384615,0.6630206821361505,30.600954560130024
INTC,NVO,53.84615384615385,0.566833146080683,30.521784788959856
DHR,JPM,61.53846153846154,-0.494014569323701,30.400896573766218
MRK,UNH,92.3076923076923,-0.32831125377644693,30.305654194748946
GOOGL,PBR,46.15384615384615,0.650378385837386,30.01746396172551
AZN,INTC,69.23076923076923,-0.4321556351998948,29.918467052300407
AXP,BAC,53.84615384615385,0.5551684729744254,29.893687006315215
BP,AZN,76.92307692307693,0.3886086542662189,29.892973405093763
INTC,MA,76.92307692307693,-0.3881388320029024,29.856833230992496
MSFT,EQNR,53.84615384615385,0.5543666392355133,29.85051134345072
PYPL,AMD,53.84615384615385,0.5542602597337102,29.84478321643055
MS,GS,69.23076923076923,0.4307920307967257,29.824063670542547
BAC,XOM,69.23076923076923,0.4295866844349244,29.740616614725536
AZN,SHEL,53.84615384615385,0.551848271055287,29.714906902976992
SLB,TMO,46.15384615384615,0.643800310284231,29.713860474656816
MRK,C,61.53846153846154,0.4824922528016401,29.69183094163939
LLY,MRK,46.15384615384615,0.6431073104251686,29.68187586577701
AMD,WFC,38.46153846153847,-0.7691525720890615,29.582791234194676
TMO,BAC,53.84615384615385,-0.5473073029932681,29.470393238099053
SHEL,XOM,69.23076923076923,-0.4252348369691014,29.439334867091635
META,TMO,61.53846153846154,-0.4772973512876276,29.372144694623238
MA,V,69.23076923076923,0.4236280934714668,29.32809877879385
UNH,NVO,76.92307692307693,0.3788886268184922,29.145278986037866
AMD,TSLA,76.92307692307693,-0.3785951872172651,29.122706709020395
UNH,NVDA,69.23076923076923,-0.42024175435012373,29.093659916547026
COP,MS,53.84615384615385,-0.5396015370011101,29.055467376982854
AZN,META,53.84615384615385,0.5394126598655937,29.045297069685816
PYPL,AAPL,76.92307692307693,-0.37737314336037076,29.028703335413137
JNJ,EQNR,38.46153846153847,-0.7546677122527841,29.0256812404917
PBR,PYPL,76.92307692307693,-0.3758246241679052,28.909586474454247
JNJ,ABBV,61.53846153846154,0.4693769529007754,28.884735563124643
SHEL,BAC,53.84615384615385,-0.5355802063231776,28.838934186632642
AZN,BP,61.53846153846154,0.46818915111524145,28.811640068630243
GOOGL,NVDA,69.23076923076923,-0.41606165791423216,28.804268624831455
NVO,UNH,69.23076923076923,0.4155216875772752,28.766886063042126
UNH,PYPL,38.46153846153847,0.7469072420580156,28.72720161761599
AXP,SHEL,76.92307692307693,-0.3728368517476751,28.679757826744243
COP,TTE,53.84615384615385,-0.5294319425480771,28.507873829511844
LLY,AZN,46.15384615384615,0.616767978689332,28.46621440104609
UNH,AAPL,76.92307692307693,-0.3694402905037583,28.41848388490449
GOOGL,MRK,61.53846153846154,0.46144046456330834,28.396336280818975
PBR,MS,46.15384615384615,0.6149229548848562,28.38105945622413
MSFT,MRK,69.23076923076923,0.40913097622473926,28.324452200174253
GS,MA,53.84615384615385,-0.5252496452335781,28.282673204884976
TMO,AAPL,61.53846153846154,-0.4585919047405095,28.22104029172366
JPM,MRK,46.15384615384615,0.6107834723855362,28.190006417793978
JPM,AZN,38.46153846153847,0.7309485019072637,28.113403919510144
MS,AZN,53.84615384615385,-0.5220120229093079,28.10833969511658
NVO,INTC,61.53846153846154,0.45672237335104493,28.10599220621815
AMZN,LLY,30.76923076923077,0.9075813421842394,27.92557975951506
MA,TMO,61.53846153846154,-0.4535609245518153,27.91144151088094
WFC,MRK,53.84615384615385,0.5178520528057131,27.884341304923016
AMD,AAPL,69.23076923076923,-0.40274789816885914,27.882546796305633
NVDA,SHEL,61.53846153846154,0.45119157122496883,27.765635152305777
ADBE,MS,84.61538461538461,-0.3277349492355308,27.73141878146799
MA,SHEL,76.92307692307693,0.35902092932093954,27.6169945631492
PBR,ADBE,46.15384615384615,-0.5980405362115083,27.601870902069614
AMZN,TTE,61.53846153846154,-0.4474223500636233,27.533683080838358
AMD,SHEL,76.92307692307693,0.35714167905061645,27.472436850047423
GS,BP,61.53846153846154,-0.4462000350663933,27.458463696393434
PFE,TMO,30.76923076923077,-0.8922984012429117,27.455335422858823
EQNR,AXP,53.84615384615385,-0.5090885990352023,27.412463024972432
JNJ,MS,53.84615384615385,-0.5089603508869228,27.40555735544969
AAPL,JNJ,53.84615384615385,0.508350542942764,27.37272154307191
BP,XOM,76.92307692307693,-0.355315566471014,27.331966651616465
AZN,NVO,84.61538461538461,-0.32288302517527534,27.320871360984835
PFE,JPM,69.23076923076923,0.3935939975548627,27.248815215336645
META,MS,76.92307692307693,0.3542096541924478,27.246896476342144
WFC,XOM,46.15384615384615,0.5898886604610764,27.225630482818907
GS,PFE,69.23076923076923,0.3927123490195907,27.187778009048582
XOM,AMZN,46.15384615384615,-0.5874776207633414,27.114351727538835
UNH,GOOGL,46.15384615384615,-0.5870328030075017,27.09382167726931
MA,MRK,46.15384615384615,0.5840604416585715,26.956635768857147
JPM,SLB,61.53846153846154,-0.4376394741115634,26.931659945326977
LLY,SHEL,46.15384615384615,0.5816792603409829,26.84673509266075
EQNR,TTE,46.15384615384615,-0.5774778906497257,26.65282572229503
C,PYPL,61.53846153846154,-0.43294649239995675,26.64286107076657
LLY,PBR,38.46153846153847,0.6925579930049146,26.636845884804412
AAPL,PBR,69.23076923076923,-0.38436948605779464,26.61019518861655
ABBV,AMD,38.46153846153847,-0.690622918321184,26.56241993543016
VLO,TTE,69.23076923076923,-0.38200215352636097,26.44630293644037
PFE,ADBE,61.53846153846154,-0.42916839773758864,26.410362937697762
UNH,JPM,61.53846153846154,-0.42879475046394233,26.387369259319527
ABBV,NVO,76.92307692307693,-0.3418609562270053,26.296996632846565
EQNR,SHEL,46.15384615384615,0.5695365039307615,26.28630018141976
ABBV,JNJ,61.53846153846154,0.42628697659400944,26.233044713477504
AMD,ADBE,84.61538461538461,-0.3097431546191634,26.209036160083055
JPM,AMZN,84.61538461538461,-0.3095249786189285,26.190575113909336
JPM,ABBV,53.84615384615385,0.4861157286372531,26.175462311236707
GS,PBR,61.53846153846154,0.42478855678998406,26.14083426399902
LLY,NVO,61.53846153846154,-0.4247402695978984,26.137862744486057
AMZN,NVDA,53.84615384615385,-0.48525419370805206,26.12907196889511
MRK,AMZN,76.92307692307693,-0.3391877217513944,26.091363211645724
TSLA,AMZN,61.53846153846154,-0.4233764852576969,26.05393755431981
UNH,ADBE,46.15384615384615,0.5643011950187331,26.044670539326145
AAPL,AMD,84.61538461538461,-0.3075602906957701,26.024332289642086
META,AMD,46.15384615384615,-0.5597676589154065,25.8354304114803
MA,AZN,53.84615384615385,0.47788066867860807,25.732036005771203
AAPL,AZN,53.84615384615385,0.4776879385839229,25.721658231442003
MSFT,SHEL,61.53846153846154,0.4175124758343204,25.69307543595818
JPM,UNH,61.53846153846154,-0.4165679424490131,25.63495030455465
NVO,AAPL,69.23076923076923,-0.37005852606905343,25.619436420165236
C,V,76.92307692307693,-0.33256132096667684,25.58164007435976
NVDA,UNH,69.23076923076923,-0.368948293216786,25.542574145777493
JNJ,CVX,76.92307692307693,0.33187389423730773,25.528761095177522
MS,V,76.92307692307693,-0.3295531279497508,25.350240611519293
WFC,C,61.53846153846154,0.4118275651392016,25.343234777797022
CVX,SLB,61.53846153846154,0.41127392887119807,25.309164853612188
MSFT,MA,53.84615384615385,0.46979772052893903,25.29680033617364
PYPL,AZN,38.46153846153847,-0.6543860981273284,25.168696081820325
NVDA,PFE,53.84615384615385,0.4673604143682556,25.165560773675303
TTE,NVO,38.46153846153847,-0.65118878310241,25.045722427015775
PYPL,CVX,38.46153846153847,-0.6507792694402967,25.029971901549878
SHEL,PFE,38.46153846153847,-0.6505465268755487,25.021020264444186
AXP,COP,61.53846153846154,-0.40607301135397766,24.98910839101401
C,WFC,46.15384615384615,0.5412173745324653,24.979263439959936
ABBV,PFE,69.23076923076923,0.3606240167909635,24.96627808552824
TMO,UNH,53.84615384615385,-0.46329457269969987,24.946630837676146
PFE,UNH,69.23076923076923,-0.35960003567325893,24.89538708507177
DHR,TSLA,53.84615384615385,-0.4615960026720613,24.855169374649456
TSLA,TMO,84.61538461538461,-0.29359513957617456,24.84266565644554
V,AZN,53.84615384615385,0.4606971670780219,24.806770534970408
DHR,MS,53.84615384615385,0.460394983389477,24.790499105587223
PYPL,TMO,61.53846153846154,0.4028129449850305,24.788488922155725
SHEL,MA,69.23076923076923,0.35786919206738865,24.775559450819213
VLO,INTC,53.84615384615385,0.4593982738145056,24.73683012847338
AMD,DHR,76.92307692307693,0.3203294403525433,24.640726180964872
JPM,LLY,61.53846153846154,0.39956561153943515,24.588653017811396
AAPL,AMZN,38.46153846153847,-0.6383726012387508,24.552792355336575
TTE,MS,69.23076923076923,0.35398692489383343,24.506787108034622
GOOGL,AMD,76.92307692307693,-0.3177299589392176,24.440766072247513
MSFT,META,61.53846153846154,0.3971040663753608,24.437173315406817
JPM,JNJ,53.84615384615385,0.4536958171166017,24.429774767817012
SLB,TTE,46.15384615384615,-0.5281748134428671,24.37729908197848
AXP,SLB,61.53846153846154,0.39192235749311044,24.11829892265295
LLY,DHR,46.15384615384615,-0.5221653484161023,24.09993915766626
C,MRK,53.84615384615385,0.44717330096177477,24.07856235948018
ADBE,V,38.46153846153847,0.6258356445683191,24.070601714166123
AMZN,MS,84.61538461538461,0.283720388787366,24.00710982046943
AAPL,WFC,61.53846153846154,0.3895834477126251,23.974366013084623
AZN,MSFT,53.84615384615385,0.44439254471444417,23.928829330777763
CVX,AXP,38.46153846153847,-0.6219004608720565,23.9192484950791
ADBE,GS,61.53846153846154,-0.3878195596635825,23.865819056220463
EQNR,AMD,53.84615384615385,0.44278651208636005,23.842350650804004
C,AXP,61.53846153846154,-0.38729385925442833,23.833468261810975
TMO,NVO,92.3076923076923,-0.2572199002098903,23.74337540398987
PYPL,GOOGL,69.23076923076923,-0.34293548270290813,23.741687264047485
COP,V,69.23076923076923,0.3429210020941958,23.7406847603674
NVDA,BAC,46.15384615384615,-0.5140964540868967,23.727528650164466
MS,ADBE,84.61538461538461,-0.2800165815622331,23.69371074757357
META,PYPL,53.84615384615385,-0.4387505524334588,23.625029746417013
MS,SLB,84.61538461538461,0.27870665245610043,23.582870592439267
MS,MSFT,38.46153846153847,-0.6126166932325732,23.562180508945126
JPM,C,61.53846153846154,0.38280264656827945,23.557085942663353
UNH,SLB,46.15384615384615,0.5095641715315703,23.518346378380166
JPM,WFC,38.46153846153847,0.6099520111667844,23.45969273718402
AXP,JPM,53.84615384615385,-0.4354647561901845,23.44810225639455
BAC,TMO,53.84615384615385,-0.4354072171473816,23.445004000243625
BP,C,46.15384615384615,0.5069277913447338,23.396667292833865
TSLA,AMD,69.23076923076923,-0.3376492516167582,23.37571741962172
TSLA,GOOGL,46.15384615384615,-0.5064107628965925,23.37280444138119
MRK,ADBE,46.15384615384615,-0.5056283718230864,23.336694084142447
JNJ,BP,46.15384615384615,0.5040665795370827,23.26461136324997
INTC,C,76.92307692307693,-0.3024204205247324,23.263109271133263
MRK,WFC,76.92307692307693,0.30155830087441626,23.196792374955102
SHEL,PBR,38.46153846153847,-0.6030439353833122,23.193997514742783
PFE,COP,53.84615384615385,0.4306544980797461,23.189088358140175
V,TMO,46.15384615384615,-0.5014276127347436,23.1428128954497
AMZN,JNJ,69.23076923076923,-0.33410595006332916,23.13041192746125
AXP,NVDA,46.15384615384615,-0.5008723014122779,23.117183142105134
GOOGL,AAPL,38.46153846153847,0.5997718343304768,23.06814747424911
ADBE,TTE,46.15384615384615,-0.4979170370582328,22.98078632576459
TMO,JPM,92.3076923076923,-0.24894265824021142,22.979322299096438
C,JPM,69.23076923076923,0.33188740488763585,22.97682033837479
AMZN,PBR,30.76923076923077,0.7464296734005171,22.967066873862066
MRK,AZN,61.53846153846154,0.37290667062519456,22.94810280770428
BAC,WFC,53.84615384615385,0.42600994744992043,22.938997170380333
INTC,PBR,84.61538461538461,-0.27005903911249046,22.851149463364578
XOM,AMD,46.15384615384615,0.4949297974753361,22.842913729630897
INTC,VLO,61.53846153846154,0.3685403452899846,22.67940586399905
MA,GS,69.23076923076923,-0.32732855475070566,22.661207636587314
JPM,AXP,69.23076923076923,-0.32732116806127076,22.660696250395667
WFC,BAC,84.61538461538461,0.2675739516343657,22.640872830600173
ABBV,SHEL,46.15384615384615,0.48877365506749176,22.55878408003808
PFE,AMZN,76.92307692307693,-0.2932268681989522,22.555912938380942
COP,AXP,46.15384615384615,-0.48737340326630757,22.49415707382958
ABBV,TMO,61.53846153846154,-0.364275954952923,22.4169818432568
GOOGL,LLY,53.84615384615385,0.41608101261821917,22.404362217904108
MSFT,NVO,30.76923076923077,-0.7267430520383584,22.361324678103337
C,MA,76.92307692307693,-0.29062105663465987,22.35546589497384
COP,JPM,38.46153846153847,0.5801545550521547,22.313636732775187
TTE,META,46.15384615384615,0.48308996252417846,22.296459808808237
PFE,AZN,46.15384615384615,0.48306772344728777,22.29543338987482
AXP,AAPL,69.23076923076923,0.32189373230872803,22.284950698296555
PFE,GS,61.53846153846154,0.36185275532747047,22.267861866305875
MA,SLB,61.53846153846154,-0.3616387799359317,22.25469414990349
NVO,MA,46.15384615384615,-0.4820279281106307,22.247442835875265
BAC,AMD,61.53846153846154,-0.3615134722114013,22.246982905317005
COP,MRK,38.46153846153847,0.5784076075279977,22.24644644338453
LLY,AMZN,38.46153846153847,0.5783425382041705,22.243943777083484
NVDA,JNJ,61.53846153846154,0.36145220497091457,22.243212613594743
AXP,TMO,30.76923076923077,-0.7226306280432239,22.23478855517612
V,PBR,61.53846153846154,-0.3607572374306346,22.200445380346746
JPM,V,30.76923076923077,-0.7212594718021157,22.19259913237279
AZN,VLO,46.15384615384615,-0.48059718213751995,22.181408406347074
PYPL,NVO,46.15384615384615,0.47783551121910217,22.05394667165087
TMO,ABBV,61.53846153846154,-0.3582024918362514,22.04323026684624
AXP,UNH,46.15384615384615,0.4774381132792556,22.035605228273337
AAPL,GOOGL,46.15384615384615,0.47728957305652003,22.02874952568554
AAPL,GS,69.23076923076923,-0.3180334821449128,22.017702610032423
NVDA,VLO,53.84615384615385,-0.40888464237021743,22.016865358396323
SLB,BP,61.53846153846154,-0.3574757870961885,21.99850997515006
AAPL,BAC,53.84615384615385,0.4079910565803155,21.968749200478527
TSLA,AZN,38.46153846153847,-0.5702494377847994,21.93267068403075
TMO,LLY,46.15384615384615,-0.47506460240431664,21.92605857250692
NVO,ADBE,61.53846153846154,0.35628808669929385,21.925420719956545
BP,MSFT,30.76923076923077,-0.7121636380917747,21.91272732590076
AMD,XOM,61.53846153846154,0.3552069208169435,21.858887434888832
ADBE,TSLA,38.46153846153847,0.5667455552680828,21.797905971849342
UNH,PFE,61.53846153846154,-0.35384675389802556,21.775184855263113
JPM,AMD,84.61538461538461,-0.25728656574367764,21.770401716772724
WFC,JPM,38.46153846153847,0.5651406931999736,21.736180507691298
MA,AMD,61.53846153846154,-0.353048654989345,21.726071076267385
AXP,CVX,46.15384615384615,-0.47025752204495713,21.704193325151866
TMO,MRK,61.53846153846154,-0.35258734555057464,21.697682803112286
V,PFE,46.15384615384615,-0.46936410169496234,21.66295853976749
JNJ,ADBE,46.15384615384615,-0.4687050108503757,21.632538962325032
TSLA,ADBE,38.46153846153847,0.562364068536355,21.629387251398274
SLB,XOM,76.92307692307693,0.2809139114086848,21.60876241605268
AZN,AAPL,53.84615384615385,0.4010666560171425,21.59589686246152
GS,PYPL,69.23076923076923,-0.31085441325766794,21.52069014860778
XOM,TMO,30.76923076923077,-0.6992383971276144,21.515027603926598
CVX,LLY,69.23076923076923,-0.3104454440127016,21.492376893187032
TMO,TTE,76.92307692307693,-0.2790950031858867,21.468846398914366
PFE,CVX,69.23076923076923,-0.30994716425868213,21.457880602524146
LLY,UNH,30.76923076923077,-0.6957682204005395,21.40825293540122
PFE,NVO,76.92307692307693,-0.2779603227551231,21.381563288855627
VLO,LLY,53.84615384615385,0.3964385931406916,21.34669347680647
AMZN,SHEL,46.15384615384615,-0.4624544734123394,21.34405261903105
MRK,LLY,53.84615384615385,0.3954851384492674,21.295353608806707
C,INTC,76.92307692307693,-0.276739826620999,21.28767897084608
JPM,NVO,53.84615384615385,-0.39373271754022326,21.2009924829351
UNH,ABBV,76.92307692307693,-0.27544245086483765,21.187880835756747
V,LLY,38.46153846153847,0.5507422040766863,21.182392464487936
MRK,PYPL,61.53846153846154,-0.3437979116586547,21.15679456360952
AAPL,UNH,61.53846153846154,-0.34365772754822366,21.148167849121457
C,MS,53.84615384615385,0.3917486033860272,21.094155566939925
GOOGL,GS,69.23076923076923,0.30461082091189823,21.0884414477468
DHR,SHEL,53.84615384615385,0.3915100281057134,21.08130920569226
PFE,AAPL,61.53846153846154,0.3425123405233218,21.07768249374288
TTE,BP,69.23076923076923,0.3040503726355464,21.049641182460903
SHEL,MS,53.84615384615385,-0.3884569316914229,20.916911706461235
EQNR,JPM,38.46153846153847,0.5438165569149072,20.916021419804125
META,MSFT,61.53846153846154,0.33949500185566844,20.892000114194982
NVDA,INTC,61.53846153846154,-0.33929632938952375,20.879774116278387
SHEL,NVO,76.92307692307693,-0.27060917327764844,20.816090252126806
JNJ,MA,61.53846153846154,0.33788934275240445,20.79319032322489
MRK,NVDA,38.46153846153847,0.5399778710874021,20.768379657207777
ABBV,UNH,46.15384615384615,-0.44746301057056964,20.652138949410908
BP,SLB,46.15384615384615,-0.44729452388790186,20.644362640980084
TTE,AAPL,53.84615384615385,0.38322223838664016,20.635043605434472
NVO,PFE,69.23076923076923,-0.29759581828968684,20.602787420055243
MRK,CVX,53.84615384615385,0.38250165099109845,20.596242745674534
SHEL,VLO,76.92307692307693,-0.266568012392874,20.50523172252877
INTC,ADBE,92.3076923076923,-0.222121459501,20.503519338553847
TMO,PYPL,61.53846153846154,0.3331282798775569,20.500201838618885
AMZN,INTC,53.84615384615385,-0.3795267365100927,20.436055042851148
TSLA,NVO,46.15384615384615,0.4426229715957725,20.4287525351895
NVO,JNJ,84.61538461538461,-0.24053002351793085,20.352540451517225
MSFT,ABBV,53.84615384615385,0.37791003718022154,20.34900200201193
MS,AMD,38.46153846153847,0.5276887832244338,20.295722431708995
GOOGL,CVX,23.076923076923077,-0.8792235739121556,20.289774782588204
ABBV,BP,84.61538461538461,0.23976861357695614,20.288113456511674
ABBV,TSLA,38.46153846153847,0.5269187253140174,20.266104819769904
JNJ,SHEL,53.84615384615385,0.37525369940918607,20.205968429725402
MSFT,JNJ,46.15384615384615,0.4362737143575483,20.135709893425307
WFC,UNH,30.76923076923077,-0.6533736554860885,20.10380478418734
GOOGL,ABBV,53.84615384615385,-0.3733410884235665,20.102981684345888
GS,ADBE,69.23076923076923,-0.2897685573139317,20.06090012173373
C,BAC,53.84615384615385,0.37210765334107593,20.036565949134857
AMZN,BP,61.53846153846154,0.32558095200973985,20.035750892907068
GOOGL,MS,61.53846153846154,0.3252491295379523,20.015331048489372
JNJ,UNH,53.84615384615385,-0.37162118708862435,20.01037161246439
V,MSFT,61.53846153846154,0.32473751734641954,19.983847221318126
PBR,UNH,38.46153846153847,-0.5195276833457905,19.981833974838096
NVDA,LLY,23.076923076923077,0.8655672015587316,19.97462772827842
SHEL,CVX,53.84615384615385,0.3709029893810764,19.971699428211807
LLY,PFE,53.84615384615385,-0.3703768198839247,19.943367224519022
MRK,AAPL,76.92307692307693,0.25923168858715623,19.940899122088943
LLY,CVX,53.84615384615385,-0.369781569434584,19.911315277246832
AMZN,NVO,53.84615384615385,0.36910317586066016,19.874786392497086
BAC,AZN,53.84615384615385,0.36766122889665226,19.79714309443512
ADBE,WFC,69.23076923076923,0.2853737937494564,19.756647259577747
WFC,CVX,38.46153846153847,0.5135898219204561,19.753454689248315
ABBV,AMZN,46.15384615384615,-0.42604886745583287,19.6637938825769
LLY,AAPL,84.61538461538461,0.23219789507711336,19.647514198832667
UNH,PBR,30.76923076923077,-0.6378820700667437,19.62714061743827
AAPL,INTC,61.53846153846154,0.3185884357714395,19.605442201319356
COP,VLO,76.92307692307693,-0.25481656367735345,19.601274129027193
XOM,GOOGL,38.46153846153847,-0.5092704869756755,19.587326422141366
BAC,JPM,53.84615384615385,0.36375763808887246,19.58694974324698
MSFT,INTC,69.23076923076923,-0.28272030254159575,19.572944022110473
CVX,AMD,69.23076923076923,0.28270508858673044,19.571890748312107
SHEL,SLB,46.15384615384615,-0.4229613700484391,19.52129400223565
WFC,TMO,69.23076923076923,-0.2804929796956186,19.418744748158208
VLO,CVX,76.92307692307693,-0.2521775666726612,19.398274359435483
META,TTE,53.84615384615385,0.3599450979288603,19.381659119246326
INTC,AMD,69.23076923076923,0.27906448935443007,19.319849262999004
V,XOM,61.53846153846154,0.3131293138873187,19.269496239219613
MRK,PBR,53.84615384615385,-0.3572499928883209,19.236538078601892
GS,AXP,53.84615384615385,-0.35714349337612095,19.230803489483435
SHEL,NVDA,46.15384615384615,0.4165950535557843,19.227464010266967
UNH,AXP,38.46153846153847,0.4985041017413203,19.173234682358476
AMZN,XOM,69.23076923076923,-0.27677408080699634,19.161282517407436
COP,GOOGL,53.84615384615385,-0.3556970706252954,19.152919187515906
AZN,NVDA,46.15384615384615,0.4131964124074023,19.070603649572412
GOOGL,MSFT,53.84615384615385,-0.354156594968629,19.06997049831079
INTC,JNJ,61.53846153846154,-0.3095732760423907,19.0506631410702
V,MRK,53.84615384615385,0.35334122413424807,19.02606591492105
TTE,GS,76.92307692307693,-0.2471019939534543,19.007845688727258
COP,AMD,76.92307692307693,-0.24696139384397192,18.997030295690152
JNJ,AAPL,46.15384615384615,0.41105443444771167,18.97174312835592
TTE,MRK,69.23076923076923,0.2733731021376847,18.925830147993555
JNJ,VLO,46.15384615384615,-0.4089689444682712,18.87548974468944
AXP,ADBE,46.15384615384615,0.4085539794604949,18.8563375135613
XOM,V,61.53846153846154,0.30539177012052365,18.793339699724534
V,ADBE,61.53846153846154,0.3052327959798959,18.7835566756859
AMD,CVX,61.53846153846154,0.3051041480883464,18.77563988235978
TTE,VLO,69.23076923076923,-0.2711387494902998,18.771144195482293
ABBV,AZN,84.61538461538461,0.22156320631600168,18.747655919046295
SLB,AXP,61.53846153846154,0.30405675954912154,18.711185203022865
PFE,GOOGL,46.15384615384615,-0.4047158700241625,18.679194001115192
GOOGL,COP,76.92307692307693,-0.24216238443168817,18.62787572551448
AMD,PBR,76.92307692307693,0.24175163710490075,18.59627977730006
NVO,MSFT,30.76923076923077,-0.60337865655503,18.565497124770154
SHEL,TSLA,30.76923076923077,-0.602939097077269,18.551972217762124
ADBE,AMZN,53.84615384615385,0.3443492945531764,18.541885091324886
MRK,COP,30.76923076923077,0.5990565262362172,18.432508499575913
NVO,CVX,46.15384615384615,0.398706366883359,18.40183231769349
AXP,MRK,38.46153846153847,-0.477457485075249,18.36374942597112
NVO,PBR,46.15384615384615,-0.39751016557483454,18.346623026530825
BAC,GS,69.23076923076923,-0.26495602082797354,18.343109134244322
V,TSLA,30.76923076923077,-0.5948910612473466,18.304340346072202
INTC,BP,46.15384615384615,-0.3958029056519952,18.26782641470747
MRK,PFE,61.53846153846154,0.296173092408092,18.226036455882582
EQNR,BAC,38.46153846153847,-0.47386556443633854,18.225598632166868
PFE,V,53.84615384615385,-0.33821505453161527,18.211579859394668
CVX,GS,38.46153846153847,-0.47288964567058295,18.188063295022424
V,PYPL,61.53846153846154,0.2953208742824837,18.17359226353746
INTC,LLY,46.15384615384615,-0.39333705760015164,18.154018043083923
ADBE,META,76.92307692307693,0.23449374791227587,18.03798060863661
JPM,PFE,61.53846153846154,0.2931040576566026,18.037172778867852
DHR,PBR,30.76923076923077,-0.5848704493043957,17.996013824750637
AZN,SLB,46.15384615384615,-0.3896134538180111,17.982159406985126
BAC,MSFT,53.84615384615385,-0.3338423019962215,17.976123953642695
VLO,DHR,38.46153846153847,-0.466676186047417,17.94908407874681
WFC,AMZN,30.76923076923077,-0.5823840098607205,17.919507995714476
EQNR,NVDA,46.15384615384615,0.3880760701746917,17.911203238831924
NVDA,AMZN,53.84615384615385,0.3326341423033355,17.911069200948834
BP,TTE,61.53846153846154,0.29076095010431513,17.892981544880932
ADBE,SHEL,61.53846153846154,0.2907211310241117,17.890531139945335
ABBV,MSFT,38.46153846153847,0.46478158699913613,17.87621488458216
MS,AMZN,84.61538461538461,-0.21126126840667123,17.875953480564487
UNH,MA,53.84615384615385,-0.3318971779117687,17.87138650294139
PBR,CVX,46.15384615384615,-0.38560545681804026,17.797174930063395
MSFT,SLB,38.46153846153847,-0.46161343101482616,17.75436273133947
MA,MS,46.15384615384615,-0.3839444394226385,17.72051258873716
COP,TSLA,46.15384615384615,0.3831306972620047,17.68295525824637
MA,CVX,46.15384615384615,0.38276781180079117,17.666206698498055
PYPL,TSLA,30.76923076923077,-0.5730834570719019,17.633337140673905
SHEL,V,46.15384615384615,0.38118330467508477,17.593075600388527
SHEL,BP,61.53846153846154,0.2857282030763378,17.583274035466943
ABBV,CVX,46.15384615384615,0.38050584805586385,17.5618083718091
META,PBR,69.23076923076923,-0.2530073327414863,17.515892266718282
SLB,NVDA,30.76923076923077,-0.5673073838997861,17.45561181230111
XOM,CVX,61.53846153846154,0.2827908334271176,17.40251282628416
XOM,LLY,53.84615384615385,0.3224607787394644,17.363272701355775
TMO,WFC,61.53846153846154,-0.28185334430223696,17.344821187829968
PYPL,META,46.15384615384615,-0.375224542739095,17.318055818727462
PBR,MA,38.46153846153847,-0.4480189112094936,17.231496584980526
NVO,SLB,61.53846153846154,0.2799872453945973,17.229984331975217
WFC,AMD,46.15384615384615,-0.37328536257794925,17.22855519590535
COP,CVX,30.76923076923077,0.5586403024508618,17.18893238310344
XOM,NVO,69.23076923076923,0.24822111780054992,17.184538924653456
VLO,BP,76.92307692307693,-0.22260199070932626,17.12323005456356
VLO,AXP,46.15384615384615,0.3706387676095668,17.106404658903084
AZN,V,61.53846153846154,0.27790591903599327,17.10190270990728
SLB,EQNR,46.15384615384615,-0.3702553864824117,17.088710145342077
TTE,LLY,61.53846153846154,-0.27736423519462505,17.068568319669236
PFE,MS,46.15384615384615,0.3696905024158886,17.06263857304101
LLY,COP,46.15384615384615,-0.3696307378088453,17.05988020656209
NVDA,META,38.46153846153847,-0.44323244537845696,17.04740174532527
SLB,MA,53.84615384615385,-0.31650855796736693,17.042768505935143
BP,DHR,46.15384615384615,0.36908790508354655,17.03482638847138
C,TSLA,46.15384615384615,0.3686844977259501,17.01620758735154
PFE,PYPL,69.23076923076923,-0.2457838696428822,17.015806359891844
XOM,MSFT,46.15384615384615,0.36793933159697484,16.981815304475763
AMZN,SLB,46.15384615384615,0.36760649812286234,16.966453759516725
LLY,MS,53.84615384615385,-0.31385917687665504,16.90010952412758
META,WFC,46.15384615384615,0.36488236293655335,16.84072444322554
CVX,PBR,46.15384615384615,-0.3640864667818597,16.80399077454737
PFE,SHEL,53.84615384615385,-0.3114082099798804,16.768134383532022
DHR,VLO,61.53846153846154,-0.272095775033372,16.744355386669046
NVO,TSLA,61.53846153846154,0.27194728263135887,16.735217392699006
XOM,AXP,46.15384615384615,0.36237843863729385,16.72515870633664
VLO,GOOGL,61.53846153846154,0.2716513081540962,16.717003578713612
AMD,COP,69.23076923076923,-0.24130061032770792,16.705426868841315
ADBE,BP,69.23076923076923,-0.24082309460615095,16.67236808811814
WFC,PFE,46.15384615384615,0.3607477526130943,16.649896274450505
GS,TMO,61.53846153846154,-0.2697651260908889,16.600930836362394
ABBV,INTC,61.53846153846154,-0.2691039334700316,16.560242059694254
AAPL,MA,61.53846153846154,0.26907047735310013,16.55818322172924
GOOGL,C,46.15384615384615,0.35831852870432374,16.537778247891865
TSLA,TTE,53.84615384615385,0.30709091253648574,16.535664521195386
META,AMZN,38.46153846153847,-0.429063828419055,16.502454939194426
DHR,ABBV,69.23076923076923,-0.23817800312852974,16.489246370436675
WFC,MA,76.92307692307693,-0.2137919906126709,16.445537739436226
INTC,SHEL,69.23076923076923,-0.23745360006884816,16.439095389381794
META,V,38.46153846153847,-0.42729867221379003,16.434564315915004
BP,LLY,61.53846153846154,-0.2661057056667709,16.37573573333975
GOOGL,BAC,53.84615384615385,0.30340995580322794,16.33745915863535
AXP,PFE,38.46153846153847,0.4244583618217722,16.325321608529702
JPM,BAC,53.84615384615385,0.30209404661601846,16.266602510093303
VLO,JNJ,38.46153846153847,-0.42252656742493067,16.251021824035796
MRK,MA,84.61538461538461,0.192048365002456,16.250246269438584
MSFT,WFC,30.76923076923077,-0.5276349014518178,16.234920044671316
ABBV,COP,38.46153846153847,0.4220142907118616,16.23131887353314
NVO,AMZN,61.53846153846154,0.26218003343613117,16.13415590376192
AZN,PYPL,46.15384615384615,-0.3492977090671163,16.1214327261746
EQNR,SLB,46.15384615384615,-0.3490823439902444,16.11149279954974
NVO,ABBV,76.92307692307693,-0.2093343247748971,16.10264036729978
ADBE,PBR,46.15384615384615,-0.34887427710288516,16.101889712440855
PBR,DHR,76.92307692307693,-0.20915959877335316,16.089199905642552
ADBE,EQNR,38.46153846153847,0.4180591500839713,16.079198080152747
SHEL,EQNR,53.84615384615385,0.29852890852834885,16.07463353614186
NVO,VLO,61.53846153846154,0.26095541384258836,16.05879469800544
ADBE,INTC,76.92307692307693,-0.20869489720735707,16.05345363133516
PBR,BP,76.92307692307693,0.20836539328188147,16.028107175529346
CVX,SHEL,69.23076923076923,0.23139737682396966,16.01981839550559
BAC,ADBE,38.46153846153847,0.4157280615818861,15.989540830072544
CVX,MA,61.53846153846154,0.2592452490113268,15.953553785312417
MSFT,ADBE,92.3076923076923,-0.1727912108454747,15.949957924197664
MRK,SHEL,53.84615384615385,0.2955955023292,15.91668089464923
XOM,AAPL,76.92307692307693,-0.20690908714705508,15.916083626696548
AAPL,COP,46.15384615384615,0.3442973269979528,15.890645861443975
INTC,MS,69.23076923076923,0.2293862834406174,15.880588853581203
BAC,PYPL,46.15384615384615,-0.3430672817160152,15.833874540739163
GS,DHR,76.92307692307693,-0.20562915648448782,15.81762742188368
INTC,EQNR,53.84615384615385,-0.2935635983108301,15.807270678275469
MA,PBR,38.46153846153847,-0.41092224635590674,15.804701782919492
CVX,EQNR,46.15384615384615,-0.34243239922156116,15.80457227176436
TSLA,SHEL,61.53846153846154,0.25659523706262255,15.790476126930619
AAPL,META,38.46153846153847,-0.40853655409780004,15.712944388376927
PBR,VLO,61.53846153846154,-0.25494645833107565,15.689012820373886
WFC,V,61.53846153846154,-0.25488819823317926,15.685427583580262
GS,WFC,46.15384615384615,-0.3395057838148925,15.669497714533499
AMZN,COP,53.84615384615385,-0.29049309721653194,15.641936003967105
JPM,GOOGL,46.15384615384615,0.3388228985503708,15.637979933094035
SLB,CVX,69.23076923076923,-0.22463817738282316,15.551873818810833
JPM,PYPL,53.84615384615385,-0.2882020439297162,15.518571596215489
MS,NVO,69.23076923076923,0.22335844870566385,15.46327721808442
VLO,NVO,46.15384615384615,0.3346439041432851,15.44510326815162
BP,GOOGL,84.61538461538461,0.18244715768641848,15.437836419620025
WFC,MS,53.84615384615385,0.2861621497229386,15.408731138927461
NVO,NVDA,46.15384615384615,-0.33382399785204425,15.407261439325119
COP,TMO,69.23076923076923,-0.22250821417468528,15.40441482747821
NVDA,MSFT,61.53846153846154,0.25014131637284404,15.393311776790403
ABBV,V,38.46153846153847,0.40012599689729883,15.38946141912688
WFC,SLB,61.53846153846154,0.2495533785412,15.35713098715077
PFE,LLY,53.84615384615385,-0.284545623801539,15.321687435467487
MRK,MS,61.53846153846154,-0.2489111636616279,15.317610071484795
MS,META,69.23076923076923,0.2212457779322071,15.317015395306644
VLO,EQNR,23.076923076923077,-0.6623564338412361,15.285148473259294
TMO,XOM,23.076923076923077,-0.661092300601175,15.255976167719423
ADBE,NVO,53.84615384615385,0.282972121900204,15.236960410010985
DHR,NVO,76.92307692307693,-0.1977722856601455,15.213252743088118
MA,AXP,38.46153846153847,-0.394838724978449,15.186104806863426
JNJ,MRK,53.84615384615385,0.2816460324457035,15.16555559323019
ADBE,TMO,30.76923076923077,-0.4927433414007929,15.16133358156286
TSLA,EQNR,23.076923076923077,0.6559073706898301,15.136323938996078
META,VLO,61.53846153846154,-0.2458647069558859,15.1301358126699
EQNR,VLO,38.46153846153847,-0.3924621476597446,15.094697986913255
INTC,PYPL,69.23076923076923,0.21796399020160567,15.089814706265008
AZN,TTE,38.46153846153847,0.3905881963373653,15.022622936052514
EQNR,AZN,53.84615384615385,-0.2787279638986223,15.008428825310432
AZN,WFC,53.84615384615385,-0.27856968877987054,14.999906318916105
PFE,MRK,61.53846153846154,0.24325510788854515,14.969545100833548
PBR,JNJ,38.46153846153847,0.3891155631793456,14.965983199205601
JNJ,TMO,69.23076923076923,-0.21601716628359374,14.955034588864182
MRK,EQNR,30.76923076923077,-0.485563968444629,14.940429798296277
SLB,GOOGL,53.84615384615385,0.27722122999397014,14.927296999675315
BP,JNJ,38.46153846153847,0.3880144089665766,14.9236311140991
ABBV,JPM,53.84615384615385,0.2768626130832283,14.907986858327677
INTC,BAC,61.53846153846154,0.24168150635953792,14.872708083663872
VLO,UNH,76.92307692307693,0.19273636665272736,14.825874357902107
LLY,SLB,46.15384615384615,-0.3210324174285069,14.816880804392627
TSLA,SLB,46.15384615384615,-0.3208232654959929,14.807227638276593
UNH,LLY,46.15384615384615,-0.32065605479577486,14.799510221343455
BAC,NVDA,38.46153846153847,-0.3844896724809324,14.78806432618971
BAC,UNH,76.92307692307693,-0.19204627069078817,14.772790053137554
MA,AMZN,38.46153846153847,-0.3837295014535878,14.758826978984148
JPM,PBR,76.92307692307693,0.191570771551394,14.736213196261078
MSFT,DHR,38.46153846153847,0.38085898558567255,14.64842252252587
LLY,TMO,38.46153846153847,-0.380772298321181,14.645088396968502
UNH,TSLA,76.92307692307693,0.19002209414596768,14.61708416507444
PBR,JPM,69.23076923076923,0.21109460414436976,14.614241825379445
AAPL,EQNR,46.15384615384615,-0.3158386409984372,14.577168046081718
UNH,MS,30.76923076923077,0.4736634908858222,14.574261258025299
V,EQNR,30.76923076923077,0.47359089579184366,14.572027562825959
EQNR,AMZN,23.076923076923077,-0.6306672571438351,14.553859780242348
BP,BAC,23.076923076923077,-0.6304671539562643,14.549242014375329
SLB,AAPL,30.76923076923077,-0.47168002740239423,14.513231612381361
C,CVX,23.076923076923077,0.6287102478476913,14.508698027254413
LLY,BP,76.92307692307693,0.18851647163441387,14.501267048801068
EQNR,MS,38.46153846153847,-0.3769767842964595,14.499107088325367
MSFT,AXP,38.46153846153847,-0.37687278206475583,14.495107002490611
MSFT,AZN,46.15384615384615,0.31388882923496647,14.48717673392153
TSLA,MRK,46.15384615384615,-0.3129198210678034,14.442453280052465
INTC,TSLA,38.46153846153847,-0.37434178033279675,14.397760782030646
ADBE,JNJ,61.53846153846154,-0.23352133448008805,14.37054366031311
BP,TSLA,76.92307692307693,-0.1858111660824923,14.293166621730178
ABBV,ADBE,69.23076923076923,-0.20570643689111778,14.241214861692768
JNJ,AXP,30.76923076923077,-0.46251015179715815,14.231081593758713
TMO,COP,92.3076923076923,-0.15340356063634014,14.160328674123706
TMO,BP,30.76923076923077,0.4601366751944492,14.158051544444591
MA,WFC,53.84615384615385,-0.26267360908738235,14.143963566243665
PBR,SHEL,38.46153846153847,-0.3675408837231703,14.13618783550655
AXP,GS,38.46153846153847,-0.36698369666018876,14.114757563853416
BP,MS,30.76923076923077,-0.45872421863221835,14.114591342529796
ABBV,XOM,30.76923076923077,-0.4582397340354381,14.099684124167327
GOOGL,ADBE,53.84615384615385,-0.2605819394692265,14.031335202189117
GOOGL,UNH,53.84615384615385,-0.26039006125357295,14.021003298269312
PFE,XOM,69.23076923076923,-0.20226657610567012,14.003070653469468
ABBV,GOOGL,38.46153846153847,-0.3634181336518041,13.97762052506939
SHEL,GOOGL,61.53846153846154,-0.2270561977324186,13.972689091225762
META,SLB,46.15384615384615,-0.30216954273125374,13.946286587596326
META,XOM,53.84615384615385,0.25876838719260536,13.933682387294136
MA,ABBV,84.61538461538461,0.16464527320264477,13.931523117146865
MA,JPM,61.53846153846154,-0.22574011298733004,13.891699260758772
MA,BP,46.15384615384615,0.3003076114838195,13.860351299253209
XOM,EQNR,53.84615384615385,-0.2569112829742968,13.83368446784675
WFC,SHEL,69.23076923076923,-0.19974859251709787,13.82874871272216
SLB,MSFT,53.84615384615385,-0.25671283432744074,13.822998771477579
MS,GOOGL,46.15384615384615,0.29947968487219084,13.822139301793424
AZN,XOM,30.76923076923077,-0.44868657543539514,13.805740782627543
XOM,WFC,46.15384615384615,0.29875962598845307,13.78890581485168
INTC,V,61.53846153846154,-0.2237421887344576,13.76875007596662
NVDA,PYPL,30.76923076923077,0.4453601645544881,13.703389678599635
LLY,INTC,53.84615384615385,-0.2540185739781133,13.6779232142061
SLB,MRK,53.84615384615385,-0.2539407516706415,13.673732782265311
TSLA,COP,38.46153846153847,0.3551114971556905,13.658134505988098
MSFT,PFE,76.92307692307693,-0.17747263593184248,13.651741225526347
DHR,LLY,53.84615384615385,-0.252665067278929,13.605042084250023
AAPL,MSFT,30.76923076923077,-0.4417715858094617,13.59297187106036
AAPL,XOM,92.3076923076923,-0.14723084382946117,13.5905394304118
INTC,COP,61.53846153846154,-0.22078917331061812,13.587026049884193
MRK,TTE,53.84615384615385,0.2507089011215557,13.499710060391461
TSLA,ABBV,38.46153846153847,0.35049319469874307,13.480507488413197
PYPL,NVDA,30.76923076923077,-0.4376619981391506,13.466523019666171
AXP,MA,30.76923076923077,-0.43697713708446456,13.44545037182968
ADBE,MA,53.84615384615385,0.2494156345642619,13.430072630383334
VLO,WFC,69.23076923076923,0.1939682350401047,13.428570118161092
ABBV,MS,69.23076923076923,-0.19322476152229096,13.377098874620142
PYPL,DHR,15.384615384615385,0.8683080526558992,13.358585425475372
NVDA,CVX,15.384615384615385,0.8665333842006957,13.331282833856857
GOOGL,PYPL,61.53846153846154,-0.21656102898827,13.326832553124309
PFE,EQNR,30.76923076923077,0.43306862507099414,13.325188463722897
COP,ADBE,46.15384615384615,0.28807116358102164,13.295592165277922
SHEL,AZN,69.23076923076923,0.19159274205764404,13.264112911683048
NVO,GS,69.23076923076923,0.19131676547591112,13.24500684064
BP,ABBV,30.76923076923077,-0.4292636766286063,13.208113127034041
BP,CVX,92.3076923076923,-0.14300449774193127,13.200415176178272
VLO,BAC,53.84615384615385,0.24506873673537394,13.196008901135519
XOM,JPM,46.15384615384615,0.28570443510809734,13.186358543450647
BAC,C,76.92307692307693,0.17135757046428698,13.181351574175924
MA,NVDA,61.53846153846154,-0.2138891070535478,13.162406587910635
MS,MA,38.46153846153847,-0.3420430128205406,13.155500493097717
META,CVX,46.15384615384615,0.28478350958219534,13.143854288409015
NVO,MS,61.53846153846154,0.21357913300599005,13.14333126190708
COP,SHEL,38.46153846153847,0.3411039616300031,13.119383139615506
V,DHR,61.53846153846154,-0.21256908939339453,13.081174731901202
DHR,MRK,69.23076923076923,-0.1887962415815724,13.070509032570396
VLO,ABBV,61.53846153846154,-0.21237367292339102,13.069149102977908
VLO,META,61.53846153846154,-0.21167022654658,13.025860095174155
TTE,PBR,38.46153846153847,-0.3379811613576934,12.999275436834363
PFE,TSLA,30.76923076923077,0.42223934149539355,12.991979738319802
UNH,DHR,61.53846153846154,-0.21100009886822396,12.984621468813783
LLY,TSLA,46.15384615384615,-0.2811595407854279,12.976594190096671
DHR,JNJ,38.46153846153847,-0.3372468053105153,12.97103097348136
AAPL,CVX,46.15384615384615,-0.28090361809478237,12.96478237360534
AAPL,PYPL,53.84615384615385,-0.24059757123237668,12.955253835589513
SHEL,DHR,46.15384615384615,0.2806178745121095,12.951594208251208
GOOGL,AZN,69.23076923076923,0.18676114712428826,12.92961787783534
ADBE,NVDA,46.15384615384615,-0.2801354096855593,12.929326600871967
INTC,DHR,23.076923076923077,-0.5601845511877893,12.927335796641291
DHR,AAPL,15.384615384615385,-0.8393802488944583,12.913542290683974
JNJ,C,38.46153846153847,0.33530773411957226,12.896451312291243
SHEL,JNJ,30.76923076923077,0.4179688105649272,12.860578786613145
PYPL,TTE,30.76923076923077,-0.41717500967362636,12.836154143803888
MRK,DHR,46.15384615384615,0.27796658244596323,12.829226882121379
VLO,TMO,46.15384615384615,-0.2774908422877619,12.807269644050548
C,PFE,30.76923076923077,0.4162224978449708,12.806846087537563
COP,DHR,38.46153846153847,0.3325672370745832,12.791047579791663
PYPL,MSFT,61.53846153846154,-0.20785408922470364,12.791020875366378
TSLA,JNJ,23.076923076923077,0.5532608938959475,12.767559089906479
NVDA,SLB,23.076923076923077,-0.5528127232037873,12.757216689318168
AXP,WFC,69.23076923076923,0.18410093154388857,12.745449106884593
VLO,MRK,53.84615384615385,-0.2358980186260122,12.702201002939118
SHEL,UNH,30.76923076923077,0.41251228524038974,12.6926856997043
CVX,DHR,38.46153846153847,0.3299156233503515,12.689062436551984
PYPL,AXP,38.46153846153847,-0.3298676887604892,12.687218798480357
MA,PFE,61.53846153846154,-0.2057516291305676,12.661638715727237
EQNR,BP,30.76923076923077,-0.4112884090459732,12.65502797064533
AMD,NVDA,38.46153846153847,0.3281582704804587,12.621471941556106
TTE,BAC,15.384615384615385,0.8183193552211085,12.589528541863208
BP,PFE,53.84615384615385,0.23357727439967862,12.577237852290388
C,GS,38.46153846153847,0.3265110321742705,12.55811662208733
BP,META,69.23076923076923,-0.18108379163200872,12.536570189908295
TMO,PBR,38.46153846153847,-0.32565071597454487,12.525027537482497
PYPL,UNH,38.46153846153847,0.3254372304317182,12.516816555066086
GOOGL,SLB,53.84615384615385,0.2314148358472816,12.460798853315163
MRK,BAC,61.53846153846154,0.20225008731896502,12.446159219628617
BAC,INTC,69.23076923076923,0.17973489512392204,12.443185047040757
TSLA,DHR,46.15384615384615,-0.2695239187275092,12.439565479731193
PYPL,SLB,69.23076923076923,0.17966496602967194,12.438343802054211
ABBV,AAPL,30.76923076923077,0.4037849658541661,12.424152795512803
NVO,C,46.15384615384615,-0.2680850928572317,12.373158131872232
MS,MRK,30.76923076923077,-0.40177439625296385,12.36228911547581
SLB,META,46.15384615384615,-0.26739569790894113,12.34133990348959
TTE,MSFT,15.384615384615385,-0.8009249849191864,12.32192284491056
NVDA,BP,46.15384615384615,0.26667803461887124,12.308216982409443
AMD,LLY,53.84615384615385,-0.22843545792110906,12.300370811136641
TTE,DHR,53.84615384615385,0.22779999177072985,12.266153403039299
TTE,MA,46.15384615384615,0.2655375743488802,12.255580354563701
V,JPM,46.15384615384615,-0.26546081042956565,12.252037404441491
JNJ,GS,53.84615384615385,-0.22744389290099096,12.246978848514898
ABBV,NVDA,53.84615384615385,0.22731207520442576,12.239880972546002
BP,UNH,76.92307692307693,-0.1591128184608402,12.239447573910786
META,JPM,46.15384615384615,-0.2640289608990241,12.18595204149342
MA,META,38.46153846153847,0.3166614602205592,12.17928693155997
AAPL,NVDA,30.76923076923077,-0.3951069709052745,12.15713756631614
MS,EQNR,30.76923076923077,-0.3938078608093334,12.11716494797949
TMO,MSFT,38.46153846153847,0.31491758423014576,12.112214778082532
MSFT,C,30.76923076923077,-0.3935561650070606,12.109420461755711
META,NVDA,38.46153846153847,-0.3137178108006557,12.066069646179066
UNH,XOM,38.46153846153847,-0.31340937681929804,12.054206800742234
AMZN,MA,30.76923076923077,0.39151602125704277,12.046646807909008
AXP,PBR,30.76923076923077,0.39104398821711817,12.032122714372868
EQNR,ADBE,30.76923076923077,0.3902325534857167,12.007155491868208
C,UNH,46.15384615384615,-0.25977718493298096,11.989716227676045
GOOGL,XOM,30.76923076923077,-0.3886926991049765,11.9597753570762
C,SHEL,53.84615384615385,-0.2215830137709007,11.931393049202345
MS,XOM,61.53846153846154,-0.19356312496723554,11.911576921060648
GOOGL,VLO,69.23076923076923,0.17196779428758757,11.90546268144837
ABBV,DHR,61.53846153846154,-0.19344216394294594,11.90413316571975
COP,AAPL,53.84615384615385,0.22029563926822684,11.862072883673754
V,ABBV,69.23076923076923,-0.17131468774081154,11.860247612825415
WFC,TSLA,69.23076923076923,0.17127765694942032,11.857683942652175
JPM,XOM,53.84615384615385,0.21998336123341788,11.845257912568655
AXP,META,38.46153846153847,0.3062118823932021,11.777380092046235
MSFT,TMO,30.76923076923077,-0.3827298836305969,11.776304111710674
PFE,SLB,69.23076923076923,-0.16962958273285508,11.743586496889966
ABBV,TTE,38.46153846153847,0.30377050959135027,11.683481138128858
AZN,MRK,69.23076923076923,0.16869950238561857,11.679196319004362
MS,TTE,69.23076923076923,0.16852922714728982,11.66740803327391
MRK,XOM,38.46153846153847,0.3031731861408269,11.660507159262574
PBR,LLY,23.076923076923077,0.5052414230806107,11.6594174557064
COP,UNH,69.23076923076923,-0.1680138642726627,11.631729065030495
AZN,TSLA,38.46153846153847,-0.3016495058660972,11.601904071772971
LLY,MSFT,30.76923076923077,0.3768554816577791,11.59555328177782
JPM,ADBE,30.76923076923077,-0.3767255162289571,11.591554345506372
SHEL,COP,46.15384615384615,0.25069544670526933,11.570559078704738
TMO,PFE,30.76923076923077,-0.3757223195138084,11.560686754271028
WFC,AXP,38.46153846153847,0.30001040016776154,11.538861544913907
BP,ADBE,38.46153846153847,0.2997629569715111,11.529344498904276
DHR,ADBE,38.46153846153847,-0.29889193547692006,11.495843672189235
V,SLB,61.53846153846154,-0.18639584855381786,11.470513757158022
SHEL,AXP,38.46153846153847,-0.2976836944967368,11.44937286525911
CVX,JNJ,53.84615384615385,0.21209070776844066,11.420268879839112
XOM,META,38.46153846153847,0.2968065916012029,11.415638138507804
MS,PBR,30.76923076923077,0.3709457957778221,11.413716793163758
UNH,INTC,84.61538461538461,0.13488067010780627,11.412979778352838
BAC,MS,53.84615384615385,0.21114138094335785,11.369151281565424
SHEL,AMZN,38.46153846153847,0.2948569137118867,11.34065052738026
AMD,MSFT,38.46153846153847,0.2944697867261031,11.325761027927044
PYPL,PBR,84.61538461538461,0.133596478613111,11.304317421109392
NVDA,AZN,38.46153846153847,0.29272446318508855,11.258633199426484
MS,BAC,38.46153846153847,-0.29249872315347053,11.249950890518098
ADBE,ABBV,61.53846153846154,0.1827655118088234,11.247108419004517
MS,TSLA,38.46153846153847,0.29207588154211617,11.233687751619854
VLO,COP,76.92307692307693,-0.14570320283907087,11.20793867992853
ABBV,VLO,53.84615384615385,-0.20813994664063598,11.207535588341937
LLY,TTE,46.15384615384615,-0.24231575570929298,11.183804109659675
ADBE,VLO,38.46153846153847,0.2898349485165349,11.14749801986673
AMZN,MRK,76.92307692307693,-0.14490093787781366,11.146225990601053
MS,AXP,38.46153846153847,0.28978338681769344,11.145514877603595
JPM,TMO,53.84615384615385,-0.20636338945237004,11.111874816666079
LLY,BAC,23.076923076923077,0.4807071360306851,11.093241600708117
UNH,BAC,61.53846153846154,0.1802497611041154,11.092292991022486
JPM,SHEL,23.076923076923077,0.48002954108190954,11.077604794197912
AXP,NVO,69.23076923076923,0.1597574294696807,11.060129732516355
GS,TTE,46.15384615384615,-0.23900506495990623,11.031002998149518
COP,BAC,23.076923076923077,-0.4778528500578753,11.027373462874046
META,UNH,61.53846153846154,0.17872125201688846,10.998230893346982
ADBE,BAC,30.76923076923077,0.35729017080338543,10.993543717027244
BP,AAPL,53.84615384615385,0.204111506172047,10.990619563110224
PFE,MA,61.53846153846154,-0.17762016037883344,10.930471407928211
ADBE,COP,61.53846153846154,0.1775088795304324,10.923623355718917
AXP,AMD,38.46153846153847,-0.2835853229988275,10.907127807647212
TMO,C,38.46153846153847,-0.28356562399644436,10.9063701537094
AMZN,AXP,38.46153846153847,-0.2835495295152479,10.905751135201845
AZN,COP,53.84615384615385,0.20226089830512212,10.890971447198883
MSFT,MS,53.84615384615385,-0.20220900520347182,10.888177203263867
AMD,ABBV,38.46153846153847,-0.28161778649624514,10.83145332677866
BP,AMZN,30.76923076923077,0.35193680159391955,10.828824664428295
JPM,INTC,38.46153846153847,-0.2811432080026562,10.813200307794471
DHR,NVDA,23.076923076923077,0.4685636749850095,10.81300788426945
EQNR,XOM,38.46153846153847,0.28096768479568623,10.806449415218703
MA,ADBE,61.53846153846154,0.17538040964242327,10.792640593379893
NVDA,TSLA,61.53846153846154,-0.17466535252190218,10.748637078270903
AMZN,ABBV,38.46153846153847,-0.27946140642320344,10.748515631661672
MA,NVO,38.46153846153847,-0.27941803591564973,10.746847535217299
PBR,TMO,30.76923076923077,-0.34823187363918934,10.714826881205827
MRK,AXP,23.076923076923077,-0.464235999321235,10.713138445874653
PBR,AMZN,23.076923076923077,-0.4632950206125636,10.691423552597621
AMZN,DHR,23.076923076923077,-0.4622262633969216,10.666759924544344
PYPL,V,53.84615384615385,0.19747136645819172,10.633073578518015
GS,NVO,69.23076923076923,0.15341225307446832,10.620848289770883
COP,AZN,38.46153846153847,0.2759079923385908,10.61184585917657
INTC,GS,69.23076923076923,0.15303189102931147,10.594515532798486
AAPL,AXP,53.84615384615385,0.196294391275219,10.569697991742562
TTE,NVDA,23.076923076923077,-0.4566895001814615,10.538988465726034
PFE,WFC,61.53846153846154,0.17058470357269703,10.497520219858279
INTC,CVX,46.15384615384615,-0.22665204833422536,10.46086376927194
SLB,GS,84.61538461538461,0.12351350782727426,10.451142970000129
AAPL,PFE,76.92307692307693,0.1354379123118834,10.418300947067955
PYPL,SHEL,61.53846153846154,0.16912131571987243,10.40746558276138
DHR,INTC,23.076923076923077,-0.4493337301758227,10.36923992713437
INTC,GOOGL,61.53846153846154,-0.16819275127252376,10.350323155232232
XOM,ABBV,38.46153846153847,0.26712680173934855,10.274107759205714
AMZN,BAC,38.46153846153847,-0.2669834598854371,10.26859461097835
SLB,V,38.46153846153847,-0.2662836170541268,10.241677579004877
AAPL,TMO,30.76923076923077,-0.33279242639327994,10.239766965947075
NVO,BAC,76.92307692307693,0.13306018498369285,10.235398844899452
AZN,LLY,61.53846153846154,0.16586897521816074,10.207321551886816
BAC,MRK,61.53846153846154,0.16571176653873532,10.19764717161448
META,GS,53.84615384615385,0.18923689893670032,10.189679173514632
XOM,PYPL,69.23076923076923,-0.1471334126983459,10.186159340654715
MS,INTC,53.84615384615385,0.1889382667757577,10.173598980233107
DHR,C,38.46153846153847,-0.26443390458680593,10.170534791800229
BP,GS,46.15384615384615,-0.22028174114103125,10.16684959112452
EQNR,MSFT,38.46153846153847,0.26389086493983555,10.149648651532138
SLB,C,38.46153846153847,-0.26336818826067865,10.129545702333795
JNJ,META,46.15384615384615,0.21923840702402497,10.118695708801152
ADBE,CVX,23.076923076923077,-0.4363730804316212,10.070148009960489
INTC,PFE,30.76923076923077,0.327234828185353,10.068763944164708
GS,JNJ,38.46153846153847,-0.2613703295641178,10.052704983235301
INTC,AMZN,30.76923076923077,-0.32646809208043254,10.04517206401331
WFC,PBR,23.076923076923077,-0.4347238142916993,10.032088022116138
PYPL,LLY,30.76923076923077,-0.32536276686522864,10.011162057391651
GOOGL,JPM,30.76923076923077,0.3247290956564851,9.991664481738004
BP,MA,46.15384615384615,0.21609542479828928,9.973634990690273
ABBV,WFC,53.84615384615385,0.18478397971056162,9.949906599799473
NVO,TTE,38.46153846153847,-0.257816598566775,9.91602302179904
TSLA,VLO,69.23076923076923,-0.14204381682767545,9.833802703454454
PYPL,BP,23.076923076923077,0.42599384364996035,9.83062716115293
MS,JPM,46.15384615384615,-0.21099787090736544,9.738363272647636
GS,AAPL,61.53846153846154,-0.15803106654841054,9.724988710671418
BAC,GOOGL,46.15384615384615,0.21060654571192403,9.720302109781109
DHR,GOOGL,38.46153846153847,-0.25246889764365676,9.710342217063722
NVO,META,61.53846153846154,-0.15760363281613718,9.698685096377673
C,AMZN,23.076923076923077,-0.41938420139035665,9.678096955162076
XOM,INTC,30.76923076923077,0.31394734807308733,9.659918402248842
SLB,UNH,38.46153846153847,0.25056163552490335,9.636985981727053
NVDA,AXP,23.076923076923077,-0.41758384437611945,9.636550254833526
AXP,INTC,38.46153846153847,0.24988563232875208,9.610985858798157
GS,MSFT,46.15384615384615,-0.20735801033239395,9.570369707648952
NVO,TMO,84.61538461538461,-0.11307258065476261,9.567679901556836
VLO,AMZN,38.46153846153847,0.248259108558441,9.548427252247732
NVDA,XOM,30.76923076923077,0.3084442561934639,9.490592498260428
VLO,MSFT,46.15384615384615,0.2054660946606739,9.483050522800333
GS,MRK,46.15384615384615,-0.2052775826878085,9.474349970206546
TSLA,C,46.15384615384615,0.20458177092242483,9.442235581034993
BAC,VLO,15.384615384615385,0.6117097016781581,9.410918487356279
AMD,MS,15.384615384615385,0.6111218072140384,9.401873957139053
V,AMZN,30.76923076923077,0.30555272543090267,9.401622320950851
XOM,BAC,23.076923076923077,0.4067026837572194,9.385446548243525
AMZN,PFE,84.61538461538461,-0.11087713790473495,9.381911668862188
MRK,JNJ,61.53846153846154,0.15202275570359433,9.355246504836574
COP,PYPL,46.15384615384615,-0.20225668612718137,9.33492397510068
GOOGL,TTE,46.15384615384615,-0.20196659821939592,9.321535302433658
AAPL,SHEL,69.23076923076923,0.13456891462956497,9.316309474354497
PBR,WFC,38.46153846153847,-0.24096244045725804,9.267786171433002
AMD,UNH,53.84615384615385,-0.17195088379628595,9.258893742876936
NVDA,MA,38.46153846153847,-0.2406259063470419,9.254842551809306
BP,WFC,46.15384615384615,-0.20029883738504406,9.244561725463571
JNJ,BAC,69.23076923076923,0.13296357593856778,9.205170641900846
C,EQNR,30.76923076923077,-0.29899262835086093,9.19977318002649
GOOGL,TSLA,53.84615384615385,-0.16988494036428037,9.147650634999712
TMO,AXP,15.384615384615385,0.5942790047153531,9.142753918697741
AMD,PYPL,53.84615384615385,0.16956850167904797,9.130611628871813
XOM,MA,53.84615384615385,0.16942269742874586,9.122760630778624
CVX,AZN,46.15384615384615,0.19715147905258298,9.099299033196138
V,AXP,38.46153846153847,-0.23642671625621564,9.093335240623679
BP,SHEL,53.84615384615385,0.1687862845587667,9.088492245472054
BAC,SHEL,53.84615384615385,-0.16858169818972094,9.077476056369589
CVX,NVDA,15.384615384615385,-0.5899719927710936,9.076492196478362
DHR,UNH,30.76923076923077,-0.2948714303263118,9.072967086963441
SLB,BAC,61.53846153846154,0.14732100403945067,9.065907940889272
META,DHR,46.15384615384615,-0.19626885492008303,9.058562534773063
XOM,MS,46.15384615384615,-0.19618771530193024,9.054817629319857
SHEL,META,61.53846153846154,0.146826350946704,9.035467750566399
COP,META,69.23076923076923,-0.13028037432874934,9.019410530451877
WFC,GS,38.46153846153847,-0.23374663679007854,8.990255261156868
BAC,NVO,76.92307692307693,-0.11587497001859134,8.913459232199335
V,NVO,76.92307692307693,-0.11581325765148616,8.908712127037399
TTE,ADBE,30.76923076923077,0.28881485800708223,8.886611015602531
MS,PYPL,53.84615384615385,-0.16501882676204496,8.885629133340883
NVO,DHR,69.23076923076923,-0.12806874588707917,8.866297792182404
AXP,ABBV,23.076923076923077,-0.38399107386089576,8.861332473712979
TTE,GOOGL,30.76923076923077,-0.2877218349389046,8.85297953658168
XOM,JNJ,61.53846153846154,0.14369795719442519,8.842951211964627
WFC,MSFT,30.76923076923077,-0.28623235037864825,8.807149242419946
GOOGL,MA,38.46153846153847,0.22895034568876996,8.805782526491154
SHEL,AAPL,76.92307692307693,-0.11429257690338612,8.791736684875858
AZN,AMZN,61.53846153846154,0.1423063473474136,8.75731368291776
JNJ,DHR,38.46153846153847,0.2275156263714925,8.750601014288174
PYPL,JNJ,46.15384615384615,-0.18907627289230558,8.726597210414104
AZN,BAC,61.53846153846154,0.14170058115783404,8.720035763559018
TTE,TMO,61.53846153846154,0.141423920223254,8.70301047527717
V,WFC,46.15384615384615,-0.18843290673733018,8.696903387876777
SLB,INTC,30.76923076923077,-0.2826184889497458,8.695953506146024
PFE,DHR,46.15384615384615,-0.188311497135934,8.691299867812338
COP,MA,15.384615384615385,0.5647523220727939,8.688497262658368
NVDA,GS,30.76923076923077,0.28235913825703945,8.687973484831984
WFC,AZN,38.46153846153847,0.22513449215039985,8.659018928861533
JNJ,WFC,46.15384615384615,0.18677735338080878,8.620493232960404
JNJ,TSLA,23.076923076923077,0.372113696261329,8.587239144492207
NVO,COP,61.53846153846154,-0.13943462910968407,8.580592560595942
BP,PYPL,15.384615384615385,0.5567728505735395,8.56573616266984
DHR,AZN,69.23076923076923,-0.12352005824121465,8.551388647468706
TTE,AMZN,69.23076923076923,-0.12335661123665484,8.540073085614566
JNJ,PYPL,61.53846153846154,-0.1387672532540769,8.539523277173963
NVDA,PBR,15.384615384615385,0.5539186997876888,8.521826150579829
TTE,EQNR,23.076923076923077,-0.36881030673815385,8.511007078572781
PYPL,MS,69.23076923076923,-0.12276936874309238,8.49941783606024
EQNR,V,23.076923076923077,0.36828859221622184,8.498967512682043
INTC,WFC,38.46153846153847,-0.22032593812181106,8.47407454314658
AMZN,EQNR,30.76923076923077,-0.27532064083582686,8.471404333410057
MA,DHR,46.15384615384615,-0.18330819549239133,8.460378253494984
DHR,META,30.76923076923077,0.2749437423958885,8.45980745833503
EQNR,UNH,46.15384615384615,0.18244603736473777,8.420586339910974
AZN,AXP,30.76923076923077,-0.2733561326091959,8.410957926436797
VLO,GS,46.15384615384615,-0.18211275430774773,8.405204044972972
MS,C,30.76923076923077,0.27298159019283613,8.399433544394958
PBR,XOM,15.384615384615385,-0.5458565918365512,8.397793720562326
AAPL,BP,46.15384615384615,0.18187549964089475,8.394253829579757
MSFT,VLO,61.53846153846154,-0.13589365480020124,8.362686449243153
MS,BP,30.76923076923077,-0.2714955132501436,8.353708100004418
MS,UNH,38.46153846153847,0.21713490273878516,8.3513424130302
JPM,TSLA,30.76923076923077,0.27137737580229426,8.350073101609054
AZN,JPM,30.76923076923077,0.2710419352197291,8.339751852914741
MA,EQNR,30.76923076923077,0.2705210021363816,8.323723142657895
TMO,GOOGL,30.76923076923077,-0.27023021736036723,8.31477591878053
EQNR,WFC,23.076923076923077,-0.3600194921673383,8.308142126938575
MSFT,BP,15.384615384615385,0.538484952622797,8.284383886504571
AMZN,GS,30.76923076923077,-0.2676016755672759,8.233897709762335
GOOGL,PFE,53.84615384615385,-0.1528128489231831,8.228384172786782
COP,PFE,30.76923076923077,-0.26726095324936916,8.223413946134436
SLB,DHR,38.46153846153847,0.21357855623249566,8.214559855095988
MA,GOOGL,38.46153846153847,0.21260518077131954,8.177122337358446
V,CVX,30.76923076923077,0.26488970479380425,8.150452455193976
META,PFE,46.15384615384615,-0.17626212948843703,8.135175207158632
TSLA,NVDA,61.53846153846154,-0.1315955403412887,8.098187097925459
TMO,MA,53.84615384615385,0.14985108040428077,8.068904329461272
MRK,SLB,53.84615384615385,-0.14968436701579438,8.05992745469662
LLY,GS,46.15384615384615,-0.17460169483862006,8.058539761782464
VLO,PBR,53.84615384615385,0.14933141157875268,8.040922161932837
PFE,INTC,38.46153846153847,0.2087983670436028,8.030706424753955
MA,C,61.53846153846154,-0.13004407226061052,8.002712139114493
WFC,TTE,46.15384615384615,0.17320394394807226,7.994028182218719
EQNR,NVO,30.76923076923077,0.2594346900432757,7.982605847485406
SLB,NVO,61.53846153846154,0.12946940315525501,7.967347886477232
NVO,WFC,46.15384615384615,0.17255068499856394,7.9638777691644895
BP,PBR,69.23076923076923,-0.11502610517992388,7.963345743225499
AXP,BP,38.46153846153847,-0.2056070170808592,7.907962195417663
MSFT,JPM,46.15384615384615,0.17122457484750098,7.902672685269276
ABBV,MRK,46.15384615384615,0.17090130205067297,7.887752402338752
SLB,AMD,53.84615384615385,0.14598486395208526,7.860723443573822
META,MA,46.15384615384615,0.17013858036413243,7.852549862959958
VLO,V,46.15384615384615,-0.16919207836050562,7.80886515510026
JNJ,SLB,76.92307692307693,-0.10149051016840052,7.806962320646195
SLB,AZN,61.53846153846154,-0.12636221873748302,7.776136537691263
MA,TTE,53.84615384615385,0.14429311316394186,7.7696291703661
INTC,JPM,30.76923076923077,-0.25243162005610353,7.767126770957032
AMD,MA,53.84615384615385,-0.1441740965761839,7.7632205848714415
AAPL,JPM,61.53846153846154,0.12614405745536256,7.762711228022312
AMD,SLB,38.46153846153847,-0.20151751861953943,7.75067379305921
JPM,COP,38.46153846153847,0.20041980067683732,7.708453872186052
EQNR,COP,38.46153846153847,-0.20037015424620966,7.706544394084988
AXP,AMZN,23.076923076923077,0.33362685183554547,7.6990811962048955
JNJ,AZN,69.23076923076923,0.11104331159200555,7.687613879446538
AMZN,UNH,38.46153846153847,-0.19979537899741878,7.684437653746877
EQNR,C,38.46153846153847,-0.19968826049657543,7.680317711406748
META,ADBE,84.61538461538461,0.09070198276903868,7.674783157380196
ADBE,UNH,23.076923076923077,0.33111714666390696,7.641164923013237
GS,AZN,38.46153846153847,-0.19859735764402664,7.638359909385641
CVX,WFC,38.46153846153847,0.19828352570463556,7.626289450178292
MS,ABBV,76.92307692307693,0.09906016562620648,7.6200127404774225
CVX,XOM,61.53846153846154,-0.12343459090558309,7.59597482495896
SHEL,TMO,53.84615384615385,0.1410593960610826,7.595505941750601
BP,INTC,53.84615384615385,-0.14062972775175864,7.572369955863927
CVX,JPM,53.84615384615385,-0.1403815250542315,7.559005195227849
GOOGL,DHR,61.53846153846154,-0.12271099091013865,7.551445594470071
MS,CVX,23.076923076923077,0.3248727035094399,7.497062388679383
ADBE,GOOGL,53.84615384615385,0.1391022324069032,7.490120206525557
CVX,MRK,53.84615384615385,0.13854082488279082,7.4598905706118135
AAPL,MS,30.76923076923077,-0.2423155932832453,7.45586440871524
NVDA,DHR,23.076923076923077,0.3193025194173747,7.3685196788624925
AMZN,C,23.076923076923077,-0.31889116479828233,7.3590268799603615
DHR,V,46.15384615384615,0.15901198970315938,7.339014909376587
SLB,PYPL,61.53846153846154,-0.11921839879881882,7.336516849158081
MA,INTC,23.076923076923077,-0.3175392621123361,7.327829125669294
SHEL,JPM,46.15384615384615,0.15779466151488009,7.282830531456004
VLO,AAPL,38.46153846153847,0.1891109578241213,7.27349837785082
COP,JNJ,23.076923076923077,-0.31475827645876436,7.263652533663793
LLY,V,23.076923076923077,0.31457402514117805,7.2594005801810315
UNH,SHEL,38.46153846153847,-0.18691758518016416,7.189137891544776
PFE,BP,61.53846153846154,0.11665788071065886,7.178946505271314
AZN,GOOGL,53.84615384615385,0.1331899132834449,7.171764561416264
JNJ,COP,23.076923076923077,0.31069531479172796,7.169891879809107
ABBV,GS,69.23076923076923,-0.10299094529870037,7.130142366833102
ABBV,C,23.076923076923077,0.30878987044026196,7.125920087082968
SHEL,MSFT,23.076923076923077,0.308065648618955,7.109207275822039
V,VLO,23.076923076923077,0.30673115215254615,7.078411203520296
TTE,SLB,53.84615384615385,-0.1313587830795597,7.073165242745523
PBR,GOOGL,53.84615384615385,0.13090857630282374,7.048923339382816
VLO,AZN,30.76923076923077,-0.22842239301010334,7.028381323387795
UNH,V,23.076923076923077,-0.3031115007653323,6.994880786892283
GS,EQNR,38.46153846153847,-0.18179961130832992,6.9922927426280745
AAPL,SLB,53.84615384615385,-0.12871762242947032,6.930948900048402
PBR,EQNR,23.076923076923077,-0.29975207854277114,6.917355658679334
XOM,SLB,53.84615384615385,0.12842438156143943,6.915159007154431
AMZN,AZN,76.92307692307693,-0.08976695156832311,6.90515012064024
AMD,TTE,38.46153846153847,0.17886089550113185,6.879265211581995
PFE,AMD,69.23076923076923,0.09926268039590226,6.87203171971631
MRK,TMO,69.23076923076923,0.09895791424049755,6.850932524342137
C,BP,23.076923076923077,-0.29457985103318407,6.797996562304248
AXP,JNJ,23.076923076923077,-0.29389792543227283,6.782259817667835
AXP,V,53.84615384615385,-0.12427472579577802,6.691716004388047
UNH,TMO,53.84615384615385,-0.12386512637589393,6.669660651009673
C,VLO,46.15384615384615,-0.14429653125969613,6.659839904293667
PYPL,EQNR,38.46153846153847,0.17306017611319782,6.656160619738379
PBR,INTC,53.84615384615385,-0.12356420185822273,6.65345702313507
AXP,MSFT,38.46153846153847,-0.17293800423439376,6.651461701322838
TMO,MS,23.076923076923077,0.2879869212772201,6.64585202947431
VLO,NVDA,7.6923076923076925,0.862996757039892,6.638436592614554
CVX,BAC,23.076923076923077,-0.2875090820604627,6.634824970626062
TTE,C,7.6923076923076925,0.8600513807719279,6.6157798520917535
SHEL,ADBE,61.53846153846154,0.10742260493848324,6.610621842368199
SLB,PBR,76.92307692307693,-0.0857595976366298,6.596892125894601
META,INTC,46.15384615384615,-0.1427263798406159,6.5873713772591955
WFC,COP,23.076923076923077,0.2851929390646113,6.581375516875645
TTE,PYPL,7.6923076923076925,0.8548228273603093,6.575560210463919
INTC,TMO,53.84615384615385,0.1207628029711564,6.502612467677652
NVDA,JPM,38.46153846153847,0.16872592632504418,6.489458704809393
AZN,PBR,15.384615384615385,0.420788214073336,6.473664831897477
PYPL,XOM,84.61538461538461,0.0764670583681788,6.470289554230513
MSFT,AMZN,7.6923076923076925,-0.8409330429437738,6.468715714952106
AAPL,TSLA,23.076923076923077,-0.279352893626226,6.446605237528292
PBR,NVO,38.46153846153847,-0.16567015548878497,6.371929057260961
GS,ABBV,76.92307692307693,0.08270781950198787,6.362139961691375
TSLA,BP,69.23076923076923,-0.09187689116625676,6.360707849971622
BAC,JNJ,69.23076923076923,-0.0918604072729195,6.359566657355964
PBR,COP,53.84615384615385,-0.11780345059416517,6.343262724301201
CVX,ADBE,23.076923076923077,-0.27476018714776584,6.340619703409981
DHR,CVX,38.46153846153847,-0.16458258142303264,6.330099285501256
META,AZN,53.84615384615385,0.11751786202375288,6.327884878202078
NVDA,AMD,46.15384615384615,0.13703338029866852,6.324617552246239
GS,CVX,23.076923076923077,-0.2726886145642633,6.29281418225223
PFE,MSFT,7.6923076923076925,0.8145756474841127,6.265966519108559
JNJ,INTC,53.84615384615385,-0.11624175663689952,6.259171511217667
PBR,MSFT,7.6923076923076925,-0.8134483227247318,6.257294790190245
CVX,TMO,38.46153846153847,0.16262543603234456,6.254824462782484
VLO,PYPL,38.46153846153847,0.1625698636225701,6.252687062406543
GS,UNH,30.76923076923077,0.2030407315414398,6.247407124351994
DHR,WFC,23.076923076923077,-0.2703088560994254,6.237896679217509
MS,DHR,38.46153846153847,0.16181335046403142,6.223590402462748
COP,ABBV,38.46153846153847,0.16176989185381907,6.22191891745458
XOM,UNH,53.84615384615385,0.11493689569718393,6.188909768309904
AMD,BAC,38.46153846153847,-0.16061024981256042,6.177317300483094
UNH,META,53.84615384615385,-0.11459355163494987,6.170422011112685
MS,AAPL,38.46153846153847,-0.1600325718809203,6.155098918496935
DHR,MA,61.53846153846154,0.0997453994339512,6.13817842670469
NVO,V,69.23076923076923,-0.08838562020606963,6.11900447580482
META,JNJ,46.15384615384615,0.13253207065271255,6.116864799355964
DHR,BAC,53.84615384615385,-0.11337309332908532,6.1047050254122865
NVDA,TMO,61.53846153846154,0.09884885325718931,6.083006354288573
DHR,COP,38.46153846153847,0.15804726711193928,6.078741042766897
PFE,VLO,38.46153846153847,-0.15738405933628585,6.053233051395611
C,SLB,53.84615384615385,0.11207427905524923,6.034768872205728
GOOGL,JNJ,23.076923076923077,0.2611712266663315,6.027028307684573
COP,BP,61.53846153846154,-0.09793457852940476,6.0267432941172165
ADBE,DHR,30.76923076923077,-0.19501821368974362,6.000560421222881
CVX,MS,23.076923076923077,-0.2599554013346875,5.998970800031249
GOOGL,META,61.53846153846154,0.09717378927999079,5.97992549415328
EQNR,TSLA,23.076923076923077,0.25903656613737364,5.977766910862468
MSFT,GOOGL,38.46153846153847,0.15541995142858242,5.977690439560863
GS,SLB,92.3076923076923,-0.06475589541282867,5.9774672688764925
LLY,ADBE,30.76923076923077,0.19420067786378725,5.975405472731915
WFC,JNJ,53.84615384615385,0.11008025821159283,5.927398519085767
ABBV,AXP,15.384615384615385,-0.38477616668153564,5.9196333335620865
TTE,JNJ,61.53846153846154,0.09616260689772155,5.917698886013634
META,EQNR,53.84615384615385,-0.10964790599965381,5.904118015365975
UNH,CVX,92.3076923076923,-0.06389698199260087,5.898182953163157
BAC,PFE,53.84615384615385,-0.10887679722480968,5.862596773643598
COP,WFC,38.46153846153847,0.1522117999756028,5.854299999061647
MSFT,UNH,61.53846153846154,-0.09507231114087769,5.850603762515551
TSLA,MSFT,61.53846153846154,0.09456266141160732,5.819240702252759
JPM,MSFT,38.46153846153847,0.1508737823146184,5.802837781331478
LLY,XOM,46.15384615384615,0.12505201700368504,5.771631554016232
TSLA,GS,23.076923076923077,0.24792386751301287,5.721320019531066
EQNR,TMO,15.384615384615385,-0.3709977566631303,5.707657794817389
CVX,META,53.84615384615385,0.10554626757684056,5.683260561829877
TMO,EQNR,15.384615384615385,-0.36917000450913184,5.679538530909721
EQNR,MRK,30.76923076923077,-0.18432615010029396,5.671573849239814
MRK,GOOGL,76.92307692307693,0.07366947372010572,5.666882593854288
PFE,BAC,53.84615384615385,-0.1047492938735753,5.6403465931925165
GS,LLY,46.15384615384615,0.12172826047805453,5.6182274066794395
TSLA,MA,38.46153846153847,-0.14602947917084713,5.616518429647967
VLO,XOM,53.84615384615385,-0.10412126033356495,5.606529402576574
LLY,AXP,23.076923076923077,-0.24225073197377064,5.590401507087015
AZN,TMO,69.23076923076923,-0.08060535819048321,5.580370951648837
META,BAC,53.84615384615385,0.1034880009318627,5.572430819407991
BAC,CVX,38.46153846153847,-0.14460284319004896,5.5616478150018835
V,UNH,46.15384615384615,-0.12046330231029595,5.5598447220136595
AMD,PFE,76.92307692307693,-0.07218319550662547,5.552553500509652
AMD,V,53.84615384615385,0.10252891185683398,5.520787561521829
AAPL,VLO,15.384615384615385,-0.3586226510529801,5.5172715546612325
SLB,VLO,53.84615384615385,0.10220182558328354,5.503175223715267
NVO,JPM,23.076923076923077,-0.2383982730409986,5.501498608638429
XOM,TSLA,15.384615384615385,0.35734392367390533,5.49759882575239
JNJ,PBR,61.53846153846154,0.08927144594146173,5.4936274425514915
MS,JNJ,30.76923076923077,-0.17717910257338074,5.451664694565562
BAC,EQNR,30.76923076923077,-0.17657273301789206,5.433007169781294
AZN,GS,30.76923076923077,-0.17591440964052324,5.4127510658622535
LLY,C,30.76923076923077,-0.17540629371723263,5.397116729761004
AMD,BP,30.76923076923077,0.1737905677736323,5.347402085342533
PFE,PBR,76.92307692307693,-0.06948691914857223,5.345147626813249
BAC,V,30.76923076923077,-0.17339391468107113,5.335197374802188
C,NVDA,30.76923076923077,0.17280497476134127,5.317076146502808
AMD,C,30.76923076923077,0.1720370312146439,5.293447114296735
C,ABBV,69.23076923076923,0.07636904018223285,5.287087397231505
GS,JPM,76.92307692307693,0.06869083135386361,5.283910104143356
COP,INTC,53.84615384615385,-0.09773119113585131,5.262448753468917
V,BAC,53.84615384615385,-0.09722133669202436,5.234995052647466
VLO,ADBE,53.84615384615385,0.0970985683880715,5.228384451665389
MA,MSFT,23.076923076923077,0.2265328674531065,5.2276815566101495
PFE,NVDA,46.15384615384615,0.11307463351558368,5.218829239180785
NVDA,GOOGL,53.84615384615385,-0.0968007894748695,5.212350202492973
VLO,C,46.15384615384615,-0.11281246775684563,5.206729281085183
WFC,META,30.76923076923077,0.16858439140858064,5.187212043340943
C,TMO,69.23076923076923,0.07490579258736155,5.185785640663491
GOOGL,AXP,53.84615384615385,0.09525109998583871,5.128905383852854
COP,GS,53.84615384615385,0.09497507524970487,5.114042513445647
UNH,EQNR,30.76923076923077,-0.1655349547465186,5.093383222969804
META,C,53.84615384615385,0.0943630460573319,5.081087095394794
META,AAPL,30.76923076923077,0.16422734445098172,5.053149060030207
V,JNJ,15.384615384615385,0.3280838052210936,5.047443157247594
PBR,AXP,30.76923076923077,0.16372629552837484,5.037732170103841
MSFT,PBR,23.076923076923077,0.21789101788902743,5.028254258977556
BAC,LLY,15.384615384615385,0.3256226790575363,5.009579677808251
LLY,META,38.46153846153847,-0.12980303802544388,4.99242453944015
TSLA,WFC,61.53846153846154,-0.0809803368055696,4.983405341881206
INTC,AXP,38.46153846153847,0.12944685329294642,4.978725126651786
JNJ,NVDA,69.23076923076923,-0.0718846489760469,4.976629544495554
EQNR,PBR,15.384615384615385,0.32313992144240017,4.971383406806156
LLY,ABBV,84.61538461538461,0.05873445962895833,4.969838891681089
BP,AMD,23.076923076923077,0.21534092890674303,4.96940605169407
AMD,AMZN,30.76923076923077,-0.15885653690243398,4.887893443151815
EQNR,CVX,53.84615384615385,-0.09012969598683755,4.85313747621433
AZN,AMD,30.76923076923077,0.15769425720731703,4.85213099099437
NVDA,C,23.076923076923077,0.20970374062634242,4.839317091377133
C,MSFT,30.76923076923077,0.1565260553793422,4.816186319364375
BAC,MA,30.76923076923077,-0.15612648018943268,4.80389169813639
TTE,AZN,23.076923076923077,0.20785967874488828,4.796761817189729
TMO,ADBE,30.76923076923077,-0.15584979851673084,4.79537841589941
NVO,AMD,53.84615384615385,-0.08899200252071823,4.791877058807905
GS,TSLA,46.15384615384615,0.10382305595703382,4.791833351863099
TMO,INTC,61.53846153846154,-0.07756348649951383,4.773137630739313
INTC,AAPL,84.61538461538461,-0.05588529126205062,4.728755414481206
JPM,GS,46.15384615384615,0.10240001163476176,4.72615438314285
MS,PFE,46.15384615384615,0.10234362993265196,4.723552150737783
PBR,NVDA,15.384615384615385,0.30654628892028024,4.716096752619696
AXP,GOOGL,15.384615384615385,-0.306113048043254,4.7094315083577545
PBR,AMD,69.23076923076923,0.06801155985507092,4.708492605351063
SLB,WFC,30.76923076923077,0.15285710960700943,4.703295680215675
JPM,MS,76.92307692307693,-0.060497594275912246,4.653661098147096
COP,XOM,15.384615384615385,-0.3022673961102332,4.650267632465126
PFE,META,38.46153846153847,-0.1198500139007452,4.609615919259432
AMD,GS,53.84615384615385,-0.08554646105642018,4.606347903038009
CVX,V,15.384615384615385,0.29914650484074445,4.602253920626838
META,TSLA,69.23076923076923,-0.06621857351191371,4.5843627815940255
NVDA,TTE,15.384615384615385,-0.29707181285076784,4.5703355823195055
PBR,MRK,46.15384615384615,0.09884012163456564,4.561851767749183
V,AAPL,15.384615384615385,-0.29369614608066136,4.51840224739479
INTC,XOM,30.76923076923077,0.146772428123287,4.5160747114857545
V,COP,46.15384615384615,-0.09731865925681434,4.491630427237585
JNJ,AMD,38.46153846153847,0.11558943650287279,4.4457475578028
EQNR,MA,15.384615384615385,0.2878771788764329,4.428879675022045
MRK,TSLA,30.76923076923077,-0.14254407420915155,4.38597151412774
ADBE,MRK,30.76923076923077,-0.1423460611551741,4.379878804774587
JNJ,GOOGL,30.76923076923077,0.14178745673147553,4.362690976353093
AAPL,C,38.46153846153847,-0.11289654865283039,4.342174948185785
AXP,AZN,15.384615384615385,-0.2819104041882397,4.337083141357534
SHEL,INTC,61.53846153846154,-0.07026959076992506,4.324282508918466
JPM,TTE,15.384615384615385,0.28089290503525,4.321429308234616
C,LLY,30.76923076923077,-0.13955147140262186,4.293891427772981
NVDA,EQNR,30.76923076923077,0.13953281045813087,4.293317244865565
AXP,PYPL,15.384615384615385,-0.2789628750631439,4.291736539432983
MRK,VLO,30.76923076923077,-0.13907964638670814,4.279373734975636
EQNR,ABBV,30.76923076923077,0.13872143153670483,4.268351739590917
DHR,AMZN,38.46153846153847,-0.11042298743486714,4.247037978264122
MRK,V,46.15384615384615,-0.09179644800177235,4.236759138543339
TTE,WFC,46.15384615384615,0.09179111285480458,4.236512900990981
AAPL,LLY,76.92307692307693,-0.054895888883416746,4.22276068333975
MA,COP,30.76923076923077,0.1372260032319465,4.222338560982969
ADBE,C,38.46153846153847,-0.10956589094393379,4.214072728612838
TMO,JNJ,76.92307692307693,-0.054551841226605835,4.19629547896968
GS,NVDA,15.384615384615385,0.27183870043206937,4.182133852801067
TMO,CVX,15.384615384615385,-0.27133741367515934,4.174421748848605
XOM,ADBE,38.46153846153847,-0.10826311728773552,4.16396604952829
WFC,ABBV,53.84615384615385,0.07726279009022986,4.160304081781608
UNH,WFC,30.76923076923077,-0.13487770700584012,4.1500832924873885
COP,SLB,61.53846153846154,0.06707261808066298,4.127545728040799
BAC,META,15.384615384615385,-0.2655625364520714,4.085577483878022
ABBV,PBR,46.15384615384615,-0.0878088228470217,4.052714900631771
NVO,PYPL,15.384615384615385,0.2628209165403687,4.043398716005672
LLY,AMD,30.76923076923077,-0.1313663003691776,4.042040011359311
C,XOM,46.15384615384615,-0.08753518159511146,4.04008530438976
MSFT,TSLA,15.384615384615385,-0.2619510319481797,4.030015876125842
V,BP,30.76923076923077,0.1306421519658067,4.019758522024822
NVDA,WFC,15.384615384615385,-0.2598273662368656,3.9973440959517785
NVDA,V,15.384615384615385,-0.2597684648289158,3.996437920444859
SHEL,C,53.84615384615385,0.07415739090831304,3.9930902796783947
WFC,INTC,38.46153846153847,-0.10336935295818743,3.975744344545671
UNH,AMD,53.84615384615385,-0.07378178782478077,3.972865498257426
BAC,TSLA,30.76923076923077,0.12904302029908787,3.9705544707411655
DHR,GS,61.53846153846154,0.06442131640871368,3.964388702074688
SHEL,ABBV,53.84615384615385,-0.07362007136266169,3.964157688758706
MS,NVDA,15.384615384615385,0.2559171825049147,3.9371874231525337
AAPL,ADBE,30.76923076923077,0.12793656125982295,3.9365095772253214
TMO,NVDA,61.53846153846154,0.0636786779216208,3.9186878720997416
COP,MSFT,15.384615384615385,-0.2537204246229456,3.903391148045317
MA,AAPL,38.46153846153847,0.1012772804871394,3.895280018736131
MS,TMO,15.384615384615385,-0.2531785278899902,3.8950542752306183
CVX,C,30.76923076923077,0.1264630202650709,3.8911698543098736
CVX,AMZN,46.15384615384615,0.08429444064037968,3.8905126449406007
SLB,ADBE,46.15384615384615,0.08366720732098852,3.8615634148148548
TTE,ABBV,38.46153846153847,0.10024481500666482,3.8555698079486476
GOOGL,NVO,30.76923076923077,-0.1250574685654488,3.847922109706117
V,TTE,30.76923076923077,-0.12481348188683879,3.8404148272873475
AXP,LLY,30.76923076923077,-0.12474444145579185,3.838290506332057
AMZN,CVX,76.92307692307693,-0.04973626776613063,3.8258667512408184
ADBE,AXP,30.76923076923077,0.12405964786125094,3.8172199341923365
PBR,BAC,53.84615384615385,0.07088278496948552,3.816765344510759
JNJ,V,15.384615384615385,0.2475190786455197,3.8079858253156877
TTE,INTC,46.15384615384615,0.0823102280299123,3.7989336013805675
TSLA,JPM,15.384615384615385,0.24644675276996802,3.7914885041533544
LLY,EQNR,38.46153846153847,-0.09826086506031365,3.7792640407812947
INTC,NVDA,30.76923076923077,-0.1223761997363631,3.765421530349634
BAC,DHR,46.15384615384615,-0.08128410306837099,3.7515739877709686
ADBE,LLY,46.15384615384615,0.08068404244339052,3.723878882002639
JPM,MA,53.84615384615385,-0.06906054267818466,3.718644605748405
TTE,XOM,30.76923076923077,-0.11993290506840955,3.69024323287414
CVX,COP,46.15384615384615,0.07993084561504327,3.689115951463535
AXP,C,38.46153846153847,0.09540868759510086,3.66956490750388
AMD,MRK,69.23076923076923,-0.052954004709309124,3.666046479875247
CVX,AAPL,23.076923076923077,0.15883344465392188,3.665387184321274
TTE,UNH,38.46153846153847,0.09525050427444509,3.663480933632504
BP,NVDA,23.076923076923077,-0.15855785663624125,3.6590274608363367
WFC,NVO,46.15384615384615,-0.07918540079927058,3.6547108061201805
TSLA,MS,53.84615384615385,-0.06757307232314803,3.6385500481695097
JPM,CVX,30.76923076923077,0.11798513889433963,3.630311965979681
META,BP,76.92307692307693,-0.047126647819735315,3.6251267553642554
C,COP,38.46153846153847,0.09358391757122934,3.599381445047283
BAC,ABBV,53.84615384615385,-0.06650988917692077,3.5813017249111185
MSFT,LLY,15.384615384615385,0.23103722443083324,3.5544188373974346
JPM,VLO,23.076923076923077,-0.15280413919829997,3.5262493661146146
TSLA,BAC,30.76923076923077,0.11355526890542778,3.4940082740131624
TSLA,PFE,15.384615384615385,-0.22638869099546338,3.4829029383917445
NVDA,NVO,38.46153846153847,-0.09040077969118028,3.4769530650453957
LLY,NVDA,15.384615384615385,0.22589093241926156,3.475245114142486
AZN,MS,53.84615384615385,0.0641481311682184,3.4541301398271442
MS,VLO,30.76923076923077,0.1117511055386858,3.438495555036486
TSLA,AAPL,30.76923076923077,-0.11145456646372215,3.4293712758068353
BP,COP,46.15384615384615,-0.07378511391329834,3.4054667959983846
AXP,MS,38.46153846153847,0.08849794523177949,3.4037671242992116
TSLA,UNH,53.84615384615385,0.06287326277421876,3.385483380150241
META,MRK,15.384615384615385,0.21957839741955465,3.3781291910700717
ADBE,XOM,53.84615384615385,-0.062260065404912225,3.3524650602645045
MSFT,AAPL,15.384615384615385,-0.2177070651476326,3.3493394638097325
PFE,AXP,46.15384615384615,-0.07210552623757935,3.3279473648113544
GOOGL,TMO,46.15384615384615,-0.07181244641157214,3.3144206036110218
META,GOOGL,38.46153846153847,0.08494788584784578,3.2672263787633
VLO,MS,61.53846153846154,-0.05290802147491211,3.255878244609976
PFE,TTE,46.15384615384615,0.07034083056985113,3.2464998724546676
SHEL,MRK,61.53846153846154,0.05265189864223199,3.240116839521969
VLO,SLB,38.46153846153847,0.08417618381749312,3.2375455314420436
EQNR,JNJ,15.384615384615385,-0.21043083023259523,3.2373973881937728
MRK,INTC,23.076923076923077,-0.13992787059179584,3.2291047059645193
CVX,INTC,53.84615384615385,-0.05987938537825775,3.224274597290802
TTE,AXP,23.076923076923077,0.13827925059894394,3.1910596292063986
TSLA,PBR,38.46153846153847,-0.0817832716407769,3.145510447722189
AMZN,AMD,46.15384615384615,-0.0678596287311743,3.131982864515737
BP,VLO,69.23076923076923,0.0452120671433026,3.130066186844026
TMO,GS,46.15384615384615,-0.06713943049780781,3.098742946052668
C,META,38.46153846153847,0.08038369713767772,3.0916806591414514
ABBV,BAC,46.15384615384615,0.06624637701445514,3.0575250929748528
LLY,MA,23.076923076923077,0.1299898284295522,2.9997652714512046
XOM,DHR,23.076923076923077,0.1293357986451936,2.9846722764275446
AMD,EQNR,23.076923076923077,-0.12917070726951763,2.9808624754504067
CVX,PYPL,38.46153846153847,-0.07618096601008287,2.9300371542339567
LLY,PYPL,23.076923076923077,-0.1262507188573008,2.9134781274761723
C,AAPL,38.46153846153847,0.0753093812291468,2.8965146626594924
META,COP,84.61538461538461,-0.03391401707012773,2.869647598241577
NVDA,AAPL,30.76923076923077,0.09294141250851826,2.8597357694928696
LLY,VLO,53.84615384615385,0.052953987556194196,2.851368560718149
TMO,SHEL,69.23076923076923,0.04082764339954741,2.8265291584302052
JPM,META,30.76923076923077,-0.08969049773684126,2.759707622672039
MRK,AMD,76.92307692307693,0.03564355400485039,2.7418118465269536
ADBE,SLB,69.23076923076923,-0.03900460035962466,2.700318486435553
XOM,GS,38.46153846153847,0.07009110947828714,2.6958119030110446
NVDA,COP,53.84615384615385,-0.04997860086700342,2.691155431300184
XOM,VLO,69.23076923076923,0.03866570446596968,2.67685646302867
NVO,AXP,46.15384615384615,-0.05785967976469139,2.670446758370372
JNJ,JPM,61.53846153846154,0.043343857729328444,2.6673143218048274
ABBV,EQNR,23.076923076923077,-0.11543209366601144,2.6638175461387257
DHR,BP,53.84615384615385,-0.04943852795305687,2.6620745820876777
AXP,XOM,69.23076923076923,0.03837165164129993,2.6564989597823025
XOM,MRK,38.46153846153847,0.06899282442231612,2.653570170089082
PYPL,INTC,69.23076923076923,0.03826938103401899,2.649418686970545
JPM,BP,38.46153846153847,-0.06886071886991003,2.6484891873042327
WFC,DHR,30.76923076923077,-0.08599009527226391,2.645849085300428
TSLA,V,38.46153846153847,-0.06864135654312191,2.6400521747354584
VLO,TSLA,69.23076923076923,-0.037980575162499836,2.6294244343269115
C,AMD,69.23076923076923,-0.03758704145582962,2.6021797930958965
MA,LLY,53.84615384615385,0.0482430636260272,2.597703426016849
META,AXP,38.46153846153847,0.06691094583832953,2.5734979168588286
EQNR,INTC,61.53846153846154,-0.04176925590915237,2.5704157482555305
PBR,AZN,38.46153846153847,0.0661953494474942,2.545974978749777
EQNR,META,53.84615384615385,-0.04712107860705481,2.5372888480721825
GS,XOM,46.15384615384615,-0.054802541139439796,2.529348052589529
JPM,NVDA,23.076923076923077,-0.10936044495853305,2.5237025759661473
AMZN,AAPL,30.76923076923077,-0.0818607779188733,2.5187931667345635
BP,V,23.076923076923077,0.10847183605600878,2.5031962166771256
TTE,V,38.46153846153847,0.06494606606896254,2.497925618037021
ABBV,LLY,76.92307692307693,0.031570126715507296,2.428471285808254
SHEL,LLY,38.46153846153847,0.06311228789073639,2.4273956881052463
AMZN,WFC,23.076923076923077,-0.10517803656538903,2.427185459201285
BP,TMO,23.076923076923077,-0.10467870668736083,2.415662462016019
ADBE,PYPL,53.84615384615385,-0.04476604421600078,2.4104793039385033
PBR,TSLA,61.53846153846154,-0.03874414025547537,2.3842547849523306
TMO,V,23.076923076923077,-0.10304957118300069,2.3780670273000157
SLB,COP,38.46153846153847,-0.06174670139796386,2.374873130690918
TSLA,META,61.53846153846154,-0.03853310669085826,2.371268104052816
CVX,TTE,53.84615384615385,0.0438091651182007,2.3589550448261916
JPM,EQNR,23.076923076923077,-0.10194401434015787,2.3525541770805662
AMD,AZN,23.076923076923077,0.09985547586019901,2.3043571352353616
META,NVO,69.23076923076923,0.03328395321104948,2.304273683841887
AZN,ADBE,23.076923076923077,0.09858194697057217,2.2749680070132037
MRK,BP,46.15384615384615,0.04922957717819768,2.2721343313014315
TTE,PFE,46.15384615384615,0.048807158478254585,2.25263808361175
SLB,MS,76.92307692307693,0.029256227095654657,2.250479007358051
WFC,LLY,30.76923076923077,0.07287628720766022,2.2423472986972377
MSFT,COP,38.46153846153847,0.0582340574830907,2.239771441657335
TMO,AZN,76.92307692307693,0.028976294728489164,2.2289457483453208
MA,UNH,23.076923076923077,0.09578825207947002,2.2104981249108464
COP,EQNR,38.46153846153847,0.05716915244255468,2.1988135554828725
AMD,AXP,69.23076923076923,-0.03138563908915791,2.172851936941701
PYPL,GS,53.84615384615385,-0.040110267801070396,2.1597836508268675
JNJ,MSFT,46.15384615384615,-0.04594081103206291,2.1203451245567497
AMZN,PYPL,46.15384615384615,0.0458578988218224,2.116518407161034
TTE,AMD,53.84615384615385,-0.03879273038825066,2.0888393285981124
DHR,MSFT,38.46153846153847,-0.05414614623347445,2.0825440859028634
GS,INTC,46.15384615384615,-0.045100422107658224,2.0815579434303797
EQNR,PFE,38.46153846153847,0.053848037849588824,2.0710783788303395
PBR,C,53.84615384615385,0.03844027065432022,2.06986072754032
PFE,C,23.076923076923077,-0.0890731131419495,2.0555333801988347
VLO,PFE,38.46153846153847,0.05312388603340769,2.043226385900296
C,PBR,46.15384615384615,0.0434922661817845,2.0073353622362076
MA,XOM,69.23076923076923,-0.028829299142304185,1.9958745560056743
WFC,EQNR,7.6923076923076925,-0.25883522064939396,1.991040158841492
LLY,JNJ,46.15384615384615,-0.04307345799594096,1.9880057536588134
MA,VLO,69.23076923076923,0.028596918865787992,1.9797866907083994
AMZN,V,23.076923076923077,-0.08551530462186337,1.9734301066583853
PYPL,MA,38.46153846153847,-0.051187202723002215,1.9687385662693162
WFC,VLO,69.23076923076923,-0.028387925186872616,1.9653178975527195
TSLA,XOM,23.076923076923077,0.08304806453117419,1.9164937968732505
MA,TSLA,46.15384615384615,-0.04149342545896867,1.915081175029323
TTE,CVX,53.84615384615385,-0.035549318638104864,1.9141940805133388
C,TTE,7.6923076923076925,0.2455953435345648,1.8891949502658831
MSFT,TTE,7.6923076923076925,0.24536482304103432,1.8874217157002642
ADBE,AZN,23.076923076923077,-0.0811554936150375,1.8728190834239424
MRK,GS,61.53846153846154,-0.030381226348543816,1.869613929141158
INTC,MRK,7.6923076923076925,0.24280976284180475,1.8677674064754213
GS,VLO,7.6923076923076925,-0.23989760468222188,1.8453661898632452
EQNR,DHR,23.076923076923077,-0.07954207898976923,1.8355864382254437
WFC,NVDA,7.6923076923076925,-0.23726838062379302,1.8251413894137924
EQNR,GS,15.384615384615385,-0.11794837621196697,1.8145904032610303
XOM,C,38.46153846153847,-0.04713292275262095,1.8128047212546523
NVDA,MRK,53.84615384615385,-0.03357791633025437,1.8080416485521584
TTE,COP,53.84615384615385,0.03355158899468842,1.8066240227909152
COP,AMZN,46.15384615384615,-0.03905101883188514,1.8023547153177755
GS,COP,53.84615384615385,0.033167328898147476,1.7859330945156333
GS,GOOGL,46.15384615384615,0.03861686060014522,1.7823166430836255
NVO,GOOGL,30.76923076923077,-0.05744858825325433,1.7676488693309025
MSFT,PYPL,23.076923076923077,0.0761887621355033,1.758202203126999
UNH,C,23.076923076923077,-0.07533845317745959,1.738579688710606
COP,NVO,53.84615384615385,-0.03221404024372055,1.7346021669695681
GS,AMD,69.23076923076923,0.025032751265951017,1.733036626104301
AAPL,DHR,7.6923076923076925,-0.22488651633503298,1.7298962795002537
PYPL,VLO,30.76923076923077,0.056183728065571745,1.7287300943252846
AMD,JPM,84.61538461538461,-0.02032520877326759,1.7198253577380267
MA,JNJ,38.46153846153847,0.04426437873780274,1.7024761053001056
UNH,TTE,7.6923076923076925,-0.21996277262379862,1.6920213278753742
JNJ,XOM,84.61538461538461,0.01995733224157139,1.688697343517579
TSLA,AXP,7.6923076923076925,0.2194860998408083,1.6883546141600638
MA,PYPL,23.076923076923077,0.07139278090365941,1.647525713161371
BAC,TTE,7.6923076923076925,0.213988180707505,1.6460629285192692
META,SHEL,53.84615384615385,0.030550419204962872,1.645022572574924
NVDA,ABBV,53.84615384615385,0.03029183975921505,1.6310990639577334
MRK,ABBV,53.84615384615385,0.030252372852551414,1.6289739228296916
DHR,XOM,7.6923076923076925,-0.21115777855938983,1.6242906043029988
AXP,TSLA,38.46153846153847,0.04211464976165591,1.6197942216021506
MSFT,GS,7.6923076923076925,-0.20462906976552003,1.5740697674270772
DHR,TTE,46.15384615384615,-0.03333157689742202,1.5383804721887087
TTE,TSLA,69.23076923076923,-0.021495831000683745,1.4881729154319514
SLB,PFE,69.23076923076923,0.021230271716207876,1.4697880418913145
BP,JPM,23.076923076923077,0.0634045897881083,1.4631828412640375
AZN,CVX,46.15384615384615,0.030731063430984723,1.4183567737377565
JPM,DHR,53.84615384615385,-0.026285814542930278,1.4153900138500919
JPM,AAPL,53.84615384615385,0.025459628357534632,1.370903065405711
MSFT,XOM,53.84615384615385,-0.025225286252387052,1.3582846443593029
COP,LLY,46.15384615384615,0.029103988029583788,1.3432609859807902
AZN,UNH,53.84615384615385,-0.023844732316787885,1.2839471247501169
UNH,COP,38.46153846153847,-0.0333628354759006,1.2831859798423308
DHR,PYPL,38.46153846153847,-0.033327652448110937,1.2818327864658055
AMZN,VLO,30.76923076923077,-0.041099428882058385,1.2645978117556427
CVX,BP,100.0,-0.012635035178289166,1.2635035178289167
XOM,PBR,38.46153846153847,-0.03269917666945692,1.2576606411329585
CVX,VLO,61.53846153846154,-0.020319197149643115,1.2504121322857302
GOOGL,BP,84.61538461538461,0.014706218145113808,1.244372304586553
MS,COP,38.46153846153847,0.031842414688349266,1.2247082572442027
MRK,META,30.76923076923077,0.0371190080333946,1.1421233241044493
MA,BAC,61.53846153846154,0.018340728453717703,1.128660212536474
BP,AXP,30.76923076923077,-0.036383120568140165,1.1194806328658513
BP,MRK,38.46153846153847,0.029096915408102643,1.119112131080871
VLO,JPM,30.76923076923077,0.03607020276287011,1.1098523927036956
PBR,TTE,76.92307692307693,0.014220674745457995,1.093898057342923
TSLA,CVX,30.76923076923077,0.03536200550958021,1.0880617079870836
CVX,GOOGL,38.46153846153847,-0.027584311266095694,1.0609350486959883
XOM,COP,15.384615384615385,-0.06663286882614926,1.0251210588638349
BAC,PBR,30.76923076923077,-0.033131931962325334,1.0194440603792412
AMD,INTC,46.15384615384615,0.02035408395264342,0.9394192593527733
C,NVO,30.76923076923077,0.030382482982941633,0.934845630244358
WFC,ADBE,30.76923076923077,0.03016533929207986,0.9281642859101495
AMD,META,53.84615384615385,-0.01661504629572985,0.8946563390008382
C,GOOGL,30.76923076923077,0.02854392548361928,0.8782746302652087
BAC,COP,30.76923076923077,-0.027881121997322643,0.8578806768406967
C,JNJ,23.076923076923077,-0.036742675632176425,0.8479078992040713
V,GOOGL,69.23076923076923,-0.011934534484592037,0.8262370027794487
AZN,PFE,46.15384615384615,-0.01755878620725515,0.81040551725793
INTC,TTE,30.76923076923077,-0.026086069987054886,0.8026483072939965
MRK,MSFT,38.46153846153847,0.02043629936385467,0.7860115139944105
ADBE,AAPL,23.076923076923077,0.03383231615273733,0.7807457573708615
UNH,MSFT,30.76923076923077,-0.024511215614220067,0.7541912496683097
GOOGL,WFC,30.76923076923077,0.024157937323091322,0.7433211484028099
XOM,TTE,30.76923076923077,-0.023437987875096822,0.7211688576952868
NVDA,MS,23.076923076923077,0.031148445480111597,0.7188102803102676
DHR,PFE,46.15384615384615,0.015524892728350082,0.7165335105392345
CVX,UNH,76.92307692307693,-0.009130619228950865,0.7023553253039128
XOM,NVDA,30.76923076923077,0.021915006638891094,0.6743078965812644
AAPL,ABBV,30.76923076923077,0.02181751117360367,0.6713080361108822
CVX,ABBV,46.15384615384615,-0.014413883151142079,0.6652561454373267
BP,NVO,46.15384615384615,-0.014137610399548944,0.6525050953637974
COP,NVDA,30.76923076923077,-0.020419561573111082,0.6282942022495718
SLB,LLY,53.84615384615385,-0.011497114047156008,0.6190753717699389
GOOGL,INTC,76.92307692307693,-0.00793936200328571,0.6107201540989009
TSLA,PYPL,38.46153846153847,-0.015695368528362175,0.6036680203216221
AXP,DHR,30.76923076923077,-0.01879204976303339,0.5782169157856428
V,INTC,69.23076923076923,0.00825652534318206,0.5716056006818349
EQNR,LLY,53.84615384615385,0.010107044158739682,0.5442254547013675
GS,AMZN,30.76923076923077,-0.017019044186929927,0.5236628980593824
AMZN,META,38.46153846153847,0.013123707362551728,0.5047579754827588
AXP,EQNR,46.15384615384615,-0.010760461942400656,0.49663670503387647
GS,META,53.84615384615385,-0.00872311711891806,0.46970630640328015
UNH,AMZN,46.15384615384615,0.010110623141074157,0.4666441449726534
XOM,SHEL,61.53846153846154,0.007310357090401176,0.44986812864007236
LLY,WFC,46.15384615384615,0.009740214409047298,0.4495483573406445
MS,WFC,23.076923076923077,0.018287374936596934,0.4220163446906985
SLB,TSLA,15.384615384615385,0.02352220314777842,0.3618800484273603
C,ADBE,46.15384615384615,0.0075432095606566925,0.3481481335687704
AXP,TTE,15.384615384615385,-0.022472384554189595,0.3457289931413784
ADBE,JPM,30.76923076923077,0.010822325385115197,0.3329946272343138
UNH,GS,15.384615384615385,-0.020990316044077306,0.3229279391396509
TMO,VLO,53.84615384615385,-0.004823472181540366,0.25972542515986585
V,AMD,92.3076923076923,-0.0026592244174055515,0.245466869298974
AAPL,V,15.384615384615385,-0.01503412616408506,0.2312942486782317
XOM,AZN,30.76923076923077,0.006320506564149869,0.1944771250507652
TSLA,LLY,30.76923076923077,0.005369280785892078,0.1652086395659101
MSFT,AMD,46.15384615384615,-0.0031492264670664183,0.1453489138646039
AZN,DHR,61.53846153846154,0.0017447666689797414,0.10737025655259948
DHR,AXP,30.76923076923077,0.0030355091914981563,0.09340028281532789
V,META,53.84615384615385,-0.0013734365821324115,0.07395427749943755
PYPL,COP,46.15384615384615,0.001252462017743335,0.05780593928046161
AMZN,JPM,46.15384615384615,-0.0009675750527411708,0.044657310126515574
COP,C,30.76923076923077,-0.0013205265554206147,0.0406315863206343
AMZN,ADBE,30.76923076923077,0.0007479944241927106,0.023015213052083403
CVX,NVO,53.84615384615385,0.00038415137257668305,0.020685073907975242
AAPL,TTE,53.84615384615385,-0.00018060852700128266,0.009725074530838297
CVX,MSFT,15.384615384615385,0.000492042706723525,0.007569887795746539
PYPL,ADBE,69.23076923076923,4.9446796000724496e-05,0.00342323972312708
CVX,TSLA,30.76923076923077,9.707831864957939e-05,0.0029870251892178275
